PlateNumber,Position,PlatePosition,Well,Nitrogen,Strain,Treatment_rep,area,greenness,Date,Hour,Date.merge,PlatexWell,StartingSize
11,0_0,plate1,a03,Low,Inoculated,Rep1,10951,0.349983323,1,6,1.25,11 a03,10.951
11,0_0,plate1,c03,High,Inoculated,Rep1,11092,0.336361236,1,6,1.25,11 c03,11.1525
12,0_1,plate2,a02,Low,Inoculated,Rep2,4513,0.337883063,1,6,1.25,12 a02,4.5135
12,0_1,plate2,b05,Low,Sterile,Rep2,4557.5,0.341196085,1,6,1.25,12 b05,4.6965
12,0_1,plate2,c02,High,Inoculated,Rep2,7229,0.335549465,1,6,1.25,12 c02,7.288
12,0_1,plate2,d05,High,Sterile,Rep2,3330,0.318790532,1,6,1.25,12 d05,3.33
13,0_2,plate1,b04,Low,Sterile,Rep3,3659,0.33303205,1,6,1.25,13 b04,3.659
13,0_2,plate1,c01,High,Inoculated,Rep3,2006.5,0.327358842,1,6,1.25,13 c01,2.129
13,0_2,plate1,d04,High,Sterile,Rep3,6923,0.343848668,1,6,1.25,13 d04,7.088
14,0_3,plate2,b03,Low,Sterile,Rep4,4061,0.341243435,1,6,1.25,14 b03,4.4945
14,0_3,plate2,b06,Low,Inoculated,Rep4,7817.5,0.344437031,1,6,1.25,14 b06,7.924
14,0_3,plate2,d03,High,Sterile,Rep4,6015.5,0.329221926,1,6,1.25,14 d03,6.0155
14,0_3,plate2,d06,High,Inoculated,Rep4,2198,0.310164119,1,6,1.25,14 d06,2.286
15,0_4,plate1,b05,Low,Inoculated,Rep5,4524,0.329803449,1,6,1.25,15 b05,4.2635
15,0_4,plate1,d02,High,Sterile,Rep5,6166,0.336060416,1,6,1.25,15 d02,6.5655
16,1_0,plate2,b01,Low,Sterile,Rep6,3118,0.333902995,1,6,1.25,16 b01,3.226
16,1_0,plate2,b04,Low,Inoculated,Rep6,5113.5,0.336305621,1,6,1.25,16 b04,3.408
16,1_0,plate2,d04,High,Inoculated,Rep6,3666,0.331921396,1,6,1.25,16 d04,5.4685
17,1_1,plate1,a06,Low,Sterile,Rep7,7174,0.343709494,1,6,1.25,17 a06,6.957
17,1_1,plate1,b03,Low,Inoculated,Rep7,7257,0.337985953,1,6,1.25,17 b03,7.257
17,1_1,plate1,c06,High,Sterile,Rep7,3206,0.335585582,1,6,1.25,17 c06,3.307
17,1_1,plate1,d03,High,Inoculated,Rep7,3239.5,0.332595009,1,6,1.25,17 d03,3.235
18,1_2,plate2,a05,Low,Sterile,Rep8,1311,0.333012352,1,6,1.25,18 a05,1.311
18,1_2,plate2,b02,Low,Inoculated,Rep8,4140.5,0.342936033,1,6,1.25,18 b02,3.9645
18,1_2,plate2,c05,High,Sterile,Rep8,5323.5,0.33993556,1,6,1.25,18 c05,5.2575
18,1_2,plate2,d02,High,Inoculated,Rep8,3553.5,0.333972653,1,6,1.25,18 d02,3.174
19,1_3,plate1,b01,Low,Inoculated,Rep9,4302,0.339144934,1,6,1.25,19 b01,4.302
19,1_3,plate1,c04,High,Sterile,Rep9,3821.5,0.330399678,1,6,1.25,19 c04,3.82
19,1_3,plate1,d01,High,Inoculated,Rep9,3095,0.334376384,1,6,1.25,19 d01,3.178
20,1_4,plate2,a03,Low,Sterile,Rep10,1998,0.332938075,1,6,1.25,20 a03,1.998
20,1_4,plate2,a06,Low,Inoculated,Rep10,2802.5,0.334858951,1,6,1.25,20 a06,2.8025
20,1_4,plate2,c06,High,Inoculated,Rep10,2855,0.32950839,1,6,1.25,20 c06,2.855
11,0_0,plate1,a03,Low,Inoculated,Rep1,10613,0.348879524,1,13,1.541666667,11 a03,10.951
11,0_0,plate1,c03,High,Inoculated,Rep1,11152.5,0.337101461,1,13,1.541666667,11 c03,11.1525
11,0_0,plate1,d06,High,Sterile,Rep1,8600,0.333759543,1,13,1.541666667,11 d06,8.689
12,0_1,plate2,a02,Low,Inoculated,Rep2,4513.5,0.334704855,1,13,1.541666667,12 a02,4.5135
12,0_1,plate2,b05,Low,Sterile,Rep2,4696.5,0.336864897,1,13,1.541666667,12 b05,4.6965
12,0_1,plate2,c02,High,Inoculated,Rep2,7288,0.332422076,1,13,1.541666667,12 c02,7.288
12,0_1,plate2,d05,High,Sterile,Rep2,3130.5,0.326896616,1,13,1.541666667,12 d05,3.33
13,0_2,plate1,a01,Low,Inoculated,Rep3,2919,0.318993405,1,13,1.541666667,13 a01,1.1995
13,0_2,plate1,b04,Low,Sterile,Rep3,3602,0.33515431,1,13,1.541666667,13 b04,3.659
13,0_2,plate1,c01,High,Inoculated,Rep3,2129,0.331973814,1,13,1.541666667,13 c01,2.129
14,0_3,plate2,b03,Low,Sterile,Rep4,4494.5,0.340884463,1,13,1.541666667,14 b03,4.4945
14,0_3,plate2,b06,Low,Inoculated,Rep4,7924,0.344363199,1,13,1.541666667,14 b06,7.924
14,0_3,plate2,d03,High,Sterile,Rep4,6366.5,0.330256133,1,13,1.541666667,14 d03,6.0155
14,0_3,plate2,d06,High,Inoculated,Rep4,2286,0.315080108,1,13,1.541666667,14 d06,2.286
15,0_4,plate1,b05,Low,Inoculated,Rep5,4259,0.327597745,1,13,1.541666667,15 b05,4.2635
15,0_4,plate1,d02,High,Sterile,Rep5,6623.5,0.331246788,1,13,1.541666667,15 d02,6.5655
15,0_4,plate1,d05,High,Inoculated,Rep5,3352.5,0.335216406,1,13,1.541666667,15 d05,3.3525
16,1_0,plate2,b01,Low,Sterile,Rep6,3226,0.334194123,1,13,1.541666667,16 b01,3.226
16,1_0,plate2,b04,Low,Inoculated,Rep6,3394.5,0.335266037,1,13,1.541666667,16 b04,3.408
16,1_0,plate2,d01,High,Sterile,Rep6,2888.5,0.32506061,1,13,1.541666667,16 d01,2.8885
16,1_0,plate2,d04,High,Inoculated,Rep6,5468.5,0.336230932,1,13,1.541666667,16 d04,5.4685
17,1_1,plate1,a06,Low,Sterile,Rep7,5481.5,0.324999357,1,13,1.541666667,17 a06,6.957
17,1_1,plate1,b03,Low,Inoculated,Rep7,7020.5,0.336616085,1,13,1.541666667,17 b03,7.257
17,1_1,plate1,d03,High,Inoculated,Rep7,3120,0.332008593,1,13,1.541666667,17 d03,3.235
18,1_2,plate2,a05,Low,Sterile,Rep8,1255.5,0.328818686,1,13,1.541666667,18 a05,1.311
18,1_2,plate2,b02,Low,Inoculated,Rep8,3964.5,0.337056311,1,13,1.541666667,18 b02,3.9645
18,1_2,plate2,c05,High,Sterile,Rep8,5097.5,0.336192383,1,13,1.541666667,18 c05,5.2575
18,1_2,plate2,d02,High,Inoculated,Rep8,3174,0.326542343,1,13,1.541666667,18 d02,3.174
19,1_3,plate1,b01,Low,Inoculated,Rep9,4294,0.330762614,1,13,1.541666667,19 b01,4.302
19,1_3,plate1,c04,High,Sterile,Rep9,3684.5,0.327756737,1,13,1.541666667,19 c04,3.82
19,1_3,plate1,d01,High,Inoculated,Rep9,3200,0.331048194,1,13,1.541666667,19 d01,3.178
20,1_4,plate2,a03,Low,Sterile,Rep10,1976.5,0.327692113,1,13,1.541666667,20 a03,1.998
20,1_4,plate2,a06,Low,Inoculated,Rep10,2757.5,0.332685589,1,13,1.541666667,20 a06,2.8025
20,1_4,plate2,c06,High,Inoculated,Rep10,2820,0.329722311,1,13,1.541666667,20 c06,2.855
11,0_0,plate1,a03,Low,Inoculated,Rep1,11182.5,0.349313611,1,20,1.833333333,11 a03,10.951
11,0_0,plate1,c03,High,Inoculated,Rep1,11616.5,0.336363054,1,20,1.833333333,11 c03,11.1525
11,0_0,plate1,d06,High,Sterile,Rep1,8703,0.336536696,1,20,1.833333333,11 d06,8.689
12,0_1,plate2,a02,Low,Inoculated,Rep2,4908,0.332385012,1,20,1.833333333,12 a02,4.5135
12,0_1,plate2,b05,Low,Sterile,Rep2,4925,0.337291403,1,20,1.833333333,12 b05,4.6965
12,0_1,plate2,c02,High,Inoculated,Rep2,7931,0.331217052,1,20,1.833333333,12 c02,7.288
12,0_1,plate2,d05,High,Sterile,Rep2,3345.5,0.321376731,1,20,1.833333333,12 d05,3.33
13,0_2,plate1,a01,Low,Inoculated,Rep3,1183,0.315290957,1,20,1.833333333,13 a01,1.1995
13,0_2,plate1,b04,Low,Sterile,Rep3,3664.5,0.332413254,1,20,1.833333333,13 b04,3.659
13,0_2,plate1,c01,High,Inoculated,Rep3,2222.5,0.328143827,1,20,1.833333333,13 c01,2.129
14,0_3,plate2,b03,Low,Sterile,Rep4,4690,0.341438434,1,20,1.833333333,14 b03,4.4945
14,0_3,plate2,b06,Low,Inoculated,Rep4,8031.5,0.346356398,1,20,1.833333333,14 b06,7.924
14,0_3,plate2,d03,High,Sterile,Rep4,2053,0.323830361,1,20,1.833333333,14 d03,6.0155
14,0_3,plate2,d06,High,Inoculated,Rep4,2475.5,0.317990386,1,20,1.833333333,14 d06,2.286
15,0_4,plate1,b05,Low,Inoculated,Rep5,4263.5,0.328370794,1,20,1.833333333,15 b05,4.2635
15,0_4,plate1,d02,High,Sterile,Rep5,6565.5,0.332948804,1,20,1.833333333,15 d02,6.5655
16,1_0,plate2,b04,Low,Inoculated,Rep6,3408,0.333548139,1,20,1.833333333,16 b04,3.408
16,1_0,plate2,d01,High,Sterile,Rep6,2758,0.324437692,1,20,1.833333333,16 d01,2.8885
16,1_0,plate2,d04,High,Inoculated,Rep6,5773.5,0.335731241,1,20,1.833333333,16 d04,5.4685
17,1_1,plate1,a06,Low,Sterile,Rep7,6957,0.341641971,1,20,1.833333333,17 a06,6.957
17,1_1,plate1,b03,Low,Inoculated,Rep7,7310.5,0.337059979,1,20,1.833333333,17 b03,7.257
17,1_1,plate1,d03,High,Inoculated,Rep7,3235,0.331622319,1,20,1.833333333,17 d03,3.235
18,1_2,plate2,a05,Low,Sterile,Rep8,1406,0.330205046,1,20,1.833333333,18 a05,1.311
18,1_2,plate2,b02,Low,Inoculated,Rep8,3905,0.336109733,1,20,1.833333333,18 b02,3.9645
18,1_2,plate2,c05,High,Sterile,Rep8,5257.5,0.336154436,1,20,1.833333333,18 c05,5.2575
18,1_2,plate2,d02,High,Inoculated,Rep8,2846.5,0.326715856,1,20,1.833333333,18 d02,3.174
19,1_3,plate1,b01,Low,Inoculated,Rep9,4370,0.328392024,1,20,1.833333333,19 b01,4.302
19,1_3,plate1,c04,High,Sterile,Rep9,3820,0.328062623,1,20,1.833333333,19 c04,3.82
19,1_3,plate1,d01,High,Inoculated,Rep9,3178,0.331289594,1,20,1.833333333,19 d01,3.178
20,1_4,plate2,a03,Low,Sterile,Rep10,2094.5,0.328506359,1,20,1.833333333,20 a03,1.998
20,1_4,plate2,a06,Low,Inoculated,Rep10,3013,0.331635647,1,20,1.833333333,20 a06,2.8025
20,1_4,plate2,c06,High,Inoculated,Rep10,3046,0.330166003,1,20,1.833333333,20 c06,2.855
11,0_0,plate1,a03,Low,Inoculated,Rep1,11311,0.349037212,2,6,2.25,11 a03,10.951
11,0_0,plate1,c03,High,Inoculated,Rep1,11573.5,0.33613101,2,6,2.25,11 c03,11.1525
11,0_0,plate1,d06,High,Sterile,Rep1,8689,0.336635304,2,6,2.25,11 d06,8.689
12,0_1,plate2,a02,Low,Inoculated,Rep2,4764.5,0.332127605,2,6,2.25,12 a02,4.5135
12,0_1,plate2,b05,Low,Sterile,Rep2,5033,0.336772446,2,6,2.25,12 b05,4.6965
12,0_1,plate2,c02,High,Inoculated,Rep2,7693,0.33120395,2,6,2.25,12 c02,7.288
12,0_1,plate2,d05,High,Sterile,Rep2,3179,0.322789575,2,6,2.25,12 d05,3.33
13,0_2,plate1,a01,Low,Inoculated,Rep3,1199.5,0.317602437,2,6,2.25,13 a01,1.1995
13,0_2,plate1,b04,Low,Sterile,Rep3,3476,0.332452544,2,6,2.25,13 b04,3.659
13,0_2,plate1,c01,High,Inoculated,Rep3,2235,0.328954227,2,6,2.25,13 c01,2.129
14,0_3,plate2,b03,Low,Sterile,Rep4,4858,0.340662002,2,6,2.25,14 b03,4.4945
14,0_3,plate2,b06,Low,Inoculated,Rep4,8183,0.345827858,2,6,2.25,14 b06,7.924
14,0_3,plate2,d03,High,Sterile,Rep4,2048,0.323017083,2,6,2.25,14 d03,6.0155
14,0_3,plate2,d06,High,Inoculated,Rep4,2538.5,0.316338686,2,6,2.25,14 d06,2.286
15,0_4,plate1,b05,Low,Inoculated,Rep5,4341.5,0.328016151,2,6,2.25,15 b05,4.2635
15,0_4,plate1,d02,High,Sterile,Rep5,6661.5,0.331918134,2,6,2.25,15 d02,6.5655
16,1_0,plate2,b04,Low,Inoculated,Rep6,3408.5,0.334252954,2,6,2.25,16 b04,3.408
16,1_0,plate2,d01,High,Sterile,Rep6,2931.5,0.324698914,2,6,2.25,16 d01,2.8885
16,1_0,plate2,d04,High,Inoculated,Rep6,5892,0.33597014,2,6,2.25,16 d04,5.4685
17,1_1,plate1,a06,Low,Sterile,Rep7,7090,0.340525093,2,6,2.25,17 a06,6.957
17,1_1,plate1,b03,Low,Inoculated,Rep7,7406,0.33514429,2,6,2.25,17 b03,7.257
17,1_1,plate1,d03,High,Inoculated,Rep7,3217,0.331184195,2,6,2.25,17 d03,3.235
18,1_2,plate2,a05,Low,Sterile,Rep8,1521.5,0.331562579,2,6,2.25,18 a05,1.311
18,1_2,plate2,b02,Low,Inoculated,Rep8,4084.5,0.334951625,2,6,2.25,18 b02,3.9645
18,1_2,plate2,c05,High,Sterile,Rep8,5374,0.336810953,2,6,2.25,18 c05,5.2575
18,1_2,plate2,d02,High,Inoculated,Rep8,2816.5,0.325176472,2,6,2.25,18 d02,3.174
19,1_3,plate1,b01,Low,Inoculated,Rep9,4235,0.328211781,2,6,2.25,19 b01,4.302
19,1_3,plate1,c04,High,Sterile,Rep9,3765,0.327485825,2,6,2.25,19 c04,3.82
19,1_3,plate1,d01,High,Inoculated,Rep9,3215,0.330946487,2,6,2.25,19 d01,3.178
20,1_4,plate2,a03,Low,Sterile,Rep10,2066.5,0.326891575,2,6,2.25,20 a03,1.998
20,1_4,plate2,a06,Low,Inoculated,Rep10,3036.5,0.331051993,2,6,2.25,20 a06,2.8025
20,1_4,plate2,c06,High,Inoculated,Rep10,3119,0.330363153,2,6,2.25,20 c06,2.855
11,0_0,plate1,a03,Low,Inoculated,Rep1,11417.5,0.348307897,2,13,2.541666667,11 a03,10.951
11,0_0,plate1,c03,High,Inoculated,Rep1,12062.5,0.335610771,2,13,2.541666667,11 c03,11.1525
11,0_0,plate1,d06,High,Sterile,Rep1,8771,0.336018724,2,13,2.541666667,11 d06,8.689
12,0_1,plate2,a02,Low,Inoculated,Rep2,4998,0.332911621,2,13,2.541666667,12 a02,4.5135
12,0_1,plate2,b05,Low,Sterile,Rep2,5182.5,0.337355547,2,13,2.541666667,12 b05,4.6965
12,0_1,plate2,c02,High,Inoculated,Rep2,8273,0.332773908,2,13,2.541666667,12 c02,7.288
12,0_1,plate2,d05,High,Sterile,Rep2,3126,0.320491551,2,13,2.541666667,12 d05,3.33
13,0_2,plate1,a01,Low,Inoculated,Rep3,5865.5,0.330104304,2,13,2.541666667,13 a01,1.1995
13,0_2,plate1,b04,Low,Sterile,Rep3,3542,0.334187498,2,13,2.541666667,13 b04,3.659
13,0_2,plate1,c01,High,Inoculated,Rep3,2285.5,0.331426963,2,13,2.541666667,13 c01,2.129
13,0_2,plate1,d04,High,Sterile,Rep3,7211.5,0.347882254,2,13,2.541666667,13 d04,7.088
14,0_3,plate2,b03,Low,Sterile,Rep4,5059.5,0.342030851,2,13,2.541666667,14 b03,4.4945
14,0_3,plate2,b06,Low,Inoculated,Rep4,8704,0.34514196,2,13,2.541666667,14 b06,7.924
14,0_3,plate2,d03,High,Sterile,Rep4,5986.5,0.328105876,2,13,2.541666667,14 d03,6.0155
14,0_3,plate2,d06,High,Inoculated,Rep4,2321.5,0.32685847,2,13,2.541666667,14 d06,2.286
15,0_4,plate1,b05,Low,Inoculated,Rep5,4425.5,0.329070558,2,13,2.541666667,15 b05,4.2635
15,0_4,plate1,d02,High,Sterile,Rep5,6670,0.333291088,2,13,2.541666667,15 d02,6.5655
15,0_4,plate1,d05,High,Inoculated,Rep5,3312,0.335570661,2,13,2.541666667,15 d05,3.3525
16,1_0,plate2,b04,Low,Inoculated,Rep6,3298,0.332870715,2,13,2.541666667,16 b04,3.408
16,1_0,plate2,d01,High,Sterile,Rep6,2806.5,0.323516619,2,13,2.541666667,16 d01,2.8885
16,1_0,plate2,d04,High,Inoculated,Rep6,5848,0.334741265,2,13,2.541666667,16 d04,5.4685
17,1_1,plate1,a06,Low,Sterile,Rep7,7436,0.344818713,2,13,2.541666667,17 a06,6.957
17,1_1,plate1,b03,Low,Inoculated,Rep7,7802.5,0.33811574,2,13,2.541666667,17 b03,7.257
17,1_1,plate1,d03,High,Inoculated,Rep7,3318,0.332537668,2,13,2.541666667,17 d03,3.235
18,1_2,plate2,a05,Low,Sterile,Rep8,1622.5,0.331031935,2,13,2.541666667,18 a05,1.311
18,1_2,plate2,b02,Low,Inoculated,Rep8,4131.5,0.336210292,2,13,2.541666667,18 b02,3.9645
18,1_2,plate2,c05,High,Sterile,Rep8,5514.5,0.338161666,2,13,2.541666667,18 c05,5.2575
18,1_2,plate2,d02,High,Inoculated,Rep8,2649,0.325849138,2,13,2.541666667,18 d02,3.174
19,1_3,plate1,b01,Low,Inoculated,Rep9,4374.5,0.327360285,2,13,2.541666667,19 b01,4.302
19,1_3,plate1,c04,High,Sterile,Rep9,3819,0.328025013,2,13,2.541666667,19 c04,3.82
19,1_3,plate1,d01,High,Inoculated,Rep9,3283,0.330266104,2,13,2.541666667,19 d01,3.178
20,1_4,plate2,a03,Low,Sterile,Rep10,2230,0.328137143,2,13,2.541666667,20 a03,1.998
20,1_4,plate2,a06,Low,Inoculated,Rep10,3493,0.332810774,2,13,2.541666667,20 a06,2.8025
20,1_4,plate2,c06,High,Inoculated,Rep10,3518,0.332341378,2,13,2.541666667,20 c06,2.855
11,0_0,plate1,a03,Low,Inoculated,Rep1,11835.5,0.348432638,2,20,2.833333333,11 a03,10.951
11,0_0,plate1,c03,High,Inoculated,Rep1,12487.5,0.336615212,2,20,2.833333333,11 c03,11.1525
11,0_0,plate1,d06,High,Sterile,Rep1,9263,0.336312513,2,20,2.833333333,11 d06,8.689
12,0_1,plate2,a02,Low,Inoculated,Rep2,5200.5,0.332078236,2,20,2.833333333,12 a02,4.5135
12,0_1,plate2,b05,Low,Sterile,Rep2,5053.5,0.337670515,2,20,2.833333333,12 b05,4.6965
12,0_1,plate2,c02,High,Inoculated,Rep2,8678,0.33198222,2,20,2.833333333,12 c02,7.288
12,0_1,plate2,d05,High,Sterile,Rep2,3090,0.321823962,2,20,2.833333333,12 d05,3.33
13,0_2,plate1,a01,Low,Inoculated,Rep3,6034,0.328741824,2,20,2.833333333,13 a01,1.1995
13,0_2,plate1,b04,Low,Sterile,Rep3,3454.5,0.333103503,2,20,2.833333333,13 b04,3.659
13,0_2,plate1,c01,High,Inoculated,Rep3,2339.5,0.330896438,2,20,2.833333333,13 c01,2.129
13,0_2,plate1,d04,High,Sterile,Rep3,7088,0.346100283,2,20,2.833333333,13 d04,7.088
14,0_3,plate2,b03,Low,Sterile,Rep4,5262,0.340203514,2,20,2.833333333,14 b03,4.4945
14,0_3,plate2,b06,Low,Inoculated,Rep4,8825.5,0.34519467,2,20,2.833333333,14 b06,7.924
14,0_3,plate2,d03,High,Sterile,Rep4,6214,0.328607462,2,20,2.833333333,14 d03,6.0155
14,0_3,plate2,d06,High,Inoculated,Rep4,2337.5,0.328412208,2,20,2.833333333,14 d06,2.286
15,0_4,plate1,b05,Low,Inoculated,Rep5,4754,0.328521621,2,20,2.833333333,15 b05,4.2635
15,0_4,plate1,d02,High,Sterile,Rep5,6552.5,0.331462129,2,20,2.833333333,15 d02,6.5655
15,0_4,plate1,d05,High,Inoculated,Rep5,3453,0.334391703,2,20,2.833333333,15 d05,3.3525
16,1_0,plate2,b04,Low,Inoculated,Rep6,3412.5,0.332714968,2,20,2.833333333,16 b04,3.408
16,1_0,plate2,d01,High,Sterile,Rep6,2936.5,0.322495895,2,20,2.833333333,16 d01,2.8885
16,1_0,plate2,d04,High,Inoculated,Rep6,6232,0.334924196,2,20,2.833333333,16 d04,5.4685
17,1_1,plate1,a06,Low,Sterile,Rep7,7030,0.342794479,2,20,2.833333333,17 a06,6.957
17,1_1,plate1,b03,Low,Inoculated,Rep7,7587,0.337324856,2,20,2.833333333,17 b03,7.257
17,1_1,plate1,d03,High,Inoculated,Rep7,3295.5,0.332512472,2,20,2.833333333,17 d03,3.235
18,1_2,plate2,a05,Low,Sterile,Rep8,1666.5,0.331801802,2,20,2.833333333,18 a05,1.311
18,1_2,plate2,b02,Low,Inoculated,Rep8,4283,0.334843435,2,20,2.833333333,18 b02,3.9645
18,1_2,plate2,c05,High,Sterile,Rep8,5473,0.338225654,2,20,2.833333333,18 c05,5.2575
18,1_2,plate2,d02,High,Inoculated,Rep8,2612.5,0.32650803,2,20,2.833333333,18 d02,3.174
19,1_3,plate1,b01,Low,Inoculated,Rep9,4266,0.328111083,2,20,2.833333333,19 b01,4.302
19,1_3,plate1,c04,High,Sterile,Rep9,3682,0.32879369,2,20,2.833333333,19 c04,3.82
19,1_3,plate1,d01,High,Inoculated,Rep9,3403,0.3307113,2,20,2.833333333,19 d01,3.178
20,1_4,plate2,a03,Low,Sterile,Rep10,2099.5,0.328560339,2,20,2.833333333,20 a03,1.998
20,1_4,plate2,a06,Low,Inoculated,Rep10,3511.5,0.332105101,2,20,2.833333333,20 a06,2.8025
20,1_4,plate2,c06,High,Inoculated,Rep10,3594,0.33256598,2,20,2.833333333,20 c06,2.855
11,0_0,plate1,a03,Low,Inoculated,Rep1,12501,0.341276016,3,6,3.25,11 a03,10.951
11,0_0,plate1,c03,High,Inoculated,Rep1,12790,0.331316976,3,6,3.25,11 c03,11.1525
11,0_0,plate1,d06,High,Sterile,Rep1,9787.5,0.335597999,3,6,3.25,11 d06,8.689
12,0_1,plate2,a02,Low,Inoculated,Rep2,5115,0.329948473,3,6,3.25,12 a02,4.5135
12,0_1,plate2,b05,Low,Sterile,Rep2,5090.5,0.336573473,3,6,3.25,12 b05,4.6965
12,0_1,plate2,c02,High,Inoculated,Rep2,8691,0.330158388,3,6,3.25,12 c02,7.288
12,0_1,plate2,d05,High,Sterile,Rep2,3207,0.320616239,3,6,3.25,12 d05,3.33
13,0_2,plate1,a01,Low,Inoculated,Rep3,6388,0.328638109,3,6,3.25,13 a01,1.1995
13,0_2,plate1,b04,Low,Sterile,Rep3,3747.5,0.332820013,3,6,3.25,13 b04,3.659
13,0_2,plate1,c01,High,Inoculated,Rep3,2487.5,0.331093436,3,6,3.25,13 c01,2.129
13,0_2,plate1,d04,High,Sterile,Rep3,7657.5,0.34649792,3,6,3.25,13 d04,7.088
14,0_3,plate2,b03,Low,Sterile,Rep4,5383.5,0.338586054,3,6,3.25,14 b03,4.4945
14,0_3,plate2,b06,Low,Inoculated,Rep4,9407,0.344463725,3,6,3.25,14 b06,7.924
14,0_3,plate2,d03,High,Sterile,Rep4,6181,0.32742111,3,6,3.25,14 d03,6.0155
14,0_3,plate2,d06,High,Inoculated,Rep4,2480,0.32650566,3,6,3.25,14 d06,2.286
15,0_4,plate1,b05,Low,Inoculated,Rep5,4920,0.329071818,3,6,3.25,15 b05,4.2635
15,0_4,plate1,d02,High,Sterile,Rep5,6525.5,0.331019213,3,6,3.25,15 d02,6.5655
15,0_4,plate1,d05,High,Inoculated,Rep5,3439,0.335579112,3,6,3.25,15 d05,3.3525
16,1_0,plate2,b04,Low,Inoculated,Rep6,3379,0.330672652,3,6,3.25,16 b04,3.408
16,1_0,plate2,d01,High,Sterile,Rep6,3083.5,0.322736886,3,6,3.25,16 d01,2.8885
16,1_0,plate2,d04,High,Inoculated,Rep6,6247,0.333390868,3,6,3.25,16 d04,5.4685
17,1_1,plate1,a06,Low,Sterile,Rep7,8806,0.30611804,3,6,3.25,17 a06,6.957
17,1_1,plate1,b03,Low,Inoculated,Rep7,8345.5,0.333033537,3,6,3.25,17 b03,7.257
17,1_1,plate1,d03,High,Inoculated,Rep7,3605.5,0.332834331,3,6,3.25,17 d03,3.235
18,1_2,plate2,a05,Low,Sterile,Rep8,1746,0.331777972,3,6,3.25,18 a05,1.311
18,1_2,plate2,b02,Low,Inoculated,Rep8,4769,0.334473519,3,6,3.25,18 b02,3.9645
18,1_2,plate2,d02,High,Inoculated,Rep8,2747,0.325047794,3,6,3.25,18 d02,3.174
19,1_3,plate1,b01,Low,Inoculated,Rep9,4401,0.327083387,3,6,3.25,19 b01,4.302
19,1_3,plate1,c04,High,Sterile,Rep9,3899,0.327358152,3,6,3.25,19 c04,3.82
19,1_3,plate1,d01,High,Inoculated,Rep9,3419,0.331159527,3,6,3.25,19 d01,3.178
20,1_4,plate2,a03,Low,Sterile,Rep10,2207,0.328303259,3,6,3.25,20 a03,1.998
20,1_4,plate2,a06,Low,Inoculated,Rep10,3784.5,0.331806181,3,6,3.25,20 a06,2.8025
20,1_4,plate2,c06,High,Inoculated,Rep10,3962,0.333198239,3,6,3.25,20 c06,2.855
11,0_0,plate1,a03,Low,Inoculated,Rep1,12413,0.340570399,3,13,3.541666667,11 a03,10.951
11,0_0,plate1,c03,High,Inoculated,Rep1,13281,0.335080481,3,13,3.541666667,11 c03,11.1525
11,0_0,plate1,d06,High,Sterile,Rep1,9585,0.33810406,3,13,3.541666667,11 d06,8.689
12,0_1,plate2,a02,Low,Inoculated,Rep2,5444.5,0.331328404,3,13,3.541666667,12 a02,4.5135
12,0_1,plate2,b05,Low,Sterile,Rep2,5400.5,0.336385233,3,13,3.541666667,12 b05,4.6965
12,0_1,plate2,c02,High,Inoculated,Rep2,9279,0.330156723,3,13,3.541666667,12 c02,7.288
12,0_1,plate2,d05,High,Sterile,Rep2,3245,0.322121195,3,13,3.541666667,12 d05,3.33
13,0_2,plate1,a01,Low,Inoculated,Rep3,6503,0.329634819,3,13,3.541666667,13 a01,1.1995
13,0_2,plate1,b04,Low,Sterile,Rep3,3699,0.330579345,3,13,3.541666667,13 b04,3.659
13,0_2,plate1,c01,High,Inoculated,Rep3,2457,0.328661882,3,13,3.541666667,13 c01,2.129
13,0_2,plate1,d04,High,Sterile,Rep3,7459,0.344589125,3,13,3.541666667,13 d04,7.088
14,0_3,plate2,b03,Low,Sterile,Rep4,5427,0.338611734,3,13,3.541666667,14 b03,4.4945
14,0_3,plate2,b06,Low,Inoculated,Rep4,10132,0.346435393,3,13,3.541666667,14 b06,7.924
14,0_3,plate2,d03,High,Sterile,Rep4,6002,0.3232664,3,13,3.541666667,14 d03,6.0155
14,0_3,plate2,d06,High,Inoculated,Rep4,2483.5,0.325944762,3,13,3.541666667,14 d06,2.286
15,0_4,plate1,b05,Low,Inoculated,Rep5,4821,0.329917145,3,13,3.541666667,15 b05,4.2635
15,0_4,plate1,d02,High,Sterile,Rep5,6627.5,0.331187591,3,13,3.541666667,15 d02,6.5655
15,0_4,plate1,d05,High,Inoculated,Rep5,3233.5,0.335190791,3,13,3.541666667,15 d05,3.3525
16,1_0,plate2,b01,Low,Sterile,Rep6,3867,0.334095966,3,13,3.541666667,16 b01,3.226
16,1_0,plate2,b04,Low,Inoculated,Rep6,4903.5,0.333285545,3,13,3.541666667,16 b04,3.408
16,1_0,plate2,d01,High,Sterile,Rep6,2586.5,0.322988463,3,13,3.541666667,16 d01,2.8885
16,1_0,plate2,d04,High,Inoculated,Rep6,3607.5,0.326363379,3,13,3.541666667,16 d04,5.4685
17,1_1,plate1,a06,Low,Sterile,Rep7,7835,0.343951016,3,13,3.541666667,17 a06,6.957
17,1_1,plate1,b03,Low,Inoculated,Rep7,8500,0.334702237,3,13,3.541666667,17 b03,7.257
17,1_1,plate1,d03,High,Inoculated,Rep7,3796,0.331437181,3,13,3.541666667,17 d03,3.235
18,1_2,plate2,a05,Low,Sterile,Rep8,1719,0.332226098,3,13,3.541666667,18 a05,1.311
18,1_2,plate2,b02,Low,Inoculated,Rep8,4679,0.334012689,3,13,3.541666667,18 b02,3.9645
18,1_2,plate2,c05,High,Sterile,Rep8,6276.5,0.336217493,3,13,3.541666667,18 c05,5.2575
18,1_2,plate2,d02,High,Inoculated,Rep8,2537,0.325312417,3,13,3.541666667,18 d02,3.174
19,1_3,plate1,b01,Low,Inoculated,Rep9,4206.5,0.3267366,3,13,3.541666667,19 b01,4.302
19,1_3,plate1,c04,High,Sterile,Rep9,3744,0.327201752,3,13,3.541666667,19 c04,3.82
19,1_3,plate1,d01,High,Inoculated,Rep9,3396,0.331074802,3,13,3.541666667,19 d01,3.178
20,1_4,plate2,a03,Low,Sterile,Rep10,2136.5,0.325329766,3,13,3.541666667,20 a03,1.998
20,1_4,plate2,a06,Low,Inoculated,Rep10,3652,0.332778938,3,13,3.541666667,20 a06,2.8025
20,1_4,plate2,c03,High,Sterile,Rep10,2988,0.324864815,3,13,3.541666667,20 c03,3.469
20,1_4,plate2,c06,High,Inoculated,Rep10,4052,0.332358733,3,13,3.541666667,20 c06,2.855
11,0_0,plate1,a03,Low,Inoculated,Rep1,12141,0.333126371,5,6,5.25,11 a03,10.951
11,0_0,plate1,b06,Low,Sterile,Rep1,9952.5,0.337195123,5,6,5.25,11 b06,10.0705
11,0_0,plate1,c03,High,Inoculated,Rep1,13157,0.333216415,5,6,5.25,11 c03,11.1525
11,0_0,plate1,d06,High,Sterile,Rep1,9713.5,0.342326041,5,6,5.25,11 d06,8.689
12,0_1,plate2,a02,Low,Inoculated,Rep2,5793.5,0.331421289,5,6,5.25,12 a02,4.5135
12,0_1,plate2,b05,Low,Sterile,Rep2,5600,0.333593187,5,6,5.25,12 b05,4.6965
12,0_1,plate2,c02,High,Inoculated,Rep2,10923,0.334976976,5,6,5.25,12 c02,7.288
12,0_1,plate2,d05,High,Sterile,Rep2,3507.5,0.323732934,5,6,5.25,12 d05,3.33
13,0_2,plate1,a01,Low,Inoculated,Rep3,7394.5,0.328566765,5,6,5.25,13 a01,1.1995
13,0_2,plate1,b04,Low,Sterile,Rep3,4332.5,0.327134019,5,6,5.25,13 b04,3.659
13,0_2,plate1,c01,High,Inoculated,Rep3,2684,0.328845027,5,6,5.25,13 c01,2.129
13,0_2,plate1,d04,High,Sterile,Rep3,8000.5,0.341515479,5,6,5.25,13 d04,7.088
14,0_3,plate2,b03,Low,Sterile,Rep4,5938.5,0.337059919,5,6,5.25,14 b03,4.4945
14,0_3,plate2,b06,Low,Inoculated,Rep4,11363.5,0.342217532,5,6,5.25,14 b06,7.924
14,0_3,plate2,d03,High,Sterile,Rep4,6511.5,0.323004351,5,6,5.25,14 d03,6.0155
14,0_3,plate2,d06,High,Inoculated,Rep4,2595,0.328016952,5,6,5.25,14 d06,2.286
15,0_4,plate1,b05,Low,Inoculated,Rep5,5769,0.327876173,5,6,5.25,15 b05,4.2635
15,0_4,plate1,d02,High,Sterile,Rep5,6524.5,0.332454501,5,6,5.25,15 d02,6.5655
15,0_4,plate1,d05,High,Inoculated,Rep5,3353.5,0.336858735,5,6,5.25,15 d05,3.3525
16,1_0,plate2,b01,Low,Sterile,Rep6,4151,0.330432417,5,6,5.25,16 b01,3.226
16,1_0,plate2,b04,Low,Inoculated,Rep6,5770.5,0.332568497,5,6,5.25,16 b04,3.408
16,1_0,plate2,d01,High,Sterile,Rep6,2885.5,0.321853508,5,6,5.25,16 d01,2.8885
16,1_0,plate2,d04,High,Inoculated,Rep6,4147.5,0.327841806,5,6,5.25,16 d04,5.4685
17,1_1,plate1,a06,Low,Sterile,Rep7,8656.5,0.342867407,5,6,5.25,17 a06,6.957
17,1_1,plate1,b03,Low,Inoculated,Rep7,8799.5,0.334392392,5,6,5.25,17 b03,7.257
17,1_1,plate1,c06,High,Sterile,Rep7,3307,0.334050946,5,6,5.25,17 c06,3.307
17,1_1,plate1,d03,High,Inoculated,Rep7,4258.5,0.330975206,5,6,5.25,17 d03,3.235
18,1_2,plate2,a05,Low,Sterile,Rep8,1893,0.329772073,5,6,5.25,18 a05,1.311
18,1_2,plate2,b02,Low,Inoculated,Rep8,5372.5,0.331472985,5,6,5.25,18 b02,3.9645
18,1_2,plate2,c05,High,Sterile,Rep8,7714.5,0.334584439,5,6,5.25,18 c05,5.2575
18,1_2,plate2,d02,High,Inoculated,Rep8,2496,0.325184008,5,6,5.25,18 d02,3.174
19,1_3,plate1,b01,Low,Inoculated,Rep9,4644.5,0.324845463,5,6,5.25,19 b01,4.302
19,1_3,plate1,c04,High,Sterile,Rep9,3775.5,0.328816989,5,6,5.25,19 c04,3.82
19,1_3,plate1,d01,High,Inoculated,Rep9,3921,0.3318596,5,6,5.25,19 d01,3.178
20,1_4,plate2,a03,Low,Sterile,Rep10,2411.5,0.324295476,5,6,5.25,20 a03,1.998
20,1_4,plate2,a06,Low,Inoculated,Rep10,4048.5,0.332770704,5,6,5.25,20 a06,2.8025
20,1_4,plate2,c06,High,Inoculated,Rep10,4891,0.331753215,5,6,5.25,20 c06,2.855
11,0_0,plate1,a03,Low,Inoculated,Rep1,12862,0.329295166,5,13,5.541666667,11 a03,10.951
11,0_0,plate1,b06,Low,Sterile,Rep1,10070.5,0.335050866,5,13,5.541666667,11 b06,10.0705
11,0_0,plate1,c03,High,Inoculated,Rep1,13472.5,0.33202695,5,13,5.541666667,11 c03,11.1525
11,0_0,plate1,d06,High,Sterile,Rep1,10284,0.339755665,5,13,5.541666667,11 d06,8.689
12,0_1,plate2,a02,Low,Inoculated,Rep2,5699,0.333462323,5,13,5.541666667,12 a02,4.5135
12,0_1,plate2,b05,Low,Sterile,Rep2,5416,0.335038971,5,13,5.541666667,12 b05,4.6965
12,0_1,plate2,c02,High,Inoculated,Rep2,11175.5,0.336373059,5,13,5.541666667,12 c02,7.288
12,0_1,plate2,d05,High,Sterile,Rep2,3445,0.324550769,5,13,5.541666667,12 d05,3.33
13,0_2,plate1,a01,Low,Inoculated,Rep3,7576.5,0.329600154,5,13,5.541666667,13 a01,1.1995
13,0_2,plate1,b04,Low,Sterile,Rep3,4591.5,0.32716245,5,13,5.541666667,13 b04,3.659
13,0_2,plate1,c01,High,Inoculated,Rep3,2865.5,0.329721591,5,13,5.541666667,13 c01,2.129
13,0_2,plate1,d04,High,Sterile,Rep3,8213.5,0.3431421,5,13,5.541666667,13 d04,7.088
14,0_3,plate2,b03,Low,Sterile,Rep4,6048,0.338473784,5,13,5.541666667,14 b03,4.4945
14,0_3,plate2,b06,Low,Inoculated,Rep4,11808,0.342171282,5,13,5.541666667,14 b06,7.924
14,0_3,plate2,d03,High,Sterile,Rep4,6656,0.326213125,5,13,5.541666667,14 d03,6.0155
14,0_3,plate2,d06,High,Inoculated,Rep4,2752,0.326276919,5,13,5.541666667,14 d06,2.286
15,0_4,plate1,b05,Low,Inoculated,Rep5,5876.5,0.328215458,5,13,5.541666667,15 b05,4.2635
15,0_4,plate1,d02,High,Sterile,Rep5,6453,0.333324169,5,13,5.541666667,15 d02,6.5655
15,0_4,plate1,d05,High,Inoculated,Rep5,3322,0.335470121,5,13,5.541666667,15 d05,3.3525
16,1_0,plate2,b01,Low,Sterile,Rep6,4196.5,0.331560192,5,13,5.541666667,16 b01,3.226
16,1_0,plate2,b04,Low,Inoculated,Rep6,6059,0.332067473,5,13,5.541666667,16 b04,3.408
16,1_0,plate2,d01,High,Sterile,Rep6,2847.5,0.320205274,5,13,5.541666667,16 d01,2.8885
16,1_0,plate2,d04,High,Inoculated,Rep6,4515,0.328081769,5,13,5.541666667,16 d04,5.4685
17,1_1,plate1,a06,Low,Sterile,Rep7,8708.5,0.344464784,5,13,5.541666667,17 a06,6.957
17,1_1,plate1,b03,Low,Inoculated,Rep7,9051.5,0.334623212,5,13,5.541666667,17 b03,7.257
17,1_1,plate1,c06,High,Sterile,Rep7,3458.5,0.333953464,5,13,5.541666667,17 c06,3.307
17,1_1,plate1,d03,High,Inoculated,Rep7,4340.5,0.330198258,5,13,5.541666667,17 d03,3.235
18,1_2,plate2,a05,Low,Sterile,Rep8,1984.5,0.329193747,5,13,5.541666667,18 a05,1.311
18,1_2,plate2,b02,Low,Inoculated,Rep8,5326.5,0.329460189,5,13,5.541666667,18 b02,3.9645
18,1_2,plate2,c05,High,Sterile,Rep8,8170.5,0.332924055,5,13,5.541666667,18 c05,5.2575
18,1_2,plate2,d02,High,Inoculated,Rep8,2429.5,0.323727747,5,13,5.541666667,18 d02,3.174
19,1_3,plate1,b01,Low,Inoculated,Rep9,4703.5,0.324132053,5,13,5.541666667,19 b01,4.302
19,1_3,plate1,c04,High,Sterile,Rep9,3797,0.327644863,5,13,5.541666667,19 c04,3.82
19,1_3,plate1,d01,High,Inoculated,Rep9,4102.5,0.329954748,5,13,5.541666667,19 d01,3.178
20,1_4,plate2,a03,Low,Sterile,Rep10,2628,0.32550349,5,13,5.541666667,20 a03,1.998
20,1_4,plate2,a06,Low,Inoculated,Rep10,4134,0.332201187,5,13,5.541666667,20 a06,2.8025
20,1_4,plate2,c06,High,Inoculated,Rep10,5069,0.33198764,5,13,5.541666667,20 c06,2.855
11,0_0,plate1,a03,Low,Inoculated,Rep1,12852,0.32885072,5,20,5.833333333,11 a03,10.951
11,0_0,plate1,b06,Low,Sterile,Rep1,10211,0.333727732,5,20,5.833333333,11 b06,10.0705
11,0_0,plate1,c03,High,Inoculated,Rep1,13447,0.33220972,5,20,5.833333333,11 c03,11.1525
11,0_0,plate1,d06,High,Sterile,Rep1,10424.5,0.338845422,5,20,5.833333333,11 d06,8.689
12,0_1,plate2,a02,Low,Inoculated,Rep2,5715,0.333153905,5,20,5.833333333,12 a02,4.5135
12,0_1,plate2,b05,Low,Sterile,Rep2,5636,0.335457431,5,20,5.833333333,12 b05,4.6965
12,0_1,plate2,c02,High,Inoculated,Rep2,11425,0.336716946,5,20,5.833333333,12 c02,7.288
12,0_1,plate2,d05,High,Sterile,Rep2,3599.5,0.324535963,5,20,5.833333333,12 d05,3.33
13,0_2,plate1,a01,Low,Inoculated,Rep3,7937.5,0.330771103,5,20,5.833333333,13 a01,1.1995
13,0_2,plate1,b04,Low,Sterile,Rep3,4691,0.328841336,5,20,5.833333333,13 b04,3.659
13,0_2,plate1,c01,High,Inoculated,Rep3,3014,0.331276732,5,20,5.833333333,13 c01,2.129
13,0_2,plate1,d04,High,Sterile,Rep3,8204.5,0.344758107,5,20,5.833333333,13 d04,7.088
14,0_3,plate2,b03,Low,Sterile,Rep4,6000,0.339946435,5,20,5.833333333,14 b03,4.4945
14,0_3,plate2,b06,Low,Inoculated,Rep4,11837,0.343028715,5,20,5.833333333,14 b06,7.924
14,0_3,plate2,d03,High,Sterile,Rep4,6521.5,0.325389242,5,20,5.833333333,14 d03,6.0155
14,0_3,plate2,d06,High,Inoculated,Rep4,2750.5,0.32602291,5,20,5.833333333,14 d06,2.286
15,0_4,plate1,b05,Low,Inoculated,Rep5,5819.5,0.326854464,5,20,5.833333333,15 b05,4.2635
15,0_4,plate1,d02,High,Sterile,Rep5,6690.5,0.332093726,5,20,5.833333333,15 d02,6.5655
15,0_4,plate1,d05,High,Inoculated,Rep5,3320,0.333868493,5,20,5.833333333,15 d05,3.3525
16,1_0,plate2,b01,Low,Sterile,Rep6,4338.5,0.330867865,5,20,5.833333333,16 b01,3.226
16,1_0,plate2,b04,Low,Inoculated,Rep6,6118.5,0.331917284,5,20,5.833333333,16 b04,3.408
16,1_0,plate2,d01,High,Sterile,Rep6,2955.5,0.322836125,5,20,5.833333333,16 d01,2.8885
16,1_0,plate2,d04,High,Inoculated,Rep6,4559,0.32847014,5,20,5.833333333,16 d04,5.4685
17,1_1,plate1,a06,Low,Sterile,Rep7,8640.5,0.343594676,5,20,5.833333333,17 a06,6.957
17,1_1,plate1,b03,Low,Inoculated,Rep7,9165,0.334412424,5,20,5.833333333,17 b03,7.257
17,1_1,plate1,c06,High,Sterile,Rep7,3414,0.33269401,5,20,5.833333333,17 c06,3.307
17,1_1,plate1,d03,High,Inoculated,Rep7,4391.5,0.329711659,5,20,5.833333333,17 d03,3.235
18,1_2,plate2,a05,Low,Sterile,Rep8,2007,0.329107627,5,20,5.833333333,18 a05,1.311
18,1_2,plate2,b02,Low,Inoculated,Rep8,5304,0.329647463,5,20,5.833333333,18 b02,3.9645
18,1_2,plate2,c05,High,Sterile,Rep8,8102.5,0.332675082,5,20,5.833333333,18 c05,5.2575
18,1_2,plate2,d02,High,Inoculated,Rep8,2343.5,0.322664672,5,20,5.833333333,18 d02,3.174
19,1_3,plate1,b01,Low,Inoculated,Rep9,4729.5,0.322795658,5,20,5.833333333,19 b01,4.302
19,1_3,plate1,c04,High,Sterile,Rep9,3723,0.327521965,5,20,5.833333333,19 c04,3.82
19,1_3,plate1,d01,High,Inoculated,Rep9,4223.5,0.329308261,5,20,5.833333333,19 d01,3.178
20,1_4,plate2,a03,Low,Sterile,Rep10,2696,0.327473088,5,20,5.833333333,20 a03,1.998
20,1_4,plate2,a06,Low,Inoculated,Rep10,4116.5,0.333968039,5,20,5.833333333,20 a06,2.8025
20,1_4,plate2,c06,High,Inoculated,Rep10,5086,0.332303211,5,20,5.833333333,20 c06,2.855
11,0_0,plate1,a03,Low,Inoculated,Rep1,12885,0.328455467,6,6,6.25,11 a03,10.951
11,0_0,plate1,b06,Low,Sterile,Rep1,10019,0.334823421,6,6,6.25,11 b06,10.0705
11,0_0,plate1,c03,High,Inoculated,Rep1,13464.5,0.331010794,6,6,6.25,11 c03,11.1525
11,0_0,plate1,d06,High,Sterile,Rep1,10815,0.337764955,6,6,6.25,11 d06,8.689
12,0_1,plate2,a02,Low,Inoculated,Rep2,5753,0.331820953,6,6,6.25,12 a02,4.5135
12,0_1,plate2,b05,Low,Sterile,Rep2,5636.5,0.334154298,6,6,6.25,12 b05,4.6965
12,0_1,plate2,c02,High,Inoculated,Rep2,11628.5,0.333974597,6,6,6.25,12 c02,7.288
12,0_1,plate2,d05,High,Sterile,Rep2,3622,0.324172165,6,6,6.25,12 d05,3.33
13,0_2,plate1,a01,Low,Inoculated,Rep3,7987,0.330012481,6,6,6.25,13 a01,1.1995
13,0_2,plate1,b04,Low,Sterile,Rep3,4696,0.328276146,6,6,6.25,13 b04,3.659
13,0_2,plate1,c01,High,Inoculated,Rep3,3020,0.33140369,6,6,6.25,13 c01,2.129
13,0_2,plate1,d04,High,Sterile,Rep3,8185,0.344667553,6,6,6.25,13 d04,7.088
14,0_3,plate2,b03,Low,Sterile,Rep4,6174,0.338719375,6,6,6.25,14 b03,4.4945
14,0_3,plate2,b06,Low,Inoculated,Rep4,12294.5,0.341992817,6,6,6.25,14 b06,7.924
14,0_3,plate2,d03,High,Sterile,Rep4,6709.5,0.324603765,6,6,6.25,14 d03,6.0155
14,0_3,plate2,d06,High,Inoculated,Rep4,2820.5,0.325818537,6,6,6.25,14 d06,2.286
15,0_4,plate1,b05,Low,Inoculated,Rep5,5793.5,0.326787196,6,6,6.25,15 b05,4.2635
15,0_4,plate1,d02,High,Sterile,Rep5,6647,0.332155627,6,6,6.25,15 d02,6.5655
15,0_4,plate1,d05,High,Inoculated,Rep5,3250,0.334250445,6,6,6.25,15 d05,3.3525
16,1_0,plate2,b01,Low,Sterile,Rep6,4378.5,0.329765733,6,6,6.25,16 b01,3.226
16,1_0,plate2,b04,Low,Inoculated,Rep6,6286,0.331282983,6,6,6.25,16 b04,3.408
16,1_0,plate2,d01,High,Sterile,Rep6,2996.5,0.32139918,6,6,6.25,16 d01,2.8885
16,1_0,plate2,d04,High,Inoculated,Rep6,4723.5,0.328445635,6,6,6.25,16 d04,5.4685
17,1_1,plate1,a06,Low,Sterile,Rep7,8924,0.34248619,6,6,6.25,17 a06,6.957
17,1_1,plate1,b03,Low,Inoculated,Rep7,9170,0.332826185,6,6,6.25,17 b03,7.257
17,1_1,plate1,c06,High,Sterile,Rep7,3557,0.331196388,6,6,6.25,17 c06,3.307
17,1_1,plate1,d03,High,Inoculated,Rep7,4366.5,0.328798285,6,6,6.25,17 d03,3.235
18,1_2,plate2,a05,Low,Sterile,Rep8,1977,0.329678285,6,6,6.25,18 a05,1.311
18,1_2,plate2,b02,Low,Inoculated,Rep8,5233,0.330856638,6,6,6.25,18 b02,3.9645
18,1_2,plate2,c05,High,Sterile,Rep8,8305,0.332543633,6,6,6.25,18 c05,5.2575
18,1_2,plate2,d02,High,Inoculated,Rep8,2413.5,0.323543418,6,6,6.25,18 d02,3.174
19,1_3,plate1,b01,Low,Inoculated,Rep9,4710.5,0.322076463,6,6,6.25,19 b01,4.302
19,1_3,plate1,c04,High,Sterile,Rep9,3734,0.327222443,6,6,6.25,19 c04,3.82
19,1_3,plate1,d01,High,Inoculated,Rep9,4183.5,0.328453448,6,6,6.25,19 d01,3.178
20,1_4,plate2,a03,Low,Sterile,Rep10,2736.5,0.326687901,6,6,6.25,20 a03,1.998
20,1_4,plate2,a06,Low,Inoculated,Rep10,4281,0.334057573,6,6,6.25,20 a06,2.8025
20,1_4,plate2,c06,High,Inoculated,Rep10,5310.5,0.331899999,6,6,6.25,20 c06,2.855
11,0_0,plate1,a03,Low,Inoculated,Rep1,12601.5,0.329041784,6,13,6.541666667,11 a03,10.951
11,0_0,plate1,b06,Low,Sterile,Rep1,10107,0.334806514,6,13,6.541666667,11 b06,10.0705
11,0_0,plate1,c03,High,Inoculated,Rep1,13221,0.331686951,6,13,6.541666667,11 c03,11.1525
11,0_0,plate1,d06,High,Sterile,Rep1,10949.5,0.337807306,6,13,6.541666667,11 d06,8.689
12,0_1,plate2,a02,Low,Inoculated,Rep2,5734,0.331802131,6,13,6.541666667,12 a02,4.5135
12,0_1,plate2,b05,Low,Sterile,Rep2,5603.5,0.33506147,6,13,6.541666667,12 b05,4.6965
12,0_1,plate2,c02,High,Inoculated,Rep2,11994,0.332810398,6,13,6.541666667,12 c02,7.288
12,0_1,plate2,d05,High,Sterile,Rep2,3641,0.325170895,6,13,6.541666667,12 d05,3.33
13,0_2,plate1,a01,Low,Inoculated,Rep3,8143,0.330339874,6,13,6.541666667,13 a01,1.1995
13,0_2,plate1,b04,Low,Sterile,Rep3,4794,0.327291545,6,13,6.541666667,13 b04,3.659
13,0_2,plate1,c01,High,Inoculated,Rep3,3090,0.330131398,6,13,6.541666667,13 c01,2.129
13,0_2,plate1,d04,High,Sterile,Rep3,8365.5,0.344340882,6,13,6.541666667,13 d04,7.088
14,0_3,plate2,b03,Low,Sterile,Rep4,6467.5,0.338455819,6,13,6.541666667,14 b03,4.4945
14,0_3,plate2,b06,Low,Inoculated,Rep4,12070,0.341944335,6,13,6.541666667,14 b06,7.924
14,0_3,plate2,d03,High,Sterile,Rep4,6975.5,0.324641408,6,13,6.541666667,14 d03,6.0155
14,0_3,plate2,d06,High,Inoculated,Rep4,2870,0.325978544,6,13,6.541666667,14 d06,2.286
15,0_4,plate1,b05,Low,Inoculated,Rep5,5999,0.326600038,6,13,6.541666667,15 b05,4.2635
15,0_4,plate1,d02,High,Sterile,Rep5,6874,0.330971534,6,13,6.541666667,15 d02,6.5655
15,0_4,plate1,d05,High,Inoculated,Rep5,3323.5,0.33326181,6,13,6.541666667,15 d05,3.3525
16,1_0,plate2,b01,Low,Sterile,Rep6,4515,0.328373036,6,13,6.541666667,16 b01,3.226
16,1_0,plate2,b04,Low,Inoculated,Rep6,6392.5,0.330587878,6,13,6.541666667,16 b04,3.408
16,1_0,plate2,d01,High,Sterile,Rep6,3094,0.320603272,6,13,6.541666667,16 d01,2.8885
16,1_0,plate2,d04,High,Inoculated,Rep6,4840,0.327372135,6,13,6.541666667,16 d04,5.4685
17,1_1,plate1,a06,Low,Sterile,Rep7,8622,0.343617714,6,13,6.541666667,17 a06,6.957
17,1_1,plate1,b03,Low,Inoculated,Rep7,9367,0.333895905,6,13,6.541666667,17 b03,7.257
17,1_1,plate1,c06,High,Sterile,Rep7,3731.5,0.333365227,6,13,6.541666667,17 c06,3.307
17,1_1,plate1,d03,High,Inoculated,Rep7,4443,0.328886876,6,13,6.541666667,17 d03,3.235
18,1_2,plate2,a05,Low,Sterile,Rep8,2005,0.330512059,6,13,6.541666667,18 a05,1.311
18,1_2,plate2,b02,Low,Inoculated,Rep8,5375.5,0.331016862,6,13,6.541666667,18 b02,3.9645
18,1_2,plate2,c05,High,Sterile,Rep8,8601,0.332551379,6,13,6.541666667,18 c05,5.2575
18,1_2,plate2,d02,High,Inoculated,Rep8,2378.5,0.321374315,6,13,6.541666667,18 d02,3.174
19,1_3,plate1,b01,Low,Inoculated,Rep9,4699,0.322990586,6,13,6.541666667,19 b01,4.302
19,1_3,plate1,c04,High,Sterile,Rep9,3771.5,0.327051609,6,13,6.541666667,19 c04,3.82
19,1_3,plate1,d01,High,Inoculated,Rep9,4242.5,0.32887879,6,13,6.541666667,19 d01,3.178
20,1_4,plate2,a03,Low,Sterile,Rep10,2844.5,0.328082688,6,13,6.541666667,20 a03,1.998
20,1_4,plate2,a06,Low,Inoculated,Rep10,4147.5,0.334643257,6,13,6.541666667,20 a06,2.8025
20,1_4,plate2,c06,High,Inoculated,Rep10,5246,0.332971329,6,13,6.541666667,20 c06,2.855
11,0_0,plate1,a03,Low,Inoculated,Rep1,12998,0.328517766,6,20,6.833333333,11 a03,10.951
11,0_0,plate1,b06,Low,Sterile,Rep1,10132,0.333834878,6,20,6.833333333,11 b06,10.0705
11,0_0,plate1,c03,High,Inoculated,Rep1,13474.5,0.33120595,6,20,6.833333333,11 c03,11.1525
11,0_0,plate1,d06,High,Sterile,Rep1,11188,0.337726579,6,20,6.833333333,11 d06,8.689
12,0_1,plate2,a02,Low,Inoculated,Rep2,5976.5,0.33149562,6,20,6.833333333,12 a02,4.5135
12,0_1,plate2,b05,Low,Sterile,Rep2,5630,0.335775113,6,20,6.833333333,12 b05,4.6965
12,0_1,plate2,c02,High,Inoculated,Rep2,12769,0.33245196,6,20,6.833333333,12 c02,7.288
12,0_1,plate2,d05,High,Sterile,Rep2,3754.5,0.325723257,6,20,6.833333333,12 d05,3.33
13,0_2,plate1,a01,Low,Inoculated,Rep3,8333,0.329393966,6,20,6.833333333,13 a01,1.1995
13,0_2,plate1,b04,Low,Sterile,Rep3,4794,0.325546682,6,20,6.833333333,13 b04,3.659
13,0_2,plate1,c01,High,Inoculated,Rep3,3278,0.33001323,6,20,6.833333333,13 c01,2.129
13,0_2,plate1,d04,High,Sterile,Rep3,8258,0.343955189,6,20,6.833333333,13 d04,7.088
14,0_3,plate2,b03,Low,Sterile,Rep4,6457.5,0.338519982,6,20,6.833333333,14 b03,4.4945
14,0_3,plate2,b06,Low,Inoculated,Rep4,12211,0.342329332,6,20,6.833333333,14 b06,7.924
14,0_3,plate2,d03,High,Sterile,Rep4,4755,0.320845613,6,20,6.833333333,14 d03,6.0155
14,0_3,plate2,d06,High,Inoculated,Rep4,2951.5,0.32627673,6,20,6.833333333,14 d06,2.286
15,0_4,plate1,b05,Low,Inoculated,Rep5,5972,0.326667109,6,20,6.833333333,15 b05,4.2635
15,0_4,plate1,d02,High,Sterile,Rep5,7125,0.33085349,6,20,6.833333333,15 d02,6.5655
15,0_4,plate1,d05,High,Inoculated,Rep5,3283,0.332494711,6,20,6.833333333,15 d05,3.3525
16,1_0,plate2,b01,Low,Sterile,Rep6,4419.5,0.328351552,6,20,6.833333333,16 b01,3.226
16,1_0,plate2,b04,Low,Inoculated,Rep6,6433,0.331148514,6,20,6.833333333,16 b04,3.408
16,1_0,plate2,d01,High,Sterile,Rep6,3055.5,0.32107793,6,20,6.833333333,16 d01,2.8885
16,1_0,plate2,d04,High,Inoculated,Rep6,4959,0.327007302,6,20,6.833333333,16 d04,5.4685
17,1_1,plate1,a06,Low,Sterile,Rep7,8542.5,0.342875546,6,20,6.833333333,17 a06,6.957
17,1_1,plate1,b03,Low,Inoculated,Rep7,9312.5,0.33397768,6,20,6.833333333,17 b03,7.257
17,1_1,plate1,c06,High,Sterile,Rep7,3807,0.332019868,6,20,6.833333333,17 c06,3.307
17,1_1,plate1,d03,High,Inoculated,Rep7,4374,0.329024867,6,20,6.833333333,17 d03,3.235
18,1_2,plate2,a05,Low,Sterile,Rep8,2123,0.328577944,6,20,6.833333333,18 a05,1.311
18,1_2,plate2,b02,Low,Inoculated,Rep8,5318.5,0.329093265,6,20,6.833333333,18 b02,3.9645
18,1_2,plate2,c05,High,Sterile,Rep8,8759,0.332098979,6,20,6.833333333,18 c05,5.2575
18,1_2,plate2,d02,High,Inoculated,Rep8,2362,0.321621198,6,20,6.833333333,18 d02,3.174
19,1_3,plate1,b01,Low,Inoculated,Rep9,4720,0.322939995,6,20,6.833333333,19 b01,4.302
19,1_3,plate1,c04,High,Sterile,Rep9,3606.5,0.326262724,6,20,6.833333333,19 c04,3.82
19,1_3,plate1,d01,High,Inoculated,Rep9,4311,0.32808028,6,20,6.833333333,19 d01,3.178
20,1_4,plate2,a03,Low,Sterile,Rep10,2969.5,0.326278507,6,20,6.833333333,20 a03,1.998
20,1_4,plate2,a06,Low,Inoculated,Rep10,4244.5,0.333346618,6,20,6.833333333,20 a06,2.8025
20,1_4,plate2,c06,High,Inoculated,Rep10,5405,0.331722147,6,20,6.833333333,20 c06,2.855
11,0_0,plate1,a03,Low,Inoculated,Rep1,13244.5,0.328083575,7,6,7.25,11 a03,10.951
11,0_0,plate1,b06,Low,Sterile,Rep1,10100,0.333894537,7,6,7.25,11 b06,10.0705
11,0_0,plate1,c03,High,Inoculated,Rep1,13759.5,0.330812174,7,6,7.25,11 c03,11.1525
11,0_0,plate1,d06,High,Sterile,Rep1,11475.5,0.33673411,7,6,7.25,11 d06,8.689
12,0_1,plate2,a02,Low,Inoculated,Rep2,5982,0.331424198,7,6,7.25,12 a02,4.5135
12,0_1,plate2,b05,Low,Sterile,Rep2,5816,0.335480264,7,6,7.25,12 b05,4.6965
12,0_1,plate2,c02,High,Inoculated,Rep2,12680.5,0.330355624,7,6,7.25,12 c02,7.288
12,0_1,plate2,d05,High,Sterile,Rep2,3894,0.325562454,7,6,7.25,12 d05,3.33
13,0_2,plate1,a01,Low,Inoculated,Rep3,8055.5,0.328628582,7,6,7.25,13 a01,1.1995
13,0_2,plate1,b04,Low,Sterile,Rep3,4805,0.325915511,7,6,7.25,13 b04,3.659
13,0_2,plate1,c01,High,Inoculated,Rep3,3146,0.330173881,7,6,7.25,13 c01,2.129
13,0_2,plate1,d04,High,Sterile,Rep3,8239.5,0.34381433,7,6,7.25,13 d04,7.088
14,0_3,plate2,b03,Low,Sterile,Rep4,6617.5,0.337381884,7,6,7.25,14 b03,4.4945
14,0_3,plate2,b06,Low,Inoculated,Rep4,12449.5,0.340046908,7,6,7.25,14 b06,7.924
14,0_3,plate2,d03,High,Sterile,Rep4,7186,0.322242475,7,6,7.25,14 d03,6.0155
14,0_3,plate2,d06,High,Inoculated,Rep4,3041,0.325922006,7,6,7.25,14 d06,2.286
15,0_4,plate1,b05,Low,Inoculated,Rep5,6023,0.326465951,7,6,7.25,15 b05,4.2635
15,0_4,plate1,d02,High,Sterile,Rep5,7361.5,0.329696415,7,6,7.25,15 d02,6.5655
15,0_4,plate1,d05,High,Inoculated,Rep5,3326.5,0.333390405,7,6,7.25,15 d05,3.3525
16,1_0,plate2,b01,Low,Sterile,Rep6,4552.5,0.327950587,7,6,7.25,16 b01,3.226
16,1_0,plate2,b04,Low,Inoculated,Rep6,6449.5,0.330338369,7,6,7.25,16 b04,3.408
16,1_0,plate2,d01,High,Sterile,Rep6,3141.5,0.320888361,7,6,7.25,16 d01,2.8885
16,1_0,plate2,d04,High,Inoculated,Rep6,4974.5,0.326995964,7,6,7.25,16 d04,5.4685
17,1_1,plate1,a06,Low,Sterile,Rep7,8790,0.343524855,7,6,7.25,17 a06,6.957
17,1_1,plate1,b03,Low,Inoculated,Rep7,9462.5,0.33307595,7,6,7.25,17 b03,7.257
17,1_1,plate1,c06,High,Sterile,Rep7,3979,0.331701094,7,6,7.25,17 c06,3.307
17,1_1,plate1,d03,High,Inoculated,Rep7,4449.5,0.328479177,7,6,7.25,17 d03,3.235
18,1_2,plate2,a05,Low,Sterile,Rep8,2204.5,0.329620772,7,6,7.25,18 a05,1.311
18,1_2,plate2,b02,Low,Inoculated,Rep8,5510,0.329110232,7,6,7.25,18 b02,3.9645
18,1_2,plate2,c05,High,Sterile,Rep8,9015,0.332282711,7,6,7.25,18 c05,5.2575
18,1_2,plate2,d02,High,Inoculated,Rep8,2406,0.319959632,7,6,7.25,18 d02,3.174
19,1_3,plate1,b01,Low,Inoculated,Rep9,4960.5,0.322401531,7,6,7.25,19 b01,4.302
19,1_3,plate1,c04,High,Sterile,Rep9,3811.5,0.326328105,7,6,7.25,19 c04,3.82
19,1_3,plate1,d01,High,Inoculated,Rep9,4518,0.328293237,7,6,7.25,19 d01,3.178
20,1_4,plate2,a03,Low,Sterile,Rep10,2961.5,0.324357327,7,6,7.25,20 a03,1.998
20,1_4,plate2,a06,Low,Inoculated,Rep10,4355,0.331404045,7,6,7.25,20 a06,2.8025
20,1_4,plate2,c06,High,Inoculated,Rep10,5473.5,0.328917589,7,6,7.25,20 c06,2.855
11,0_0,plate1,a03,Low,Inoculated,Rep1,12772.5,0.328840751,7,13,7.541666667,11 a03,10.951
11,0_0,plate1,b06,Low,Sterile,Rep1,10305.5,0.333730293,7,13,7.541666667,11 b06,10.0705
11,0_0,plate1,c03,High,Inoculated,Rep1,13496.5,0.330874203,7,13,7.541666667,11 c03,11.1525
11,0_0,plate1,d06,High,Sterile,Rep1,11174.5,0.337736569,7,13,7.541666667,11 d06,8.689
12,0_1,plate2,a02,Low,Inoculated,Rep2,6004,0.333039131,7,13,7.541666667,12 a02,4.5135
12,0_1,plate2,b05,Low,Sterile,Rep2,5689.5,0.335849028,7,13,7.541666667,12 b05,4.6965
12,0_1,plate2,c02,High,Inoculated,Rep2,13034,0.332333297,7,13,7.541666667,12 c02,7.288
12,0_1,plate2,d05,High,Sterile,Rep2,3877.5,0.326090148,7,13,7.541666667,12 d05,3.33
13,0_2,plate1,a01,Low,Inoculated,Rep3,8616.5,0.328465779,7,13,7.541666667,13 a01,1.1995
13,0_2,plate1,b04,Low,Sterile,Rep3,4898,0.32509796,7,13,7.541666667,13 b04,3.659
13,0_2,plate1,c01,High,Inoculated,Rep3,3429,0.328533919,7,13,7.541666667,13 c01,2.129
13,0_2,plate1,d04,High,Sterile,Rep3,8279.5,0.343866364,7,13,7.541666667,13 d04,7.088
14,0_3,plate2,b03,Low,Sterile,Rep4,6570,0.336740284,7,13,7.541666667,14 b03,4.4945
14,0_3,plate2,b06,Low,Inoculated,Rep4,12795.5,0.34129564,7,13,7.541666667,14 b06,7.924
14,0_3,plate2,d03,High,Sterile,Rep4,7319.5,0.321448511,7,13,7.541666667,14 d03,6.0155
14,0_3,plate2,d06,High,Inoculated,Rep4,3213,0.326094068,7,13,7.541666667,14 d06,2.286
15,0_4,plate1,b05,Low,Inoculated,Rep5,6102,0.326844225,7,13,7.541666667,15 b05,4.2635
15,0_4,plate1,d02,High,Sterile,Rep5,7360.5,0.328667315,7,13,7.541666667,15 d02,6.5655
15,0_4,plate1,d05,High,Inoculated,Rep5,3265.5,0.332266624,7,13,7.541666667,15 d05,3.3525
16,1_0,plate2,b01,Low,Sterile,Rep6,4570.5,0.328293938,7,13,7.541666667,16 b01,3.226
16,1_0,plate2,b04,Low,Inoculated,Rep6,6456,0.330779898,7,13,7.541666667,16 b04,3.408
16,1_0,plate2,d01,High,Sterile,Rep6,3172,0.321085576,7,13,7.541666667,16 d01,2.8885
16,1_0,plate2,d04,High,Inoculated,Rep6,5099,0.328157948,7,13,7.541666667,16 d04,5.4685
17,1_1,plate1,a06,Low,Sterile,Rep7,8731.5,0.343203102,7,13,7.541666667,17 a06,6.957
17,1_1,plate1,b03,Low,Inoculated,Rep7,9358.5,0.334179035,7,13,7.541666667,17 b03,7.257
17,1_1,plate1,c06,High,Sterile,Rep7,4079,0.330278158,7,13,7.541666667,17 c06,3.307
17,1_1,plate1,d03,High,Inoculated,Rep7,4473.5,0.328743854,7,13,7.541666667,17 d03,3.235
18,1_2,plate2,a05,Low,Sterile,Rep8,2221,0.329147252,7,13,7.541666667,18 a05,1.311
18,1_2,plate2,b02,Low,Inoculated,Rep8,5632.5,0.32897472,7,13,7.541666667,18 b02,3.9645
18,1_2,plate2,c05,High,Sterile,Rep8,9076.5,0.331480882,7,13,7.541666667,18 c05,5.2575
18,1_2,plate2,d02,High,Inoculated,Rep8,2357,0.318694328,7,13,7.541666667,18 d02,3.174
19,1_3,plate1,b01,Low,Inoculated,Rep9,4781,0.321690121,7,13,7.541666667,19 b01,4.302
19,1_3,plate1,c04,High,Sterile,Rep9,3624,0.32588328,7,13,7.541666667,19 c04,3.82
19,1_3,plate1,d01,High,Inoculated,Rep9,4543,0.329169119,7,13,7.541666667,19 d01,3.178
20,1_4,plate2,a03,Low,Sterile,Rep10,2982.5,0.324638229,7,13,7.541666667,20 a03,1.998
20,1_4,plate2,a06,Low,Inoculated,Rep10,4391,0.332646064,7,13,7.541666667,20 a06,2.8025
20,1_4,plate2,c06,High,Inoculated,Rep10,5533.5,0.330022252,7,13,7.541666667,20 c06,2.855
11,0_0,plate1,a03,Low,Inoculated,Rep1,13387,0.328559845,7,20,7.833333333,11 a03,10.951
11,0_0,plate1,b06,Low,Sterile,Rep1,10469,0.333277157,7,20,7.833333333,11 b06,10.0705
11,0_0,plate1,c03,High,Inoculated,Rep1,13926,0.330956712,7,20,7.833333333,11 c03,11.1525
11,0_0,plate1,d06,High,Sterile,Rep1,11651,0.338709293,7,20,7.833333333,11 d06,8.689
12,0_1,plate2,a02,Low,Inoculated,Rep2,6160,0.333444592,7,20,7.833333333,12 a02,4.5135
12,0_1,plate2,b05,Low,Sterile,Rep2,5892,0.336456664,7,20,7.833333333,12 b05,4.6965
12,0_1,plate2,c02,High,Inoculated,Rep2,13419,0.334392454,7,20,7.833333333,12 c02,7.288
12,0_1,plate2,d05,High,Sterile,Rep2,4115.5,0.327378454,7,20,7.833333333,12 d05,3.33
13,0_2,plate1,a01,Low,Inoculated,Rep3,8638.5,0.328409643,7,20,7.833333333,13 a01,1.1995
13,0_2,plate1,b04,Low,Sterile,Rep3,5063.5,0.325463479,7,20,7.833333333,13 b04,3.659
13,0_2,plate1,c01,High,Inoculated,Rep3,3428.5,0.328641297,7,20,7.833333333,13 c01,2.129
13,0_2,plate1,d04,High,Sterile,Rep3,8397,0.343772951,7,20,7.833333333,13 d04,7.088
14,0_3,plate2,b03,Low,Sterile,Rep4,6972.5,0.33637111,7,20,7.833333333,14 b03,4.4945
14,0_3,plate2,b06,Low,Inoculated,Rep4,12820.5,0.341301837,7,20,7.833333333,14 b06,7.924
14,0_3,plate2,d03,High,Sterile,Rep4,7869.5,0.321124629,7,20,7.833333333,14 d03,6.0155
14,0_3,plate2,d06,High,Inoculated,Rep4,3337,0.326248926,7,20,7.833333333,14 d06,2.286
15,0_4,plate1,b05,Low,Inoculated,Rep5,6273,0.326382498,7,20,7.833333333,15 b05,4.2635
15,0_4,plate1,d02,High,Sterile,Rep5,8136.5,0.329737346,7,20,7.833333333,15 d02,6.5655
15,0_4,plate1,d05,High,Inoculated,Rep5,3318.5,0.331836888,7,20,7.833333333,15 d05,3.3525
16,1_0,plate2,b01,Low,Sterile,Rep6,4571.5,0.328476041,7,20,7.833333333,16 b01,3.226
16,1_0,plate2,b04,Low,Inoculated,Rep6,6476,0.329372022,7,20,7.833333333,16 b04,3.408
16,1_0,plate2,d01,High,Sterile,Rep6,3200,0.320979194,7,20,7.833333333,16 d01,2.8885
16,1_0,plate2,d04,High,Inoculated,Rep6,5211,0.32697159,7,20,7.833333333,16 d04,5.4685
17,1_1,plate1,a06,Low,Sterile,Rep7,9054,0.342965137,7,20,7.833333333,17 a06,6.957
17,1_1,plate1,b03,Low,Inoculated,Rep7,9853.5,0.334019744,7,20,7.833333333,17 b03,7.257
17,1_1,plate1,c06,High,Sterile,Rep7,4335.5,0.330519916,7,20,7.833333333,17 c06,3.307
17,1_1,plate1,d03,High,Inoculated,Rep7,4764.5,0.330155804,7,20,7.833333333,17 d03,3.235
18,1_2,plate2,a05,Low,Sterile,Rep8,2238,0.328140604,7,20,7.833333333,18 a05,1.311
18,1_2,plate2,b02,Low,Inoculated,Rep8,5532,0.328525373,7,20,7.833333333,18 b02,3.9645
18,1_2,plate2,c05,High,Sterile,Rep8,8902,0.331825343,7,20,7.833333333,18 c05,5.2575
18,1_2,plate2,d02,High,Inoculated,Rep8,2329,0.31774298,7,20,7.833333333,18 d02,3.174
19,1_3,plate1,b01,Low,Inoculated,Rep9,4827,0.321650406,7,20,7.833333333,19 b01,4.302
19,1_3,plate1,c04,High,Sterile,Rep9,3636,0.325405605,7,20,7.833333333,19 c04,3.82
19,1_3,plate1,d01,High,Inoculated,Rep9,4610.5,0.328430824,7,20,7.833333333,19 d01,3.178
20,1_4,plate2,a03,Low,Sterile,Rep10,3121.5,0.325700931,7,20,7.833333333,20 a03,1.998
20,1_4,plate2,a06,Low,Inoculated,Rep10,4449.5,0.331803128,7,20,7.833333333,20 a06,2.8025
20,1_4,plate2,c06,High,Inoculated,Rep10,5662.5,0.329105674,7,20,7.833333333,20 c06,2.855
11,0_0,plate1,a03,Low,Inoculated,Rep1,13266,0.32832142,8,6,8.25,11 a03,10.951
11,0_0,plate1,b06,Low,Sterile,Rep1,10264,0.333592187,8,6,8.25,11 b06,10.0705
11,0_0,plate1,c03,High,Inoculated,Rep1,13772,0.330367609,8,6,8.25,11 c03,11.1525
11,0_0,plate1,d06,High,Sterile,Rep1,11343,0.337279281,8,6,8.25,11 d06,8.689
12,0_1,plate2,a02,Low,Inoculated,Rep2,6299,0.331527822,8,6,8.25,12 a02,4.5135
12,0_1,plate2,b05,Low,Sterile,Rep2,6178.5,0.335508486,8,6,8.25,12 b05,4.6965
12,0_1,plate2,c02,High,Inoculated,Rep2,13439,0.328147513,8,6,8.25,12 c02,7.288
12,0_1,plate2,d05,High,Sterile,Rep2,4357,0.325678055,8,6,8.25,12 d05,3.33
13,0_2,plate1,a01,Low,Inoculated,Rep3,8912.5,0.326418185,8,6,8.25,13 a01,1.1995
13,0_2,plate1,b04,Low,Sterile,Rep3,5235,0.324796401,8,6,8.25,13 b04,3.659
13,0_2,plate1,c01,High,Inoculated,Rep3,3545,0.328931037,8,6,8.25,13 c01,2.129
13,0_2,plate1,d04,High,Sterile,Rep3,8594,0.344233988,8,6,8.25,13 d04,7.088
14,0_3,plate2,b03,Low,Sterile,Rep4,7089.5,0.335497704,8,6,8.25,14 b03,4.4945
14,0_3,plate2,b06,Low,Inoculated,Rep4,12953,0.340121712,8,6,8.25,14 b06,7.924
14,0_3,plate2,d03,High,Sterile,Rep4,7964,0.320426505,8,6,8.25,14 d03,6.0155
14,0_3,plate2,d06,High,Inoculated,Rep4,3371,0.324850056,8,6,8.25,14 d06,2.286
15,0_4,plate1,b05,Low,Inoculated,Rep5,6320,0.3256031,8,6,8.25,15 b05,4.2635
15,0_4,plate1,d02,High,Sterile,Rep5,8480,0.32947325,8,6,8.25,15 d02,6.5655
15,0_4,plate1,d05,High,Inoculated,Rep5,3312,0.330941454,8,6,8.25,15 d05,3.3525
16,1_0,plate2,b01,Low,Sterile,Rep6,4634,0.330005744,8,6,8.25,16 b01,3.226
16,1_0,plate2,b04,Low,Inoculated,Rep6,6586,0.330190944,8,6,8.25,16 b04,3.408
16,1_0,plate2,d01,High,Sterile,Rep6,3239.5,0.321342551,8,6,8.25,16 d01,2.8885
16,1_0,plate2,d04,High,Inoculated,Rep6,5294,0.327214936,8,6,8.25,16 d04,5.4685
17,1_1,plate1,a06,Low,Sterile,Rep7,8909.5,0.342666781,8,6,8.25,17 a06,6.957
17,1_1,plate1,b03,Low,Inoculated,Rep7,9719,0.332969428,8,6,8.25,17 b03,7.257
17,1_1,plate1,c06,High,Sterile,Rep7,4256.5,0.330361651,8,6,8.25,17 c06,3.307
17,1_1,plate1,d03,High,Inoculated,Rep7,4719,0.329750975,8,6,8.25,17 d03,3.235
18,1_2,plate2,a05,Low,Sterile,Rep8,2393,0.328666992,8,6,8.25,18 a05,1.311
18,1_2,plate2,b02,Low,Inoculated,Rep8,5855,0.328853174,8,6,8.25,18 b02,3.9645
18,1_2,plate2,c05,High,Sterile,Rep8,9097,0.330527804,8,6,8.25,18 c05,5.2575
18,1_2,plate2,d02,High,Inoculated,Rep8,2408.5,0.317452954,8,6,8.25,18 d02,3.174
19,1_3,plate1,b01,Low,Inoculated,Rep9,5007,0.321535485,8,6,8.25,19 b01,4.302
19,1_3,plate1,c04,High,Sterile,Rep9,3609.5,0.323931584,8,6,8.25,19 c04,3.82
19,1_3,plate1,d01,High,Inoculated,Rep9,4788.5,0.328231805,8,6,8.25,19 d01,3.178
20,1_4,plate2,a03,Low,Sterile,Rep10,3149.5,0.325025272,8,6,8.25,20 a03,1.998
20,1_4,plate2,a06,Low,Inoculated,Rep10,4358.5,0.33100738,8,6,8.25,20 a06,2.8025
20,1_4,plate2,c06,High,Inoculated,Rep10,5516.5,0.328846388,8,6,8.25,20 c06,2.855
11,0_0,plate1,a03,Low,Inoculated,Rep1,12824,0.328662812,8,13,8.541666667,11 a03,10.951
11,0_0,plate1,b06,Low,Sterile,Rep1,10464,0.332758663,8,13,8.541666667,11 b06,10.0705
11,0_0,plate1,c03,High,Inoculated,Rep1,13371.5,0.330228681,8,13,8.541666667,11 c03,11.1525
11,0_0,plate1,d06,High,Sterile,Rep1,11335.5,0.337698647,8,13,8.541666667,11 d06,8.689
12,0_1,plate2,a02,Low,Inoculated,Rep2,6254.5,0.333530983,8,13,8.541666667,12 a02,4.5135
12,0_1,plate2,b05,Low,Sterile,Rep2,6077.5,0.336542268,8,13,8.541666667,12 b05,4.6965
12,0_1,plate2,c02,High,Inoculated,Rep2,13619.5,0.330454814,8,13,8.541666667,12 c02,7.288
12,0_1,plate2,d05,High,Sterile,Rep2,4350.5,0.326527612,8,13,8.541666667,12 d05,3.33
13,0_2,plate1,a01,Low,Inoculated,Rep3,9009,0.325693876,8,13,8.541666667,13 a01,1.1995
13,0_2,plate1,b04,Low,Sterile,Rep3,5323,0.324713566,8,13,8.541666667,13 b04,3.659
13,0_2,plate1,c01,High,Inoculated,Rep3,3664.5,0.327988186,8,13,8.541666667,13 c01,2.129
13,0_2,plate1,d04,High,Sterile,Rep3,8693.5,0.344218227,8,13,8.541666667,13 d04,7.088
14,0_3,plate2,b03,Low,Sterile,Rep4,7119.5,0.335808785,8,13,8.541666667,14 b03,4.4945
14,0_3,plate2,b06,Low,Inoculated,Rep4,13071,0.341106383,8,13,8.541666667,14 b06,7.924
14,0_3,plate2,d03,High,Sterile,Rep4,8131.5,0.320062291,8,13,8.541666667,14 d03,6.0155
14,0_3,plate2,d06,High,Inoculated,Rep4,3479.5,0.325765091,8,13,8.541666667,14 d06,2.286
15,0_4,plate1,b05,Low,Inoculated,Rep5,6454.5,0.326008162,8,13,8.541666667,15 b05,4.2635
15,0_4,plate1,d02,High,Sterile,Rep5,8289.5,0.327722742,8,13,8.541666667,15 d02,6.5655
15,0_4,plate1,d05,High,Inoculated,Rep5,3313,0.329308889,8,13,8.541666667,15 d05,3.3525
16,1_0,plate2,b01,Low,Sterile,Rep6,4646,0.331065899,8,13,8.541666667,16 b01,3.226
16,1_0,plate2,b04,Low,Inoculated,Rep6,6496.5,0.329369409,8,13,8.541666667,16 b04,3.408
16,1_0,plate2,d01,High,Sterile,Rep6,3271,0.322593398,8,13,8.541666667,16 d01,2.8885
16,1_0,plate2,d04,High,Inoculated,Rep6,5473,0.328028293,8,13,8.541666667,16 d04,5.4685
17,1_1,plate1,a06,Low,Sterile,Rep7,9128,0.34342286,8,13,8.541666667,17 a06,6.957
17,1_1,plate1,b03,Low,Inoculated,Rep7,10052.5,0.334113912,8,13,8.541666667,17 b03,7.257
17,1_1,plate1,c06,High,Sterile,Rep7,4394.5,0.329909363,8,13,8.541666667,17 c06,3.307
17,1_1,plate1,d03,High,Inoculated,Rep7,5009.5,0.329236043,8,13,8.541666667,17 d03,3.235
18,1_2,plate2,a05,Low,Sterile,Rep8,2381,0.327593752,8,13,8.541666667,18 a05,1.311
18,1_2,plate2,b02,Low,Inoculated,Rep8,5905,0.329369669,8,13,8.541666667,18 b02,3.9645
18,1_2,plate2,c05,High,Sterile,Rep8,9181,0.330812007,8,13,8.541666667,18 c05,5.2575
18,1_2,plate2,d02,High,Inoculated,Rep8,2416,0.314266841,8,13,8.541666667,18 d02,3.174
19,1_3,plate1,b01,Low,Inoculated,Rep9,5105,0.322673827,8,13,8.541666667,19 b01,4.302
19,1_3,plate1,c04,High,Sterile,Rep9,3701.5,0.323370331,8,13,8.541666667,19 c04,3.82
19,1_3,plate1,d01,High,Inoculated,Rep9,5014,0.328844896,8,13,8.541666667,19 d01,3.178
20,1_4,plate2,a03,Low,Sterile,Rep10,3123,0.325286196,8,13,8.541666667,20 a03,1.998
20,1_4,plate2,a06,Low,Inoculated,Rep10,4422,0.331507046,8,13,8.541666667,20 a06,2.8025
20,1_4,plate2,c06,High,Inoculated,Rep10,5528.5,0.329205751,8,13,8.541666667,20 c06,2.855
11,0_0,plate1,a03,Low,Inoculated,Rep1,12994,0.328414685,8,20,8.833333333,11 a03,10.951
11,0_0,plate1,b06,Low,Sterile,Rep1,10468.5,0.333035186,8,20,8.833333333,11 b06,10.0705
11,0_0,plate1,c03,High,Inoculated,Rep1,13597.5,0.330659511,8,20,8.833333333,11 c03,11.1525
11,0_0,plate1,d06,High,Sterile,Rep1,11574.5,0.337530709,8,20,8.833333333,11 d06,8.689
12,0_1,plate2,a02,Low,Inoculated,Rep2,6682,0.334757997,8,20,8.833333333,12 a02,4.5135
12,0_1,plate2,b05,Low,Sterile,Rep2,6318,0.336393782,8,20,8.833333333,12 b05,4.6965
12,0_1,plate2,c02,High,Inoculated,Rep2,14392,0.330503123,8,20,8.833333333,12 c02,7.288
12,0_1,plate2,d05,High,Sterile,Rep2,4576,0.32617818,8,20,8.833333333,12 d05,3.33
13,0_2,plate1,a01,Low,Inoculated,Rep3,8760.5,0.325547659,8,20,8.833333333,13 a01,1.1995
13,0_2,plate1,b04,Low,Sterile,Rep3,5597,0.323912386,8,20,8.833333333,13 b04,3.659
13,0_2,plate1,c01,High,Inoculated,Rep3,3608,0.327280183,8,20,8.833333333,13 c01,2.129
13,0_2,plate1,d04,High,Sterile,Rep3,9038,0.344059735,8,20,8.833333333,13 d04,7.088
14,0_3,plate2,b03,Low,Sterile,Rep4,7079,0.334674491,8,20,8.833333333,14 b03,4.4945
14,0_3,plate2,b06,Low,Inoculated,Rep4,12945.5,0.340440144,8,20,8.833333333,14 b06,7.924
14,0_3,plate2,d03,High,Sterile,Rep4,8194.5,0.319944395,8,20,8.833333333,14 d03,6.0155
14,0_3,plate2,d06,High,Inoculated,Rep4,3480.5,0.325615661,8,20,8.833333333,14 d06,2.286
15,0_4,plate1,b05,Low,Inoculated,Rep5,6553.5,0.327514641,8,20,8.833333333,15 b05,4.2635
15,0_4,plate1,d02,High,Sterile,Rep5,8292,0.32907363,8,20,8.833333333,15 d02,6.5655
15,0_4,plate1,d05,High,Inoculated,Rep5,3272.5,0.329865005,8,20,8.833333333,15 d05,3.3525
16,1_0,plate2,b01,Low,Sterile,Rep6,4866.5,0.33046893,8,20,8.833333333,16 b01,3.226
16,1_0,plate2,b04,Low,Inoculated,Rep6,6784,0.327734895,8,20,8.833333333,16 b04,3.408
16,1_0,plate2,d01,High,Sterile,Rep6,3432.5,0.321736194,8,20,8.833333333,16 d01,2.8885
16,1_0,plate2,d04,High,Inoculated,Rep6,6359.5,0.324539211,8,20,8.833333333,16 d04,5.4685
17,1_1,plate1,a06,Low,Sterile,Rep7,9280.5,0.343310043,8,20,8.833333333,17 a06,6.957
17,1_1,plate1,b03,Low,Inoculated,Rep7,10038,0.334338874,8,20,8.833333333,17 b03,7.257
17,1_1,plate1,c06,High,Sterile,Rep7,4583.5,0.330694844,8,20,8.833333333,17 c06,3.307
17,1_1,plate1,d03,High,Inoculated,Rep7,5071,0.33082381,8,20,8.833333333,17 d03,3.235
18,1_2,plate2,a05,Low,Sterile,Rep8,2363,0.327571137,8,20,8.833333333,18 a05,1.311
18,1_2,plate2,b02,Low,Inoculated,Rep8,5861.5,0.329685622,8,20,8.833333333,18 b02,3.9645
18,1_2,plate2,c05,High,Sterile,Rep8,9013.5,0.33116755,8,20,8.833333333,18 c05,5.2575
18,1_2,plate2,d02,High,Inoculated,Rep8,2409.5,0.313860917,8,20,8.833333333,18 d02,3.174
19,1_3,plate1,b01,Low,Inoculated,Rep9,5119.5,0.322288997,8,20,8.833333333,19 b01,4.302
19,1_3,plate1,c04,High,Sterile,Rep9,3638,0.322453355,8,20,8.833333333,19 c04,3.82
19,1_3,plate1,d01,High,Inoculated,Rep9,5179.5,0.329915587,8,20,8.833333333,19 d01,3.178
20,1_4,plate2,a03,Low,Sterile,Rep10,3155,0.325442258,8,20,8.833333333,20 a03,1.998
20,1_4,plate2,a06,Low,Inoculated,Rep10,4578.5,0.331760301,8,20,8.833333333,20 a06,2.8025
20,1_4,plate2,c06,High,Inoculated,Rep10,5779.5,0.328937672,8,20,8.833333333,20 c06,2.855
11,0_0,plate1,a03,Low,Inoculated,Rep1,13434,0.327541455,9,6,9.25,11 a03,10.951
11,0_0,plate1,b06,Low,Sterile,Rep1,9823,0.332811856,9,6,9.25,11 b06,10.0705
11,0_0,plate1,c03,High,Inoculated,Rep1,14052,0.329680403,9,6,9.25,11 c03,11.1525
11,0_0,plate1,d06,High,Sterile,Rep1,11509,0.336699247,9,6,9.25,11 d06,8.689
12,0_1,plate2,a02,Low,Inoculated,Rep2,6613,0.332844352,9,6,9.25,12 a02,4.5135
12,0_1,plate2,b05,Low,Sterile,Rep2,6293.5,0.334336173,9,6,9.25,12 b05,4.6965
12,0_1,plate2,c02,High,Inoculated,Rep2,14290,0.328279147,9,6,9.25,12 c02,7.288
12,0_1,plate2,d05,High,Sterile,Rep2,4584,0.325544742,9,6,9.25,12 d05,3.33
13,0_2,plate1,a01,Low,Inoculated,Rep3,9023,0.325986019,9,6,9.25,13 a01,1.1995
13,0_2,plate1,b04,Low,Sterile,Rep3,5705.5,0.323744869,9,6,9.25,13 b04,3.659
13,0_2,plate1,c01,High,Inoculated,Rep3,3678.5,0.327402856,9,6,9.25,13 c01,2.129
13,0_2,plate1,d04,High,Sterile,Rep3,9148.5,0.344334624,9,6,9.25,13 d04,7.088
14,0_3,plate2,b03,Low,Sterile,Rep4,7133.5,0.334952226,9,6,9.25,14 b03,4.4945
14,0_3,plate2,b06,Low,Inoculated,Rep4,13193,0.339844542,9,6,9.25,14 b06,7.924
14,0_3,plate2,d03,High,Sterile,Rep4,8298,0.31936687,9,6,9.25,14 d03,6.0155
14,0_3,plate2,d06,High,Inoculated,Rep4,3529.5,0.324185625,9,6,9.25,14 d06,2.286
15,0_4,plate1,b05,Low,Inoculated,Rep5,6552,0.327600698,9,6,9.25,15 b05,4.2635
15,0_4,plate1,d02,High,Sterile,Rep5,8434,0.328586851,9,6,9.25,15 d02,6.5655
15,0_4,plate1,d05,High,Inoculated,Rep5,3283.5,0.330771851,9,6,9.25,15 d05,3.3525
16,1_0,plate2,b01,Low,Sterile,Rep6,4847,0.331075516,9,6,9.25,16 b01,3.226
16,1_0,plate2,b04,Low,Inoculated,Rep6,6539,0.327856814,9,6,9.25,16 b04,3.408
16,1_0,plate2,d01,High,Sterile,Rep6,3461.5,0.32359183,9,6,9.25,16 d01,2.8885
16,1_0,plate2,d04,High,Inoculated,Rep6,6248.5,0.32481544,9,6,9.25,16 d04,5.4685
17,1_1,plate1,a06,Low,Sterile,Rep7,9111,0.342174589,9,6,9.25,17 a06,6.957
17,1_1,plate1,b03,Low,Inoculated,Rep7,10014,0.333319959,9,6,9.25,17 b03,7.257
17,1_1,plate1,c06,High,Sterile,Rep7,4487,0.329926721,9,6,9.25,17 c06,3.307
17,1_1,plate1,d03,High,Inoculated,Rep7,5145.5,0.330743277,9,6,9.25,17 d03,3.235
18,1_2,plate2,a05,Low,Sterile,Rep8,2470,0.326097424,9,6,9.25,18 a05,1.311
18,1_2,plate2,b02,Low,Inoculated,Rep8,5986,0.329641526,9,6,9.25,18 b02,3.9645
18,1_2,plate2,c05,High,Sterile,Rep8,9200,0.329425988,9,6,9.25,18 c05,5.2575
18,1_2,plate2,d02,High,Inoculated,Rep8,2448,0.312245676,9,6,9.25,18 d02,3.174
19,1_3,plate1,b01,Low,Inoculated,Rep9,5463,0.322082115,9,6,9.25,19 b01,4.302
19,1_3,plate1,c04,High,Sterile,Rep9,3753,0.322091881,9,6,9.25,19 c04,3.82
19,1_3,plate1,d01,High,Inoculated,Rep9,5582,0.329784051,9,6,9.25,19 d01,3.178
20,1_4,plate2,a03,Low,Sterile,Rep10,3306,0.325127444,9,6,9.25,20 a03,1.998
20,1_4,plate2,a06,Low,Inoculated,Rep10,4492,0.331951215,9,6,9.25,20 a06,2.8025
20,1_4,plate2,c06,High,Inoculated,Rep10,5703.5,0.329552353,9,6,9.25,20 c06,2.855
11,0_0,plate1,a03,Low,Inoculated,Rep1,13321.5,0.328638939,9,13,9.541666667,11 a03,10.951
11,0_0,plate1,c03,High,Inoculated,Rep1,14001,0.330620236,9,13,9.541666667,11 c03,11.1525
11,0_0,plate1,d06,High,Sterile,Rep1,11700,0.337096097,9,13,9.541666667,11 d06,8.689
12,0_1,plate2,a02,Low,Inoculated,Rep2,6758,0.335584624,9,13,9.541666667,12 a02,4.5135
12,0_1,plate2,b05,Low,Sterile,Rep2,6368.5,0.33734793,9,13,9.541666667,12 b05,4.6965
12,0_1,plate2,c02,High,Inoculated,Rep2,14697,0.332032927,9,13,9.541666667,12 c02,7.288
12,0_1,plate2,d05,High,Sterile,Rep2,4637.5,0.326689925,9,13,9.541666667,12 d05,3.33
13,0_2,plate1,a01,Low,Inoculated,Rep3,8814.5,0.324452581,9,13,9.541666667,13 a01,1.1995
13,0_2,plate1,b04,Low,Sterile,Rep3,5570.5,0.323633978,9,13,9.541666667,13 b04,3.659
13,0_2,plate1,c01,High,Inoculated,Rep3,3630,0.327223057,9,13,9.541666667,13 c01,2.129
13,0_2,plate1,d04,High,Sterile,Rep3,8907.5,0.342920278,9,13,9.541666667,13 d04,7.088
14,0_3,plate2,b03,Low,Sterile,Rep4,7052,0.334538512,9,13,9.541666667,14 b03,4.4945
14,0_3,plate2,b06,Low,Inoculated,Rep4,13105,0.341073559,9,13,9.541666667,14 b06,7.924
14,0_3,plate2,d03,High,Sterile,Rep4,8277.5,0.318828292,9,13,9.541666667,14 d03,6.0155
14,0_3,plate2,d06,High,Inoculated,Rep4,3520,0.324963622,9,13,9.541666667,14 d06,2.286
15,0_4,plate1,b05,Low,Inoculated,Rep5,6754,0.327466248,9,13,9.541666667,15 b05,4.2635
15,0_4,plate1,d02,High,Sterile,Rep5,8496,0.328636342,9,13,9.541666667,15 d02,6.5655
15,0_4,plate1,d05,High,Inoculated,Rep5,3305.5,0.330309132,9,13,9.541666667,15 d05,3.3525
16,1_0,plate2,b01,Low,Sterile,Rep6,4905,0.330734788,9,13,9.541666667,16 b01,3.226
16,1_0,plate2,b04,Low,Inoculated,Rep6,6858.5,0.325030113,9,13,9.541666667,16 b04,3.408
16,1_0,plate2,d01,High,Sterile,Rep6,3550.5,0.321865425,9,13,9.541666667,16 d01,2.8885
16,1_0,plate2,d04,High,Inoculated,Rep6,6514.5,0.324022082,9,13,9.541666667,16 d04,5.4685
17,1_1,plate1,a06,Low,Sterile,Rep7,9508.5,0.343345796,9,13,9.541666667,17 a06,6.957
17,1_1,plate1,b03,Low,Inoculated,Rep7,10542,0.334430259,9,13,9.541666667,17 b03,7.257
17,1_1,plate1,c06,High,Sterile,Rep7,4683.5,0.329440061,9,13,9.541666667,17 c06,3.307
17,1_1,plate1,d03,High,Inoculated,Rep7,5551,0.330900761,9,13,9.541666667,17 d03,3.235
18,1_2,plate2,a05,Low,Sterile,Rep8,2382.5,0.3268656,9,13,9.541666667,18 a05,1.311
18,1_2,plate2,b02,Low,Inoculated,Rep8,5984,0.32917448,9,13,9.541666667,18 b02,3.9645
18,1_2,plate2,c05,High,Sterile,Rep8,9027,0.330096891,9,13,9.541666667,18 c05,5.2575
18,1_2,plate2,d02,High,Inoculated,Rep8,2393,0.310067072,9,13,9.541666667,18 d02,3.174
19,1_3,plate1,b01,Low,Inoculated,Rep9,5653,0.3219659,9,13,9.541666667,19 b01,4.302
19,1_3,plate1,c04,High,Sterile,Rep9,3905.5,0.32060376,9,13,9.541666667,19 c04,3.82
19,1_3,plate1,d01,High,Inoculated,Rep9,5966,0.330034847,9,13,9.541666667,19 d01,3.178
20,1_4,plate2,a03,Low,Sterile,Rep10,3267,0.326243287,9,13,9.541666667,20 a03,1.998
20,1_4,plate2,a06,Low,Inoculated,Rep10,4667,0.332681802,9,13,9.541666667,20 a06,2.8025
20,1_4,plate2,c03,High,Sterile,Rep10,3513,0.315756717,9,13,9.541666667,20 c03,3.469
20,1_4,plate2,c06,High,Inoculated,Rep10,5852.5,0.330050839,9,13,9.541666667,20 c06,2.855
11,0_0,plate1,a03,Low,Inoculated,Rep1,13566.5,0.328956258,9,20,9.833333333,11 a03,10.951
11,0_0,plate1,c03,High,Inoculated,Rep1,14165.5,0.331320316,9,20,9.833333333,11 c03,11.1525
11,0_0,plate1,d06,High,Sterile,Rep1,11761.5,0.336904888,9,20,9.833333333,11 d06,8.689
12,0_1,plate2,a02,Low,Inoculated,Rep2,6951.5,0.334485198,9,20,9.833333333,12 a02,4.5135
12,0_1,plate2,b05,Low,Sterile,Rep2,6424,0.337318432,9,20,9.833333333,12 b05,4.6965
12,0_1,plate2,c02,High,Inoculated,Rep2,15014,0.330057078,9,20,9.833333333,12 c02,7.288
12,0_1,plate2,d05,High,Sterile,Rep2,4692,0.326886785,9,20,9.833333333,12 d05,3.33
13,0_2,plate1,a01,Low,Inoculated,Rep3,8776,0.324785736,9,20,9.833333333,13 a01,1.1995
13,0_2,plate1,b04,Low,Sterile,Rep3,5736.5,0.323045098,9,20,9.833333333,13 b04,3.659
13,0_2,plate1,c01,High,Inoculated,Rep3,3648.5,0.327233681,9,20,9.833333333,13 c01,2.129
13,0_2,plate1,d04,High,Sterile,Rep3,9095,0.342480748,9,20,9.833333333,13 d04,7.088
14,0_3,plate2,b03,Low,Sterile,Rep4,7273.5,0.33540861,9,20,9.833333333,14 b03,4.4945
14,0_3,plate2,b06,Low,Inoculated,Rep4,13873,0.341014446,9,20,9.833333333,14 b06,7.924
14,0_3,plate2,d03,High,Sterile,Rep4,8306,0.320000328,9,20,9.833333333,14 d03,6.0155
14,0_3,plate2,d06,High,Inoculated,Rep4,3727.5,0.324796923,9,20,9.833333333,14 d06,2.286
15,0_4,plate1,b05,Low,Inoculated,Rep5,6808,0.327695336,9,20,9.833333333,15 b05,4.2635
15,0_4,plate1,d02,High,Sterile,Rep5,8698.5,0.329883501,9,20,9.833333333,15 d02,6.5655
15,0_4,plate1,d05,High,Inoculated,Rep5,3342,0.329511514,9,20,9.833333333,15 d05,3.3525
16,1_0,plate2,b01,Low,Sterile,Rep6,4886.5,0.330377549,9,20,9.833333333,16 b01,3.226
16,1_0,plate2,b04,Low,Inoculated,Rep6,6799,0.319490709,9,20,9.833333333,16 b04,3.408
16,1_0,plate2,d01,High,Sterile,Rep6,3661,0.323668995,9,20,9.833333333,16 d01,2.8885
16,1_0,plate2,d04,High,Inoculated,Rep6,6719,0.324287975,9,20,9.833333333,16 d04,5.4685
17,1_1,plate1,a06,Low,Sterile,Rep7,9447,0.342848813,9,20,9.833333333,17 a06,6.957
17,1_1,plate1,b03,Low,Inoculated,Rep7,10185,0.334973925,9,20,9.833333333,17 b03,7.257
17,1_1,plate1,c06,High,Sterile,Rep7,4701.5,0.330270058,9,20,9.833333333,17 c06,3.307
17,1_1,plate1,d03,High,Inoculated,Rep7,5445,0.331213496,9,20,9.833333333,17 d03,3.235
18,1_2,plate2,a05,Low,Sterile,Rep8,2538,0.326354935,9,20,9.833333333,18 a05,1.311
18,1_2,plate2,b02,Low,Inoculated,Rep8,6286,0.329555891,9,20,9.833333333,18 b02,3.9645
18,1_2,plate2,c05,High,Sterile,Rep8,9408,0.33036244,9,20,9.833333333,18 c05,5.2575
18,1_2,plate2,d02,High,Inoculated,Rep8,2432,0.309623783,9,20,9.833333333,18 d02,3.174
19,1_3,plate1,b01,Low,Inoculated,Rep9,5640,0.321099686,9,20,9.833333333,19 b01,4.302
19,1_3,plate1,c04,High,Sterile,Rep9,3841,0.319357371,9,20,9.833333333,19 c04,3.82
19,1_3,plate1,d01,High,Inoculated,Rep9,6232,0.328607844,9,20,9.833333333,19 d01,3.178
20,1_4,plate2,a03,Low,Sterile,Rep10,3274,0.325352657,9,20,9.833333333,20 a03,1.998
20,1_4,plate2,a06,Low,Inoculated,Rep10,4688.5,0.332413736,9,20,9.833333333,20 a06,2.8025
20,1_4,plate2,c03,High,Sterile,Rep10,3469,0.314455618,9,20,9.833333333,20 c03,3.469
20,1_4,plate2,c06,High,Inoculated,Rep10,5892,0.329692142,9,20,9.833333333,20 c06,2.855
11,0_0,plate1,a03,Low,Inoculated,Rep1,13341.5,0.328021313,10,6,10.25,11 a03,10.951
11,0_0,plate1,c03,High,Inoculated,Rep1,14049.5,0.329649365,10,6,10.25,11 c03,11.1525
11,0_0,plate1,d06,High,Sterile,Rep1,11450,0.335332033,10,6,10.25,11 d06,8.689
12,0_1,plate2,a02,Low,Inoculated,Rep2,7057.5,0.333094127,10,6,10.25,12 a02,4.5135
12,0_1,plate2,b05,Low,Sterile,Rep2,6651,0.336238168,10,6,10.25,12 b05,4.6965
12,0_1,plate2,c02,High,Inoculated,Rep2,15055.5,0.328982486,10,6,10.25,12 c02,7.288
12,0_1,plate2,d05,High,Sterile,Rep2,4835,0.325483853,10,6,10.25,12 d05,3.33
13,0_2,plate1,a01,Low,Inoculated,Rep3,8798.5,0.324624477,10,6,10.25,13 a01,1.1995
13,0_2,plate1,b04,Low,Sterile,Rep3,5875,0.322877319,10,6,10.25,13 b04,3.659
13,0_2,plate1,c01,High,Inoculated,Rep3,3682,0.326527032,10,6,10.25,13 c01,2.129
13,0_2,plate1,d04,High,Sterile,Rep3,9253.5,0.342405133,10,6,10.25,13 d04,7.088
14,0_3,plate2,b03,Low,Sterile,Rep4,7389.5,0.335137091,10,6,10.25,14 b03,4.4945
14,0_3,plate2,b06,Low,Inoculated,Rep4,13911,0.339756407,10,6,10.25,14 b06,7.924
14,0_3,plate2,d03,High,Sterile,Rep4,8523,0.318576062,10,6,10.25,14 d03,6.0155
14,0_3,plate2,d06,High,Inoculated,Rep4,3718,0.324497018,10,6,10.25,14 d06,2.286
15,0_4,plate1,b05,Low,Inoculated,Rep5,7085.5,0.327531339,10,6,10.25,15 b05,4.2635
15,0_4,plate1,d02,High,Sterile,Rep5,8557.5,0.328154999,10,6,10.25,15 d02,6.5655
15,0_4,plate1,d05,High,Inoculated,Rep5,3381,0.328612756,10,6,10.25,15 d05,3.3525
16,1_0,plate2,b01,Low,Sterile,Rep6,4939.5,0.32912805,10,6,10.25,16 b01,3.226
16,1_0,plate2,b04,Low,Inoculated,Rep6,6651,0.31845598,10,6,10.25,16 b04,3.408
16,1_0,plate2,d01,High,Sterile,Rep6,3854,0.324265105,10,6,10.25,16 d01,2.8885
16,1_0,plate2,d04,High,Inoculated,Rep6,6680,0.323959324,10,6,10.25,16 d04,5.4685
17,1_1,plate1,a06,Low,Sterile,Rep7,9670.5,0.343255549,10,6,10.25,17 a06,6.957
17,1_1,plate1,b03,Low,Inoculated,Rep7,10141,0.332909549,10,6,10.25,17 b03,7.257
17,1_1,plate1,c06,High,Sterile,Rep7,4959.5,0.329608007,10,6,10.25,17 c06,3.307
17,1_1,plate1,d03,High,Inoculated,Rep7,5460.5,0.331512677,10,6,10.25,17 d03,3.235
18,1_2,plate2,a05,Low,Sterile,Rep8,2471,0.326452447,10,6,10.25,18 a05,1.311
18,1_2,plate2,b02,Low,Inoculated,Rep8,6415.5,0.329785247,10,6,10.25,18 b02,3.9645
18,1_2,plate2,c05,High,Sterile,Rep8,9325,0.326939558,10,6,10.25,18 c05,5.2575
18,1_2,plate2,d02,High,Inoculated,Rep8,2522.5,0.308522785,10,6,10.25,18 d02,3.174
19,1_3,plate1,b01,Low,Inoculated,Rep9,5936.5,0.321208059,10,6,10.25,19 b01,4.302
19,1_3,plate1,c04,High,Sterile,Rep9,3918,0.318511239,10,6,10.25,19 c04,3.82
19,1_3,plate1,d01,High,Inoculated,Rep9,6623.5,0.327927087,10,6,10.25,19 d01,3.178
20,1_4,plate2,a03,Low,Sterile,Rep10,3333.5,0.325036568,10,6,10.25,20 a03,1.998
20,1_4,plate2,a06,Low,Inoculated,Rep10,4880,0.3316164,10,6,10.25,20 a06,2.8025
20,1_4,plate2,c03,High,Sterile,Rep10,3611,0.315097217,10,6,10.25,20 c03,3.469
20,1_4,plate2,c06,High,Inoculated,Rep10,6135,0.330122878,10,6,10.25,20 c06,2.855
11,0_0,plate1,a03,Low,Inoculated,Rep1,13490.5,0.329621062,10,13,10.54166667,11 a03,10.951
11,0_0,plate1,b06,Low,Sterile,Rep1,9761,0.33431323,10,13,10.54166667,11 b06,10.0705
11,0_0,plate1,c03,High,Inoculated,Rep1,13860.5,0.333041296,10,13,10.54166667,11 c03,11.1525
11,0_0,plate1,d06,High,Sterile,Rep1,11524.5,0.335113727,10,13,10.54166667,11 d06,8.689
12,0_1,plate2,a02,Low,Inoculated,Rep2,6877,0.333101931,10,13,10.54166667,12 a02,4.5135
12,0_1,plate2,b05,Low,Sterile,Rep2,6511,0.335518828,10,13,10.54166667,12 b05,4.6965
12,0_1,plate2,c02,High,Inoculated,Rep2,14846.5,0.329150347,10,13,10.54166667,12 c02,7.288
12,0_1,plate2,d05,High,Sterile,Rep2,4795,0.326249101,10,13,10.54166667,12 d05,3.33
13,0_2,plate1,a01,Low,Inoculated,Rep3,8873.5,0.323563455,10,13,10.54166667,13 a01,1.1995
13,0_2,plate1,b04,Low,Sterile,Rep3,5897.5,0.322433796,10,13,10.54166667,13 b04,3.659
13,0_2,plate1,c01,High,Inoculated,Rep3,3862.5,0.326014072,10,13,10.54166667,13 c01,2.129
13,0_2,plate1,d04,High,Sterile,Rep3,9275,0.340031795,10,13,10.54166667,13 d04,7.088
14,0_3,plate2,b03,Low,Sterile,Rep4,7348,0.334560502,10,13,10.54166667,14 b03,4.4945
14,0_3,plate2,b06,Low,Inoculated,Rep4,14244,0.341155816,10,13,10.54166667,14 b06,7.924
14,0_3,plate2,d03,High,Sterile,Rep4,8530,0.316648322,10,13,10.54166667,14 d03,6.0155
14,0_3,plate2,d06,High,Inoculated,Rep4,3793.5,0.325476239,10,13,10.54166667,14 d06,2.286
15,0_4,plate1,b05,Low,Inoculated,Rep5,7265,0.328182712,10,13,10.54166667,15 b05,4.2635
15,0_4,plate1,d02,High,Sterile,Rep5,9050,0.328461483,10,13,10.54166667,15 d02,6.5655
15,0_4,plate1,d05,High,Inoculated,Rep5,3371,0.327393353,10,13,10.54166667,15 d05,3.3525
16,1_0,plate2,b01,Low,Sterile,Rep6,5136,0.328001491,10,13,10.54166667,16 b01,3.226
16,1_0,plate2,b04,Low,Inoculated,Rep6,5269,0.317710788,10,13,10.54166667,16 b04,3.408
16,1_0,plate2,d01,High,Sterile,Rep6,4256.5,0.322886933,10,13,10.54166667,16 d01,2.8885
16,1_0,plate2,d04,High,Inoculated,Rep6,6839,0.322739515,10,13,10.54166667,16 d04,5.4685
17,1_1,plate1,a06,Low,Sterile,Rep7,9851,0.341781477,10,13,10.54166667,17 a06,6.957
17,1_1,plate1,b03,Low,Inoculated,Rep7,10439.5,0.330130166,10,13,10.54166667,17 b03,7.257
17,1_1,plate1,c06,High,Sterile,Rep7,4697,0.327298432,10,13,10.54166667,17 c06,3.307
17,1_1,plate1,d03,High,Inoculated,Rep7,5633.5,0.327306016,10,13,10.54166667,17 d03,3.235
18,1_2,plate2,a05,Low,Sterile,Rep8,2404.5,0.325406431,10,13,10.54166667,18 a05,1.311
18,1_2,plate2,b02,Low,Inoculated,Rep8,6483,0.328659472,10,13,10.54166667,18 b02,3.9645
18,1_2,plate2,c05,High,Sterile,Rep8,9222,0.327887781,10,13,10.54166667,18 c05,5.2575
18,1_2,plate2,d02,High,Inoculated,Rep8,2537,0.306323203,10,13,10.54166667,18 d02,3.174
19,1_3,plate1,b01,Low,Inoculated,Rep9,6007.5,0.320600692,10,13,10.54166667,19 b01,4.302
19,1_3,plate1,c04,High,Sterile,Rep9,4005,0.316266646,10,13,10.54166667,19 c04,3.82
19,1_3,plate1,d01,High,Inoculated,Rep9,6919.5,0.326657568,10,13,10.54166667,19 d01,3.178
20,1_4,plate2,a03,Low,Sterile,Rep10,3478.5,0.328659332,10,13,10.54166667,20 a03,1.998
20,1_4,plate2,a06,Low,Inoculated,Rep10,5014,0.331103324,10,13,10.54166667,20 a06,2.8025
20,1_4,plate2,c03,High,Sterile,Rep10,3592,0.314786657,10,13,10.54166667,20 c03,3.469
20,1_4,plate2,c06,High,Inoculated,Rep10,6343.5,0.332070704,10,13,10.54166667,20 c06,2.855
11,0_0,plate1,a03,Low,Inoculated,Rep1,13307.5,0.329443093,10,20,10.83333333,11 a03,10.951
11,0_0,plate1,b06,Low,Sterile,Rep1,10078,0.333166477,10,20,10.83333333,11 b06,10.0705
11,0_0,plate1,c03,High,Inoculated,Rep1,13704,0.333226346,10,20,10.83333333,11 c03,11.1525
11,0_0,plate1,d06,High,Sterile,Rep1,11445.5,0.333167266,10,20,10.83333333,11 d06,8.689
12,0_1,plate2,a02,Low,Inoculated,Rep2,7312.5,0.332353513,10,20,10.83333333,12 a02,4.5135
12,0_1,plate2,b05,Low,Sterile,Rep2,6773.5,0.33660924,10,20,10.83333333,12 b05,4.6965
12,0_1,plate2,c02,High,Inoculated,Rep2,15795,0.327684076,10,20,10.83333333,12 c02,7.288
12,0_1,plate2,d05,High,Sterile,Rep2,4953,0.32575557,10,20,10.83333333,12 d05,3.33
13,0_2,plate1,a01,Low,Inoculated,Rep3,8715.5,0.323930417,10,20,10.83333333,13 a01,1.1995
13,0_2,plate1,b04,Low,Sterile,Rep3,5959,0.324564091,10,20,10.83333333,13 b04,3.659
13,0_2,plate1,c01,High,Inoculated,Rep3,3878,0.325942811,10,20,10.83333333,13 c01,2.129
13,0_2,plate1,d04,High,Sterile,Rep3,9302.5,0.340882686,10,20,10.83333333,13 d04,7.088
14,0_3,plate2,b03,Low,Sterile,Rep4,7456,0.334268854,10,20,10.83333333,14 b03,4.4945
14,0_3,plate2,b06,Low,Inoculated,Rep4,14727.5,0.340656303,10,20,10.83333333,14 b06,7.924
14,0_3,plate2,d03,High,Sterile,Rep4,8758,0.317439632,10,20,10.83333333,14 d03,6.0155
14,0_3,plate2,d06,High,Inoculated,Rep4,3865.5,0.324858351,10,20,10.83333333,14 d06,2.286
15,0_4,plate1,b05,Low,Inoculated,Rep5,7263,0.328526242,10,20,10.83333333,15 b05,4.2635
15,0_4,plate1,d02,High,Sterile,Rep5,8808.5,0.329271442,10,20,10.83333333,15 d02,6.5655
15,0_4,plate1,d05,High,Inoculated,Rep5,3344.5,0.326386142,10,20,10.83333333,15 d05,3.3525
16,1_0,plate2,b01,Low,Sterile,Rep6,5239,0.327859752,10,20,10.83333333,16 b01,3.226
16,1_0,plate2,b04,Low,Inoculated,Rep6,5145.5,0.318104713,10,20,10.83333333,16 b04,3.408
16,1_0,plate2,d01,High,Sterile,Rep6,4639.5,0.324013261,10,20,10.83333333,16 d01,2.8885
16,1_0,plate2,d04,High,Inoculated,Rep6,6852,0.323663207,10,20,10.83333333,16 d04,5.4685
17,1_1,plate1,a06,Low,Sterile,Rep7,9798,0.342495887,10,20,10.83333333,17 a06,6.957
17,1_1,plate1,b03,Low,Inoculated,Rep7,10498,0.331596042,10,20,10.83333333,17 b03,7.257
17,1_1,plate1,c06,High,Sterile,Rep7,4695.5,0.328723211,10,20,10.83333333,17 c06,3.307
17,1_1,plate1,d03,High,Inoculated,Rep7,5852.5,0.327916084,10,20,10.83333333,17 d03,3.235
18,1_2,plate2,a05,Low,Sterile,Rep8,2514.5,0.325942733,10,20,10.83333333,18 a05,1.311
18,1_2,plate2,b02,Low,Inoculated,Rep8,6640.5,0.32913191,10,20,10.83333333,18 b02,3.9645
18,1_2,plate2,c05,High,Sterile,Rep8,9501.5,0.327741797,10,20,10.83333333,18 c05,5.2575
18,1_2,plate2,d02,High,Inoculated,Rep8,2539.5,0.305648326,10,20,10.83333333,18 d02,3.174
19,1_3,plate1,b01,Low,Inoculated,Rep9,6072.5,0.320177726,10,20,10.83333333,19 b01,4.302
19,1_3,plate1,c04,High,Sterile,Rep9,4094,0.315536892,10,20,10.83333333,19 c04,3.82
19,1_3,plate1,d01,High,Inoculated,Rep9,6963,0.325830868,10,20,10.83333333,19 d01,3.178
20,1_4,plate2,a03,Low,Sterile,Rep10,3368,0.32831643,10,20,10.83333333,20 a03,1.998
20,1_4,plate2,a06,Low,Inoculated,Rep10,4997.5,0.330324648,10,20,10.83333333,20 a06,2.8025
20,1_4,plate2,c03,High,Sterile,Rep10,3492,0.314583964,10,20,10.83333333,20 c03,3.469
20,1_4,plate2,c06,High,Inoculated,Rep10,6337,0.331765582,10,20,10.83333333,20 c06,2.855
11,0_0,plate1,a03,Low,Inoculated,Rep1,13158,0.329592796,11,6,11.25,11 a03,10.951
11,0_0,plate1,b06,Low,Sterile,Rep1,9855,0.333688956,11,6,11.25,11 b06,10.0705
11,0_0,plate1,c03,High,Inoculated,Rep1,13770,0.333185492,11,6,11.25,11 c03,11.1525
11,0_0,plate1,d06,High,Sterile,Rep1,11194,0.334703681,11,6,11.25,11 d06,8.689
12,0_1,plate2,a02,Low,Inoculated,Rep2,7239.5,0.332223458,11,6,11.25,12 a02,4.5135
12,0_1,plate2,b05,Low,Sterile,Rep2,6762.5,0.335071794,11,6,11.25,12 b05,4.6965
12,0_1,plate2,c02,High,Inoculated,Rep2,15862.5,0.325624956,11,6,11.25,12 c02,7.288
12,0_1,plate2,d05,High,Sterile,Rep2,4979,0.325585714,11,6,11.25,12 d05,3.33
13,0_2,plate1,a01,Low,Inoculated,Rep3,8997,0.324293728,11,6,11.25,13 a01,1.1995
13,0_2,plate1,b04,Low,Sterile,Rep3,6294,0.324116912,11,6,11.25,13 b04,3.659
13,0_2,plate1,c01,High,Inoculated,Rep3,4018.5,0.326873949,11,6,11.25,13 c01,2.129
13,0_2,plate1,d04,High,Sterile,Rep3,9670.5,0.339876462,11,6,11.25,13 d04,7.088
14,0_3,plate2,b03,Low,Sterile,Rep4,7567.5,0.334844758,11,6,11.25,14 b03,4.4945
14,0_3,plate2,b06,Low,Inoculated,Rep4,14649.5,0.34023399,11,6,11.25,14 b06,7.924
14,0_3,plate2,d03,High,Sterile,Rep4,8884,0.316537712,11,6,11.25,14 d03,6.0155
14,0_3,plate2,d06,High,Inoculated,Rep4,3832.5,0.324603172,11,6,11.25,14 d06,2.286
15,0_4,plate1,b05,Low,Inoculated,Rep5,7573,0.328325212,11,6,11.25,15 b05,4.2635
15,0_4,plate1,d02,High,Sterile,Rep5,9087.5,0.327484618,11,6,11.25,15 d02,6.5655
15,0_4,plate1,d05,High,Inoculated,Rep5,3485.5,0.326795086,11,6,11.25,15 d05,3.3525
16,1_0,plate2,b01,Low,Sterile,Rep6,5169,0.327804009,11,6,11.25,16 b01,3.226
16,1_0,plate2,b04,Low,Inoculated,Rep6,5459.5,0.31753444,11,6,11.25,16 b04,3.408
16,1_0,plate2,d01,High,Sterile,Rep6,4869.5,0.323404902,11,6,11.25,16 d01,2.8885
16,1_0,plate2,d04,High,Inoculated,Rep6,7033,0.322734246,11,6,11.25,16 d04,5.4685
17,1_1,plate1,a06,Low,Sterile,Rep7,10124,0.340623786,11,6,11.25,17 a06,6.957
17,1_1,plate1,b03,Low,Inoculated,Rep7,10404.5,0.33051233,11,6,11.25,17 b03,7.257
17,1_1,plate1,c06,High,Sterile,Rep7,4925.5,0.327018257,11,6,11.25,17 c06,3.307
17,1_1,plate1,d03,High,Inoculated,Rep7,5776.5,0.327457444,11,6,11.25,17 d03,3.235
18,1_2,plate2,a05,Low,Sterile,Rep8,2540.5,0.325321074,11,6,11.25,18 a05,1.311
18,1_2,plate2,b02,Low,Inoculated,Rep8,6918,0.32825939,11,6,11.25,18 b02,3.9645
18,1_2,plate2,c05,High,Sterile,Rep8,9630,0.326269593,11,6,11.25,18 c05,5.2575
18,1_2,plate2,d02,High,Inoculated,Rep8,2600,0.304036844,11,6,11.25,18 d02,3.174
19,1_3,plate1,b01,Low,Inoculated,Rep9,6120,0.320712983,11,6,11.25,19 b01,4.302
19,1_3,plate1,c04,High,Sterile,Rep9,3958.5,0.316001666,11,6,11.25,19 c04,3.82
19,1_3,plate1,d01,High,Inoculated,Rep9,7130.5,0.327863056,11,6,11.25,19 d01,3.178
20,1_4,plate2,a03,Low,Sterile,Rep10,3428,0.328427093,11,6,11.25,20 a03,1.998
20,1_4,plate2,a06,Low,Inoculated,Rep10,5084.5,0.330435497,11,6,11.25,20 a06,2.8025
20,1_4,plate2,c03,High,Sterile,Rep10,3554.5,0.313537634,11,6,11.25,20 c03,3.469
20,1_4,plate2,c06,High,Inoculated,Rep10,6417,0.332132353,11,6,11.25,20 c06,2.855
11,0_0,plate1,a03,Low,Inoculated,Rep1,13395.5,0.329319466,11,13,11.54166667,11 a03,10.951
11,0_0,plate1,b06,Low,Sterile,Rep1,10016.5,0.333407626,11,13,11.54166667,11 b06,10.0705
11,0_0,plate1,c03,High,Inoculated,Rep1,13985.5,0.333197243,11,13,11.54166667,11 c03,11.1525
11,0_0,plate1,d06,High,Sterile,Rep1,11407.5,0.333113011,11,13,11.54166667,11 d06,8.689
12,0_1,plate2,a02,Low,Inoculated,Rep2,7297.5,0.33245698,11,13,11.54166667,12 a02,4.5135
12,0_1,plate2,b05,Low,Sterile,Rep2,7060.5,0.335240542,11,13,11.54166667,12 b05,4.6965
12,0_1,plate2,c02,High,Inoculated,Rep2,16050,0.326222055,11,13,11.54166667,12 c02,7.288
12,0_1,plate2,d05,High,Sterile,Rep2,5168,0.325067993,11,13,11.54166667,12 d05,3.33
13,0_2,plate1,a01,Low,Inoculated,Rep3,8828,0.323551855,11,13,11.54166667,13 a01,1.1995
13,0_2,plate1,b04,Low,Sterile,Rep3,6002.5,0.32363074,11,13,11.54166667,13 b04,3.659
13,0_2,plate1,c01,High,Inoculated,Rep3,4021,0.326919515,11,13,11.54166667,13 c01,2.129
13,0_2,plate1,d04,High,Sterile,Rep3,9442,0.339635488,11,13,11.54166667,13 d04,7.088
14,0_3,plate2,b03,Low,Sterile,Rep4,7444.5,0.333298729,11,13,11.54166667,14 b03,4.4945
14,0_3,plate2,b06,Low,Inoculated,Rep4,14870,0.340319715,11,13,11.54166667,14 b06,7.924
14,0_3,plate2,d03,High,Sterile,Rep4,8777.5,0.316268436,11,13,11.54166667,14 d03,6.0155
14,0_3,plate2,d06,High,Inoculated,Rep4,3880,0.324408201,11,13,11.54166667,14 d06,2.286
15,0_4,plate1,b05,Low,Inoculated,Rep5,7546,0.327997014,11,13,11.54166667,15 b05,4.2635
15,0_4,plate1,d02,High,Sterile,Rep5,9175,0.327903169,11,13,11.54166667,15 d02,6.5655
15,0_4,plate1,d05,High,Inoculated,Rep5,3509.5,0.325289872,11,13,11.54166667,15 d05,3.3525
16,1_0,plate2,b01,Low,Sterile,Rep6,5474,0.327827194,11,13,11.54166667,16 b01,3.226
16,1_0,plate2,b04,Low,Inoculated,Rep6,5614.5,0.318520722,11,13,11.54166667,16 b04,3.408
16,1_0,plate2,d01,High,Sterile,Rep6,5447.5,0.323595232,11,13,11.54166667,16 d01,2.8885
16,1_0,plate2,d04,High,Inoculated,Rep6,7295.5,0.323316793,11,13,11.54166667,16 d04,5.4685
17,1_1,plate1,a06,Low,Sterile,Rep7,10230,0.341595576,11,13,11.54166667,17 a06,6.957
17,1_1,plate1,b03,Low,Inoculated,Rep7,10558,0.330893487,11,13,11.54166667,17 b03,7.257
17,1_1,plate1,c06,High,Sterile,Rep7,4936,0.328097828,11,13,11.54166667,17 c06,3.307
17,1_1,plate1,d03,High,Inoculated,Rep7,5931.5,0.327360142,11,13,11.54166667,17 d03,3.235
18,1_2,plate2,a05,Low,Sterile,Rep8,2545,0.327011262,11,13,11.54166667,18 a05,1.311
18,1_2,plate2,b02,Low,Inoculated,Rep8,6824.5,0.328349396,11,13,11.54166667,18 b02,3.9645
18,1_2,plate2,c05,High,Sterile,Rep8,9530,0.328224789,11,13,11.54166667,18 c05,5.2575
18,1_2,plate2,d02,High,Inoculated,Rep8,2554,0.303686253,11,13,11.54166667,18 d02,3.174
19,1_3,plate1,b01,Low,Inoculated,Rep9,6165,0.320915435,11,13,11.54166667,19 b01,4.302
19,1_3,plate1,c04,High,Sterile,Rep9,3921.5,0.314519377,11,13,11.54166667,19 c04,3.82
19,1_3,plate1,d01,High,Inoculated,Rep9,7245,0.325130082,11,13,11.54166667,19 d01,3.178
20,1_4,plate2,a03,Low,Sterile,Rep10,3473.5,0.328634945,11,13,11.54166667,20 a03,1.998
20,1_4,plate2,a06,Low,Inoculated,Rep10,5251.5,0.331861573,11,13,11.54166667,20 a06,2.8025
20,1_4,plate2,c03,High,Sterile,Rep10,3620.5,0.313629375,11,13,11.54166667,20 c03,3.469
20,1_4,plate2,c06,High,Inoculated,Rep10,6773,0.333208786,11,13,11.54166667,20 c06,2.855
11,0_0,plate1,a03,Low,Inoculated,Rep1,13603.5,0.329349066,11,20,11.83333333,11 a03,10.951
11,0_0,plate1,b06,Low,Sterile,Rep1,10236.5,0.332147703,11,20,11.83333333,11 b06,10.0705
11,0_0,plate1,c03,High,Inoculated,Rep1,13922,0.333711938,11,20,11.83333333,11 c03,11.1525
11,0_0,plate1,d06,High,Sterile,Rep1,11431,0.331529496,11,20,11.83333333,11 d06,8.689
12,0_1,plate2,a02,Low,Inoculated,Rep2,7427.5,0.33249392,11,20,11.83333333,12 a02,4.5135
12,0_1,plate2,b05,Low,Sterile,Rep2,6906,0.335704858,11,20,11.83333333,12 b05,4.6965
12,0_1,plate2,c02,High,Inoculated,Rep2,16762,0.327091738,11,20,11.83333333,12 c02,7.288
12,0_1,plate2,d05,High,Sterile,Rep2,5057,0.325422675,11,20,11.83333333,12 d05,3.33
13,0_2,plate1,a01,Low,Inoculated,Rep3,8431,0.323901299,11,20,11.83333333,13 a01,1.1995
13,0_2,plate1,b04,Low,Sterile,Rep3,6230,0.322896594,11,20,11.83333333,13 b04,3.659
13,0_2,plate1,c01,High,Inoculated,Rep3,4025.5,0.32758234,11,20,11.83333333,13 c01,2.129
13,0_2,plate1,d04,High,Sterile,Rep3,9639,0.340331227,11,20,11.83333333,13 d04,7.088
14,0_3,plate2,b03,Low,Sterile,Rep4,7287,0.333381912,11,20,11.83333333,14 b03,4.4945
14,0_3,plate2,b06,Low,Inoculated,Rep4,15170.5,0.3406001,11,20,11.83333333,14 b06,7.924
14,0_3,plate2,d03,High,Sterile,Rep4,8715,0.316278816,11,20,11.83333333,14 d03,6.0155
14,0_3,plate2,d06,High,Inoculated,Rep4,3888,0.325354421,11,20,11.83333333,14 d06,2.286
15,0_4,plate1,b05,Low,Inoculated,Rep5,7635,0.327302729,11,20,11.83333333,15 b05,4.2635
15,0_4,plate1,d02,High,Sterile,Rep5,9181,0.327197798,11,20,11.83333333,15 d02,6.5655
15,0_4,plate1,d05,High,Inoculated,Rep5,3494.5,0.325314814,11,20,11.83333333,15 d05,3.3525
16,1_0,plate2,b01,Low,Sterile,Rep6,5505,0.32739999,11,20,11.83333333,16 b01,3.226
16,1_0,plate2,b04,Low,Inoculated,Rep6,5775.5,0.31834509,11,20,11.83333333,16 b04,3.408
16,1_0,plate2,d01,High,Sterile,Rep6,5843.5,0.322573534,11,20,11.83333333,16 d01,2.8885
16,1_0,plate2,d04,High,Inoculated,Rep6,7157,0.323016109,11,20,11.83333333,16 d04,5.4685
17,1_1,plate1,a06,Low,Sterile,Rep7,10267,0.341659399,11,20,11.83333333,17 a06,6.957
17,1_1,plate1,b03,Low,Inoculated,Rep7,10693,0.330889011,11,20,11.83333333,17 b03,7.257
17,1_1,plate1,c06,High,Sterile,Rep7,5031,0.32813346,11,20,11.83333333,17 c06,3.307
17,1_1,plate1,d03,High,Inoculated,Rep7,6063,0.326983686,11,20,11.83333333,17 d03,3.235
18,1_2,plate2,a05,Low,Sterile,Rep8,2490.5,0.327473949,11,20,11.83333333,18 a05,1.311
18,1_2,plate2,b02,Low,Inoculated,Rep8,6719.5,0.329229535,11,20,11.83333333,18 b02,3.9645
18,1_2,plate2,c05,High,Sterile,Rep8,9384.5,0.328169541,11,20,11.83333333,18 c05,5.2575
18,1_2,plate2,d02,High,Inoculated,Rep8,2499,0.302426128,11,20,11.83333333,18 d02,3.174
19,1_3,plate1,b01,Low,Inoculated,Rep9,6369,0.320491256,11,20,11.83333333,19 b01,4.302
19,1_3,plate1,c04,High,Sterile,Rep9,4049.5,0.313615915,11,20,11.83333333,19 c04,3.82
19,1_3,plate1,d01,High,Inoculated,Rep9,7374,0.324921398,11,20,11.83333333,19 d01,3.178
20,1_4,plate2,a03,Low,Sterile,Rep10,3559,0.329322171,11,20,11.83333333,20 a03,1.998
20,1_4,plate2,a06,Low,Inoculated,Rep10,5367,0.330910689,11,20,11.83333333,20 a06,2.8025
20,1_4,plate2,c03,High,Sterile,Rep10,3693,0.313106949,11,20,11.83333333,20 c03,3.469
20,1_4,plate2,c06,High,Inoculated,Rep10,6960,0.332227138,11,20,11.83333333,20 c06,2.855
11,0_0,plate1,a03,Low,Inoculated,Rep1,13464,0.329018496,12,6,12.25,11 a03,10.951
11,0_0,plate1,b06,Low,Sterile,Rep1,10461.5,0.33301899,12,6,12.25,11 b06,10.0705
11,0_0,plate1,c03,High,Inoculated,Rep1,13781,0.332803359,12,6,12.25,11 c03,11.1525
11,0_0,plate1,d06,High,Sterile,Rep1,11384.5,0.331993782,12,6,12.25,11 d06,8.689
12,0_1,plate2,a02,Low,Inoculated,Rep2,7553,0.332840138,12,6,12.25,12 a02,4.5135
12,0_1,plate2,b05,Low,Sterile,Rep2,7165,0.334961375,12,6,12.25,12 b05,4.6965
12,0_1,plate2,c02,High,Inoculated,Rep2,16847,0.327009379,12,6,12.25,12 c02,7.288
12,0_1,plate2,d05,High,Sterile,Rep2,5202.5,0.325042766,12,6,12.25,12 d05,3.33
13,0_2,plate1,a01,Low,Inoculated,Rep3,8770,0.323578269,12,6,12.25,13 a01,1.1995
13,0_2,plate1,b04,Low,Sterile,Rep3,6383.5,0.322717834,12,6,12.25,13 b04,3.659
13,0_2,plate1,c01,High,Inoculated,Rep3,4134,0.328305585,12,6,12.25,13 c01,2.129
13,0_2,plate1,d04,High,Sterile,Rep3,9832,0.33898499,12,6,12.25,13 d04,7.088
14,0_3,plate2,b03,Low,Sterile,Rep4,7496,0.334092959,12,6,12.25,14 b03,4.4945
14,0_3,plate2,b06,Low,Inoculated,Rep4,15130,0.339538592,12,6,12.25,14 b06,7.924
14,0_3,plate2,d03,High,Sterile,Rep4,9014,0.315862583,12,6,12.25,14 d03,6.0155
14,0_3,plate2,d06,High,Inoculated,Rep4,3866,0.324873325,12,6,12.25,14 d06,2.286
15,0_4,plate1,b05,Low,Inoculated,Rep5,7557.5,0.327763983,12,6,12.25,15 b05,4.2635
15,0_4,plate1,d02,High,Sterile,Rep5,9465,0.326356688,12,6,12.25,15 d02,6.5655
15,0_4,plate1,d05,High,Inoculated,Rep5,3433.5,0.325135396,12,6,12.25,15 d05,3.3525
16,1_0,plate2,b01,Low,Sterile,Rep6,5553.5,0.3272694,12,6,12.25,16 b01,3.226
16,1_0,plate2,b04,Low,Inoculated,Rep6,6165.5,0.317307345,12,6,12.25,16 b04,3.408
16,1_0,plate2,d01,High,Sterile,Rep6,6127.5,0.322893733,12,6,12.25,16 d01,2.8885
16,1_0,plate2,d04,High,Inoculated,Rep6,7283.5,0.322743412,12,6,12.25,16 d04,5.4685
17,1_1,plate1,a06,Low,Sterile,Rep7,10310,0.340647086,12,6,12.25,17 a06,6.957
17,1_1,plate1,b03,Low,Inoculated,Rep7,10754,0.329753082,12,6,12.25,17 b03,7.257
17,1_1,plate1,c06,High,Sterile,Rep7,4993,0.327530314,12,6,12.25,17 c06,3.307
17,1_1,plate1,d03,High,Inoculated,Rep7,5974.5,0.324715055,12,6,12.25,17 d03,3.235
18,1_2,plate2,a05,Low,Sterile,Rep8,2581.5,0.326677771,12,6,12.25,18 a05,1.311
18,1_2,plate2,b02,Low,Inoculated,Rep8,7104.5,0.327712321,12,6,12.25,18 b02,3.9645
18,1_2,plate2,c05,High,Sterile,Rep8,9841,0.325970278,12,6,12.25,18 c05,5.2575
18,1_2,plate2,d02,High,Inoculated,Rep8,2575,0.301396368,12,6,12.25,18 d02,3.174
19,1_3,plate1,b01,Low,Inoculated,Rep9,6402,0.319802204,12,6,12.25,19 b01,4.302
19,1_3,plate1,c04,High,Sterile,Rep9,4022,0.313096938,12,6,12.25,19 c04,3.82
19,1_3,plate1,d01,High,Inoculated,Rep9,7448.5,0.324539665,12,6,12.25,19 d01,3.178
20,1_4,plate2,a03,Low,Sterile,Rep10,3549,0.328970193,12,6,12.25,20 a03,1.998
20,1_4,plate2,a06,Low,Inoculated,Rep10,5327.5,0.331632526,12,6,12.25,20 a06,2.8025
20,1_4,plate2,c03,High,Sterile,Rep10,3649,0.313473141,12,6,12.25,20 c03,3.469
20,1_4,plate2,c06,High,Inoculated,Rep10,7366.5,0.328428878,12,6,12.25,20 c06,2.855
11,0_0,plate1,a03,Low,Inoculated,Rep1,13410.5,0.328788236,12,13,12.54166667,11 a03,10.951
11,0_0,plate1,b06,Low,Sterile,Rep1,10085,0.332271303,12,13,12.54166667,11 b06,10.0705
11,0_0,plate1,c03,High,Inoculated,Rep1,13843.5,0.333165639,12,13,12.54166667,11 c03,11.1525
11,0_0,plate1,d06,High,Sterile,Rep1,11260,0.33174168,12,13,12.54166667,11 d06,8.689
12,0_1,plate2,a02,Low,Inoculated,Rep2,7660.5,0.333139038,12,13,12.54166667,12 a02,4.5135
12,0_1,plate2,b05,Low,Sterile,Rep2,7313,0.336973266,12,13,12.54166667,12 b05,4.6965
12,0_1,plate2,c02,High,Inoculated,Rep2,17286,0.327989879,12,13,12.54166667,12 c02,7.288
12,0_1,plate2,d05,High,Sterile,Rep2,5327.5,0.326150183,12,13,12.54166667,12 d05,3.33
13,0_2,plate1,a01,Low,Inoculated,Rep3,8318,0.323243528,12,13,12.54166667,13 a01,1.1995
13,0_2,plate1,b04,Low,Sterile,Rep3,6208.5,0.321882434,12,13,12.54166667,13 b04,3.659
13,0_2,plate1,c01,High,Inoculated,Rep3,4158,0.326496414,12,13,12.54166667,13 c01,2.129
13,0_2,plate1,d04,High,Sterile,Rep3,9562.5,0.338645291,12,13,12.54166667,13 d04,7.088
14,0_3,plate2,b03,Low,Sterile,Rep4,7456,0.332793221,12,13,12.54166667,14 b03,4.4945
14,0_3,plate2,b06,Low,Inoculated,Rep4,15250,0.34027123,12,13,12.54166667,14 b06,7.924
14,0_3,plate2,d03,High,Sterile,Rep4,9171.5,0.315489849,12,13,12.54166667,14 d03,6.0155
14,0_3,plate2,d06,High,Inoculated,Rep4,3904,0.324981349,12,13,12.54166667,14 d06,2.286
15,0_4,plate1,b05,Low,Inoculated,Rep5,7690.5,0.327542986,12,13,12.54166667,15 b05,4.2635
15,0_4,plate1,d02,High,Sterile,Rep5,9622.5,0.326381193,12,13,12.54166667,15 d02,6.5655
15,0_4,plate1,d05,High,Inoculated,Rep5,3450.5,0.324423574,12,13,12.54166667,15 d05,3.3525
16,1_0,plate2,b01,Low,Sterile,Rep6,5591.5,0.326300123,12,13,12.54166667,16 b01,3.226
16,1_0,plate2,b04,Low,Inoculated,Rep6,6339,0.317483656,12,13,12.54166667,16 b04,3.408
16,1_0,plate2,d01,High,Sterile,Rep6,6379,0.321515241,12,13,12.54166667,16 d01,2.8885
16,1_0,plate2,d04,High,Inoculated,Rep6,7257,0.322994691,12,13,12.54166667,16 d04,5.4685
17,1_1,plate1,a06,Low,Sterile,Rep7,10228.5,0.341397432,12,13,12.54166667,17 a06,6.957
17,1_1,plate1,b03,Low,Inoculated,Rep7,10433.5,0.330992275,12,13,12.54166667,17 b03,7.257
17,1_1,plate1,c06,High,Sterile,Rep7,4986,0.328413405,12,13,12.54166667,17 c06,3.307
17,1_1,plate1,d03,High,Inoculated,Rep7,5800.5,0.324764898,12,13,12.54166667,17 d03,3.235
18,1_2,plate2,a05,Low,Sterile,Rep8,2481,0.325821496,12,13,12.54166667,18 a05,1.311
18,1_2,plate2,b02,Low,Inoculated,Rep8,6604,0.327662757,12,13,12.54166667,18 b02,3.9645
18,1_2,plate2,c05,High,Sterile,Rep8,9462,0.325839304,12,13,12.54166667,18 c05,5.2575
18,1_2,plate2,d02,High,Inoculated,Rep8,2517.5,0.300301458,12,13,12.54166667,18 d02,3.174
19,1_3,plate1,b01,Low,Inoculated,Rep9,6614,0.319058376,12,13,12.54166667,19 b01,4.302
19,1_3,plate1,c04,High,Sterile,Rep9,4003.5,0.312545082,12,13,12.54166667,19 c04,3.82
19,1_3,plate1,d01,High,Inoculated,Rep9,7913.5,0.323022948,12,13,12.54166667,19 d01,3.178
20,1_4,plate2,a03,Low,Sterile,Rep10,3556,0.32903657,12,13,12.54166667,20 a03,1.998
20,1_4,plate2,a06,Low,Inoculated,Rep10,5253,0.331537913,12,13,12.54166667,20 a06,2.8025
20,1_4,plate2,c03,High,Sterile,Rep10,3591,0.311968228,12,13,12.54166667,20 c03,3.469
20,1_4,plate2,c06,High,Inoculated,Rep10,7224.5,0.32837878,12,13,12.54166667,20 c06,2.855
11,0_0,plate1,a03,Low,Inoculated,Rep1,13927.5,0.329408661,12,20,12.83333333,11 a03,10.951
11,0_0,plate1,b06,Low,Sterile,Rep1,10295,0.331922673,12,20,12.83333333,11 b06,10.0705
11,0_0,plate1,c03,High,Inoculated,Rep1,14848,0.333548233,12,20,12.83333333,11 c03,11.1525
11,0_0,plate1,d06,High,Sterile,Rep1,11719,0.332115807,12,20,12.83333333,11 d06,8.689
12,0_1,plate2,a02,Low,Inoculated,Rep2,7413.5,0.332421072,12,20,12.83333333,12 a02,4.5135
12,0_1,plate2,b05,Low,Sterile,Rep2,7142,0.337084654,12,20,12.83333333,12 b05,4.6965
12,0_1,plate2,c02,High,Inoculated,Rep2,17321,0.329581532,12,20,12.83333333,12 c02,7.288
12,0_1,plate2,d05,High,Sterile,Rep2,5172,0.327261808,12,20,12.83333333,12 d05,3.33
13,0_2,plate1,a01,Low,Inoculated,Rep3,8590,0.324237296,12,20,12.83333333,13 a01,1.1995
13,0_2,plate1,b04,Low,Sterile,Rep3,6175.5,0.322163631,12,20,12.83333333,13 b04,3.659
13,0_2,plate1,c01,High,Inoculated,Rep3,4375.5,0.328236008,12,20,12.83333333,13 c01,2.129
13,0_2,plate1,d04,High,Sterile,Rep3,9924,0.339616439,12,20,12.83333333,13 d04,7.088
14,0_3,plate2,b03,Low,Sterile,Rep4,7671,0.333344105,12,20,12.83333333,14 b03,4.4945
14,0_3,plate2,b06,Low,Inoculated,Rep4,15911.5,0.340368477,12,20,12.83333333,14 b06,7.924
14,0_3,plate2,d03,High,Sterile,Rep4,9398.5,0.315366554,12,20,12.83333333,14 d03,6.0155
14,0_3,plate2,d06,High,Inoculated,Rep4,4051.5,0.325519755,12,20,12.83333333,14 d06,2.286
15,0_4,plate1,b05,Low,Inoculated,Rep5,7860.5,0.325884882,12,20,12.83333333,15 b05,4.2635
15,0_4,plate1,d02,High,Sterile,Rep5,9821.5,0.326853827,12,20,12.83333333,15 d02,6.5655
15,0_4,plate1,d05,High,Inoculated,Rep5,3573,0.324974888,12,20,12.83333333,15 d05,3.3525
16,1_0,plate2,b01,Low,Sterile,Rep6,5717.5,0.326474946,12,20,12.83333333,16 b01,3.226
16,1_0,plate2,b04,Low,Inoculated,Rep6,6539,0.317185932,12,20,12.83333333,16 b04,3.408
16,1_0,plate2,d01,High,Sterile,Rep6,6537.5,0.322095778,12,20,12.83333333,16 d01,2.8885
16,1_0,plate2,d04,High,Inoculated,Rep6,7311,0.323395296,12,20,12.83333333,16 d04,5.4685
17,1_1,plate1,a06,Low,Sterile,Rep7,10124,0.340852819,12,20,12.83333333,17 a06,6.957
17,1_1,plate1,b03,Low,Inoculated,Rep7,10439.5,0.330988474,12,20,12.83333333,17 b03,7.257
17,1_1,plate1,c06,High,Sterile,Rep7,4960.5,0.328153324,12,20,12.83333333,17 c06,3.307
17,1_1,plate1,d03,High,Inoculated,Rep7,5748.5,0.325200005,12,20,12.83333333,17 d03,3.235
18,1_2,plate2,a05,Low,Sterile,Rep8,2454,0.325932149,12,20,12.83333333,18 a05,1.311
18,1_2,plate2,b02,Low,Inoculated,Rep8,6704.5,0.326824133,12,20,12.83333333,18 b02,3.9645
18,1_2,plate2,c05,High,Sterile,Rep8,9693.5,0.326421372,12,20,12.83333333,18 c05,5.2575
18,1_2,plate2,d02,High,Inoculated,Rep8,2573.5,0.29973682,12,20,12.83333333,18 d02,3.174
19,1_3,plate1,b01,Low,Inoculated,Rep9,6462.5,0.318431977,12,20,12.83333333,19 b01,4.302
19,1_3,plate1,c04,High,Sterile,Rep9,4046.5,0.312894102,12,20,12.83333333,19 c04,3.82
19,1_3,plate1,d01,High,Inoculated,Rep9,7784,0.323036624,12,20,12.83333333,19 d01,3.178
20,1_4,plate2,a03,Low,Sterile,Rep10,3515.5,0.328322854,12,20,12.83333333,20 a03,1.998
20,1_4,plate2,a06,Low,Inoculated,Rep10,5365,0.330513558,12,20,12.83333333,20 a06,2.8025
20,1_4,plate2,c03,High,Sterile,Rep10,3557,0.311138079,12,20,12.83333333,20 c03,3.469
20,1_4,plate2,c06,High,Inoculated,Rep10,7398.5,0.328678667,12,20,12.83333333,20 c06,2.855
11,0_0,plate1,a03,Low,Inoculated,Rep1,13516,0.329221061,13,6,13.25,11 a03,10.951
11,0_0,plate1,b06,Low,Sterile,Rep1,10264.5,0.331502085,13,6,13.25,11 b06,10.0705
11,0_0,plate1,c03,High,Inoculated,Rep1,14277,0.333129615,13,6,13.25,11 c03,11.1525
11,0_0,plate1,d06,High,Sterile,Rep1,9737.5,0.332765225,13,6,13.25,11 d06,8.689
12,0_1,plate2,a02,Low,Inoculated,Rep2,7685,0.331728757,13,6,13.25,12 a02,4.5135
12,0_1,plate2,b05,Low,Sterile,Rep2,7416.5,0.335190476,13,6,13.25,12 b05,4.6965
12,0_1,plate2,c02,High,Inoculated,Rep2,17832,0.32882712,13,6,13.25,12 c02,7.288
12,0_1,plate2,d05,High,Sterile,Rep2,5358.5,0.325643002,13,6,13.25,12 d05,3.33
13,0_2,plate1,a01,Low,Inoculated,Rep3,8727.5,0.323920064,13,6,13.25,13 a01,1.1995
13,0_2,plate1,b04,Low,Sterile,Rep3,6235.5,0.321157567,13,6,13.25,13 b04,3.659
13,0_2,plate1,c01,High,Inoculated,Rep3,4382.5,0.328196982,13,6,13.25,13 c01,2.129
13,0_2,plate1,d04,High,Sterile,Rep3,10274.5,0.337688795,13,6,13.25,13 d04,7.088
14,0_3,plate2,b03,Low,Sterile,Rep4,8125.5,0.333671367,13,6,13.25,14 b03,4.4945
14,0_3,plate2,b06,Low,Inoculated,Rep4,15924.5,0.339671384,13,6,13.25,14 b06,7.924
14,0_3,plate2,d03,High,Sterile,Rep4,9716.5,0.315652211,13,6,13.25,14 d03,6.0155
14,0_3,plate2,d06,High,Inoculated,Rep4,4049,0.324461042,13,6,13.25,14 d06,2.286
15,0_4,plate1,b05,Low,Inoculated,Rep5,7708,0.326117424,13,6,13.25,15 b05,4.2635
15,0_4,plate1,d02,High,Sterile,Rep5,9583.5,0.326156748,13,6,13.25,15 d02,6.5655
15,0_4,plate1,d05,High,Inoculated,Rep5,3460,0.324687587,13,6,13.25,15 d05,3.3525
16,1_0,plate2,b01,Low,Sterile,Rep6,6021,0.326979968,13,6,13.25,16 b01,3.226
16,1_0,plate2,b04,Low,Inoculated,Rep6,7412.5,0.316740306,13,6,13.25,16 b04,3.408
16,1_0,plate2,d01,High,Sterile,Rep6,7246.5,0.32196016,13,6,13.25,16 d01,2.8885
16,1_0,plate2,d04,High,Inoculated,Rep6,7328,0.322869556,13,6,13.25,16 d04,5.4685
17,1_1,plate1,a06,Low,Sterile,Rep7,10604,0.339763528,13,6,13.25,17 a06,6.957
17,1_1,plate1,b03,Low,Inoculated,Rep7,10526.5,0.329696948,13,6,13.25,17 b03,7.257
17,1_1,plate1,c06,High,Sterile,Rep7,5111,0.327883348,13,6,13.25,17 c06,3.307
17,1_1,plate1,d03,High,Inoculated,Rep7,5847,0.323949298,13,6,13.25,17 d03,3.235
18,1_2,plate2,a05,Low,Sterile,Rep8,2451,0.325795567,13,6,13.25,18 a05,1.311
18,1_2,plate2,b02,Low,Inoculated,Rep8,6541,0.325636703,13,6,13.25,18 b02,3.9645
18,1_2,plate2,c05,High,Sterile,Rep8,9620.5,0.325800456,13,6,13.25,18 c05,5.2575
18,1_2,plate2,d02,High,Inoculated,Rep8,2544,0.298491986,13,6,13.25,18 d02,3.174
19,1_3,plate1,b01,Low,Inoculated,Rep9,6921.5,0.317989419,13,6,13.25,19 b01,4.302
19,1_3,plate1,c04,High,Sterile,Rep9,4006.5,0.311632441,13,6,13.25,19 c04,3.82
19,1_3,plate1,d01,High,Inoculated,Rep9,8296.5,0.323134105,13,6,13.25,19 d01,3.178
20,1_4,plate2,a03,Low,Sterile,Rep10,3532.5,0.328227889,13,6,13.25,20 a03,1.998
20,1_4,plate2,a06,Low,Inoculated,Rep10,5410.5,0.33097198,13,6,13.25,20 a06,2.8025
20,1_4,plate2,c03,High,Sterile,Rep10,3571,0.312022829,13,6,13.25,20 c03,3.469
20,1_4,plate2,c06,High,Inoculated,Rep10,7400,0.329224028,13,6,13.25,20 c06,2.855
11,0_0,plate1,a03,Low,Inoculated,Rep1,14011,0.328271222,13,13,13.54166667,11 a03,10.951
11,0_0,plate1,b06,Low,Sterile,Rep1,10274,0.328681003,13,13,13.54166667,11 b06,10.0705
11,0_0,plate1,c03,High,Inoculated,Rep1,14738,0.332072202,13,13,13.54166667,11 c03,11.1525
11,0_0,plate1,d06,High,Sterile,Rep1,12082,0.331650499,13,13,13.54166667,11 d06,8.689
12,0_1,plate2,a02,Low,Inoculated,Rep2,7437,0.331140089,13,13,13.54166667,12 a02,4.5135
12,0_1,plate2,b05,Low,Sterile,Rep2,7307.5,0.335859261,13,13,13.54166667,12 b05,4.6965
12,0_1,plate2,c02,High,Inoculated,Rep2,17658,0.329744981,13,13,13.54166667,12 c02,7.288
12,0_1,plate2,d05,High,Sterile,Rep2,5315,0.32669733,13,13,13.54166667,12 d05,3.33
13,0_2,plate1,a01,Low,Inoculated,Rep3,8680.5,0.324634021,13,13,13.54166667,13 a01,1.1995
13,0_2,plate1,b04,Low,Sterile,Rep3,6042,0.320728991,13,13,13.54166667,13 b04,3.659
13,0_2,plate1,c01,High,Inoculated,Rep3,4511,0.327756946,13,13,13.54166667,13 c01,2.129
13,0_2,plate1,d04,High,Sterile,Rep3,10570.5,0.338309904,13,13,13.54166667,13 d04,7.088
14,0_3,plate2,b03,Low,Sterile,Rep4,8148.5,0.332356335,13,13,13.54166667,14 b03,4.4945
14,0_3,plate2,b06,Low,Inoculated,Rep4,15963.5,0.340749347,13,13,13.54166667,14 b06,7.924
14,0_3,plate2,d03,High,Sterile,Rep4,9652.5,0.315364027,13,13,13.54166667,14 d03,6.0155
14,0_3,plate2,d06,High,Inoculated,Rep4,4087,0.32637389,13,13,13.54166667,14 d06,2.286
15,0_4,plate1,b05,Low,Inoculated,Rep5,7978.5,0.32654514,13,13,13.54166667,15 b05,4.2635
15,0_4,plate1,d02,High,Sterile,Rep5,9852.5,0.325714363,13,13,13.54166667,15 d02,6.5655
15,0_4,plate1,d05,High,Inoculated,Rep5,3561.5,0.323933924,13,13,13.54166667,15 d05,3.3525
16,1_0,plate2,b01,Low,Sterile,Rep6,5906,0.326502134,13,13,13.54166667,16 b01,3.226
16,1_0,plate2,b04,Low,Inoculated,Rep6,7555.5,0.317237302,13,13,13.54166667,16 b04,3.408
16,1_0,plate2,d01,High,Sterile,Rep6,7128,0.322578468,13,13,13.54166667,16 d01,2.8885
16,1_0,plate2,d04,High,Inoculated,Rep6,7343,0.322820297,13,13,13.54166667,16 d04,5.4685
17,1_1,plate1,a06,Low,Sterile,Rep7,10804,0.339615015,13,13,13.54166667,17 a06,6.957
17,1_1,plate1,b03,Low,Inoculated,Rep7,10913.5,0.330549485,13,13,13.54166667,17 b03,7.257
17,1_1,plate1,c06,High,Sterile,Rep7,5281,0.327092223,13,13,13.54166667,17 c06,3.307
17,1_1,plate1,d03,High,Inoculated,Rep7,6006,0.324010006,13,13,13.54166667,17 d03,3.235
18,1_2,plate2,a05,Low,Sterile,Rep8,2455.5,0.326127107,13,13,13.54166667,18 a05,1.311
18,1_2,plate2,b02,Low,Inoculated,Rep8,6134.5,0.325807453,13,13,13.54166667,18 b02,3.9645
18,1_2,plate2,c05,High,Sterile,Rep8,9824.5,0.326244018,13,13,13.54166667,18 c05,5.2575
18,1_2,plate2,d02,High,Inoculated,Rep8,2502.5,0.298189985,13,13,13.54166667,18 d02,3.174
19,1_3,plate1,b01,Low,Inoculated,Rep9,6802.5,0.31681041,13,13,13.54166667,19 b01,4.302
19,1_3,plate1,c04,High,Sterile,Rep9,3970.5,0.310869921,13,13,13.54166667,19 c04,3.82
19,1_3,plate1,d01,High,Inoculated,Rep9,8211.5,0.32271797,13,13,13.54166667,19 d01,3.178
20,1_4,plate2,a03,Low,Sterile,Rep10,3529,0.329132684,13,13,13.54166667,20 a03,1.998
20,1_4,plate2,a06,Low,Inoculated,Rep10,5486.5,0.33106772,13,13,13.54166667,20 a06,2.8025
20,1_4,plate2,c03,High,Sterile,Rep10,3467.5,0.309947007,13,13,13.54166667,20 c03,3.469
20,1_4,plate2,c06,High,Inoculated,Rep10,7504.5,0.329622459,13,13,13.54166667,20 c06,2.855
11,0_0,plate1,a03,Low,Inoculated,Rep1,13755.5,0.329724069,13,20,13.83333333,11 a03,10.951
11,0_0,plate1,b06,Low,Sterile,Rep1,10064.5,0.32716422,13,20,13.83333333,11 b06,10.0705
11,0_0,plate1,c03,High,Inoculated,Rep1,14388.5,0.333148058,13,20,13.83333333,11 c03,11.1525
11,0_0,plate1,d06,High,Sterile,Rep1,11829.5,0.331943149,13,20,13.83333333,11 d06,8.689
12,0_1,plate2,a02,Low,Inoculated,Rep2,7614.5,0.330261678,13,20,13.83333333,12 a02,4.5135
12,0_1,plate2,b05,Low,Sterile,Rep2,7219.5,0.335360777,13,20,13.83333333,12 b05,4.6965
12,0_1,plate2,c02,High,Inoculated,Rep2,18239.5,0.329146638,13,20,13.83333333,12 c02,7.288
12,0_1,plate2,d05,High,Sterile,Rep2,5298,0.327162122,13,20,13.83333333,12 d05,3.33
13,0_2,plate1,a01,Low,Inoculated,Rep3,8477,0.324494195,13,20,13.83333333,13 a01,1.1995
13,0_2,plate1,b04,Low,Sterile,Rep3,5888.5,0.320383098,13,20,13.83333333,13 b04,3.659
13,0_2,plate1,c01,High,Inoculated,Rep3,4349.5,0.327613854,13,20,13.83333333,13 c01,2.129
13,0_2,plate1,d04,High,Sterile,Rep3,10130,0.337660451,13,20,13.83333333,13 d04,7.088
14,0_3,plate2,b03,Low,Sterile,Rep4,8177,0.332588788,13,20,13.83333333,14 b03,4.4945
14,0_3,plate2,b06,Low,Inoculated,Rep4,15719,0.340470953,13,20,13.83333333,14 b06,7.924
14,0_3,plate2,d03,High,Sterile,Rep4,9622.5,0.315740616,13,20,13.83333333,14 d03,6.0155
14,0_3,plate2,d06,High,Inoculated,Rep4,4059,0.327129747,13,20,13.83333333,14 d06,2.286
15,0_4,plate1,b05,Low,Inoculated,Rep5,7743.5,0.326156205,13,20,13.83333333,15 b05,4.2635
15,0_4,plate1,d02,High,Sterile,Rep5,9977.5,0.32553993,13,20,13.83333333,15 d02,6.5655
15,0_4,plate1,d05,High,Inoculated,Rep5,3458.5,0.323189284,13,20,13.83333333,15 d05,3.3525
16,1_0,plate2,b01,Low,Sterile,Rep6,6134.5,0.326259256,13,20,13.83333333,16 b01,3.226
16,1_0,plate2,b04,Low,Inoculated,Rep6,7822,0.317009166,13,20,13.83333333,16 b04,3.408
16,1_0,plate2,d01,High,Sterile,Rep6,7369.5,0.321493201,13,20,13.83333333,16 d01,2.8885
16,1_0,plate2,d04,High,Inoculated,Rep6,7508,0.324146756,13,20,13.83333333,16 d04,5.4685
17,1_1,plate1,a06,Low,Sterile,Rep7,10938,0.340315733,13,20,13.83333333,17 a06,6.957
17,1_1,plate1,b03,Low,Inoculated,Rep7,10825.5,0.33077742,13,20,13.83333333,17 b03,7.257
17,1_1,plate1,c06,High,Sterile,Rep7,5288.5,0.328302187,13,20,13.83333333,17 c06,3.307
17,1_1,plate1,d03,High,Inoculated,Rep7,5917.5,0.324730604,13,20,13.83333333,17 d03,3.235
18,1_2,plate2,a05,Low,Sterile,Rep8,2487,0.324954423,13,20,13.83333333,18 a05,1.311
18,1_2,plate2,b02,Low,Inoculated,Rep8,5893.5,0.326167542,13,20,13.83333333,18 b02,3.9645
18,1_2,plate2,c05,High,Sterile,Rep8,10187,0.326035451,13,20,13.83333333,18 c05,5.2575
18,1_2,plate2,d02,High,Inoculated,Rep8,2535,0.298198187,13,20,13.83333333,18 d02,3.174
19,1_3,plate1,b01,Low,Inoculated,Rep9,6977.5,0.314800598,13,20,13.83333333,19 b01,4.302
19,1_3,plate1,c04,High,Sterile,Rep9,3999,0.31083637,13,20,13.83333333,19 c04,3.82
19,1_3,plate1,d01,High,Inoculated,Rep9,8595.5,0.322869751,13,20,13.83333333,19 d01,3.178
20,1_4,plate2,a03,Low,Sterile,Rep10,3688.5,0.328479229,13,20,13.83333333,20 a03,1.998
20,1_4,plate2,a06,Low,Inoculated,Rep10,5769,0.3311747,13,20,13.83333333,20 a06,2.8025
20,1_4,plate2,c03,High,Sterile,Rep10,3591,0.30935369,13,20,13.83333333,20 c03,3.469
20,1_4,plate2,c06,High,Inoculated,Rep10,7813.5,0.329747165,13,20,13.83333333,20 c06,2.855
11,0_0,plate1,a03,Low,Inoculated,Rep1,14041.5,0.328637938,14,6,14.25,11 a03,10.951
11,0_0,plate1,b06,Low,Sterile,Rep1,10632.5,0.326084822,14,6,14.25,11 b06,10.0705
11,0_0,plate1,c03,High,Inoculated,Rep1,14252,0.331917246,14,6,14.25,11 c03,11.1525
11,0_0,plate1,d06,High,Sterile,Rep1,12118.5,0.332785542,14,6,14.25,11 d06,8.689
12,0_1,plate2,a02,Low,Inoculated,Rep2,7760,0.32964462,14,6,14.25,12 a02,4.5135
12,0_1,plate2,b05,Low,Sterile,Rep2,7757.5,0.333498127,14,6,14.25,12 b05,4.6965
12,0_1,plate2,c02,High,Inoculated,Rep2,18356,0.328860525,14,6,14.25,12 c02,7.288
12,0_1,plate2,d05,High,Sterile,Rep2,5618.5,0.325821141,14,6,14.25,12 d05,3.33
13,0_2,plate1,a01,Low,Inoculated,Rep3,8756.5,0.325152101,14,6,14.25,13 a01,1.1995
13,0_2,plate1,b04,Low,Sterile,Rep3,5955.5,0.321351142,14,6,14.25,13 b04,3.659
13,0_2,plate1,c01,High,Inoculated,Rep3,4370.5,0.328505561,14,6,14.25,13 c01,2.129
13,0_2,plate1,d04,High,Sterile,Rep3,10225,0.338473469,14,6,14.25,13 d04,7.088
14,0_3,plate2,b03,Low,Sterile,Rep4,8261.5,0.333428595,14,6,14.25,14 b03,4.4945
14,0_3,plate2,b06,Low,Inoculated,Rep4,16494,0.33988857,14,6,14.25,14 b06,7.924
14,0_3,plate2,d03,High,Sterile,Rep4,9567,0.31480845,14,6,14.25,14 d03,6.0155
14,0_3,plate2,d06,High,Inoculated,Rep4,4209.5,0.326113744,14,6,14.25,14 d06,2.286
15,0_4,plate1,b05,Low,Inoculated,Rep5,8102.5,0.325778602,14,6,14.25,15 b05,4.2635
15,0_4,plate1,d02,High,Sterile,Rep5,9996,0.325104899,14,6,14.25,15 d02,6.5655
15,0_4,plate1,d05,High,Inoculated,Rep5,3584.5,0.323800762,14,6,14.25,15 d05,3.3525
16,1_0,plate2,b01,Low,Sterile,Rep6,6242,0.325064814,14,6,14.25,16 b01,3.226
16,1_0,plate2,b04,Low,Inoculated,Rep6,8151.5,0.316166281,14,6,14.25,16 b04,3.408
16,1_0,plate2,d01,High,Sterile,Rep6,7529.5,0.315616985,14,6,14.25,16 d01,2.8885
16,1_0,plate2,d04,High,Inoculated,Rep6,7594.5,0.322836766,14,6,14.25,16 d04,5.4685
17,1_1,plate1,a06,Low,Sterile,Rep7,10656.5,0.339142176,14,6,14.25,17 a06,6.957
17,1_1,plate1,b03,Low,Inoculated,Rep7,10963.5,0.330021737,14,6,14.25,17 b03,7.257
17,1_1,plate1,c06,High,Sterile,Rep7,5214.5,0.327829693,14,6,14.25,17 c06,3.307
17,1_1,plate1,d03,High,Inoculated,Rep7,6105,0.324200148,14,6,14.25,17 d03,3.235
18,1_2,plate2,a05,Low,Sterile,Rep8,2474.5,0.325449836,14,6,14.25,18 a05,1.311
18,1_2,plate2,b02,Low,Inoculated,Rep8,5946.5,0.325736677,14,6,14.25,18 b02,3.9645
18,1_2,plate2,c05,High,Sterile,Rep8,9872,0.326226122,14,6,14.25,18 c05,5.2575
18,1_2,plate2,d02,High,Inoculated,Rep8,2582,0.297071891,14,6,14.25,18 d02,3.174
19,1_3,plate1,b01,Low,Inoculated,Rep9,7032.5,0.315223494,14,6,14.25,19 b01,4.302
19,1_3,plate1,c04,High,Sterile,Rep9,4036.5,0.311335215,14,6,14.25,19 c04,3.82
19,1_3,plate1,d01,High,Inoculated,Rep9,8316.5,0.32362368,14,6,14.25,19 d01,3.178
20,1_4,plate2,a03,Low,Sterile,Rep10,3728,0.328582884,14,6,14.25,20 a03,1.998
20,1_4,plate2,a06,Low,Inoculated,Rep10,5736.5,0.330710769,14,6,14.25,20 a06,2.8025
20,1_4,plate2,c03,High,Sterile,Rep10,3606,0.311111095,14,6,14.25,20 c03,3.469
20,1_4,plate2,c06,High,Inoculated,Rep10,7872.5,0.328664328,14,6,14.25,20 c06,2.855
11,0_0,plate1,a03,Low,Inoculated,Rep1,14014.5,0.328007417,14,13,14.54166667,11 a03,10.951
11,0_0,plate1,b06,Low,Sterile,Rep1,10156.5,0.324714857,14,13,14.54166667,11 b06,10.0705
11,0_0,plate1,c03,High,Inoculated,Rep1,14891.5,0.33046421,14,13,14.54166667,11 c03,11.1525
11,0_0,plate1,d06,High,Sterile,Rep1,12218,0.330656987,14,13,14.54166667,11 d06,8.689
12,0_1,plate2,a02,Low,Inoculated,Rep2,7586.5,0.327711895,14,13,14.54166667,12 a02,4.5135
12,0_1,plate2,b05,Low,Sterile,Rep2,7814.5,0.333182271,14,13,14.54166667,12 b05,4.6965
12,0_1,plate2,c02,High,Inoculated,Rep2,18257,0.327957243,14,13,14.54166667,12 c02,7.288
12,0_1,plate2,d05,High,Sterile,Rep2,5717,0.32542964,14,13,14.54166667,12 d05,3.33
13,0_2,plate1,a01,Low,Inoculated,Rep3,8744,0.323760193,14,13,14.54166667,13 a01,1.1995
13,0_2,plate1,b04,Low,Sterile,Rep3,6081,0.320036658,14,13,14.54166667,13 b04,3.659
13,0_2,plate1,c01,High,Inoculated,Rep3,4633,0.326166367,14,13,14.54166667,13 c01,2.129
13,0_2,plate1,d04,High,Sterile,Rep3,10714,0.33906674,14,13,14.54166667,13 d04,7.088
14,0_3,plate2,b03,Low,Sterile,Rep4,8413.5,0.332301048,14,13,14.54166667,14 b03,4.4945
14,0_3,plate2,b06,Low,Inoculated,Rep4,16937.5,0.340000264,14,13,14.54166667,14 b06,7.924
14,0_3,plate2,d03,High,Sterile,Rep4,9514,0.314211419,14,13,14.54166667,14 d03,6.0155
14,0_3,plate2,d06,High,Inoculated,Rep4,4415,0.32703065,14,13,14.54166667,14 d06,2.286
15,0_4,plate1,b05,Low,Inoculated,Rep5,7799,0.323905886,14,13,14.54166667,15 b05,4.2635
15,0_4,plate1,d02,High,Sterile,Rep5,9958,0.324753478,14,13,14.54166667,15 d02,6.5655
15,0_4,plate1,d05,High,Inoculated,Rep5,3502.5,0.323818729,14,13,14.54166667,15 d05,3.3525
16,1_0,plate2,b01,Low,Sterile,Rep6,6183.5,0.324826911,14,13,14.54166667,16 b01,3.226
16,1_0,plate2,b04,Low,Inoculated,Rep6,8326.5,0.316328457,14,13,14.54166667,16 b04,3.408
16,1_0,plate2,d01,High,Sterile,Rep6,7491.5,0.316886176,14,13,14.54166667,16 d01,2.8885
16,1_0,plate2,d04,High,Inoculated,Rep6,7757.5,0.323821671,14,13,14.54166667,16 d04,5.4685
17,1_1,plate1,a06,Low,Sterile,Rep7,10907.5,0.339871973,14,13,14.54166667,17 a06,6.957
17,1_1,plate1,b03,Low,Inoculated,Rep7,11068.5,0.330870281,14,13,14.54166667,17 b03,7.257
17,1_1,plate1,c06,High,Sterile,Rep7,5282.5,0.328372191,14,13,14.54166667,17 c06,3.307
17,1_1,plate1,d03,High,Inoculated,Rep7,6240.5,0.324410612,14,13,14.54166667,17 d03,3.235
18,1_2,plate2,a05,Low,Sterile,Rep8,2494,0.325937133,14,13,14.54166667,18 a05,1.311
18,1_2,plate2,b02,Low,Inoculated,Rep8,5731,0.326692845,14,13,14.54166667,18 b02,3.9645
18,1_2,plate2,c05,High,Sterile,Rep8,10045.5,0.326519028,14,13,14.54166667,18 c05,5.2575
18,1_2,plate2,d02,High,Inoculated,Rep8,2543,0.297601959,14,13,14.54166667,18 d02,3.174
19,1_3,plate1,b01,Low,Inoculated,Rep9,7087,0.314327307,14,13,14.54166667,19 b01,4.302
19,1_3,plate1,c04,High,Sterile,Rep9,4002,0.310224005,14,13,14.54166667,19 c04,3.82
19,1_3,plate1,d01,High,Inoculated,Rep9,8610.5,0.323138549,14,13,14.54166667,19 d01,3.178
20,1_4,plate2,a03,Low,Sterile,Rep10,3948.5,0.32973293,14,13,14.54166667,20 a03,1.998
20,1_4,plate2,a06,Low,Inoculated,Rep10,5887,0.330441555,14,13,14.54166667,20 a06,2.8025
20,1_4,plate2,c03,High,Sterile,Rep10,3724,0.309266625,14,13,14.54166667,20 c03,3.469
20,1_4,plate2,c06,High,Inoculated,Rep10,8100.5,0.32971703,14,13,14.54166667,20 c06,2.855
11,0_0,plate1,a03,Low,Inoculated,Rep1,14323.5,0.328769867,14,20,14.83333333,11 a03,10.951
11,0_0,plate1,b06,Low,Sterile,Rep1,10705,0.32346935,14,20,14.83333333,11 b06,10.0705
11,0_0,plate1,c03,High,Inoculated,Rep1,14650,0.331202552,14,20,14.83333333,11 c03,11.1525
11,0_0,plate1,d06,High,Sterile,Rep1,12239,0.331136486,14,20,14.83333333,11 d06,8.689
12,0_1,plate2,a02,Low,Inoculated,Rep2,7308.5,0.328216467,14,20,14.83333333,12 a02,4.5135
12,0_1,plate2,b05,Low,Sterile,Rep2,7551,0.33431838,14,20,14.83333333,12 b05,4.6965
12,0_1,plate2,c02,High,Inoculated,Rep2,18408,0.329521928,14,20,14.83333333,12 c02,7.288
12,0_1,plate2,d05,High,Sterile,Rep2,5570.5,0.327308117,14,20,14.83333333,12 d05,3.33
13,0_2,plate1,a01,Low,Inoculated,Rep3,8963.5,0.323814007,14,20,14.83333333,13 a01,1.1995
13,0_2,plate1,b04,Low,Sterile,Rep3,6339.5,0.314519462,14,20,14.83333333,13 b04,3.659
13,0_2,plate1,c01,High,Inoculated,Rep3,4677.5,0.323479473,14,20,14.83333333,13 c01,2.129
13,0_2,plate1,d04,High,Sterile,Rep3,10652,0.331810304,14,20,14.83333333,13 d04,7.088
14,0_3,plate2,b03,Low,Sterile,Rep4,8496.5,0.331689524,14,20,14.83333333,14 b03,4.4945
14,0_3,plate2,b06,Low,Inoculated,Rep4,17253.5,0.339532224,14,20,14.83333333,14 b06,7.924
14,0_3,plate2,d03,High,Sterile,Rep4,9531,0.314517536,14,20,14.83333333,14 d03,6.0155
14,0_3,plate2,d06,High,Inoculated,Rep4,4514,0.326170812,14,20,14.83333333,14 d06,2.286
15,0_4,plate1,b05,Low,Inoculated,Rep5,7242.5,0.321230922,14,20,14.83333333,15 b05,4.2635
15,0_4,plate1,d02,High,Sterile,Rep5,10086,0.325488231,14,20,14.83333333,15 d02,6.5655
15,0_4,plate1,d05,High,Inoculated,Rep5,3514.5,0.32449241,14,20,14.83333333,15 d05,3.3525
16,1_0,plate2,b01,Low,Sterile,Rep6,6338.5,0.324722786,14,20,14.83333333,16 b01,3.226
16,1_0,plate2,b04,Low,Inoculated,Rep6,8187,0.315909607,14,20,14.83333333,16 b04,3.408
16,1_0,plate2,d01,High,Sterile,Rep6,7660.5,0.317092569,14,20,14.83333333,16 d01,2.8885
16,1_0,plate2,d04,High,Inoculated,Rep6,7578,0.323591188,14,20,14.83333333,16 d04,5.4685
17,1_1,plate1,a06,Low,Sterile,Rep7,10560.5,0.339810799,14,20,14.83333333,17 a06,6.957
17,1_1,plate1,b03,Low,Inoculated,Rep7,11029,0.331046129,14,20,14.83333333,17 b03,7.257
17,1_1,plate1,c06,High,Sterile,Rep7,5211,0.32761127,14,20,14.83333333,17 c06,3.307
17,1_1,plate1,d03,High,Inoculated,Rep7,6213,0.324520514,14,20,14.83333333,17 d03,3.235
18,1_2,plate2,a05,Low,Sterile,Rep8,2437,0.325500258,14,20,14.83333333,18 a05,1.311
18,1_2,plate2,b02,Low,Inoculated,Rep8,5675.5,0.327585141,14,20,14.83333333,18 b02,3.9645
18,1_2,plate2,c05,High,Sterile,Rep8,10033.5,0.32695532,14,20,14.83333333,18 c05,5.2575
18,1_2,plate2,d02,High,Inoculated,Rep8,2527.5,0.297047019,14,20,14.83333333,18 d02,3.174
19,1_3,plate1,b01,Low,Inoculated,Rep9,7419.5,0.3146394,14,20,14.83333333,19 b01,4.302
19,1_3,plate1,c04,High,Sterile,Rep9,4116.5,0.31053188,14,20,14.83333333,19 c04,3.82
19,1_3,plate1,d01,High,Inoculated,Rep9,8771,0.323725555,14,20,14.83333333,19 d01,3.178
20,1_4,plate2,a03,Low,Sterile,Rep10,3828.5,0.329651237,14,20,14.83333333,20 a03,1.998
20,1_4,plate2,a06,Low,Inoculated,Rep10,6028.5,0.330433722,14,20,14.83333333,20 a06,2.8025
20,1_4,plate2,c03,High,Sterile,Rep10,3563.5,0.307896529,14,20,14.83333333,20 c03,3.469
20,1_4,plate2,c06,High,Inoculated,Rep10,8265.5,0.330350542,14,20,14.83333333,20 c06,2.855
11,0_0,plate1,a03,Low,Inoculated,Rep1,14135,0.327832411,15,6,15.25,11 a03,10.951
11,0_0,plate1,b06,Low,Sterile,Rep1,10743,0.322512385,15,6,15.25,11 b06,10.0705
11,0_0,plate1,c03,High,Inoculated,Rep1,14610,0.331063676,15,6,15.25,11 c03,11.1525
11,0_0,plate1,d06,High,Sterile,Rep1,12229.5,0.33043055,15,6,15.25,11 d06,8.689
12,0_1,plate2,a02,Low,Inoculated,Rep2,7660.5,0.326439748,15,6,15.25,12 a02,4.5135
12,0_1,plate2,b05,Low,Sterile,Rep2,7778.5,0.3317647,15,6,15.25,12 b05,4.6965
12,0_1,plate2,c02,High,Inoculated,Rep2,19306.5,0.327091914,15,6,15.25,12 c02,7.288
12,0_1,plate2,d05,High,Sterile,Rep2,5806.5,0.325321498,15,6,15.25,12 d05,3.33
13,0_2,plate1,a01,Low,Inoculated,Rep3,8981.5,0.322335659,15,6,15.25,13 a01,1.1995
13,0_2,plate1,b04,Low,Sterile,Rep3,6347.5,0.315360944,15,6,15.25,13 b04,3.659
13,0_2,plate1,c01,High,Inoculated,Rep3,4876,0.321756076,15,6,15.25,13 c01,2.129
13,0_2,plate1,d04,High,Sterile,Rep3,10379,0.331174281,15,6,15.25,13 d04,7.088
14,0_3,plate2,b03,Low,Sterile,Rep4,8818.5,0.333383116,15,6,15.25,14 b03,4.4945
14,0_3,plate2,b06,Low,Inoculated,Rep4,16849,0.339443966,15,6,15.25,14 b06,7.924
14,0_3,plate2,d03,High,Sterile,Rep4,9892.5,0.31478507,15,6,15.25,14 d03,6.0155
14,0_3,plate2,d06,High,Inoculated,Rep4,4436.5,0.326209346,15,6,15.25,14 d06,2.286
15,0_4,plate1,b05,Low,Inoculated,Rep5,7282.5,0.321737132,15,6,15.25,15 b05,4.2635
15,0_4,plate1,d02,High,Sterile,Rep5,10062,0.325217274,15,6,15.25,15 d02,6.5655
15,0_4,plate1,d05,High,Inoculated,Rep5,3561,0.324595655,15,6,15.25,15 d05,3.3525
16,1_0,plate2,b01,Low,Sterile,Rep6,6301,0.323358323,15,6,15.25,16 b01,3.226
16,1_0,plate2,b04,Low,Inoculated,Rep6,8528,0.316376179,15,6,15.25,16 b04,3.408
16,1_0,plate2,d01,High,Sterile,Rep6,7719,0.316375634,15,6,15.25,16 d01,2.8885
16,1_0,plate2,d04,High,Inoculated,Rep6,7563.5,0.323722227,15,6,15.25,16 d04,5.4685
17,1_1,plate1,a06,Low,Sterile,Rep7,10445,0.338907781,15,6,15.25,17 a06,6.957
17,1_1,plate1,b03,Low,Inoculated,Rep7,10749.5,0.33056845,15,6,15.25,17 b03,7.257
17,1_1,plate1,c06,High,Sterile,Rep7,5157,0.32730851,15,6,15.25,17 c06,3.307
17,1_1,plate1,d03,High,Inoculated,Rep7,6137.5,0.324546476,15,6,15.25,17 d03,3.235
18,1_2,plate2,a05,Low,Sterile,Rep8,2490.5,0.325569596,15,6,15.25,18 a05,1.311
18,1_2,plate2,b02,Low,Inoculated,Rep8,5885.5,0.327217404,15,6,15.25,18 b02,3.9645
18,1_2,plate2,c05,High,Sterile,Rep8,10057,0.326494568,15,6,15.25,18 c05,5.2575
18,1_2,plate2,d02,High,Inoculated,Rep8,2498,0.296432094,15,6,15.25,18 d02,3.174
19,1_3,plate1,b01,Low,Inoculated,Rep9,7619,0.313340903,15,6,15.25,19 b01,4.302
19,1_3,plate1,c04,High,Sterile,Rep9,4125,0.309860565,15,6,15.25,19 c04,3.82
19,1_3,plate1,d01,High,Inoculated,Rep9,8534.5,0.322994223,15,6,15.25,19 d01,3.178
20,1_4,plate2,a03,Low,Sterile,Rep10,4035,0.328651346,15,6,15.25,20 a03,1.998
20,1_4,plate2,a06,Low,Inoculated,Rep10,5910,0.330359163,15,6,15.25,20 a06,2.8025
20,1_4,plate2,c03,High,Sterile,Rep10,3709.5,0.308340494,15,6,15.25,20 c03,3.469
20,1_4,plate2,c06,High,Inoculated,Rep10,8129,0.32969513,15,6,15.25,20 c06,2.855
11,0_0,plate1,a03,Low,Inoculated,Rep1,14104,0.327908251,15,13,15.54166667,11 a03,10.951
11,0_0,plate1,b06,Low,Sterile,Rep1,10934,0.323192399,15,13,15.54166667,11 b06,10.0705
11,0_0,plate1,c03,High,Inoculated,Rep1,14511.5,0.329893094,15,13,15.54166667,11 c03,11.1525
11,0_0,plate1,d06,High,Sterile,Rep1,12316,0.331448048,15,13,15.54166667,11 d06,8.689
12,0_1,plate2,a02,Low,Inoculated,Rep2,6840.5,0.326401113,15,13,15.54166667,12 a02,4.5135
12,0_1,plate2,b05,Low,Sterile,Rep2,7682.5,0.333680383,15,13,15.54166667,12 b05,4.6965
12,0_1,plate2,c02,High,Inoculated,Rep2,18596.5,0.327858727,15,13,15.54166667,12 c02,7.288
12,0_1,plate2,d05,High,Sterile,Rep2,5720.5,0.326174218,15,13,15.54166667,12 d05,3.33
13,0_2,plate1,a01,Low,Inoculated,Rep3,9451.5,0.323250637,15,13,15.54166667,13 a01,1.1995
13,0_2,plate1,b04,Low,Sterile,Rep3,6622.5,0.31479674,15,13,15.54166667,13 b04,3.659
13,0_2,plate1,c01,High,Inoculated,Rep3,5191.5,0.320808687,15,13,15.54166667,13 c01,2.129
13,0_2,plate1,d04,High,Sterile,Rep3,10930,0.331550245,15,13,15.54166667,13 d04,7.088
14,0_3,plate2,b03,Low,Sterile,Rep4,8581.5,0.332337947,15,13,15.54166667,14 b03,4.4945
14,0_3,plate2,b06,Low,Inoculated,Rep4,17129.5,0.33860972,15,13,15.54166667,14 b06,7.924
14,0_3,plate2,d03,High,Sterile,Rep4,9522,0.313357011,15,13,15.54166667,14 d03,6.0155
14,0_3,plate2,d06,High,Inoculated,Rep4,4569.5,0.326569519,15,13,15.54166667,14 d06,2.286
15,0_4,plate1,b05,Low,Inoculated,Rep5,7162,0.321586848,15,13,15.54166667,15 b05,4.2635
15,0_4,plate1,d02,High,Sterile,Rep5,9928.5,0.323394338,15,13,15.54166667,15 d02,6.5655
15,0_4,plate1,d05,High,Inoculated,Rep5,3568.5,0.323525935,15,13,15.54166667,15 d05,3.3525
16,1_0,plate2,b01,Low,Sterile,Rep6,6111.5,0.320759987,15,13,15.54166667,16 b01,3.226
16,1_0,plate2,b04,Low,Inoculated,Rep6,8485.5,0.316286369,15,13,15.54166667,16 b04,3.408
16,1_0,plate2,d01,High,Sterile,Rep6,7733,0.315012083,15,13,15.54166667,16 d01,2.8885
16,1_0,plate2,d04,High,Inoculated,Rep6,7960.5,0.322182387,15,13,15.54166667,16 d04,5.4685
17,1_1,plate1,a06,Low,Sterile,Rep7,10804,0.339444246,15,13,15.54166667,17 a06,6.957
17,1_1,plate1,b03,Low,Inoculated,Rep7,11232,0.332018744,15,13,15.54166667,17 b03,7.257
17,1_1,plate1,c06,High,Sterile,Rep7,5359.5,0.328148624,15,13,15.54166667,17 c06,3.307
17,1_1,plate1,d03,High,Inoculated,Rep7,6256,0.324392674,15,13,15.54166667,17 d03,3.235
18,1_2,plate2,a05,Low,Sterile,Rep8,2460,0.325179055,15,13,15.54166667,18 a05,1.311
18,1_2,plate2,b02,Low,Inoculated,Rep8,5604,0.328626448,15,13,15.54166667,18 b02,3.9645
18,1_2,plate2,c05,High,Sterile,Rep8,9903,0.325923266,15,13,15.54166667,18 c05,5.2575
18,1_2,plate2,d02,High,Inoculated,Rep8,2508.5,0.296868062,15,13,15.54166667,18 d02,3.174
19,1_3,plate1,b01,Low,Inoculated,Rep9,7718,0.312999519,15,13,15.54166667,19 b01,4.302
19,1_3,plate1,c04,High,Sterile,Rep9,3951,0.309578612,15,13,15.54166667,19 c04,3.82
19,1_3,plate1,d01,High,Inoculated,Rep9,8738.5,0.323103787,15,13,15.54166667,19 d01,3.178
20,1_4,plate2,a03,Low,Sterile,Rep10,4067.5,0.328497809,15,13,15.54166667,20 a03,1.998
20,1_4,plate2,a06,Low,Inoculated,Rep10,5882,0.329953139,15,13,15.54166667,20 a06,2.8025
20,1_4,plate2,c03,High,Sterile,Rep10,3694.5,0.308452157,15,13,15.54166667,20 c03,3.469
20,1_4,plate2,c06,High,Inoculated,Rep10,8060.5,0.330009112,15,13,15.54166667,20 c06,2.855
11,0_0,plate1,a03,Low,Inoculated,Rep1,14093,0.328224143,15,20,15.83333333,11 a03,10.951
11,0_0,plate1,b06,Low,Sterile,Rep1,10773,0.322596666,15,20,15.83333333,11 b06,10.0705
11,0_0,plate1,c03,High,Inoculated,Rep1,14629,0.330337465,15,20,15.83333333,11 c03,11.1525
11,0_0,plate1,d06,High,Sterile,Rep1,12237.5,0.330954623,15,20,15.83333333,11 d06,8.689
12,0_1,plate2,a02,Low,Inoculated,Rep2,6742.5,0.326446143,15,20,15.83333333,12 a02,4.5135
12,0_1,plate2,b05,Low,Sterile,Rep2,7740,0.332944747,15,20,15.83333333,12 b05,4.6965
12,0_1,plate2,c02,High,Inoculated,Rep2,18747.5,0.328226524,15,20,15.83333333,12 c02,7.288
12,0_1,plate2,d05,High,Sterile,Rep2,5803,0.32568199,15,20,15.83333333,12 d05,3.33
13,0_2,plate1,a01,Low,Inoculated,Rep3,9211,0.323762403,15,20,15.83333333,13 a01,1.1995
13,0_2,plate1,b04,Low,Sterile,Rep3,6515.5,0.315073207,15,20,15.83333333,13 b04,3.659
13,0_2,plate1,c01,High,Inoculated,Rep3,5006,0.321190608,15,20,15.83333333,13 c01,2.129
13,0_2,plate1,d04,High,Sterile,Rep3,10735,0.332008898,15,20,15.83333333,13 d04,7.088
14,0_3,plate2,b03,Low,Sterile,Rep4,8569.5,0.331823638,15,20,15.83333333,14 b03,4.4945
14,0_3,plate2,b06,Low,Inoculated,Rep4,17021.5,0.338153455,15,20,15.83333333,14 b06,7.924
14,0_3,plate2,d03,High,Sterile,Rep4,9508.5,0.314191473,15,20,15.83333333,14 d03,6.0155
14,0_3,plate2,d06,High,Inoculated,Rep4,4572,0.326150017,15,20,15.83333333,14 d06,2.286
15,0_4,plate1,b05,Low,Inoculated,Rep5,7085.5,0.321402701,15,20,15.83333333,15 b05,4.2635
15,0_4,plate1,d02,High,Sterile,Rep5,9560,0.323172835,15,20,15.83333333,15 d02,6.5655
15,0_4,plate1,d05,High,Inoculated,Rep5,3500,0.323532717,15,20,15.83333333,15 d05,3.3525
16,1_0,plate2,b01,Low,Sterile,Rep6,5976.5,0.319428955,15,20,15.83333333,16 b01,3.226
16,1_0,plate2,b04,Low,Inoculated,Rep6,8638,0.316065191,15,20,15.83333333,16 b04,3.408
16,1_0,plate2,d01,High,Sterile,Rep6,7723.5,0.31663457,15,20,15.83333333,16 d01,2.8885
16,1_0,plate2,d04,High,Inoculated,Rep6,8134,0.321823694,15,20,15.83333333,16 d04,5.4685
17,1_1,plate1,a06,Low,Sterile,Rep7,10653,0.338528947,15,20,15.83333333,17 a06,6.957
17,1_1,plate1,b03,Low,Inoculated,Rep7,10960.5,0.330964663,15,20,15.83333333,17 b03,7.257
17,1_1,plate1,c06,High,Sterile,Rep7,5263,0.32580671,15,20,15.83333333,17 c06,3.307
17,1_1,plate1,d03,High,Inoculated,Rep7,6039.5,0.32262814,15,20,15.83333333,17 d03,3.235
18,1_2,plate2,a05,Low,Sterile,Rep8,2468.5,0.32481401,15,20,15.83333333,18 a05,1.311
18,1_2,plate2,b02,Low,Inoculated,Rep8,5593,0.328806053,15,20,15.83333333,18 b02,3.9645
18,1_2,plate2,c05,High,Sterile,Rep8,10201.5,0.32675359,15,20,15.83333333,18 c05,5.2575
18,1_2,plate2,d02,High,Inoculated,Rep8,2437,0.296585374,15,20,15.83333333,18 d02,3.174
19,1_3,plate1,b01,Low,Inoculated,Rep9,7946.5,0.313686927,15,20,15.83333333,19 b01,4.302
19,1_3,plate1,c04,High,Sterile,Rep9,4031.5,0.309534449,15,20,15.83333333,19 c04,3.82
19,1_3,plate1,d01,High,Inoculated,Rep9,8852,0.323951238,15,20,15.83333333,19 d01,3.178
20,1_4,plate2,a03,Low,Sterile,Rep10,4076,0.330063903,15,20,15.83333333,20 a03,1.998
20,1_4,plate2,a06,Low,Inoculated,Rep10,5832,0.330166547,15,20,15.83333333,20 a06,2.8025
20,1_4,plate2,c03,High,Sterile,Rep10,3628.5,0.307875105,15,20,15.83333333,20 c03,3.469
20,1_4,plate2,c06,High,Inoculated,Rep10,8017,0.330807391,15,20,15.83333333,20 c06,2.855
