HFDHAJOI_04917	27f2a8cfb6fcd9cea699cc69c7c88200	151	Pfam	PF12957	Domain of unknown function (DUF3846)	6	92	1.6E-6	T	07-05-2025	IPR024559	Domain of unknown function DUF3846	-	-
HFDHAJOI_04980	35c8290ddc6e8209339ab130e9a391db	270	PANTHER	PTHR30050	CHROMOSOMAL REPLICATION INITIATOR PROTEIN DNAA	39	223	5.0E-28	T	07-05-2025	-	-	GO:0006260(PANTHER)	-
HFDHAJOI_04980	35c8290ddc6e8209339ab130e9a391db	270	SMART	SM00382	AAA_5	101	238	3.8E-10	T	07-05-2025	IPR003593	AAA+ ATPase domain	-	-
HFDHAJOI_04980	35c8290ddc6e8209339ab130e9a391db	270	Pfam	PF01695	IstB-like ATP binding protein	14	247	8.6E-77	T	07-05-2025	IPR002611	IstB-like ATP-binding domain	GO:0005524(InterPro)	-
HFDHAJOI_04980	35c8290ddc6e8209339ab130e9a391db	270	MobiDBLite	mobidb-lite	consensus disorder prediction	243	270	-	T	07-05-2025	-	-	-	-
HFDHAJOI_04980	35c8290ddc6e8209339ab130e9a391db	270	Gene3D	G3DSA:3.40.50.300	-	65	252	3.6E-42	T	07-05-2025	IPR027417	P-loop containing nucleoside triphosphate hydrolase	-	-
HFDHAJOI_04980	35c8290ddc6e8209339ab130e9a391db	270	PIRSF	PIRSF003073	DNAC_TnpB_IstB	3	257	1.2E-73	T	07-05-2025	IPR028350	DNA replication protein DnaC/insertion sequence IstB-like	-	-
HFDHAJOI_04980	35c8290ddc6e8209339ab130e9a391db	270	SUPERFAMILY	SSF52540	P-loop containing nucleoside triphosphate hydrolases	70	234	4.74E-24	T	07-05-2025	IPR027417	P-loop containing nucleoside triphosphate hydrolase	-	-
HFDHAJOI_04980	35c8290ddc6e8209339ab130e9a391db	270	CDD	cd00009	AAA	86	233	7.55132E-12	T	07-05-2025	-	-	-	-
HFDHAJOI_04980	35c8290ddc6e8209339ab130e9a391db	270	MobiDBLite	mobidb-lite	consensus disorder prediction	261	270	-	T	07-05-2025	-	-	-	-
HFDHAJOI_04980	35c8290ddc6e8209339ab130e9a391db	270	NCBIfam	NF038214	IS21-like element helper ATPase IstB	14	245	2.1E-81	T	07-05-2025	IPR047661	Insertion sequence IS21-like ATPase IstB	-	-
HFDHAJOI_05000	10d6e8b4b32ca8ebe1b05fe71845a6f9	226	PANTHER	PTHR36435	SLR1288 PROTEIN	76	217	5.2E-13	T	07-05-2025	IPR052710	CAAX motif-specific protease	-	-
HFDHAJOI_05000	10d6e8b4b32ca8ebe1b05fe71845a6f9	226	Pfam	PF02517	Type II CAAX prenyl endopeptidase Rce1-like	131	216	2.9E-16	T	07-05-2025	IPR003675	CAAX prenyl protease 2/Lysostaphin resistance protein A-like domain	-	-
HFDHAJOI_04928	78edb6137109112d146d6b57034cab3a	387	PANTHER	PTHR46663	DIGUANYLATE CYCLASE DGCT-RELATED	199	380	1.6E-42	T	07-05-2025	IPR052163	Diguanylate Cyclase/Regulatory Protein	-	-
HFDHAJOI_04928	78edb6137109112d146d6b57034cab3a	387	Pfam	PF00990	Diguanylate cyclase, GGDEF domain	209	361	1.1E-28	T	07-05-2025	IPR000160	GGDEF domain	-	-
HFDHAJOI_04928	78edb6137109112d146d6b57034cab3a	387	Gene3D	G3DSA:3.30.70.270	-	194	367	4.6E-41	T	07-05-2025	IPR043128	Reverse transcriptase/Diguanylate cyclase domain	-	-
HFDHAJOI_04928	78edb6137109112d146d6b57034cab3a	387	NCBIfam	TIGR00254	diguanylate cyclase (GGDEF) domain	207	367	1.2E-25	T	07-05-2025	IPR000160	GGDEF domain	-	-
HFDHAJOI_04928	78edb6137109112d146d6b57034cab3a	387	SMART	SM00267	duf1_3	198	367	8.0E-40	T	07-05-2025	IPR000160	GGDEF domain	-	-
HFDHAJOI_04928	78edb6137109112d146d6b57034cab3a	387	SUPERFAMILY	SSF55073	Nucleotide cyclase	214	368	4.79E-36	T	07-05-2025	IPR029787	Nucleotide cyclase	-	-
HFDHAJOI_04928	78edb6137109112d146d6b57034cab3a	387	ProSiteProfiles	PS50887	GGDEF domain profile.	235	369	23.569731	T	07-05-2025	IPR000160	GGDEF domain	-	-
HFDHAJOI_04928	78edb6137109112d146d6b57034cab3a	387	CDD	cd01949	GGDEF	211	365	1.12531E-45	T	07-05-2025	IPR000160	GGDEF domain	-	-
HFDHAJOI_04954	f9a1cd07c88353a61d68da53b74fe4a1	726	CDD	cd12913	PDC1_MCP_like	58	202	9.34198E-18	T	07-05-2025	-	-	-	-
HFDHAJOI_04954	f9a1cd07c88353a61d68da53b74fe4a1	726	Pfam	PF00015	Methyl-accepting chemotaxis protein (MCP) signalling domain	526	680	3.7E-47	T	07-05-2025	IPR004089	Methyl-accepting chemotaxis protein (MCP) signalling domain	GO:0007165(InterPro)|GO:0016020(InterPro)	-
HFDHAJOI_04954	f9a1cd07c88353a61d68da53b74fe4a1	726	PANTHER	PTHR43531	PROTEIN ICFG	414	719	1.4E-99	T	07-05-2025	IPR051310	Methyl-accepting chemotaxis	-	-
HFDHAJOI_04954	f9a1cd07c88353a61d68da53b74fe4a1	726	FunFam	G3DSA:1.10.287.950:FF:000001	Methyl-accepting chemotaxis sensory transducer	414	714	1.1E-76	T	07-05-2025	-	-	-	-
HFDHAJOI_04954	f9a1cd07c88353a61d68da53b74fe4a1	726	Pfam	PF00672	HAMP domain	333	381	1.6E-4	T	07-05-2025	IPR003660	HAMP domain	GO:0007165(InterPro)|GO:0016020(InterPro)	-
HFDHAJOI_04954	f9a1cd07c88353a61d68da53b74fe4a1	726	Coils	Coil	Coil	642	662	-	T	07-05-2025	-	-	-	-
HFDHAJOI_04954	f9a1cd07c88353a61d68da53b74fe4a1	726	SUPERFAMILY	SSF158472	HAMP domain-like	333	382	6.54E-8	T	07-05-2025	-	-	-	-
HFDHAJOI_04954	f9a1cd07c88353a61d68da53b74fe4a1	726	Coils	Coil	Coil	387	407	-	T	07-05-2025	-	-	-	-
HFDHAJOI_04954	f9a1cd07c88353a61d68da53b74fe4a1	726	Pfam	PF22673	Methyl-accepting chemotaxis protein-like, first PDC sensor domain	126	206	0.0031	T	07-05-2025	-	-	-	-
HFDHAJOI_04954	f9a1cd07c88353a61d68da53b74fe4a1	726	CDD	cd11386	MCP_signal	493	692	1.5426E-58	T	07-05-2025	-	-	-	-
HFDHAJOI_04954	f9a1cd07c88353a61d68da53b74fe4a1	726	Gene3D	G3DSA:3.30.450.20	PAS domain	34	209	5.3E-21	T	07-05-2025	-	-	-	-
HFDHAJOI_04954	f9a1cd07c88353a61d68da53b74fe4a1	726	ProSiteProfiles	PS50885	HAMP domain profile.	413	465	8.59897	T	07-05-2025	IPR003660	HAMP domain	GO:0007165(InterPro)|GO:0016020(InterPro)	-
HFDHAJOI_04954	f9a1cd07c88353a61d68da53b74fe4a1	726	ProSiteProfiles	PS50111	Bacterial chemotaxis sensory transducers domain profile.	470	699	48.52594	T	07-05-2025	IPR004089	Methyl-accepting chemotaxis protein (MCP) signalling domain	GO:0007165(InterPro)|GO:0016020(InterPro)	-
HFDHAJOI_04954	f9a1cd07c88353a61d68da53b74fe4a1	726	SUPERFAMILY	SSF58104	Methyl-accepting chemotaxis protein (MCP) signaling domain	433	714	2.01E-67	T	07-05-2025	-	-	-	-
HFDHAJOI_04954	f9a1cd07c88353a61d68da53b74fe4a1	726	ProSiteProfiles	PS50885	HAMP domain profile.	332	385	8.913654	T	07-05-2025	IPR003660	HAMP domain	GO:0007165(InterPro)|GO:0016020(InterPro)	-
HFDHAJOI_04954	f9a1cd07c88353a61d68da53b74fe4a1	726	SMART	SM00283	MA_2	466	713	2.5E-96	T	07-05-2025	IPR004089	Methyl-accepting chemotaxis protein (MCP) signalling domain	GO:0007165(InterPro)|GO:0016020(InterPro)	-
HFDHAJOI_04954	f9a1cd07c88353a61d68da53b74fe4a1	726	Gene3D	G3DSA:1.10.287.950	-	416	714	8.8E-74	T	07-05-2025	-	-	-	-
HFDHAJOI_04954	f9a1cd07c88353a61d68da53b74fe4a1	726	SMART	SM00304	HAMP_11	332	385	8.8E-5	T	07-05-2025	IPR003660	HAMP domain	GO:0007165(InterPro)|GO:0016020(InterPro)	-
HFDHAJOI_04954	f9a1cd07c88353a61d68da53b74fe4a1	726	SMART	SM00304	HAMP_11	413	465	0.54	T	07-05-2025	IPR003660	HAMP domain	GO:0007165(InterPro)|GO:0016020(InterPro)	-
HFDHAJOI_04954	f9a1cd07c88353a61d68da53b74fe4a1	726	Gene3D	G3DSA:6.10.340.10	-	291	389	5.8E-14	T	07-05-2025	-	-	-	-
HFDHAJOI_04954	f9a1cd07c88353a61d68da53b74fe4a1	726	Coils	Coil	Coil	600	620	-	T	07-05-2025	-	-	-	-
HFDHAJOI_04954	f9a1cd07c88353a61d68da53b74fe4a1	726	CDD	cd06225	HAMP	336	380	6.75181E-5	T	07-05-2025	-	-	-	-
HFDHAJOI_04904	a9edf22f626853f8cda38d65c036a0db	156	MobiDBLite	mobidb-lite	consensus disorder prediction	1	20	-	T	07-05-2025	-	-	-	-
HFDHAJOI_04962	abeb4fe0b43fff0ef92d4b3bf91917f1	379	Pfam	PF02771	Acyl-CoA dehydrogenase, N-terminal domain	15	87	0.0026	T	07-05-2025	IPR013786	Acyl-CoA dehydrogenase/oxidase, N-terminal	GO:0016627(InterPro)|GO:0050660(InterPro)	-
HFDHAJOI_04962	abeb4fe0b43fff0ef92d4b3bf91917f1	379	Coils	Coil	Coil	10	30	-	T	07-05-2025	-	-	-	-
HFDHAJOI_04962	abeb4fe0b43fff0ef92d4b3bf91917f1	379	PANTHER	PTHR43884	ACYL-COA DEHYDROGENASE	17	84	5.6E-10	T	07-05-2025	-	-	GO:0003995(PANTHER)	-
HFDHAJOI_04962	abeb4fe0b43fff0ef92d4b3bf91917f1	379	SUPERFAMILY	SSF47203	Acyl-CoA dehydrogenase C-terminal domain-like	220	355	1.9E-6	T	07-05-2025	IPR036250	Acyl-CoA dehydrogenase-like, C-terminal	GO:0016627(InterPro)	-
HFDHAJOI_04962	abeb4fe0b43fff0ef92d4b3bf91917f1	379	Gene3D	G3DSA:1.20.140.10	-	204	376	1.4E-22	T	07-05-2025	-	-	-	-
HFDHAJOI_04962	abeb4fe0b43fff0ef92d4b3bf91917f1	379	Pfam	PF08028	Acyl-CoA dehydrogenase, C-terminal domain	227	358	2.3E-9	T	07-05-2025	IPR013107	Acyl-CoA dehydrogenase, C-terminal domain	-	-
HFDHAJOI_04962	abeb4fe0b43fff0ef92d4b3bf91917f1	379	SUPERFAMILY	SSF56645	Acyl-CoA dehydrogenase NM domain-like	15	203	7.72E-28	T	07-05-2025	IPR009100	Acyl-CoA dehydrogenase/oxidase, N-terminal and middle domain superfamily	GO:0016627(InterPro)	-
HFDHAJOI_04962	abeb4fe0b43fff0ef92d4b3bf91917f1	379	Gene3D	G3DSA:1.10.540.10	-	3	110	9.4E-21	T	07-05-2025	IPR037069	Acyl-CoA dehydrogenase/oxidase, N-terminal domain superfamily	GO:0016627(InterPro)|GO:0050660(InterPro)	-
HFDHAJOI_04962	abeb4fe0b43fff0ef92d4b3bf91917f1	379	PIRSF	PIRSF016578	PIGM	1	377	2.1E-84	T	07-05-2025	-	-	-	-
HFDHAJOI_04962	abeb4fe0b43fff0ef92d4b3bf91917f1	379	Gene3D	G3DSA:2.40.110.10	-	112	203	9.9E-26	T	07-05-2025	IPR046373	Acyl-CoA oxidase/dehydrogenase, middle domain superfamily	GO:0016627(InterPro)	-
HFDHAJOI_04991	3c9f1b405e278f646f22016c3ae04da5	275	PANTHER	PTHR46889	TRANSPOSASE INSF FOR INSERTION SEQUENCE IS3B-RELATED	1	270	3.6E-28	T	07-05-2025	IPR050900	Transposase IS3/IS150/IS904	-	-
HFDHAJOI_04991	3c9f1b405e278f646f22016c3ae04da5	275	Gene3D	G3DSA:3.30.420.10	-	105	271	1.1E-16	T	07-05-2025	IPR036397	Ribonuclease H superfamily	GO:0003676(InterPro)	-
HFDHAJOI_04991	3c9f1b405e278f646f22016c3ae04da5	275	Pfam	PF00665	Integrase core domain	108	212	6.0E-14	T	07-05-2025	IPR001584	Integrase, catalytic core	GO:0015074(InterPro)	-
HFDHAJOI_04991	3c9f1b405e278f646f22016c3ae04da5	275	ProSiteProfiles	PS50994	Integrase catalytic domain profile.	105	274	15.837996	T	07-05-2025	IPR001584	Integrase, catalytic core	GO:0015074(InterPro)	-
HFDHAJOI_04991	3c9f1b405e278f646f22016c3ae04da5	275	SUPERFAMILY	SSF53098	Ribonuclease H-like	106	272	1.64E-27	T	07-05-2025	IPR012337	Ribonuclease H-like superfamily	-	-
HFDHAJOI_04991	3c9f1b405e278f646f22016c3ae04da5	275	Pfam	PF13276	HTH-like domain	34	85	1.0E-6	T	07-05-2025	IPR025948	HTH-like domain	-	-
HFDHAJOI_04991	3c9f1b405e278f646f22016c3ae04da5	275	NCBIfam	NF033516	IS3 family transposase	2	269	6.4E-59	T	07-05-2025	IPR048020	IS3 transposase	-	-
HFDHAJOI_04927	33a2759b39daaf3adb8f6b9ec019e253	619	CDD	cd06225	HAMP	215	257	5.1624E-5	T	07-05-2025	-	-	-	-
HFDHAJOI_04927	33a2759b39daaf3adb8f6b9ec019e253	619	Gene3D	G3DSA:1.10.8.500	HAMP domain in histidine kinase	212	261	2.0E-12	T	07-05-2025	-	-	-	-
HFDHAJOI_04927	33a2759b39daaf3adb8f6b9ec019e253	619	Coils	Coil	Coil	360	387	-	T	07-05-2025	-	-	-	-
HFDHAJOI_04927	33a2759b39daaf3adb8f6b9ec019e253	619	CDD	cd11386	MCP_signal	371	570	1.08921E-57	T	07-05-2025	-	-	-	-
HFDHAJOI_04927	33a2759b39daaf3adb8f6b9ec019e253	619	SMART	SM00283	MA_2	344	591	1.5E-87	T	07-05-2025	IPR004089	Methyl-accepting chemotaxis protein (MCP) signalling domain	GO:0007165(InterPro)|GO:0016020(InterPro)	-
HFDHAJOI_04927	33a2759b39daaf3adb8f6b9ec019e253	619	PANTHER	PTHR43531	PROTEIN ICFG	144	595	4.3E-94	T	07-05-2025	IPR051310	Methyl-accepting chemotaxis	-	-
HFDHAJOI_04927	33a2759b39daaf3adb8f6b9ec019e253	619	Pfam	PF00015	Methyl-accepting chemotaxis protein (MCP) signalling domain	407	559	2.1E-44	T	07-05-2025	IPR004089	Methyl-accepting chemotaxis protein (MCP) signalling domain	GO:0007165(InterPro)|GO:0016020(InterPro)	-
HFDHAJOI_04927	33a2759b39daaf3adb8f6b9ec019e253	619	SUPERFAMILY	SSF58104	Methyl-accepting chemotaxis protein (MCP) signaling domain	232	592	1.09E-63	T	07-05-2025	-	-	-	-
HFDHAJOI_04927	33a2759b39daaf3adb8f6b9ec019e253	619	Coils	Coil	Coil	263	283	-	T	07-05-2025	-	-	-	-
HFDHAJOI_04927	33a2759b39daaf3adb8f6b9ec019e253	619	Gene3D	G3DSA:1.10.287.950	-	292	593	3.5E-67	T	07-05-2025	-	-	-	-
HFDHAJOI_04927	33a2759b39daaf3adb8f6b9ec019e253	619	FunFam	G3DSA:1.10.287.950:FF:000001	Methyl-accepting chemotaxis sensory transducer	292	592	5.0E-70	T	07-05-2025	-	-	-	-
HFDHAJOI_04927	33a2759b39daaf3adb8f6b9ec019e253	619	ProSiteProfiles	PS50885	HAMP domain profile.	210	263	8.816216	T	07-05-2025	IPR003660	HAMP domain	GO:0007165(InterPro)|GO:0016020(InterPro)	-
HFDHAJOI_04927	33a2759b39daaf3adb8f6b9ec019e253	619	SMART	SM00304	HAMP_11	210	263	5.9E-7	T	07-05-2025	IPR003660	HAMP domain	GO:0007165(InterPro)|GO:0016020(InterPro)	-
HFDHAJOI_04927	33a2759b39daaf3adb8f6b9ec019e253	619	PRINTS	PR00260	Bacterial chemotaxis sensory transducer signature	365	394	2.0E-41	T	07-05-2025	IPR004090	Chemotaxis methyl-accepting receptor	GO:0004888(InterPro)|GO:0006935(InterPro)|GO:0007165(InterPro)|GO:0016020(InterPro)	-
HFDHAJOI_04927	33a2759b39daaf3adb8f6b9ec019e253	619	PRINTS	PR00260	Bacterial chemotaxis sensory transducer signature	519	548	2.0E-41	T	07-05-2025	IPR004090	Chemotaxis methyl-accepting receptor	GO:0004888(InterPro)|GO:0006935(InterPro)|GO:0007165(InterPro)|GO:0016020(InterPro)	-
HFDHAJOI_04927	33a2759b39daaf3adb8f6b9ec019e253	619	PRINTS	PR00260	Bacterial chemotaxis sensory transducer signature	442	469	2.0E-41	T	07-05-2025	IPR004090	Chemotaxis methyl-accepting receptor	GO:0004888(InterPro)|GO:0006935(InterPro)|GO:0007165(InterPro)|GO:0016020(InterPro)	-
HFDHAJOI_04927	33a2759b39daaf3adb8f6b9ec019e253	619	PRINTS	PR00260	Bacterial chemotaxis sensory transducer signature	471	500	2.0E-41	T	07-05-2025	IPR004090	Chemotaxis methyl-accepting receptor	GO:0004888(InterPro)|GO:0006935(InterPro)|GO:0007165(InterPro)|GO:0016020(InterPro)	-
HFDHAJOI_04927	33a2759b39daaf3adb8f6b9ec019e253	619	ProSiteProfiles	PS50111	Bacterial chemotaxis sensory transducers domain profile.	348	577	45.866718	T	07-05-2025	IPR004089	Methyl-accepting chemotaxis protein (MCP) signalling domain	GO:0007165(InterPro)|GO:0016020(InterPro)	-
HFDHAJOI_04927	33a2759b39daaf3adb8f6b9ec019e253	619	Pfam	PF00672	HAMP domain	208	257	3.9E-5	T	07-05-2025	IPR003660	HAMP domain	GO:0007165(InterPro)|GO:0016020(InterPro)	-
HFDHAJOI_04872	43d03edfa04a7826b70c9d31af46a098	377	Pfam	PF11972	HTH DNA binding domain	324	377	1.6E-23	T	07-05-2025	IPR021068	HTH DNA binding domain	-	-
HFDHAJOI_04872	43d03edfa04a7826b70c9d31af46a098	377	MobiDBLite	mobidb-lite	consensus disorder prediction	114	136	-	T	07-05-2025	-	-	-	-
HFDHAJOI_04872	43d03edfa04a7826b70c9d31af46a098	377	Pfam	PF07756	Protein of unknown function (DUF1612)	189	315	2.7E-46	T	07-05-2025	IPR011670	Domain of unknown function DUF1612	-	-
HFDHAJOI_04872	43d03edfa04a7826b70c9d31af46a098	377	NCBIfam	NF040876	RHE_PE00001 family protein	3	377	1.1E-162	T	07-05-2025	IPR048017	Uncharacterized protein y4cF-like	-	-
HFDHAJOI_04978	94abe13137d1c2e628e075d0c856e94a	265	SUPERFAMILY	SSF53474	alpha/beta-Hydrolases	1	258	2.65E-52	T	07-05-2025	IPR029058	Alpha/Beta hydrolase fold	-	-
HFDHAJOI_04978	94abe13137d1c2e628e075d0c856e94a	265	PANTHER	PTHR43433	HYDROLASE, ALPHA/BETA FOLD FAMILY PROTEIN	10	258	3.6E-22	T	07-05-2025	IPR050471	AB hydrolase	-	-
HFDHAJOI_04978	94abe13137d1c2e628e075d0c856e94a	265	Gene3D	G3DSA:3.40.50.1820	alpha/beta hydrolase	2	259	9.6E-56	T	07-05-2025	IPR029058	Alpha/Beta hydrolase fold	-	-
HFDHAJOI_04978	94abe13137d1c2e628e075d0c856e94a	265	Pfam	PF00561	alpha/beta hydrolase fold	23	136	2.4E-14	T	07-05-2025	IPR000073	Alpha/beta hydrolase fold-1	-	-
HFDHAJOI_04978	94abe13137d1c2e628e075d0c856e94a	265	NCBIfam	TIGR02427	3-oxoadipate enol-lactonase	10	258	3.9E-82	T	07-05-2025	IPR026968	3-oxoadipate enol-lactonase 1/2	GO:0042952(InterPro)|GO:0047570(InterPro)	-
HFDHAJOI_04941	9117e56d99772ded103d5b6314f421e8	205	ProSiteProfiles	PS50977	TetR-type HTH domain profile.	12	72	19.631317	T	07-05-2025	IPR001647	DNA-binding HTH domain, TetR-type	GO:0003677(InterPro)	-
HFDHAJOI_04941	9117e56d99772ded103d5b6314f421e8	205	PANTHER	PTHR30055	HTH-TYPE TRANSCRIPTIONAL REGULATOR RUTR	2	201	3.1E-20	T	07-05-2025	IPR050109	HTH-type, TetR-like transcriptional regulator	GO:0000976(PANTHER)|GO:0003700(PANTHER)|GO:0006355(PANTHER)	-
HFDHAJOI_04941	9117e56d99772ded103d5b6314f421e8	205	SUPERFAMILY	SSF46689	Homeodomain-like	12	79	1.45E-15	T	07-05-2025	IPR009057	Homedomain-like superfamily	-	-
HFDHAJOI_04941	9117e56d99772ded103d5b6314f421e8	205	Pfam	PF13305	Tetracyclin repressor-like, C-terminal domain	90	193	3.0E-6	T	07-05-2025	IPR025996	HTH-type transcriptional regulator MT1864/Rv1816-like, C-terminal domain	-	-
HFDHAJOI_04941	9117e56d99772ded103d5b6314f421e8	205	SUPERFAMILY	SSF48498	Tetracyclin repressor-like, C-terminal domain	90	196	3.22E-13	T	07-05-2025	IPR036271	Tetracyclin repressor-like, C-terminal domain superfamily	-	-
HFDHAJOI_04941	9117e56d99772ded103d5b6314f421e8	205	Gene3D	G3DSA:1.10.357.10	Tetracycline Repressor, domain 2	12	200	1.5E-37	T	07-05-2025	-	-	-	-
HFDHAJOI_04941	9117e56d99772ded103d5b6314f421e8	205	PRINTS	PR00455	TetR bacterial regulatory protein HTH signature	18	31	1.5E-8	T	07-05-2025	IPR001647	DNA-binding HTH domain, TetR-type	GO:0003677(InterPro)	-
HFDHAJOI_04941	9117e56d99772ded103d5b6314f421e8	205	PRINTS	PR00455	TetR bacterial regulatory protein HTH signature	39	62	1.5E-8	T	07-05-2025	IPR001647	DNA-binding HTH domain, TetR-type	GO:0003677(InterPro)	-
HFDHAJOI_04941	9117e56d99772ded103d5b6314f421e8	205	Pfam	PF00440	Bacterial regulatory proteins, tetR family	18	61	3.0E-9	T	07-05-2025	IPR001647	DNA-binding HTH domain, TetR-type	GO:0003677(InterPro)	-
HFDHAJOI_04956	feb2306c1b62fcd8c8bdbb9a87f0eeef	169	PANTHER	PTHR30466	FLAVIN REDUCTASE	6	165	4.9E-29	T	07-05-2025	IPR050268	NADH-dependent flavin reductase	GO:0006208(PANTHER)|GO:0042602(PANTHER)	-
HFDHAJOI_04956	feb2306c1b62fcd8c8bdbb9a87f0eeef	169	SUPERFAMILY	SSF50475	FMN-binding split barrel	13	163	3.88E-42	T	07-05-2025	-	-	-	-
HFDHAJOI_04956	feb2306c1b62fcd8c8bdbb9a87f0eeef	169	SMART	SM00903	Flavin_Reduct_2	17	162	1.7E-46	T	07-05-2025	IPR002563	Flavin reductase like domain	GO:0010181(InterPro)	-
HFDHAJOI_04956	feb2306c1b62fcd8c8bdbb9a87f0eeef	169	Pfam	PF01613	Flavin reductase like domain	17	163	6.3E-34	T	07-05-2025	IPR002563	Flavin reductase like domain	GO:0010181(InterPro)	-
HFDHAJOI_04956	feb2306c1b62fcd8c8bdbb9a87f0eeef	169	Gene3D	G3DSA:2.30.110.10	-	1	168	1.8E-41	T	07-05-2025	IPR012349	FMN-binding split barrel	-	-
HFDHAJOI_04967	a45cbbb76ab97aa7716bd07c9e8d4cb3	328	ProSiteProfiles	PS50931	LysR-type HTH domain profile.	24	76	22.265894	T	07-05-2025	IPR000847	LysR, HTH, N-terminal domain	GO:0003700(InterPro)|GO:0006355(InterPro)	-
HFDHAJOI_04967	a45cbbb76ab97aa7716bd07c9e8d4cb3	328	Gene3D	G3DSA:3.40.190.290	-	104	310	1.0E-62	T	07-05-2025	-	-	-	-
HFDHAJOI_04967	a45cbbb76ab97aa7716bd07c9e8d4cb3	328	CDD	cd08422	PBP2_CrgA_like	109	306	5.98371E-80	T	07-05-2025	-	-	-	-
HFDHAJOI_04967	a45cbbb76ab97aa7716bd07c9e8d4cb3	328	Gene3D	G3DSA:1.10.10.10	-	20	103	6.2E-21	T	07-05-2025	IPR036388	Winged helix-like DNA-binding domain superfamily	-	-
HFDHAJOI_04967	a45cbbb76ab97aa7716bd07c9e8d4cb3	328	SUPERFAMILY	SSF46785	"Winged helix" DNA-binding domain	21	129	1.03E-21	T	07-05-2025	IPR036390	Winged helix DNA-binding domain superfamily	-	-
HFDHAJOI_04967	a45cbbb76ab97aa7716bd07c9e8d4cb3	328	FunFam	G3DSA:1.10.10.10:FF:000001	LysR family transcriptional regulator	18	102	8.7E-22	T	07-05-2025	-	-	-	-
HFDHAJOI_04967	a45cbbb76ab97aa7716bd07c9e8d4cb3	328	Pfam	PF03466	LysR substrate binding domain	105	310	1.3E-39	T	07-05-2025	IPR005119	LysR, substrate-binding	-	-
HFDHAJOI_04967	a45cbbb76ab97aa7716bd07c9e8d4cb3	328	PANTHER	PTHR30537	HTH-TYPE TRANSCRIPTIONAL REGULATOR	17	314	2.4E-84	T	07-05-2025	-	-	GO:0003700(PANTHER)|GO:0006351(PANTHER)|GO:0043565(PANTHER)	-
HFDHAJOI_04967	a45cbbb76ab97aa7716bd07c9e8d4cb3	328	SUPERFAMILY	SSF53850	Periplasmic binding protein-like II	106	314	3.62E-47	T	07-05-2025	-	-	-	-
HFDHAJOI_04967	a45cbbb76ab97aa7716bd07c9e8d4cb3	328	Pfam	PF00126	Bacterial regulatory helix-turn-helix protein, lysR family	23	80	3.9E-15	T	07-05-2025	IPR000847	LysR, HTH, N-terminal domain	GO:0003700(InterPro)|GO:0006355(InterPro)	-
HFDHAJOI_04933	c658d546c98fc3f7dba69ee38761434f	509	CDD	cd03216	ABC_Carb_Monos_I	9	225	2.93447E-68	T	07-05-2025	-	-	-	-
HFDHAJOI_04933	c658d546c98fc3f7dba69ee38761434f	509	Pfam	PF00005	ABC transporter	24	174	1.8E-29	T	07-05-2025	IPR003439	ABC transporter-like, ATP-binding domain	GO:0005524(InterPro)|GO:0016887(InterPro)	-
HFDHAJOI_04933	c658d546c98fc3f7dba69ee38761434f	509	SUPERFAMILY	SSF52540	P-loop containing nucleoside triphosphate hydrolases	9	230	2.61E-55	T	07-05-2025	IPR027417	P-loop containing nucleoside triphosphate hydrolase	-	-
HFDHAJOI_04933	c658d546c98fc3f7dba69ee38761434f	509	ProSiteProfiles	PS50893	ATP-binding cassette, ABC transporter-type domain profile.	262	504	20.341589	T	07-05-2025	IPR003439	ABC transporter-like, ATP-binding domain	GO:0005524(InterPro)|GO:0016887(InterPro)	-
HFDHAJOI_04933	c658d546c98fc3f7dba69ee38761434f	509	ProSiteProfiles	PS50893	ATP-binding cassette, ABC transporter-type domain profile.	9	245	21.715466	T	07-05-2025	IPR003439	ABC transporter-like, ATP-binding domain	GO:0005524(InterPro)|GO:0016887(InterPro)	-
HFDHAJOI_04933	c658d546c98fc3f7dba69ee38761434f	509	CDD	cd03215	ABC_Carb_Monos_II	258	482	9.09779E-79	T	07-05-2025	-	-	-	-
HFDHAJOI_04933	c658d546c98fc3f7dba69ee38761434f	509	ProSitePatterns	PS00211	ABC transporters family signature.	405	419	-	T	07-05-2025	IPR017871	ABC transporter-like, conserved site	GO:0005524(InterPro)|GO:0016887(InterPro)	-
HFDHAJOI_04933	c658d546c98fc3f7dba69ee38761434f	509	PANTHER	PTHR43790	CARBOHYDRATE TRANSPORT ATP-BINDING PROTEIN MG119-RELATED	8	497	2.3E-165	T	07-05-2025	IPR050107	ABC transporter carbohydrate import ATP-binding proteins	-	-
HFDHAJOI_04933	c658d546c98fc3f7dba69ee38761434f	509	SMART	SM00382	AAA_5	33	222	6.0E-11	T	07-05-2025	IPR003593	AAA+ ATPase domain	-	-
HFDHAJOI_04933	c658d546c98fc3f7dba69ee38761434f	509	SMART	SM00382	AAA_5	287	481	4.0E-8	T	07-05-2025	IPR003593	AAA+ ATPase domain	-	-
HFDHAJOI_04933	c658d546c98fc3f7dba69ee38761434f	509	SUPERFAMILY	SSF52540	P-loop containing nucleoside triphosphate hydrolases	264	487	2.85E-47	T	07-05-2025	IPR027417	P-loop containing nucleoside triphosphate hydrolase	-	-
HFDHAJOI_04933	c658d546c98fc3f7dba69ee38761434f	509	Pfam	PF00005	ABC transporter	279	432	2.0E-19	T	07-05-2025	IPR003439	ABC transporter-like, ATP-binding domain	GO:0005524(InterPro)|GO:0016887(InterPro)	-
HFDHAJOI_04933	c658d546c98fc3f7dba69ee38761434f	509	Gene3D	G3DSA:3.40.50.300	-	5	233	3.1E-55	T	07-05-2025	IPR027417	P-loop containing nucleoside triphosphate hydrolase	-	-
HFDHAJOI_04933	c658d546c98fc3f7dba69ee38761434f	509	Gene3D	G3DSA:3.40.50.300	-	249	503	2.1E-48	T	07-05-2025	IPR027417	P-loop containing nucleoside triphosphate hydrolase	-	-
HFDHAJOI_04950	f3f49200b0e3774483382a3a014753ec	362	Pfam	PF01546	Peptidase family M20/M25/M40	65	345	2.5E-24	T	07-05-2025	IPR002933	Peptidase M20	GO:0016787(InterPro)	-
HFDHAJOI_04950	f3f49200b0e3774483382a3a014753ec	362	SUPERFAMILY	SSF53187	Zn-dependent exopeptidases	4	343	1.11E-48	T	07-05-2025	-	-	-	-
HFDHAJOI_04950	f3f49200b0e3774483382a3a014753ec	362	PANTHER	PTHR43808	ACETYLORNITHINE DEACETYLASE	3	344	5.8E-64	T	07-05-2025	IPR050072	Peptidase M20A family, bacterial cell wall biosynthesis	GO:0006526(PANTHER)|GO:0008777(PANTHER)	-
HFDHAJOI_04950	f3f49200b0e3774483382a3a014753ec	362	ProSitePatterns	PS00759	ArgE / dapE / ACY1 / CPG2 / yscS family signature 2.	99	136	-	T	07-05-2025	IPR001261	ArgE/DapE/ACY1/CPG2/YscS, conserved site	-	-
HFDHAJOI_04950	f3f49200b0e3774483382a3a014753ec	362	CDD	cd03894	M20_ArgE	5	344	9.22751E-139	T	07-05-2025	-	-	-	-
HFDHAJOI_04950	f3f49200b0e3774483382a3a014753ec	362	Gene3D	G3DSA:3.40.630.10	Zn peptidases	10	345	8.9E-85	T	07-05-2025	-	-	-	-
HFDHAJOI_04950	f3f49200b0e3774483382a3a014753ec	362	NCBIfam	TIGR01892	acetylornithine deacetylase	5	345	4.3E-121	T	07-05-2025	IPR010169	Acetylornithine deacetylase ArgE	GO:0006526(InterPro)|GO:0019213(InterPro)	-
HFDHAJOI_04950	f3f49200b0e3774483382a3a014753ec	362	NCBIfam	NF005710	acetylornithine deacetylase	2	345	1.3E-126	T	07-05-2025	-	-	-	-
HFDHAJOI_04950	f3f49200b0e3774483382a3a014753ec	362	Pfam	PF07687	Peptidase dimerisation domain	170	270	4.5E-14	T	07-05-2025	IPR011650	Peptidase M20, dimerisation domain	-	-
HFDHAJOI_04950	f3f49200b0e3774483382a3a014753ec	362	Gene3D	G3DSA:3.30.70.360	-	173	289	8.9E-85	T	07-05-2025	-	-	-	-
HFDHAJOI_04950	f3f49200b0e3774483382a3a014753ec	362	SUPERFAMILY	SSF55031	Bacterial exopeptidase dimerisation domain	173	277	6.88E-19	T	07-05-2025	IPR036264	Bacterial exopeptidase dimerisation domain	-	-
HFDHAJOI_04868	ef9b9d9fb471fad64529076ccfeb2c82	300	SUPERFAMILY	SSF56349	DNA breaking-rejoining enzymes	16	278	1.12E-55	T	07-05-2025	IPR011010	DNA breaking-rejoining enzyme, catalytic core	GO:0003677(InterPro)	-
HFDHAJOI_04868	ef9b9d9fb471fad64529076ccfeb2c82	300	ProSiteProfiles	PS51898	Tyrosine recombinase domain profile.	105	284	48.356682	T	07-05-2025	IPR002104	Integrase, catalytic domain	GO:0003677(InterPro)|GO:0006310(InterPro)|GO:0015074(InterPro)	-
HFDHAJOI_04868	ef9b9d9fb471fad64529076ccfeb2c82	300	Pfam	PF13495	Phage integrase, N-terminal SAM-like domain	12	90	1.0E-10	T	07-05-2025	IPR004107	Integrase, SAM-like, N-terminal	GO:0003677(InterPro)|GO:0015074(InterPro)	-
HFDHAJOI_04868	ef9b9d9fb471fad64529076ccfeb2c82	300	ProSiteProfiles	PS51900	Core-binding (CB) domain profile.	7	88	14.299397	T	07-05-2025	IPR044068	Core-binding (CB) domain	-	-
HFDHAJOI_04868	ef9b9d9fb471fad64529076ccfeb2c82	300	PANTHER	PTHR30349	PHAGE INTEGRASE-RELATED	17	276	1.3E-37	T	07-05-2025	IPR050090	Bacterial tyrosine recombinase XerC/XerD complex	-	-
HFDHAJOI_04868	ef9b9d9fb471fad64529076ccfeb2c82	300	Gene3D	G3DSA:1.10.443.10	Intergrase catalytic core	101	287	4.5E-51	T	07-05-2025	IPR013762	Integrase-like, catalytic domain superfamily	GO:0003677(InterPro)|GO:0006310(InterPro)|GO:0015074(InterPro)	-
HFDHAJOI_04868	ef9b9d9fb471fad64529076ccfeb2c82	300	Pfam	PF00589	Phage integrase family	110	275	4.2E-38	T	07-05-2025	IPR002104	Integrase, catalytic domain	GO:0003677(InterPro)|GO:0006310(InterPro)|GO:0015074(InterPro)	-
HFDHAJOI_04868	ef9b9d9fb471fad64529076ccfeb2c82	300	Gene3D	G3DSA:1.10.150.130	-	10	94	3.3E-14	T	07-05-2025	IPR010998	Integrase/recombinase, N-terminal	-	-
HFDHAJOI_04974	1e9f60af6d308e2350097adc50bba45a	312	PANTHER	PTHR30346	TRANSCRIPTIONAL DUAL REGULATOR HCAR-RELATED	1	292	2.8E-75	T	07-05-2025	-	-	GO:0003700(PANTHER)|GO:0006355(PANTHER)|GO:0032993(PANTHER)	-
HFDHAJOI_04974	1e9f60af6d308e2350097adc50bba45a	312	PRINTS	PR00039	LysR bacterial regulatory protein HTH signature	18	29	4.4E-9	T	07-05-2025	IPR000847	LysR, HTH, N-terminal domain	GO:0003700(InterPro)|GO:0006355(InterPro)	-
HFDHAJOI_04974	1e9f60af6d308e2350097adc50bba45a	312	PRINTS	PR00039	LysR bacterial regulatory protein HTH signature	29	39	4.4E-9	T	07-05-2025	IPR000847	LysR, HTH, N-terminal domain	GO:0003700(InterPro)|GO:0006355(InterPro)	-
HFDHAJOI_04974	1e9f60af6d308e2350097adc50bba45a	312	PRINTS	PR00039	LysR bacterial regulatory protein HTH signature	39	50	4.4E-9	T	07-05-2025	IPR000847	LysR, HTH, N-terminal domain	GO:0003700(InterPro)|GO:0006355(InterPro)	-
HFDHAJOI_04974	1e9f60af6d308e2350097adc50bba45a	312	ProSiteProfiles	PS50931	LysR-type HTH domain profile.	1	58	34.927467	T	07-05-2025	IPR000847	LysR, HTH, N-terminal domain	GO:0003700(InterPro)|GO:0006355(InterPro)	-
HFDHAJOI_04974	1e9f60af6d308e2350097adc50bba45a	312	SUPERFAMILY	SSF46785	"Winged helix" DNA-binding domain	1	84	2.18E-25	T	07-05-2025	IPR036390	Winged helix DNA-binding domain superfamily	-	-
HFDHAJOI_04974	1e9f60af6d308e2350097adc50bba45a	312	Gene3D	G3DSA:3.40.190.10	-	93	283	3.4E-58	T	07-05-2025	-	-	-	-
HFDHAJOI_04974	1e9f60af6d308e2350097adc50bba45a	312	Gene3D	G3DSA:1.10.10.10	-	1	91	1.1E-29	T	07-05-2025	IPR036388	Winged helix-like DNA-binding domain superfamily	-	-
HFDHAJOI_04974	1e9f60af6d308e2350097adc50bba45a	312	FunFam	G3DSA:1.10.10.10:FF:000001	LysR family transcriptional regulator	1	84	1.7E-28	T	07-05-2025	-	-	-	-
HFDHAJOI_04974	1e9f60af6d308e2350097adc50bba45a	312	Pfam	PF03466	LysR substrate binding domain	90	290	4.8E-30	T	07-05-2025	IPR005119	LysR, substrate-binding	-	-
HFDHAJOI_04974	1e9f60af6d308e2350097adc50bba45a	312	Pfam	PF00126	Bacterial regulatory helix-turn-helix protein, lysR family	3	62	3.2E-20	T	07-05-2025	IPR000847	LysR, HTH, N-terminal domain	GO:0003700(InterPro)|GO:0006355(InterPro)	-
HFDHAJOI_04974	1e9f60af6d308e2350097adc50bba45a	312	SUPERFAMILY	SSF53850	Periplasmic binding protein-like II	90	296	4.02E-29	T	07-05-2025	-	-	-	-
HFDHAJOI_04974	1e9f60af6d308e2350097adc50bba45a	312	Gene3D	G3DSA:3.40.190.10	-	163	267	3.4E-58	T	07-05-2025	-	-	-	-
HFDHAJOI_04911	bf2b3993d788fa295bc8034444822613	412	NCBIfam	NF010396	replication protein C domain-containing protein	1	411	4.9E-180	T	07-05-2025	-	-	-	-
HFDHAJOI_04911	bf2b3993d788fa295bc8034444822613	412	Pfam	PF03428	Replication protein C N-terminal domain	17	186	8.5E-65	T	07-05-2025	IPR005090	Plasmid replication protein C, N-terminal	-	-
HFDHAJOI_04911	bf2b3993d788fa295bc8034444822613	412	NCBIfam	NF040974	plasmid replication protein RepC	1	401	1.5E-161	T	07-05-2025	IPR047611	Plasmid replication protein RepC	-	-
HFDHAJOI_04911	bf2b3993d788fa295bc8034444822613	412	SUPERFAMILY	SSF46785	"Winged helix" DNA-binding domain	91	153	1.77E-6	T	07-05-2025	IPR036390	Winged helix DNA-binding domain superfamily	-	-
HFDHAJOI_04911	bf2b3993d788fa295bc8034444822613	412	Gene3D	G3DSA:1.10.10.10	-	45	166	1.8E-5	T	07-05-2025	IPR036388	Winged helix-like DNA-binding domain superfamily	-	-
HFDHAJOI_04911	bf2b3993d788fa295bc8034444822613	412	CDD	cd00090	HTH_ARSR	84	124	1.75839E-4	T	07-05-2025	IPR011991	ArsR-like helix-turn-helix domain	-	-
HFDHAJOI_04911	bf2b3993d788fa295bc8034444822613	412	Pfam	PF11800	Replication protein C C-terminal region	302	403	5.5E-38	T	07-05-2025	IPR021760	Plasmid replication protein C, C-terminal	-	-
HFDHAJOI_04911	bf2b3993d788fa295bc8034444822613	412	Coils	Coil	Coil	218	238	-	T	07-05-2025	-	-	-	-
HFDHAJOI_04910	ca15330f04a924bcd6a38b1682589d24	211	MobiDBLite	mobidb-lite	consensus disorder prediction	164	211	-	T	07-05-2025	-	-	-	-
HFDHAJOI_04910	ca15330f04a924bcd6a38b1682589d24	211	MobiDBLite	mobidb-lite	consensus disorder prediction	180	202	-	T	07-05-2025	-	-	-	-
HFDHAJOI_04910	ca15330f04a924bcd6a38b1682589d24	211	ProSiteProfiles	PS50943	Cro/C1-type HTH domain profile.	55	110	11.415687	T	07-05-2025	IPR001387	Cro/C1-type helix-turn-helix domain	-	-
HFDHAJOI_04910	ca15330f04a924bcd6a38b1682589d24	211	CDD	cd00093	HTH_XRE	55	103	6.16439E-7	T	07-05-2025	IPR001387	Cro/C1-type helix-turn-helix domain	-	-
HFDHAJOI_04910	ca15330f04a924bcd6a38b1682589d24	211	Gene3D	G3DSA:1.10.260.40	-	45	111	2.9E-7	T	07-05-2025	IPR010982	Lambda repressor-like, DNA-binding domain superfamily	GO:0003677(InterPro)	-
HFDHAJOI_04910	ca15330f04a924bcd6a38b1682589d24	211	Coils	Coil	Coil	158	190	-	T	07-05-2025	-	-	-	-
HFDHAJOI_04910	ca15330f04a924bcd6a38b1682589d24	211	Pfam	PF01381	Helix-turn-helix	56	103	4.9E-4	T	07-05-2025	IPR001387	Cro/C1-type helix-turn-helix domain	-	-
HFDHAJOI_04910	ca15330f04a924bcd6a38b1682589d24	211	SUPERFAMILY	SSF47413	lambda repressor-like DNA-binding domains	50	104	6.82E-8	T	07-05-2025	IPR010982	Lambda repressor-like, DNA-binding domain superfamily	GO:0003677(InterPro)	-
HFDHAJOI_05012	5f56bb6d80b4459a90989f9b16b438fa	406	ProSiteProfiles	PS50850	Major facilitator superfamily (MFS) profile.	21	406	15.290821	T	07-05-2025	IPR020846	Major facilitator superfamily domain	GO:0022857(InterPro)	-
HFDHAJOI_05012	5f56bb6d80b4459a90989f9b16b438fa	406	SUPERFAMILY	SSF103473	MFS general substrate transporter	22	398	3.4E-52	T	07-05-2025	IPR036259	MFS transporter superfamily	-	-
HFDHAJOI_05012	5f56bb6d80b4459a90989f9b16b438fa	406	Pfam	PF05977	Transmembrane secretion effector	14	403	2.1E-94	T	07-05-2025	IPR010290	Transmembrane secretion effector	-	-
HFDHAJOI_05012	5f56bb6d80b4459a90989f9b16b438fa	406	CDD	cd06173	MFS_MefA_like	22	403	2.33501E-52	T	07-05-2025	-	-	-	-
HFDHAJOI_05012	5f56bb6d80b4459a90989f9b16b438fa	406	PANTHER	PTHR23513	INTEGRAL MEMBRANE EFFLUX PROTEIN-RELATED	10	400	1.6E-76	T	07-05-2025	-	-	-	-
HFDHAJOI_05012	5f56bb6d80b4459a90989f9b16b438fa	406	Gene3D	G3DSA:1.20.1250.20	MFS general substrate transporter like domains	16	400	1.8E-44	T	07-05-2025	IPR036259	MFS transporter superfamily	-	-
HFDHAJOI_04951	cf322ffb61fe51044c4d322f1e184ee1	307	Gene3D	G3DSA:3.40.50.720	-	92	273	9.5E-97	T	07-05-2025	-	-	-	-
HFDHAJOI_04951	cf322ffb61fe51044c4d322f1e184ee1	307	PANTHER	PTHR43333	2-HACID_DH_C DOMAIN-CONTAINING PROTEIN	49	307	1.3E-44	T	07-05-2025	-	-	-	-
HFDHAJOI_04951	cf322ffb61fe51044c4d322f1e184ee1	307	SUPERFAMILY	SSF51735	NAD(P)-binding Rossmann-fold domains	94	273	9.92E-45	T	07-05-2025	IPR036291	NAD(P)-binding domain superfamily	-	-
HFDHAJOI_04951	cf322ffb61fe51044c4d322f1e184ee1	307	Pfam	PF02826	D-isomer specific 2-hydroxyacid dehydrogenase, NAD binding domain	102	272	2.3E-39	T	07-05-2025	IPR006140	D-isomer specific 2-hydroxyacid dehydrogenase, NAD-binding domain	GO:0051287(InterPro)	-
HFDHAJOI_04951	cf322ffb61fe51044c4d322f1e184ee1	307	CDD	cd12164	GDH_like_2	1	305	9.02576E-159	T	07-05-2025	-	-	-	-
HFDHAJOI_04951	cf322ffb61fe51044c4d322f1e184ee1	307	Gene3D	G3DSA:3.40.50.720	-	15	302	9.5E-97	T	07-05-2025	-	-	-	-
HFDHAJOI_04960	3aad3734c384cb8429a2e1512675505c	424	Pfam	PF00848	Ring hydroxylating alpha subunit (catalytic domain)	190	423	6.7E-12	T	07-05-2025	IPR015879	Aromatic-ring-hydroxylating dioxygenase, alpha subunit, C-terminal domain	GO:0005506(InterPro)|GO:0051537(InterPro)	-
HFDHAJOI_04960	3aad3734c384cb8429a2e1512675505c	424	SUPERFAMILY	SSF55961	Bet v1-like	159	423	3.14E-47	T	07-05-2025	-	-	-	-
HFDHAJOI_04960	3aad3734c384cb8429a2e1512675505c	424	Pfam	PF00355	Rieske [2Fe-2S] domain	43	127	9.3E-15	T	07-05-2025	IPR017941	Rieske [2Fe-2S] iron-sulphur domain	GO:0051537(InterPro)	-
HFDHAJOI_04960	3aad3734c384cb8429a2e1512675505c	424	SUPERFAMILY	SSF50022	ISP domain	16	158	4.45E-44	T	07-05-2025	IPR036922	Rieske [2Fe-2S] iron-sulphur domain superfamily	GO:0051537(InterPro)	-
HFDHAJOI_04960	3aad3734c384cb8429a2e1512675505c	424	Gene3D	G3DSA:3.90.380.10	-	21	422	3.5E-102	T	07-05-2025	-	-	-	-
HFDHAJOI_04960	3aad3734c384cb8429a2e1512675505c	424	Gene3D	G3DSA:2.102.10.10	-	43	166	3.5E-102	T	07-05-2025	IPR036922	Rieske [2Fe-2S] iron-sulphur domain superfamily	GO:0051537(InterPro)	-
HFDHAJOI_04960	3aad3734c384cb8429a2e1512675505c	424	PRINTS	PR00090	Ring hydroxylating dioxygenase alpha-subunit signature	184	206	3.1E-36	T	07-05-2025	IPR001663	Aromatic-ring-hydroxylating dioxygenase, alpha subunit	GO:0051537(InterPro)	-
HFDHAJOI_04960	3aad3734c384cb8429a2e1512675505c	424	PRINTS	PR00090	Ring hydroxylating dioxygenase alpha-subunit signature	79	99	3.1E-36	T	07-05-2025	IPR001663	Aromatic-ring-hydroxylating dioxygenase, alpha subunit	GO:0051537(InterPro)	-
HFDHAJOI_04960	3aad3734c384cb8429a2e1512675505c	424	PRINTS	PR00090	Ring hydroxylating dioxygenase alpha-subunit signature	100	120	3.1E-36	T	07-05-2025	IPR001663	Aromatic-ring-hydroxylating dioxygenase, alpha subunit	GO:0051537(InterPro)	-
HFDHAJOI_04960	3aad3734c384cb8429a2e1512675505c	424	PRINTS	PR00090	Ring hydroxylating dioxygenase alpha-subunit signature	142	168	3.1E-36	T	07-05-2025	IPR001663	Aromatic-ring-hydroxylating dioxygenase, alpha subunit	GO:0051537(InterPro)	-
HFDHAJOI_04960	3aad3734c384cb8429a2e1512675505c	424	PRINTS	PR00090	Ring hydroxylating dioxygenase alpha-subunit signature	58	73	3.1E-36	T	07-05-2025	IPR001663	Aromatic-ring-hydroxylating dioxygenase, alpha subunit	GO:0051537(InterPro)	-
HFDHAJOI_04960	3aad3734c384cb8429a2e1512675505c	424	PRINTS	PR00090	Ring hydroxylating dioxygenase alpha-subunit signature	28	53	3.1E-36	T	07-05-2025	IPR001663	Aromatic-ring-hydroxylating dioxygenase, alpha subunit	GO:0051537(InterPro)	-
HFDHAJOI_04960	3aad3734c384cb8429a2e1512675505c	424	CDD	cd08879	RHO_alpha_C_AntDO-like	190	423	1.31778E-76	T	07-05-2025	-	-	-	-
HFDHAJOI_04960	3aad3734c384cb8429a2e1512675505c	424	ProSiteProfiles	PS51296	Rieske [2Fe-2S] iron-sulfur domain profile.	44	153	29.176884	T	07-05-2025	IPR017941	Rieske [2Fe-2S] iron-sulphur domain	GO:0051537(InterPro)	-
HFDHAJOI_04960	3aad3734c384cb8429a2e1512675505c	424	PANTHER	PTHR43756	CHOLINE MONOOXYGENASE, CHLOROPLASTIC	16	380	8.7E-59	T	07-05-2025	IPR001663	Aromatic-ring-hydroxylating dioxygenase, alpha subunit	GO:0051537(InterPro)	-
HFDHAJOI_04977	462b400c195877eea70d861707ab0b2d	312	Gene3D	G3DSA:2.60.130.10	Aromatic compound dioxygenase	1	311	1.2E-105	T	07-05-2025	IPR015889	Intradiol ring-cleavage dioxygenase, core	GO:0005506(InterPro)|GO:0016702(InterPro)	-
HFDHAJOI_04977	462b400c195877eea70d861707ab0b2d	312	Pfam	PF00775	Dioxygenase	105	293	5.7E-64	T	07-05-2025	IPR000627	Intradiol ring-cleavage dioxygenase, C-terminal	GO:0003824(InterPro)|GO:0008199(InterPro)	-
HFDHAJOI_04977	462b400c195877eea70d861707ab0b2d	312	PANTHER	PTHR33711	DIOXYGENASE, PUTATIVE (AFU_ORTHOLOGUE AFUA_2G02910)-RELATED	21	293	1.1E-50	T	07-05-2025	IPR050770	Intradiol Ring-Cleavage Dioxygenase	-	-
HFDHAJOI_04977	462b400c195877eea70d861707ab0b2d	312	CDD	cd03460	1,2-CTD	10	293	0.0	T	07-05-2025	IPR012801	Catechol 1,2-dioxygenase, proteobacteria	GO:0005506(InterPro)|GO:0018576(InterPro)|GO:0019614(InterPro)	-
HFDHAJOI_04977	462b400c195877eea70d861707ab0b2d	312	NCBIfam	TIGR02439	catechol 1,2-dioxygenase	8	292	5.8E-132	T	07-05-2025	IPR012801	Catechol 1,2-dioxygenase, proteobacteria	GO:0005506(InterPro)|GO:0018576(InterPro)|GO:0019614(InterPro)	-
HFDHAJOI_04977	462b400c195877eea70d861707ab0b2d	312	SUPERFAMILY	SSF49482	Aromatic compound dioxygenase	4	294	3.14E-93	T	07-05-2025	IPR015889	Intradiol ring-cleavage dioxygenase, core	GO:0005506(InterPro)|GO:0016702(InterPro)	-
HFDHAJOI_04977	462b400c195877eea70d861707ab0b2d	312	Pfam	PF04444	Catechol dioxygenase N terminus	27	94	2.6E-18	T	07-05-2025	IPR007535	Catechol dioxygenase, N-terminal	GO:0005506(InterPro)|GO:0009712(InterPro)|GO:0018576(InterPro)	-
HFDHAJOI_05017	a3fd76274437e29598d328dd2c6d06ab	501	PANTHER	PTHR35342	TRICARBOXYLIC TRANSPORT PROTEIN	3	496	3.0E-184	T	07-05-2025	-	-	-	-
HFDHAJOI_05017	a3fd76274437e29598d328dd2c6d06ab	501	Pfam	PF01970	Tripartite tricarboxylate transporter TctA family	22	438	1.1E-147	T	07-05-2025	IPR002823	Protein of unknown function DUF112, transmembrane	-	-
HFDHAJOI_04994	3d8dfedfbd71dba1a854016e5d6188e2	120	Gene3D	G3DSA:2.40.128.290	Uncharacterised protein Atu4866, PF11512	43	120	2.4E-42	T	07-05-2025	IPR038646	Atu4866-like superfamily	-	-
HFDHAJOI_04994	3d8dfedfbd71dba1a854016e5d6188e2	120	Pfam	PF11512	Agrobacterium tumefaciens protein Atu4866	44	119	7.9E-36	T	07-05-2025	IPR020955	Uncharacterised protein family Atu4866	-	-
HFDHAJOI_04898	b43ad27331c4749006d14cb21e06edf3	167	SUPERFAMILY	SSF81301	Nucleotidyltransferase	7	160	9.48E-38	T	07-05-2025	IPR043519	Nucleotidyltransferase superfamily	-	-
HFDHAJOI_04898	b43ad27331c4749006d14cb21e06edf3	167	Gene3D	G3DSA:3.30.460.10	Beta Polymerase, domain 2	4	163	1.1E-41	T	07-05-2025	IPR043519	Nucleotidyltransferase superfamily	-	-
HFDHAJOI_04898	b43ad27331c4749006d14cb21e06edf3	167	PANTHER	PTHR34822	GRPB DOMAIN PROTEIN (AFU_ORTHOLOGUE AFUA_1G01530)	6	160	2.9E-35	T	07-05-2025	IPR007344	GrpB/Dephospho-CoA kinase	-	-
HFDHAJOI_04898	b43ad27331c4749006d14cb21e06edf3	167	Pfam	PF04229	GrpB protein	6	160	6.9E-37	T	07-05-2025	IPR007344	GrpB/Dephospho-CoA kinase	-	-
HFDHAJOI_04899	6e2577e878c18d38c0b9942026f72f07	174	ProSiteProfiles	PS51186	Gcn5-related N-acetyltransferase (GNAT) domain profile.	38	174	17.632694	T	07-05-2025	IPR000182	GNAT domain	GO:0016747(InterPro)	-
HFDHAJOI_04899	6e2577e878c18d38c0b9942026f72f07	174	SUPERFAMILY	SSF55729	Acyl-CoA N-acyltransferases (Nat)	41	165	1.77E-19	T	07-05-2025	IPR016181	Acyl-CoA N-acyltransferase	-	-
HFDHAJOI_04899	6e2577e878c18d38c0b9942026f72f07	174	Gene3D	G3DSA:3.40.630.30	-	36	174	2.0E-21	T	07-05-2025	-	-	-	-
HFDHAJOI_04899	6e2577e878c18d38c0b9942026f72f07	174	Pfam	PF00583	Acetyltransferase (GNAT) family	49	158	7.9E-9	T	07-05-2025	IPR000182	GNAT domain	GO:0016747(InterPro)	-
HFDHAJOI_04899	6e2577e878c18d38c0b9942026f72f07	174	CDD	cd04301	NAT_SF	83	144	9.48653E-7	T	07-05-2025	-	-	-	-
HFDHAJOI_04988	f0dc1c0266066fca0d2948c5950dee89	96	Coils	Coil	Coil	60	87	-	T	07-05-2025	-	-	-	-
HFDHAJOI_04988	f0dc1c0266066fca0d2948c5950dee89	96	SUPERFAMILY	SSF46689	Homeodomain-like	1	94	1.97E-22	T	07-05-2025	IPR009057	Homedomain-like superfamily	-	-
HFDHAJOI_04988	f0dc1c0266066fca0d2948c5950dee89	96	Gene3D	G3DSA:1.10.10.60	-	7	89	2.3E-12	T	07-05-2025	-	-	-	-
HFDHAJOI_04988	f0dc1c0266066fca0d2948c5950dee89	96	PANTHER	PTHR33215	PROTEIN DISTAL ANTENNA	2	91	1.3E-10	T	07-05-2025	IPR051839	Retinal determination transcriptional regulator	-	-
HFDHAJOI_04988	f0dc1c0266066fca0d2948c5950dee89	96	Pfam	PF01527	Transposase	2	75	2.2E-12	T	07-05-2025	IPR002514	Transposase IS3/IS911family	GO:0003677(InterPro)|GO:0004803(InterPro)|GO:0006313(InterPro)	-
HFDHAJOI_04968	0bdd0df9fbc813cd69deab761912c09c	132	Gene3D	G3DSA:3.10.180.10	-	2	127	4.5E-14	T	07-05-2025	IPR029068	Glyoxalase/Bleomycin resistance protein/Dihydroxybiphenyl dioxygenase	-	-
HFDHAJOI_04968	0bdd0df9fbc813cd69deab761912c09c	132	ProSiteProfiles	PS51819	Vicinal oxygen chelate (VOC) domain profile.	11	132	16.494831	T	07-05-2025	IPR037523	Vicinal oxygen chelate (VOC), core domain	-	-
HFDHAJOI_04968	0bdd0df9fbc813cd69deab761912c09c	132	SUPERFAMILY	SSF54593	Glyoxalase/Bleomycin resistance protein/Dihydroxybiphenyl dioxygenase	12	118	7.56E-16	T	07-05-2025	IPR029068	Glyoxalase/Bleomycin resistance protein/Dihydroxybiphenyl dioxygenase	-	-
HFDHAJOI_04968	0bdd0df9fbc813cd69deab761912c09c	132	CDD	cd06587	VOC	14	113	7.33367E-6	T	07-05-2025	-	-	-	-
HFDHAJOI_04968	0bdd0df9fbc813cd69deab761912c09c	132	Pfam	PF13669	Glyoxalase/Bleomycin resistance protein/Dioxygenase superfamily	13	99	0.0051	T	07-05-2025	-	-	-	-
HFDHAJOI_04895	4904cacbcd5c858abb5f4b344bc01a34	115	PANTHER	PTHR36455	-	1	106	7.8E-34	T	07-05-2025	IPR008878	Transposase IS66, Orf2	-	-
HFDHAJOI_04895	4904cacbcd5c858abb5f4b344bc01a34	115	Pfam	PF05717	IS66 Orf2 like protein	9	105	3.0E-35	T	07-05-2025	IPR008878	Transposase IS66, Orf2	-	-
HFDHAJOI_04895	4904cacbcd5c858abb5f4b344bc01a34	115	NCBIfam	NF033819	IS66 family insertion sequence element accessory protein TnpB	10	99	5.0E-32	T	07-05-2025	IPR008878	Transposase IS66, Orf2	-	-
HFDHAJOI_04990	dd3046083f6db0bbc1b8f40dd2a79028	129	Coils	Coil	Coil	80	107	-	T	07-05-2025	-	-	-	-
HFDHAJOI_04990	dd3046083f6db0bbc1b8f40dd2a79028	129	PANTHER	PTHR37936	TRANSPOSASE INSC FOR INSERTION ELEMENT IS2A-RELATED	3	93	1.8E-15	T	07-05-2025	-	-	-	-
HFDHAJOI_04990	dd3046083f6db0bbc1b8f40dd2a79028	129	Pfam	PF01527	Transposase	16	94	6.5E-21	T	07-05-2025	IPR002514	Transposase IS3/IS911family	GO:0003677(InterPro)|GO:0004803(InterPro)|GO:0006313(InterPro)	-
HFDHAJOI_04990	dd3046083f6db0bbc1b8f40dd2a79028	129	SUPERFAMILY	SSF46689	Homeodomain-like	16	108	1.79E-14	T	07-05-2025	IPR009057	Homedomain-like superfamily	-	-
HFDHAJOI_04990	dd3046083f6db0bbc1b8f40dd2a79028	129	Gene3D	G3DSA:1.10.10.10	-	7	72	3.0E-7	T	07-05-2025	IPR036388	Winged helix-like DNA-binding domain superfamily	-	-
HFDHAJOI_04964	437524a7c6bdb928856c91cb7cb30b1d	188	Gene3D	G3DSA:3.10.450.50	-	1	172	4.7E-26	T	07-05-2025	-	-	-	-
HFDHAJOI_04964	437524a7c6bdb928856c91cb7cb30b1d	188	Pfam	PF13577	SnoaL-like domain	16	162	1.1E-11	T	07-05-2025	IPR037401	SnoaL-like domain	-	-
HFDHAJOI_04964	437524a7c6bdb928856c91cb7cb30b1d	188	SUPERFAMILY	SSF54427	NTF2-like	7	176	6.77E-26	T	07-05-2025	IPR032710	NTF2-like domain superfamily	-	-
HFDHAJOI_04892	1da7178a13d52adc66bde0fd6594448e	156	Pfam	PF13302	Acetyltransferase (GNAT) domain	5	126	3.7E-20	T	07-05-2025	IPR000182	GNAT domain	GO:0016747(InterPro)	-
HFDHAJOI_04892	1da7178a13d52adc66bde0fd6594448e	156	PANTHER	PTHR43792	GNAT FAMILY, PUTATIVE (AFU_ORTHOLOGUE AFUA_3G00765)-RELATED-RELATED	8	133	5.9E-19	T	07-05-2025	IPR051531	N-acetyltransferase	-	-
HFDHAJOI_04892	1da7178a13d52adc66bde0fd6594448e	156	SUPERFAMILY	SSF55729	Acyl-CoA N-acyltransferases (Nat)	5	136	1.34E-23	T	07-05-2025	IPR016181	Acyl-CoA N-acyltransferase	-	-
HFDHAJOI_04892	1da7178a13d52adc66bde0fd6594448e	156	ProSiteProfiles	PS51186	Gcn5-related N-acetyltransferase (GNAT) domain profile.	1	143	11.197002	T	07-05-2025	IPR000182	GNAT domain	GO:0016747(InterPro)	-
HFDHAJOI_04892	1da7178a13d52adc66bde0fd6594448e	156	Gene3D	G3DSA:3.40.630.30	-	1	156	2.9E-26	T	07-05-2025	-	-	-	-
HFDHAJOI_04900	3e6579ba26c7056bbbcd66c057afdc34	94	Pfam	PF21810	Family of unknown function (DUF6880)	19	87	5.1E-11	T	07-05-2025	IPR049245	Family of unknown function DUF6880	-	-
HFDHAJOI_04936	9b8b6218dc4fd107011edaf93857af70	326	Gene3D	G3DSA:3.20.20.150	-	1	326	1.9E-91	T	07-05-2025	-	-	-	-
HFDHAJOI_04936	9b8b6218dc4fd107011edaf93857af70	326	SUPERFAMILY	SSF51658	Xylose isomerase-like	5	324	3.54E-66	T	07-05-2025	IPR036237	Xylose isomerase-like superfamily	-	-
HFDHAJOI_04936	9b8b6218dc4fd107011edaf93857af70	326	PRINTS	PR00688	Xylose isomerase signature	92	111	4.3E-5	T	07-05-2025	IPR001998	Xylose isomerase	GO:0005975(InterPro)|GO:0009045(InterPro)	-
HFDHAJOI_04936	9b8b6218dc4fd107011edaf93857af70	326	PRINTS	PR00688	Xylose isomerase signature	202	229	4.3E-5	T	07-05-2025	IPR001998	Xylose isomerase	GO:0005975(InterPro)|GO:0009045(InterPro)	-
HFDHAJOI_04936	9b8b6218dc4fd107011edaf93857af70	326	PRINTS	PR00688	Xylose isomerase signature	161	185	4.3E-5	T	07-05-2025	IPR001998	Xylose isomerase	GO:0005975(InterPro)|GO:0009045(InterPro)	-
HFDHAJOI_04936	9b8b6218dc4fd107011edaf93857af70	326	PANTHER	PTHR30268	L-RHAMNOSE ISOMERASE	69	320	2.2E-16	T	07-05-2025	IPR050337	L-rhamnose isomerase	GO:0008740(PANTHER)|GO:0019301(PANTHER)|GO:0019324(PANTHER)	-
HFDHAJOI_04936	9b8b6218dc4fd107011edaf93857af70	326	ProSiteProfiles	PS51415	Xylose isomerase family profile.	1	326	17.661329	T	07-05-2025	IPR001998	Xylose isomerase	GO:0005975(InterPro)|GO:0009045(InterPro)	-
HFDHAJOI_04936	9b8b6218dc4fd107011edaf93857af70	326	Pfam	PF01261	Xylose isomerase-like TIM barrel	61	289	8.2E-16	T	07-05-2025	IPR013022	Xylose isomerase-like, TIM barrel domain	-	-
HFDHAJOI_05013	4d0bc1d23c2eafd086eb8a4280f7adde	310	Gene3D	G3DSA:3.40.190.290	-	108	309	3.3E-52	T	07-05-2025	-	-	-	-
HFDHAJOI_05013	4d0bc1d23c2eafd086eb8a4280f7adde	310	PANTHER	PTHR30419	HTH-TYPE TRANSCRIPTIONAL REGULATOR YBHD	16	308	1.5E-91	T	07-05-2025	IPR050950	HTH-type LysR transcriptional regulators	GO:0005829(PANTHER)|GO:0006355(PANTHER)	-
HFDHAJOI_05013	4d0bc1d23c2eafd086eb8a4280f7adde	310	FunFam	G3DSA:1.10.10.10:FF:000001	LysR family transcriptional regulator	15	99	1.7E-21	T	07-05-2025	-	-	-	-
HFDHAJOI_05013	4d0bc1d23c2eafd086eb8a4280f7adde	310	SUPERFAMILY	SSF53850	Periplasmic binding protein-like II	105	308	3.55E-49	T	07-05-2025	-	-	-	-
HFDHAJOI_05013	4d0bc1d23c2eafd086eb8a4280f7adde	310	Pfam	PF03466	LysR substrate binding domain	103	306	1.6E-45	T	07-05-2025	IPR005119	LysR, substrate-binding	-	-
HFDHAJOI_05013	4d0bc1d23c2eafd086eb8a4280f7adde	310	Pfam	PF00126	Bacterial regulatory helix-turn-helix protein, lysR family	20	77	2.5E-17	T	07-05-2025	IPR000847	LysR, HTH, N-terminal domain	GO:0003700(InterPro)|GO:0006355(InterPro)	-
HFDHAJOI_05013	4d0bc1d23c2eafd086eb8a4280f7adde	310	CDD	cd08440	PBP2_LTTR_like_4	107	303	1.59561E-82	T	07-05-2025	-	-	-	-
HFDHAJOI_05013	4d0bc1d23c2eafd086eb8a4280f7adde	310	Gene3D	G3DSA:1.10.10.10	-	17	95	6.1E-24	T	07-05-2025	IPR036388	Winged helix-like DNA-binding domain superfamily	-	-
HFDHAJOI_05013	4d0bc1d23c2eafd086eb8a4280f7adde	310	SUPERFAMILY	SSF46785	"Winged helix" DNA-binding domain	16	125	1.6E-22	T	07-05-2025	IPR036390	Winged helix DNA-binding domain superfamily	-	-
HFDHAJOI_05013	4d0bc1d23c2eafd086eb8a4280f7adde	310	PRINTS	PR00039	LysR bacterial regulatory protein HTH signature	44	54	5.9E-9	T	07-05-2025	IPR000847	LysR, HTH, N-terminal domain	GO:0003700(InterPro)|GO:0006355(InterPro)	-
HFDHAJOI_05013	4d0bc1d23c2eafd086eb8a4280f7adde	310	PRINTS	PR00039	LysR bacterial regulatory protein HTH signature	33	44	5.9E-9	T	07-05-2025	IPR000847	LysR, HTH, N-terminal domain	GO:0003700(InterPro)|GO:0006355(InterPro)	-
HFDHAJOI_05013	4d0bc1d23c2eafd086eb8a4280f7adde	310	PRINTS	PR00039	LysR bacterial regulatory protein HTH signature	54	65	5.9E-9	T	07-05-2025	IPR000847	LysR, HTH, N-terminal domain	GO:0003700(InterPro)|GO:0006355(InterPro)	-
HFDHAJOI_05013	4d0bc1d23c2eafd086eb8a4280f7adde	310	ProSiteProfiles	PS50931	LysR-type HTH domain profile.	16	73	27.694838	T	07-05-2025	IPR000847	LysR, HTH, N-terminal domain	GO:0003700(InterPro)|GO:0006355(InterPro)	-
HFDHAJOI_04894	a56d8641d3a9056f4f8eb759c8471ff7	120	Pfam	PF01527	Transposase	11	59	2.2E-11	T	07-05-2025	IPR002514	Transposase IS3/IS911family	GO:0003677(InterPro)|GO:0004803(InterPro)|GO:0006313(InterPro)	-
HFDHAJOI_04894	a56d8641d3a9056f4f8eb759c8471ff7	120	PANTHER	PTHR37936	TRANSPOSASE INSC FOR INSERTION ELEMENT IS2A-RELATED	2	116	2.9E-10	T	07-05-2025	-	-	-	-
HFDHAJOI_04894	a56d8641d3a9056f4f8eb759c8471ff7	120	NCBIfam	NF047595	IS66-like element accessory protein TnpA, ISRel24 branch	12	116	1.3E-19	T	07-05-2025	-	-	-	-
HFDHAJOI_04894	a56d8641d3a9056f4f8eb759c8471ff7	120	SUPERFAMILY	SSF48295	TrpR-like	10	56	4.03E-9	T	07-05-2025	IPR010921	Trp repressor/replication initiator	GO:0043565(InterPro)	-
HFDHAJOI_04905	874240d30a19a5b53d4860df9fac9aee	85	Coils	Coil	Coil	3	30	-	T	07-05-2025	-	-	-	-
HFDHAJOI_05002	b1f90a0b39420c05c8c5f92e35573be1	117	Gene3D	G3DSA:3.30.420.10	-	1	114	4.8E-22	T	07-05-2025	IPR036397	Ribonuclease H superfamily	GO:0003676(InterPro)	-
HFDHAJOI_05002	b1f90a0b39420c05c8c5f92e35573be1	117	PANTHER	PTHR46564	TRANSPOSASE	1	114	3.5E-19	T	07-05-2025	-	-	-	-
HFDHAJOI_05002	b1f90a0b39420c05c8c5f92e35573be1	117	Pfam	PF13358	DDE superfamily endonuclease	2	81	6.7E-17	T	07-05-2025	IPR038717	Tc1-like transposase, DDE domain	-	-
HFDHAJOI_04882	f4b15819e8b8a5d39b04d28f78777e81	497	PANTHER	PTHR30203	OUTER MEMBRANE CATION EFFLUX PROTEIN	53	494	2.1E-46	T	07-05-2025	IPR050737	Outer Membrane Factor (OMF)	-	-
HFDHAJOI_04882	f4b15819e8b8a5d39b04d28f78777e81	497	SUPERFAMILY	SSF56954	Outer membrane efflux proteins (OEP)	5	490	8.37E-60	T	07-05-2025	-	-	-	-
HFDHAJOI_04882	f4b15819e8b8a5d39b04d28f78777e81	497	Gene3D	G3DSA:1.20.1600.10	Outer membrane efflux proteins (OEP)	24	492	8.0E-69	T	07-05-2025	-	-	-	-
HFDHAJOI_04882	f4b15819e8b8a5d39b04d28f78777e81	497	Pfam	PF02321	Outer membrane efflux protein	300	484	1.0E-14	T	07-05-2025	IPR003423	Outer membrane efflux protein	GO:0015562(InterPro)|GO:0055085(InterPro)	-
HFDHAJOI_04882	f4b15819e8b8a5d39b04d28f78777e81	497	Pfam	PF02321	Outer membrane efflux protein	59	278	2.7E-13	T	07-05-2025	IPR003423	Outer membrane efflux protein	GO:0015562(InterPro)|GO:0055085(InterPro)	-
HFDHAJOI_04882	f4b15819e8b8a5d39b04d28f78777e81	497	Coils	Coil	Coil	243	263	-	T	07-05-2025	-	-	-	-
HFDHAJOI_04882	f4b15819e8b8a5d39b04d28f78777e81	497	Coils	Coil	Coil	452	472	-	T	07-05-2025	-	-	-	-
HFDHAJOI_04957	4b17e32fe95c53ca8fc2126b4dae68b8	322	Gene3D	G3DSA:3.10.20.30	-	227	322	6.5E-22	T	07-05-2025	IPR012675	Beta-grasp domain superfamily	-	-
HFDHAJOI_04957	4b17e32fe95c53ca8fc2126b4dae68b8	322	PRINTS	PR00409	Phthalate dioxygenase reductase family signature	93	107	2.1E-33	T	07-05-2025	-	-	-	-
HFDHAJOI_04957	4b17e32fe95c53ca8fc2126b4dae68b8	322	PRINTS	PR00409	Phthalate dioxygenase reductase family signature	30	40	2.1E-33	T	07-05-2025	-	-	-	-
HFDHAJOI_04957	4b17e32fe95c53ca8fc2126b4dae68b8	322	PRINTS	PR00409	Phthalate dioxygenase reductase family signature	194	202	2.1E-33	T	07-05-2025	-	-	-	-
HFDHAJOI_04957	4b17e32fe95c53ca8fc2126b4dae68b8	322	PRINTS	PR00409	Phthalate dioxygenase reductase family signature	140	149	2.1E-33	T	07-05-2025	-	-	-	-
HFDHAJOI_04957	4b17e32fe95c53ca8fc2126b4dae68b8	322	PRINTS	PR00409	Phthalate dioxygenase reductase family signature	79	93	2.1E-33	T	07-05-2025	-	-	-	-
HFDHAJOI_04957	4b17e32fe95c53ca8fc2126b4dae68b8	322	PRINTS	PR00409	Phthalate dioxygenase reductase family signature	115	134	2.1E-33	T	07-05-2025	-	-	-	-
HFDHAJOI_04957	4b17e32fe95c53ca8fc2126b4dae68b8	322	SUPERFAMILY	SSF52343	Ferredoxin reductase-like, C-terminal NADP-linked domain	101	229	1.96E-28	T	07-05-2025	IPR039261	Ferredoxin-NADP reductase (FNR), nucleotide-binding domain	-	-
HFDHAJOI_04957	4b17e32fe95c53ca8fc2126b4dae68b8	322	ProSitePatterns	PS00197	2Fe-2S ferredoxin-type iron-sulfur binding region signature.	271	279	-	T	07-05-2025	IPR006058	2Fe-2S ferredoxin, iron-sulphur binding site	GO:0051537(InterPro)	-
HFDHAJOI_04957	4b17e32fe95c53ca8fc2126b4dae68b8	322	ProSiteProfiles	PS51384	Ferredoxin reductase-type FAD binding domain profile.	3	108	14.0456	T	07-05-2025	IPR017927	FAD-binding domain, ferredoxin reductase-type	GO:0016491(InterPro)	-
HFDHAJOI_04957	4b17e32fe95c53ca8fc2126b4dae68b8	322	Pfam	PF00111	2Fe-2S iron-sulfur cluster binding domain	242	312	6.5E-9	T	07-05-2025	IPR001041	2Fe-2S ferredoxin-type iron-sulfur binding domain	GO:0051536(InterPro)	-
HFDHAJOI_04957	4b17e32fe95c53ca8fc2126b4dae68b8	322	Gene3D	G3DSA:2.40.30.10	Translation factors	2	104	1.5E-23	T	07-05-2025	-	-	-	-
HFDHAJOI_04957	4b17e32fe95c53ca8fc2126b4dae68b8	322	CDD	cd06185	PDR_like	11	227	1.12996E-101	T	07-05-2025	-	-	-	-
HFDHAJOI_04957	4b17e32fe95c53ca8fc2126b4dae68b8	322	SUPERFAMILY	SSF54292	2Fe-2S ferredoxin-like	219	322	3.01E-23	T	07-05-2025	IPR036010	2Fe-2S ferredoxin-like superfamily	GO:0051536(InterPro)	-
HFDHAJOI_04957	4b17e32fe95c53ca8fc2126b4dae68b8	322	Gene3D	G3DSA:3.40.50.80	-	105	226	9.2E-25	T	07-05-2025	IPR039261	Ferredoxin-NADP reductase (FNR), nucleotide-binding domain	-	-
HFDHAJOI_04957	4b17e32fe95c53ca8fc2126b4dae68b8	322	PANTHER	PTHR47354	NADH OXIDOREDUCTASE HCR	6	274	4.7E-52	T	07-05-2025	IPR050415	Multicomponent Reductase Electron Transfer	GO:0016491(PANTHER)	-
HFDHAJOI_04957	4b17e32fe95c53ca8fc2126b4dae68b8	322	SUPERFAMILY	SSF63380	Riboflavin synthase domain-like	5	103	3.4E-22	T	07-05-2025	IPR017938	Riboflavin synthase-like beta-barrel	-	-
HFDHAJOI_04957	4b17e32fe95c53ca8fc2126b4dae68b8	322	CDD	cd00207	fer2	238	304	3.12585E-13	T	07-05-2025	IPR001041	2Fe-2S ferredoxin-type iron-sulfur binding domain	GO:0051536(InterPro)	-
HFDHAJOI_04957	4b17e32fe95c53ca8fc2126b4dae68b8	322	ProSiteProfiles	PS51085	2Fe-2S ferredoxin-type iron-sulfur binding domain profile.	237	322	10.190321	T	07-05-2025	IPR001041	2Fe-2S ferredoxin-type iron-sulfur binding domain	GO:0051536(InterPro)	-
HFDHAJOI_04930	2c58e4abc6c46a768f7a358075013a15	159	PRINTS	PR01837	MgtC/SapB protein signature	51	69	9.8E-42	T	07-05-2025	IPR003416	MgtC/SapB/SrpB/YhiD family	GO:0016020(InterPro)	-
HFDHAJOI_04930	2c58e4abc6c46a768f7a358075013a15	159	PRINTS	PR01837	MgtC/SapB protein signature	78	100	9.8E-42	T	07-05-2025	IPR003416	MgtC/SapB/SrpB/YhiD family	GO:0016020(InterPro)	-
HFDHAJOI_04930	2c58e4abc6c46a768f7a358075013a15	159	PRINTS	PR01837	MgtC/SapB protein signature	107	131	9.8E-42	T	07-05-2025	IPR003416	MgtC/SapB/SrpB/YhiD family	GO:0016020(InterPro)	-
HFDHAJOI_04930	2c58e4abc6c46a768f7a358075013a15	159	PRINTS	PR01837	MgtC/SapB protein signature	32	51	9.8E-42	T	07-05-2025	IPR003416	MgtC/SapB/SrpB/YhiD family	GO:0016020(InterPro)	-
HFDHAJOI_04930	2c58e4abc6c46a768f7a358075013a15	159	PANTHER	PTHR33778	PROTEIN MGTC	23	152	8.8E-40	T	07-05-2025	IPR003416	MgtC/SapB/SrpB/YhiD family	GO:0016020(InterPro)	-
HFDHAJOI_04930	2c58e4abc6c46a768f7a358075013a15	159	Pfam	PF02308	MgtC family	29	149	7.2E-32	T	07-05-2025	IPR049177	MgtC/SapB/SrpB/YhiD, N-terminal domain	-	-
HFDHAJOI_04930	2c58e4abc6c46a768f7a358075013a15	159	SUPERFAMILY	SSF103473	MFS general substrate transporter	7	152	4.58E-5	T	07-05-2025	IPR036259	MFS transporter superfamily	-	-
HFDHAJOI_05001	d37eb5be3ab38369a92f92256671d311	80	MobiDBLite	mobidb-lite	consensus disorder prediction	58	73	-	T	07-05-2025	-	-	-	-
HFDHAJOI_05001	d37eb5be3ab38369a92f92256671d311	80	MobiDBLite	mobidb-lite	consensus disorder prediction	58	80	-	T	07-05-2025	-	-	-	-
HFDHAJOI_05001	d37eb5be3ab38369a92f92256671d311	80	ProSiteProfiles	PS51257	Prokaryotic membrane lipoprotein lipid attachment site profile.	1	29	5.0	T	07-05-2025	-	-	-	-
HFDHAJOI_04973	e7b2c155d88c8929ea880f348af2362a	354	Pfam	PF12625	Arabinose-binding domain of AraC transcription regulator, N-term	33	213	1.2E-35	T	07-05-2025	IPR032687	HTH-type transcriptional regulator AraC-type, N-terminal	-	-
HFDHAJOI_04973	e7b2c155d88c8929ea880f348af2362a	354	ProSiteProfiles	PS01124	Bacterial regulatory proteins, araC family DNA-binding domain profile.	246	344	20.656599	T	07-05-2025	IPR018060	DNA binding HTH domain, AraC-type	GO:0003700(InterPro)|GO:0006355(InterPro)|GO:0043565(InterPro)	-
HFDHAJOI_04973	e7b2c155d88c8929ea880f348af2362a	354	SUPERFAMILY	SSF46689	Homeodomain-like	296	345	5.82E-10	T	07-05-2025	IPR009057	Homedomain-like superfamily	-	-
HFDHAJOI_04973	e7b2c155d88c8929ea880f348af2362a	354	Gene3D	G3DSA:1.10.10.60	-	241	352	1.6E-21	T	07-05-2025	-	-	-	-
HFDHAJOI_04973	e7b2c155d88c8929ea880f348af2362a	354	Pfam	PF12833	Helix-turn-helix domain	266	343	1.4E-15	T	07-05-2025	IPR018060	DNA binding HTH domain, AraC-type	GO:0003700(InterPro)|GO:0006355(InterPro)|GO:0043565(InterPro)	-
HFDHAJOI_04973	e7b2c155d88c8929ea880f348af2362a	354	SMART	SM00342	aracneu4	260	342	1.1E-21	T	07-05-2025	IPR018060	DNA binding HTH domain, AraC-type	GO:0003700(InterPro)|GO:0006355(InterPro)|GO:0043565(InterPro)	-
HFDHAJOI_04973	e7b2c155d88c8929ea880f348af2362a	354	MobiDBLite	mobidb-lite	consensus disorder prediction	335	354	-	T	07-05-2025	-	-	-	-
HFDHAJOI_04973	e7b2c155d88c8929ea880f348af2362a	354	PANTHER	PTHR47894	HTH-TYPE TRANSCRIPTIONAL REGULATOR GADX	17	347	1.3E-54	T	07-05-2025	-	-	GO:0000976(PANTHER)|GO:0003700(PANTHER)|GO:0005829(PANTHER)	-
HFDHAJOI_04918	17883fa4109883ad8cd8613ee9328bde	92	SUPERFAMILY	SSF46689	Homeodomain-like	14	77	1.79E-9	T	07-05-2025	IPR009057	Homedomain-like superfamily	-	-
HFDHAJOI_04918	17883fa4109883ad8cd8613ee9328bde	92	Coils	Coil	Coil	53	80	-	T	07-05-2025	-	-	-	-
HFDHAJOI_04918	17883fa4109883ad8cd8613ee9328bde	92	PANTHER	PTHR33609	LOW CALCIUM RESPONSE LOCUS PROTEIN S	1	90	1.2E-10	T	07-05-2025	IPR052546	Transposase_8_domain-containing_protein	-	-
HFDHAJOI_04918	17883fa4109883ad8cd8613ee9328bde	92	Pfam	PF01527	Transposase	9	74	2.3E-7	T	07-05-2025	IPR002514	Transposase IS3/IS911family	GO:0003677(InterPro)|GO:0004803(InterPro)|GO:0006313(InterPro)	-
HFDHAJOI_04970	085358a4e440270dceb180892353f832	140	SUPERFAMILY	SSF55298	YjgF-like	4	127	1.73E-27	T	07-05-2025	IPR035959	RutC-like superfamily	-	-
HFDHAJOI_04970	085358a4e440270dceb180892353f832	140	Gene3D	G3DSA:3.30.1330.40	-	4	131	1.1E-25	T	07-05-2025	IPR035959	RutC-like superfamily	-	-
HFDHAJOI_04970	085358a4e440270dceb180892353f832	140	PANTHER	PTHR43857	BLR7761 PROTEIN	6	133	1.5E-20	T	07-05-2025	-	-	-	-
HFDHAJOI_04970	085358a4e440270dceb180892353f832	140	Pfam	PF01042	Endoribonuclease L-PSP	12	125	2.6E-17	T	07-05-2025	IPR006175	YjgF/YER057c/UK114 family	-	-
HFDHAJOI_04947	24f3b139c0e914fd41fa450e7bb59199	188	SUPERFAMILY	SSF54427	NTF2-like	123	184	2.41E-5	T	07-05-2025	IPR032710	NTF2-like domain superfamily	-	-
HFDHAJOI_04947	24f3b139c0e914fd41fa450e7bb59199	188	PIRSF	PIRSF028288	UCP028288	4	187	2.4E-86	T	07-05-2025	IPR016878	Metal-independent carbonic anhydrase-like	-	-
HFDHAJOI_04947	24f3b139c0e914fd41fa450e7bb59199	188	Gene3D	G3DSA:3.10.450.50	-	26	188	7.8E-11	T	07-05-2025	-	-	-	-
HFDHAJOI_04913	cfe87f23531217aaeb1a305d248fb247	401	CDD	cd02042	ParAB_family	123	335	1.3703E-31	T	07-05-2025	-	-	-	-
HFDHAJOI_04913	cfe87f23531217aaeb1a305d248fb247	401	Gene3D	G3DSA:3.40.50.300	-	122	397	5.0E-64	T	07-05-2025	IPR027417	P-loop containing nucleoside triphosphate hydrolase	-	-
HFDHAJOI_04913	cfe87f23531217aaeb1a305d248fb247	401	SUPERFAMILY	SSF52540	P-loop containing nucleoside triphosphate hydrolases	122	383	7.23E-49	T	07-05-2025	IPR027417	P-loop containing nucleoside triphosphate hydrolase	-	-
HFDHAJOI_04913	cfe87f23531217aaeb1a305d248fb247	401	NCBIfam	TIGR03453	plasmid partitioning protein RepA	18	400	3.2E-173	T	07-05-2025	IPR017818	Plasmid partitioning protein, RepA	-	-
HFDHAJOI_04913	cfe87f23531217aaeb1a305d248fb247	401	PANTHER	PTHR13696	P-LOOP CONTAINING NUCLEOSIDE TRIPHOSPHATE HYDROLASE	118	371	5.4E-53	T	07-05-2025	IPR050678	DNA Partitioning ATPase	-	-
HFDHAJOI_04913	cfe87f23531217aaeb1a305d248fb247	401	Pfam	PF13614	AAA domain	122	302	2.5E-37	T	07-05-2025	IPR025669	AAA domain	-	-
HFDHAJOI_04913	cfe87f23531217aaeb1a305d248fb247	401	NCBIfam	NF010443	plasmid-partitioning protein RepA	17	400	1.6E-134	T	07-05-2025	-	-	-	-
HFDHAJOI_04946	e5a8b61d2b7acf478bb00e3729b519ae	238	SMART	SM00862	Trans_reg_C_3	156	232	3.5E-25	T	07-05-2025	IPR001867	OmpR/PhoB-type DNA-binding domain	GO:0000160(InterPro)|GO:0003677(InterPro)|GO:0006355(InterPro)	-
HFDHAJOI_04946	e5a8b61d2b7acf478bb00e3729b519ae	238	PANTHER	PTHR48111	REGULATOR OF RPOS	1	234	9.0E-59	T	07-05-2025	IPR039420	Transcriptional regulatory protein WalR-like	GO:0000156(PANTHER)|GO:0000976(PANTHER)|GO:0005829(PANTHER)|GO:0006355(PANTHER)|GO:0032993(PANTHER)	-
HFDHAJOI_04946	e5a8b61d2b7acf478bb00e3729b519ae	238	Pfam	PF00072	Response regulator receiver domain	3	121	1.2E-19	T	07-05-2025	IPR001789	Signal transduction response regulator, receiver domain	GO:0000160(InterPro)	-
HFDHAJOI_04946	e5a8b61d2b7acf478bb00e3729b519ae	238	Gene3D	G3DSA:6.10.250.690	-	90	126	1.5E-18	T	07-05-2025	-	-	-	-
HFDHAJOI_04946	e5a8b61d2b7acf478bb00e3729b519ae	238	ProSiteProfiles	PS51755	OmpR/PhoB-type DNA-binding domain profile.	135	234	39.120762	T	07-05-2025	IPR001867	OmpR/PhoB-type DNA-binding domain	GO:0000160(InterPro)|GO:0003677(InterPro)|GO:0006355(InterPro)	-
HFDHAJOI_04946	e5a8b61d2b7acf478bb00e3729b519ae	238	Gene3D	G3DSA:1.10.10.10	-	132	235	1.0E-31	T	07-05-2025	IPR036388	Winged helix-like DNA-binding domain superfamily	-	-
HFDHAJOI_04946	e5a8b61d2b7acf478bb00e3729b519ae	238	Pfam	PF00486	Transcriptional regulatory protein, C terminal	157	232	1.3E-23	T	07-05-2025	IPR001867	OmpR/PhoB-type DNA-binding domain	GO:0000160(InterPro)|GO:0003677(InterPro)|GO:0006355(InterPro)	-
HFDHAJOI_04946	e5a8b61d2b7acf478bb00e3729b519ae	238	FunFam	G3DSA:1.10.10.10:FF:000005	Two-component system response regulator	133	234	4.8E-30	T	07-05-2025	-	-	-	-
HFDHAJOI_04946	e5a8b61d2b7acf478bb00e3729b519ae	238	Gene3D	G3DSA:3.40.50.2300	-	1	88	4.1E-14	T	07-05-2025	-	-	-	-
HFDHAJOI_04946	e5a8b61d2b7acf478bb00e3729b519ae	238	CDD	cd00383	trans_reg_C	143	232	1.45548E-33	T	07-05-2025	IPR001867	OmpR/PhoB-type DNA-binding domain	GO:0000160(InterPro)|GO:0003677(InterPro)|GO:0006355(InterPro)	-
HFDHAJOI_04946	e5a8b61d2b7acf478bb00e3729b519ae	238	ProSiteProfiles	PS50110	Response regulatory domain profile.	2	124	41.069183	T	07-05-2025	IPR001789	Signal transduction response regulator, receiver domain	GO:0000160(InterPro)	-
HFDHAJOI_04946	e5a8b61d2b7acf478bb00e3729b519ae	238	SMART	SM00448	REC_2	1	120	2.5E-38	T	07-05-2025	IPR001789	Signal transduction response regulator, receiver domain	GO:0000160(InterPro)	-
HFDHAJOI_04946	e5a8b61d2b7acf478bb00e3729b519ae	238	SUPERFAMILY	SSF52172	CheY-like	1	182	6.34E-36	T	07-05-2025	IPR011006	CheY-like superfamily	-	-
HFDHAJOI_04992	8165f9d323d294179fae2172811da7d0	296	Pfam	PF00126	Bacterial regulatory helix-turn-helix protein, lysR family	5	64	2.7E-18	T	07-05-2025	IPR000847	LysR, HTH, N-terminal domain	GO:0003700(InterPro)|GO:0006355(InterPro)	-
HFDHAJOI_04992	8165f9d323d294179fae2172811da7d0	296	ProSiteProfiles	PS50931	LysR-type HTH domain profile.	1	60	27.534945	T	07-05-2025	IPR000847	LysR, HTH, N-terminal domain	GO:0003700(InterPro)|GO:0006355(InterPro)	-
HFDHAJOI_04992	8165f9d323d294179fae2172811da7d0	296	PANTHER	PTHR30537	HTH-TYPE TRANSCRIPTIONAL REGULATOR	2	295	3.4E-76	T	07-05-2025	-	-	GO:0003700(PANTHER)|GO:0006351(PANTHER)|GO:0043565(PANTHER)	-
HFDHAJOI_04992	8165f9d323d294179fae2172811da7d0	296	Pfam	PF03466	LysR substrate binding domain	89	294	2.0E-29	T	07-05-2025	IPR005119	LysR, substrate-binding	-	-
HFDHAJOI_04992	8165f9d323d294179fae2172811da7d0	296	SUPERFAMILY	SSF46785	"Winged helix" DNA-binding domain	4	88	4.72E-23	T	07-05-2025	IPR036390	Winged helix DNA-binding domain superfamily	-	-
HFDHAJOI_04992	8165f9d323d294179fae2172811da7d0	296	FunFam	G3DSA:1.10.10.10:FF:000001	LysR family transcriptional regulator	1	86	2.7E-25	T	07-05-2025	-	-	-	-
HFDHAJOI_04992	8165f9d323d294179fae2172811da7d0	296	CDD	cd08474	PBP2_CrgA_like_5	91	292	5.54866E-95	T	07-05-2025	-	-	-	-
HFDHAJOI_04992	8165f9d323d294179fae2172811da7d0	296	SUPERFAMILY	SSF53850	Periplasmic binding protein-like II	88	295	7.42E-39	T	07-05-2025	-	-	-	-
HFDHAJOI_04992	8165f9d323d294179fae2172811da7d0	296	Gene3D	G3DSA:1.10.10.10	-	1	85	1.1E-24	T	07-05-2025	IPR036388	Winged helix-like DNA-binding domain superfamily	-	-
HFDHAJOI_04992	8165f9d323d294179fae2172811da7d0	296	PRINTS	PR00039	LysR bacterial regulatory protein HTH signature	31	41	2.7E-5	T	07-05-2025	IPR000847	LysR, HTH, N-terminal domain	GO:0003700(InterPro)|GO:0006355(InterPro)	-
HFDHAJOI_04992	8165f9d323d294179fae2172811da7d0	296	PRINTS	PR00039	LysR bacterial regulatory protein HTH signature	41	52	2.7E-5	T	07-05-2025	IPR000847	LysR, HTH, N-terminal domain	GO:0003700(InterPro)|GO:0006355(InterPro)	-
HFDHAJOI_04992	8165f9d323d294179fae2172811da7d0	296	PRINTS	PR00039	LysR bacterial regulatory protein HTH signature	20	31	2.7E-5	T	07-05-2025	IPR000847	LysR, HTH, N-terminal domain	GO:0003700(InterPro)|GO:0006355(InterPro)	-
HFDHAJOI_04992	8165f9d323d294179fae2172811da7d0	296	Gene3D	G3DSA:3.40.190.290	-	88	295	1.1E-48	T	07-05-2025	-	-	-	-
HFDHAJOI_04926	5176061f7534ce9c39b9371b0e1dedd2	219	CDD	cd01948	EAL	23	197	6.51525E-53	T	07-05-2025	IPR001633	EAL domain	-	-
HFDHAJOI_04926	5176061f7534ce9c39b9371b0e1dedd2	219	Gene3D	G3DSA:3.20.20.450	EAL domain	9	208	5.2E-45	T	07-05-2025	IPR035919	EAL domain superfamily	-	-
HFDHAJOI_04926	5176061f7534ce9c39b9371b0e1dedd2	219	SMART	SM00052	duf2_2	1	202	5.0E-12	T	07-05-2025	IPR001633	EAL domain	-	-
HFDHAJOI_04926	5176061f7534ce9c39b9371b0e1dedd2	219	ProSiteProfiles	PS50883	EAL domain profile.	1	211	34.919533	T	07-05-2025	IPR001633	EAL domain	-	-
HFDHAJOI_04926	5176061f7534ce9c39b9371b0e1dedd2	219	PANTHER	PTHR33121	CYCLIC DI-GMP PHOSPHODIESTERASE PDEF	24	197	1.8E-42	T	07-05-2025	IPR050706	Cyclic di-GMP phosphodiesterase-like	GO:0071111(InterPro)	-
HFDHAJOI_04926	5176061f7534ce9c39b9371b0e1dedd2	219	SUPERFAMILY	SSF141868	EAL domain-like	21	198	9.55E-46	T	07-05-2025	IPR035919	EAL domain superfamily	-	-
HFDHAJOI_04926	5176061f7534ce9c39b9371b0e1dedd2	219	Pfam	PF00563	EAL domain	31	197	1.5E-33	T	07-05-2025	IPR001633	EAL domain	-	-
HFDHAJOI_04929	6c1a9e7773d049958ac49cc3660bae04	210	Pfam	PF06055	Exopolysaccharide synthesis, ExoD	18	195	1.6E-41	T	07-05-2025	IPR010331	Exopolysaccharide synthesis, ExoD	-	-
HFDHAJOI_04929	6c1a9e7773d049958ac49cc3660bae04	210	PIRSF	PIRSF033239	ExoD	5	209	4.7E-45	T	07-05-2025	IPR010331	Exopolysaccharide synthesis, ExoD	-	-
HFDHAJOI_04929	6c1a9e7773d049958ac49cc3660bae04	210	PANTHER	PTHR41795	EXOPOLYSACCHARIDE SYNTHESIS PROTEIN	17	201	1.7E-27	T	07-05-2025	IPR010331	Exopolysaccharide synthesis, ExoD	-	-
HFDHAJOI_05009	11aa8395d853af8eeb0e2ce2956adfca	392	CDD	cd06102	citrate_synt_like_2	64	390	2.13009E-81	T	07-05-2025	-	-	-	-
HFDHAJOI_05009	11aa8395d853af8eeb0e2ce2956adfca	392	Gene3D	G3DSA:1.10.230.10	-	254	349	4.7E-44	T	07-05-2025	IPR016143	Citrate synthase-like, small alpha subdomain	-	-
HFDHAJOI_05009	11aa8395d853af8eeb0e2ce2956adfca	392	PRINTS	PR00143	Citrate synthase signature	206	221	1.3E-16	T	07-05-2025	IPR002020	Citrate synthase	GO:0046912(InterPro)	-
HFDHAJOI_05009	11aa8395d853af8eeb0e2ce2956adfca	392	PRINTS	PR00143	Citrate synthase signature	228	256	1.3E-16	T	07-05-2025	IPR002020	Citrate synthase	GO:0046912(InterPro)	-
HFDHAJOI_05009	11aa8395d853af8eeb0e2ce2956adfca	392	PRINTS	PR00143	Citrate synthase signature	282	302	1.3E-16	T	07-05-2025	IPR002020	Citrate synthase	GO:0046912(InterPro)	-
HFDHAJOI_05009	11aa8395d853af8eeb0e2ce2956adfca	392	PRINTS	PR00143	Citrate synthase signature	355	369	1.3E-16	T	07-05-2025	IPR002020	Citrate synthase	GO:0046912(InterPro)	-
HFDHAJOI_05009	11aa8395d853af8eeb0e2ce2956adfca	392	Gene3D	G3DSA:1.10.580.10	Citrate Synthase, domain 1	82	376	4.7E-44	T	07-05-2025	IPR016142	Citrate synthase-like, large alpha subdomain	-	-
HFDHAJOI_05009	11aa8395d853af8eeb0e2ce2956adfca	392	Pfam	PF12728	Helix-turn-helix domain	1	51	8.0E-4	T	07-05-2025	IPR041657	Helix-turn-helix domain, group 17	-	-
HFDHAJOI_05009	11aa8395d853af8eeb0e2ce2956adfca	392	PANTHER	PTHR11739	CITRATE SYNTHASE	202	390	1.3E-32	T	07-05-2025	IPR002020	Citrate synthase	GO:0004108(PANTHER)|GO:0005829(PANTHER)|GO:0005975(PANTHER)|GO:0006099(PANTHER)|GO:0046912(InterPro)	-
HFDHAJOI_05009	11aa8395d853af8eeb0e2ce2956adfca	392	ProSiteProfiles	PS50937	MerR-type HTH domain profile.	1	48	9.851494	T	07-05-2025	IPR000551	MerR-type HTH domain	GO:0003677(InterPro)|GO:0006355(InterPro)	-
HFDHAJOI_05009	11aa8395d853af8eeb0e2ce2956adfca	392	Gene3D	G3DSA:1.10.1660.10	-	1	54	5.6E-6	T	07-05-2025	-	-	-	-
HFDHAJOI_05009	11aa8395d853af8eeb0e2ce2956adfca	392	SUPERFAMILY	SSF48256	Citrate synthase	37	391	3.01E-62	T	07-05-2025	IPR036969	Citrate synthase superfamily	GO:0046912(InterPro)	-
HFDHAJOI_05009	11aa8395d853af8eeb0e2ce2956adfca	392	SUPERFAMILY	SSF46955	Putative DNA-binding domain	1	48	4.44E-7	T	07-05-2025	IPR009061	Putative DNA-binding domain superfamily	-	-
HFDHAJOI_05009	11aa8395d853af8eeb0e2ce2956adfca	392	Pfam	PF00285	Citrate synthase, C-terminal domain	67	385	5.9E-49	T	07-05-2025	IPR002020	Citrate synthase	GO:0046912(InterPro)	-
HFDHAJOI_04871	6df32a50dfee43ca1e5fc3352b0e1365	228	PANTHER	PTHR42957	HELICASE MJ1565-RELATED	67	207	5.6E-30	T	07-05-2025	IPR008571	Helicase HerA-like	-	-
HFDHAJOI_04871	6df32a50dfee43ca1e5fc3352b0e1365	228	Gene3D	G3DSA:3.40.50.300	-	19	199	6.0E-33	T	07-05-2025	IPR027417	P-loop containing nucleoside triphosphate hydrolase	-	-
HFDHAJOI_04871	6df32a50dfee43ca1e5fc3352b0e1365	228	SUPERFAMILY	SSF52540	P-loop containing nucleoside triphosphate hydrolases	98	189	2.92E-16	T	07-05-2025	IPR027417	P-loop containing nucleoside triphosphate hydrolase	-	-
HFDHAJOI_04879	ed6475e33dd6459de9cf03908bcb8f2e	217	MobiDBLite	mobidb-lite	consensus disorder prediction	25	44	-	T	07-05-2025	-	-	-	-
HFDHAJOI_04879	ed6475e33dd6459de9cf03908bcb8f2e	217	MobiDBLite	mobidb-lite	consensus disorder prediction	28	43	-	T	07-05-2025	-	-	-	-
HFDHAJOI_04938	edd33ad31f187520343c2eaca1afa105	319	SMART	SM00861	Transket_pyr_3	12	177	5.5E-43	T	07-05-2025	IPR005475	Transketolase-like, pyrimidine-binding domain	-	-
HFDHAJOI_04938	edd33ad31f187520343c2eaca1afa105	319	Pfam	PF02780	Transketolase, C-terminal domain	188	307	3.3E-29	T	07-05-2025	IPR033248	Transketolase, C-terminal domain	-	-
HFDHAJOI_04938	edd33ad31f187520343c2eaca1afa105	319	Gene3D	G3DSA:3.40.50.920	-	188	319	1.1E-40	T	07-05-2025	IPR009014	Transketolase C-terminal/Pyruvate-ferredoxin oxidoreductase domain II	-	-
HFDHAJOI_04938	edd33ad31f187520343c2eaca1afa105	319	Gene3D	G3DSA:3.40.50.970	-	1	187	4.9E-52	T	07-05-2025	-	-	-	-
HFDHAJOI_04938	edd33ad31f187520343c2eaca1afa105	319	FunFam	G3DSA:3.40.50.970:FF:000129	Transketolase	11	187	8.5E-52	T	07-05-2025	-	-	-	-
HFDHAJOI_04938	edd33ad31f187520343c2eaca1afa105	319	CDD	cd07033	TPP_PYR_DXS_TK_like	16	172	3.26581E-66	T	07-05-2025	-	-	-	-
HFDHAJOI_04938	edd33ad31f187520343c2eaca1afa105	319	Pfam	PF02779	Transketolase, pyrimidine binding domain	14	174	1.8E-32	T	07-05-2025	IPR005475	Transketolase-like, pyrimidine-binding domain	-	-
HFDHAJOI_04938	edd33ad31f187520343c2eaca1afa105	319	SUPERFAMILY	SSF52518	Thiamin diphosphate-binding fold (THDP-binding)	5	178	6.38E-49	T	07-05-2025	IPR029061	Thiamin diphosphate-binding fold	-	-
HFDHAJOI_04938	edd33ad31f187520343c2eaca1afa105	319	PANTHER	PTHR43825	PYRUVATE DEHYDROGENASE E1 COMPONENT	8	318	1.8E-74	T	07-05-2025	IPR051157	Pyruvate Dehydrogenase/Transketolase	-	-
HFDHAJOI_04938	edd33ad31f187520343c2eaca1afa105	319	SUPERFAMILY	SSF52922	TK C-terminal domain-like	183	315	3.14E-35	T	07-05-2025	IPR009014	Transketolase C-terminal/Pyruvate-ferredoxin oxidoreductase domain II	-	-
HFDHAJOI_04996	c4eb20d93fc4956b02dec1cbd68ccf92	270	Pfam	PF12146	Serine aminopeptidase, S33	23	121	6.2E-9	T	07-05-2025	IPR022742	Serine aminopeptidase, S33	-	-
HFDHAJOI_04996	c4eb20d93fc4956b02dec1cbd68ccf92	270	SUPERFAMILY	SSF53474	alpha/beta-Hydrolases	2	261	2.24E-31	T	07-05-2025	IPR029058	Alpha/Beta hydrolase fold	-	-
HFDHAJOI_04996	c4eb20d93fc4956b02dec1cbd68ccf92	270	PANTHER	PTHR43265	ESTERASE ESTD	2	270	1.3E-43	T	07-05-2025	IPR053145	AB hydrolase superfamily Esterase 10	GO:0052689(PANTHER)	-
HFDHAJOI_04996	c4eb20d93fc4956b02dec1cbd68ccf92	270	Gene3D	G3DSA:3.40.50.1820	alpha/beta hydrolase	1	252	2.1E-35	T	07-05-2025	IPR029058	Alpha/Beta hydrolase fold	-	-
HFDHAJOI_04885	904f342b3c2bf1f3fe11fbb9ad081d77	587	Gene3D	G3DSA:3.40.50.300	-	317	572	2.2E-66	T	07-05-2025	IPR027417	P-loop containing nucleoside triphosphate hydrolase	-	-
HFDHAJOI_04885	904f342b3c2bf1f3fe11fbb9ad081d77	587	SMART	SM00382	AAA_5	352	547	4.2E-15	T	07-05-2025	IPR003593	AAA+ ATPase domain	-	-
HFDHAJOI_04885	904f342b3c2bf1f3fe11fbb9ad081d77	587	MobiDBLite	mobidb-lite	consensus disorder prediction	560	587	-	T	07-05-2025	-	-	-	-
HFDHAJOI_04885	904f342b3c2bf1f3fe11fbb9ad081d77	587	MobiDBLite	mobidb-lite	consensus disorder prediction	560	570	-	T	07-05-2025	-	-	-	-
HFDHAJOI_04885	904f342b3c2bf1f3fe11fbb9ad081d77	587	Pfam	PF00664	ABC transporter transmembrane region	20	271	6.1E-4	T	07-05-2025	IPR011527	ABC transporter type 1, transmembrane domain	GO:0005524(InterPro)|GO:0016020(InterPro)|GO:0055085(InterPro)|GO:0140359(InterPro)	-
HFDHAJOI_04885	904f342b3c2bf1f3fe11fbb9ad081d77	587	Pfam	PF00005	ABC transporter	344	491	3.4E-27	T	07-05-2025	IPR003439	ABC transporter-like, ATP-binding domain	GO:0005524(InterPro)|GO:0016887(InterPro)	-
HFDHAJOI_04885	904f342b3c2bf1f3fe11fbb9ad081d77	587	ProSiteProfiles	PS50929	ABC transporter integral membrane type-1 fused domain profile.	20	293	28.99445	T	07-05-2025	IPR011527	ABC transporter type 1, transmembrane domain	GO:0005524(InterPro)|GO:0016020(InterPro)|GO:0055085(InterPro)|GO:0140359(InterPro)	-
HFDHAJOI_04885	904f342b3c2bf1f3fe11fbb9ad081d77	587	NCBIfam	TIGR01842	type I secretion system permease/ATPase	14	553	1.1E-171	T	07-05-2025	IPR010128	ATPase, type I secretion system, PrtD-like	GO:0005524(InterPro)|GO:0016020(InterPro)|GO:0030253(InterPro)|GO:0030256(InterPro)	-
HFDHAJOI_04885	904f342b3c2bf1f3fe11fbb9ad081d77	587	PANTHER	PTHR43394	ATP-DEPENDENT PERMEASE MDL1, MITOCHONDRIAL	55	552	1.3E-74	T	07-05-2025	IPR039421	Type 1 protein exporter	GO:0015421(PANTHER)	-
HFDHAJOI_04885	904f342b3c2bf1f3fe11fbb9ad081d77	587	SUPERFAMILY	SSF52540	P-loop containing nucleoside triphosphate hydrolases	314	552	7.55E-61	T	07-05-2025	IPR027417	P-loop containing nucleoside triphosphate hydrolase	-	-
HFDHAJOI_04885	904f342b3c2bf1f3fe11fbb9ad081d77	587	SUPERFAMILY	SSF90123	ABC transporter transmembrane region	17	302	3.53E-32	T	07-05-2025	IPR036640	ABC transporter type 1, transmembrane domain superfamily	GO:0005524(InterPro)|GO:0016020(InterPro)	-
HFDHAJOI_04885	904f342b3c2bf1f3fe11fbb9ad081d77	587	ProSiteProfiles	PS50893	ATP-binding cassette, ABC transporter-type domain profile.	325	562	21.515387	T	07-05-2025	IPR003439	ABC transporter-like, ATP-binding domain	GO:0005524(InterPro)|GO:0016887(InterPro)	-
HFDHAJOI_04885	904f342b3c2bf1f3fe11fbb9ad081d77	587	Gene3D	G3DSA:1.20.1560.10	ABC transporter type 1, transmembrane domain	12	305	1.6E-24	T	07-05-2025	IPR036640	ABC transporter type 1, transmembrane domain superfamily	GO:0005524(InterPro)|GO:0016020(InterPro)	-
HFDHAJOI_04940	610a6114f79df91fdaf89c49de6abba8	210	PANTHER	PTHR21327	GTP CYCLOHYDROLASE II-RELATED	4	200	1.1E-68	T	07-05-2025	-	-	GO:0005829(PANTHER)|GO:0008686(PANTHER)|GO:0009231(PANTHER)	-
HFDHAJOI_04940	610a6114f79df91fdaf89c49de6abba8	210	NCBIfam	TIGR00506	3,4-dihydroxy-2-butanone-4-phosphate synthase	3	196	4.7E-71	T	07-05-2025	IPR000422	3,4-dihydroxy-2-butanone 4-phosphate synthase, RibB	GO:0008686(InterPro)|GO:0009231(InterPro)	-
HFDHAJOI_04940	610a6114f79df91fdaf89c49de6abba8	210	SUPERFAMILY	SSF55821	YrdC/RibB	2	198	7.78E-82	T	07-05-2025	IPR017945	DHBP synthase RibB-like alpha/beta domain superfamily	-	-
HFDHAJOI_04940	610a6114f79df91fdaf89c49de6abba8	210	Pfam	PF00926	3,4-dihydroxy-2-butanone 4-phosphate synthase	7	196	1.3E-82	T	07-05-2025	IPR000422	3,4-dihydroxy-2-butanone 4-phosphate synthase, RibB	GO:0008686(InterPro)|GO:0009231(InterPro)	-
HFDHAJOI_04940	610a6114f79df91fdaf89c49de6abba8	210	Hamap	MF_00180	3,4-dihydroxy-2-butanone 4-phosphate synthase [ribB].	1	203	39.547836	T	07-05-2025	IPR000422	3,4-dihydroxy-2-butanone 4-phosphate synthase, RibB	GO:0008686(InterPro)|GO:0009231(InterPro)	-
HFDHAJOI_04940	610a6114f79df91fdaf89c49de6abba8	210	FunFam	G3DSA:3.90.870.10:FF:000001	Riboflavin biosynthesis protein RibBA	1	204	1.0E-89	T	07-05-2025	-	-	-	-
HFDHAJOI_04940	610a6114f79df91fdaf89c49de6abba8	210	Gene3D	G3DSA:3.90.870.10	DHBP synthase	1	205	4.9E-90	T	07-05-2025	-	-	-	-
HFDHAJOI_04976	ca4f54d6620618c1c9615edda4dfbafa	96	PIRSF	PIRSF001486	CatC	1	94	1.4E-47	T	07-05-2025	IPR003464	Muconolactone delta-isomerase	-	-
HFDHAJOI_04976	ca4f54d6620618c1c9615edda4dfbafa	96	Pfam	PF02426	Muconolactone delta-isomerase	1	89	3.6E-37	T	07-05-2025	IPR026029	Muconolactone isomerase domain	-	-
HFDHAJOI_04976	ca4f54d6620618c1c9615edda4dfbafa	96	Gene3D	G3DSA:3.30.70.1060	Dimeric alpha+beta barrel	1	94	1.8E-37	T	07-05-2025	-	-	-	-
HFDHAJOI_04976	ca4f54d6620618c1c9615edda4dfbafa	96	NCBIfam	TIGR03221	muconolactone Delta-isomerase	2	91	2.2E-40	T	07-05-2025	IPR003464	Muconolactone delta-isomerase	-	-
HFDHAJOI_04976	ca4f54d6620618c1c9615edda4dfbafa	96	SUPERFAMILY	SSF54909	Dimeric alpha+beta barrel	1	95	5.9E-39	T	07-05-2025	IPR011008	Dimeric alpha-beta barrel	-	-
HFDHAJOI_04919	fdb71e9fc0eaca4060a3b7bd480c1b61	247	Pfam	PF13276	HTH-like domain	5	52	1.2E-10	T	07-05-2025	IPR025948	HTH-like domain	-	-
HFDHAJOI_04919	fdb71e9fc0eaca4060a3b7bd480c1b61	247	NCBIfam	NF033516	IS3 family transposase	3	222	2.9E-61	T	07-05-2025	IPR048020	IS3 transposase	-	-
HFDHAJOI_04919	fdb71e9fc0eaca4060a3b7bd480c1b61	247	SUPERFAMILY	SSF53098	Ribonuclease H-like	66	223	1.77E-40	T	07-05-2025	IPR012337	Ribonuclease H-like superfamily	-	-
HFDHAJOI_04919	fdb71e9fc0eaca4060a3b7bd480c1b61	247	Gene3D	G3DSA:3.30.420.10	-	65	225	2.9E-28	T	07-05-2025	IPR036397	Ribonuclease H superfamily	GO:0003676(InterPro)	-
HFDHAJOI_04919	fdb71e9fc0eaca4060a3b7bd480c1b61	247	MobiDBLite	mobidb-lite	consensus disorder prediction	222	247	-	T	07-05-2025	-	-	-	-
HFDHAJOI_04919	fdb71e9fc0eaca4060a3b7bd480c1b61	247	ProSiteProfiles	PS50994	Integrase catalytic domain profile.	68	228	24.374893	T	07-05-2025	IPR001584	Integrase, catalytic core	GO:0015074(InterPro)	-
HFDHAJOI_04919	fdb71e9fc0eaca4060a3b7bd480c1b61	247	Pfam	PF13683	Integrase core domain	156	221	2.3E-24	T	07-05-2025	IPR001584	Integrase, catalytic core	GO:0015074(InterPro)	-
HFDHAJOI_04919	fdb71e9fc0eaca4060a3b7bd480c1b61	247	PANTHER	PTHR47515	LOW CALCIUM RESPONSE LOCUS PROTEIN T	2	230	1.9E-71	T	07-05-2025	-	-	-	-
HFDHAJOI_04869	87d8b9fa4760b1cde9236acacea1aa26	343	ProSiteProfiles	PS51371	CBS domain profile.	198	259	9.131845	T	07-05-2025	IPR000644	CBS domain	-	-
HFDHAJOI_04869	87d8b9fa4760b1cde9236acacea1aa26	343	CDD	cd04590	CBS_pair_CorC_HlyC_assoc	193	311	1.92314E-37	T	07-05-2025	IPR044751	Ion transporter-like, CBS domain	-	-
HFDHAJOI_04869	87d8b9fa4760b1cde9236acacea1aa26	343	Gene3D	G3DSA:3.10.580.10	-	177	331	1.0E-37	T	07-05-2025	IPR046342	CBS domain superfamily	-	-
HFDHAJOI_04869	87d8b9fa4760b1cde9236acacea1aa26	343	ProSiteProfiles	PS51846	CNNM transmembrane domain profile.	1	179	20.115652	T	07-05-2025	IPR002550	CNNM, transmembrane domain	-	-
HFDHAJOI_04869	87d8b9fa4760b1cde9236acacea1aa26	343	Pfam	PF00571	CBS domain	263	313	3.0E-4	T	07-05-2025	IPR000644	CBS domain	-	-
HFDHAJOI_04869	87d8b9fa4760b1cde9236acacea1aa26	343	SUPERFAMILY	SSF54631	CBS-domain pair	184	324	2.65E-26	T	07-05-2025	IPR046342	CBS domain superfamily	-	-
HFDHAJOI_04869	87d8b9fa4760b1cde9236acacea1aa26	343	ProSiteProfiles	PS51371	CBS domain profile.	263	321	11.644895	T	07-05-2025	IPR000644	CBS domain	-	-
HFDHAJOI_04869	87d8b9fa4760b1cde9236acacea1aa26	343	PANTHER	PTHR22777	HEMOLYSIN-RELATED	4	325	5.3E-70	T	07-05-2025	-	-	GO:0005886(PANTHER)	-
HFDHAJOI_04869	87d8b9fa4760b1cde9236acacea1aa26	343	Pfam	PF01595	Cyclin M transmembrane N-terminal domain	9	177	1.0E-24	T	07-05-2025	IPR002550	CNNM, transmembrane domain	-	-
HFDHAJOI_04965	ce38c39c836d27dd4733c613c6aeab58	521	Gene3D	G3DSA:3.50.50.60	-	18	510	7.6E-177	T	07-05-2025	IPR036188	FAD/NAD(P)-binding domain superfamily	-	-
HFDHAJOI_04965	ce38c39c836d27dd4733c613c6aeab58	521	SUPERFAMILY	SSF51905	FAD/NAD(P)-binding domain	13	519	3.17E-86	T	07-05-2025	IPR036188	FAD/NAD(P)-binding domain superfamily	-	-
HFDHAJOI_04965	ce38c39c836d27dd4733c613c6aeab58	521	ProSitePatterns	PS00623	GMC oxidoreductases signature 1.	93	116	-	T	07-05-2025	IPR000172	Glucose-methanol-choline oxidoreductase, N-terminal	GO:0016614(InterPro)|GO:0050660(InterPro)	-
HFDHAJOI_04965	ce38c39c836d27dd4733c613c6aeab58	521	Pfam	PF00732	GMC oxidoreductase	17	306	5.6E-47	T	07-05-2025	IPR000172	Glucose-methanol-choline oxidoreductase, N-terminal	GO:0016614(InterPro)|GO:0050660(InterPro)	-
HFDHAJOI_04965	ce38c39c836d27dd4733c613c6aeab58	521	ProSitePatterns	PS00624	GMC oxidoreductases signature 2.	265	279	-	T	07-05-2025	IPR000172	Glucose-methanol-choline oxidoreductase, N-terminal	GO:0016614(InterPro)|GO:0050660(InterPro)	-
HFDHAJOI_04965	ce38c39c836d27dd4733c613c6aeab58	521	PIRSF	PIRSF000137	Alcohol_oxidase	2	338	7.9E-97	T	07-05-2025	IPR012132	Glucose-methanol-choline oxidoreductase	GO:0050660(InterPro)	-
HFDHAJOI_04965	ce38c39c836d27dd4733c613c6aeab58	521	PIRSF	PIRSF000137	Alcohol_oxidase	331	521	2.3E-50	T	07-05-2025	IPR012132	Glucose-methanol-choline oxidoreductase	GO:0050660(InterPro)	-
HFDHAJOI_04965	ce38c39c836d27dd4733c613c6aeab58	521	PANTHER	PTHR11552	GLUCOSE-METHANOL-CHOLINE  GMC  OXIDOREDUCTASE	15	518	3.4E-163	T	07-05-2025	IPR012132	Glucose-methanol-choline oxidoreductase	GO:0008812(PANTHER)|GO:0016020(PANTHER)|GO:0016491(PANTHER)|GO:0019285(PANTHER)|GO:0050660(InterPro)	-
HFDHAJOI_04965	ce38c39c836d27dd4733c613c6aeab58	521	Gene3D	G3DSA:3.30.560.10	Glucose Oxidase, domain 3	55	457	7.6E-177	T	07-05-2025	-	-	-	-
HFDHAJOI_04965	ce38c39c836d27dd4733c613c6aeab58	521	SUPERFAMILY	SSF54373	FAD-linked reductases, C-terminal domain	301	462	1.67E-33	T	07-05-2025	-	-	-	-
HFDHAJOI_04965	ce38c39c836d27dd4733c613c6aeab58	521	Pfam	PF05199	GMC oxidoreductase	376	509	2.8E-34	T	07-05-2025	IPR007867	Glucose-methanol-choline oxidoreductase, C-terminal	GO:0016614(InterPro)	-
HFDHAJOI_05007	211aca3d234e95d9994ffbdd7908cf89	359	PANTHER	PTHR30469	MULTIDRUG RESISTANCE PROTEIN MDTA	3	357	9.3E-76	T	07-05-2025	-	-	GO:0015562(PANTHER)|GO:1990281(PANTHER)	-
HFDHAJOI_05007	211aca3d234e95d9994ffbdd7908cf89	359	Coils	Coil	Coil	122	163	-	T	07-05-2025	-	-	-	-
HFDHAJOI_05007	211aca3d234e95d9994ffbdd7908cf89	359	Gene3D	G3DSA:2.40.420.20	-	269	353	1.6E-12	T	07-05-2025	-	-	-	-
HFDHAJOI_05007	211aca3d234e95d9994ffbdd7908cf89	359	Gene3D	G3DSA:1.10.287.470	Helix hairpin bin	92	165	3.3E-37	T	07-05-2025	-	-	-	-
HFDHAJOI_05007	211aca3d234e95d9994ffbdd7908cf89	359	NCBIfam	TIGR01730	efflux RND transporter periplasmic adaptor subunit	35	353	5.4E-67	T	07-05-2025	IPR006143	RND efflux pump, membrane fusion protein	GO:0016020(InterPro)|GO:0022857(InterPro)|GO:0055085(InterPro)	-
HFDHAJOI_05007	211aca3d234e95d9994ffbdd7908cf89	359	ProSiteProfiles	PS51257	Prokaryotic membrane lipoprotein lipid attachment site profile.	1	21	6.0	T	07-05-2025	-	-	-	-
HFDHAJOI_05007	211aca3d234e95d9994ffbdd7908cf89	359	SUPERFAMILY	SSF111369	HlyD-like secretion proteins	48	266	4.18E-23	T	07-05-2025	-	-	-	-
HFDHAJOI_05007	211aca3d234e95d9994ffbdd7908cf89	359	Gene3D	G3DSA:2.40.50.100	-	58	200	3.3E-37	T	07-05-2025	-	-	-	-
HFDHAJOI_05007	211aca3d234e95d9994ffbdd7908cf89	359	Pfam	PF16576	Barrel-sandwich domain of CusB or HlyD membrane-fusion	76	266	1.2E-13	T	07-05-2025	IPR032317	RND efflux pump, membrane fusion protein, barrel-sandwich domain	-	-
HFDHAJOI_05007	211aca3d234e95d9994ffbdd7908cf89	359	Gene3D	G3DSA:2.40.30.170	-	55	260	3.3E-37	T	07-05-2025	-	-	-	-
HFDHAJOI_04942	211aca3d234e95d9994ffbdd7908cf89	359	PANTHER	PTHR30469	MULTIDRUG RESISTANCE PROTEIN MDTA	3	357	9.3E-76	T	07-05-2025	-	-	GO:0015562(PANTHER)|GO:1990281(PANTHER)	-
HFDHAJOI_04942	211aca3d234e95d9994ffbdd7908cf89	359	Coils	Coil	Coil	122	163	-	T	07-05-2025	-	-	-	-
HFDHAJOI_04942	211aca3d234e95d9994ffbdd7908cf89	359	Gene3D	G3DSA:2.40.420.20	-	269	353	1.6E-12	T	07-05-2025	-	-	-	-
HFDHAJOI_04942	211aca3d234e95d9994ffbdd7908cf89	359	Gene3D	G3DSA:1.10.287.470	Helix hairpin bin	92	165	3.3E-37	T	07-05-2025	-	-	-	-
HFDHAJOI_04942	211aca3d234e95d9994ffbdd7908cf89	359	NCBIfam	TIGR01730	efflux RND transporter periplasmic adaptor subunit	35	353	5.4E-67	T	07-05-2025	IPR006143	RND efflux pump, membrane fusion protein	GO:0016020(InterPro)|GO:0022857(InterPro)|GO:0055085(InterPro)	-
HFDHAJOI_04942	211aca3d234e95d9994ffbdd7908cf89	359	ProSiteProfiles	PS51257	Prokaryotic membrane lipoprotein lipid attachment site profile.	1	21	6.0	T	07-05-2025	-	-	-	-
HFDHAJOI_04942	211aca3d234e95d9994ffbdd7908cf89	359	SUPERFAMILY	SSF111369	HlyD-like secretion proteins	48	266	4.18E-23	T	07-05-2025	-	-	-	-
HFDHAJOI_04942	211aca3d234e95d9994ffbdd7908cf89	359	Gene3D	G3DSA:2.40.50.100	-	58	200	3.3E-37	T	07-05-2025	-	-	-	-
HFDHAJOI_04942	211aca3d234e95d9994ffbdd7908cf89	359	Pfam	PF16576	Barrel-sandwich domain of CusB or HlyD membrane-fusion	76	266	1.2E-13	T	07-05-2025	IPR032317	RND efflux pump, membrane fusion protein, barrel-sandwich domain	-	-
HFDHAJOI_04942	211aca3d234e95d9994ffbdd7908cf89	359	Gene3D	G3DSA:2.40.30.170	-	55	260	3.3E-37	T	07-05-2025	-	-	-	-
HFDHAJOI_04921	10b3de17c7cb68e25861682657c4b70a	275	Pfam	PF13683	Integrase core domain	202	267	2.6E-18	T	07-05-2025	IPR001584	Integrase, catalytic core	GO:0015074(InterPro)	-
HFDHAJOI_04921	10b3de17c7cb68e25861682657c4b70a	275	ProSiteProfiles	PS51257	Prokaryotic membrane lipoprotein lipid attachment site profile.	1	26	7.0	T	07-05-2025	-	-	-	-
HFDHAJOI_04921	10b3de17c7cb68e25861682657c4b70a	275	ProSiteProfiles	PS50994	Integrase catalytic domain profile.	114	275	27.118896	T	07-05-2025	IPR001584	Integrase, catalytic core	GO:0015074(InterPro)	-
HFDHAJOI_04921	10b3de17c7cb68e25861682657c4b70a	275	PANTHER	PTHR47515	LOW CALCIUM RESPONSE LOCUS PROTEIN T	3	269	2.8E-90	T	07-05-2025	-	-	-	-
HFDHAJOI_04921	10b3de17c7cb68e25861682657c4b70a	275	SUPERFAMILY	SSF53098	Ribonuclease H-like	112	269	9.99E-41	T	07-05-2025	IPR012337	Ribonuclease H-like superfamily	-	-
HFDHAJOI_04921	10b3de17c7cb68e25861682657c4b70a	275	Gene3D	G3DSA:3.30.420.10	-	114	272	5.3E-30	T	07-05-2025	IPR036397	Ribonuclease H superfamily	GO:0003676(InterPro)	-
HFDHAJOI_04921	10b3de17c7cb68e25861682657c4b70a	275	NCBIfam	NF033516	IS3 family transposase	16	269	1.3E-61	T	07-05-2025	IPR048020	IS3 transposase	-	-
HFDHAJOI_04906	10b3de17c7cb68e25861682657c4b70a	275	Pfam	PF13683	Integrase core domain	202	267	2.6E-18	T	07-05-2025	IPR001584	Integrase, catalytic core	GO:0015074(InterPro)	-
HFDHAJOI_04906	10b3de17c7cb68e25861682657c4b70a	275	ProSiteProfiles	PS51257	Prokaryotic membrane lipoprotein lipid attachment site profile.	1	26	7.0	T	07-05-2025	-	-	-	-
HFDHAJOI_04906	10b3de17c7cb68e25861682657c4b70a	275	ProSiteProfiles	PS50994	Integrase catalytic domain profile.	114	275	27.118896	T	07-05-2025	IPR001584	Integrase, catalytic core	GO:0015074(InterPro)	-
HFDHAJOI_04906	10b3de17c7cb68e25861682657c4b70a	275	PANTHER	PTHR47515	LOW CALCIUM RESPONSE LOCUS PROTEIN T	3	269	2.8E-90	T	07-05-2025	-	-	-	-
HFDHAJOI_04906	10b3de17c7cb68e25861682657c4b70a	275	SUPERFAMILY	SSF53098	Ribonuclease H-like	112	269	9.99E-41	T	07-05-2025	IPR012337	Ribonuclease H-like superfamily	-	-
HFDHAJOI_04906	10b3de17c7cb68e25861682657c4b70a	275	Gene3D	G3DSA:3.30.420.10	-	114	272	5.3E-30	T	07-05-2025	IPR036397	Ribonuclease H superfamily	GO:0003676(InterPro)	-
HFDHAJOI_04906	10b3de17c7cb68e25861682657c4b70a	275	NCBIfam	NF033516	IS3 family transposase	16	269	1.3E-61	T	07-05-2025	IPR048020	IS3 transposase	-	-
HFDHAJOI_04986	ea036dbef3d2ae25d3896451c0684fe4	306	NCBIfam	NF033543	IS256 family transposase	3	295	1.1E-105	T	07-05-2025	-	-	-	-
HFDHAJOI_04986	ea036dbef3d2ae25d3896451c0684fe4	306	PANTHER	PTHR33217	TRANSPOSASE FOR INSERTION SEQUENCE ELEMENT IS1081	5	294	2.7E-88	T	07-05-2025	IPR001207	Transposase, mutator type	GO:0003677(InterPro)|GO:0004803(InterPro)|GO:0006313(InterPro)	-
HFDHAJOI_04986	ea036dbef3d2ae25d3896451c0684fe4	306	Pfam	PF00872	Transposase, Mutator family	3	279	3.1E-94	T	07-05-2025	IPR001207	Transposase, mutator type	GO:0003677(InterPro)|GO:0004803(InterPro)|GO:0006313(InterPro)	-
HFDHAJOI_05018	747a0b01ba4f6f0b98f931769ffc01b9	341	Pfam	PF14319	Transposase zinc-binding domain	3	45	2.3E-13	T	07-05-2025	IPR026889	Transposase zinc-binding domain	-	-
HFDHAJOI_05018	747a0b01ba4f6f0b98f931769ffc01b9	341	MobiDBLite	mobidb-lite	consensus disorder prediction	321	341	-	T	07-05-2025	-	-	-	-
HFDHAJOI_05018	747a0b01ba4f6f0b98f931769ffc01b9	341	MobiDBLite	mobidb-lite	consensus disorder prediction	286	305	-	T	07-05-2025	-	-	-	-
HFDHAJOI_05018	747a0b01ba4f6f0b98f931769ffc01b9	341	Pfam	PF04986	Putative transposase	87	274	3.3E-61	T	07-05-2025	IPR007069	Transposase, IS801/IS1294	GO:0003677(InterPro)|GO:0004803(InterPro)|GO:0006313(InterPro)	-
HFDHAJOI_05018	747a0b01ba4f6f0b98f931769ffc01b9	341	NCBIfam	NF033538	IS91 family transposase	4	321	4.4E-97	T	07-05-2025	IPR054832	Transposase IS91 family	-	-
HFDHAJOI_05018	747a0b01ba4f6f0b98f931769ffc01b9	341	PANTHER	PTHR37023	TRANSPOSASE	7	319	9.0E-71	T	07-05-2025	-	-	-	-
HFDHAJOI_04881	6c73408b8210392329003a49904ac965	399	Pfam	PF12704	MacB-like periplasmic core domain	27	243	1.0E-25	T	07-05-2025	IPR025857	MacB-like periplasmic core domain	-	-
HFDHAJOI_04881	6c73408b8210392329003a49904ac965	399	PANTHER	PTHR30572	MEMBRANE COMPONENT OF TRANSPORTER-RELATED	11	399	2.2E-61	T	07-05-2025	IPR050250	Macrolide Exporter MacB	GO:0005886(PANTHER)|GO:0022857(PANTHER)	-
HFDHAJOI_04881	6c73408b8210392329003a49904ac965	399	Pfam	PF02687	FtsX-like permease C-terminal	280	392	4.5E-20	T	07-05-2025	IPR003838	ABC3 transporter permease, C-terminal	GO:0016020(InterPro)	-
HFDHAJOI_04945	13500e9a45dcb945edf442fc8b7b55d3	543	ProSiteProfiles	PS50885	HAMP domain profile.	220	272	10.662289	T	07-05-2025	IPR003660	HAMP domain	GO:0007165(InterPro)|GO:0016020(InterPro)	-
HFDHAJOI_04945	13500e9a45dcb945edf442fc8b7b55d3	543	Pfam	PF00672	HAMP domain	218	268	1.9E-8	T	07-05-2025	IPR003660	HAMP domain	GO:0007165(InterPro)|GO:0016020(InterPro)	-
HFDHAJOI_04945	13500e9a45dcb945edf442fc8b7b55d3	543	SMART	SM00388	HisKA_10	305	371	1.6E-15	T	07-05-2025	IPR003661	Signal transduction histidine kinase, dimerisation/phosphoacceptor domain	GO:0000155(InterPro)|GO:0007165(InterPro)	-
HFDHAJOI_04945	13500e9a45dcb945edf442fc8b7b55d3	543	Pfam	PF00512	His Kinase A (phospho-acceptor) domain	306	370	9.5E-13	T	07-05-2025	IPR003661	Signal transduction histidine kinase, dimerisation/phosphoacceptor domain	GO:0000155(InterPro)|GO:0007165(InterPro)	-
HFDHAJOI_04945	13500e9a45dcb945edf442fc8b7b55d3	543	CDD	cd06225	HAMP	224	267	1.35674E-10	T	07-05-2025	-	-	-	-
HFDHAJOI_04945	13500e9a45dcb945edf442fc8b7b55d3	543	Gene3D	G3DSA:3.30.565.10	-	386	529	1.8E-34	T	07-05-2025	IPR036890	Histidine kinase/HSP90-like ATPase superfamily	-	-
HFDHAJOI_04945	13500e9a45dcb945edf442fc8b7b55d3	543	ProSiteProfiles	PS50109	Histidine kinase domain profile.	312	529	44.552597	T	07-05-2025	IPR005467	Histidine kinase domain	-	-
HFDHAJOI_04945	13500e9a45dcb945edf442fc8b7b55d3	543	Gene3D	G3DSA:1.10.287.130	-	273	369	3.7E-17	T	07-05-2025	-	-	-	-
HFDHAJOI_04945	13500e9a45dcb945edf442fc8b7b55d3	543	Coils	Coil	Coil	264	284	-	T	07-05-2025	-	-	-	-
HFDHAJOI_04945	13500e9a45dcb945edf442fc8b7b55d3	543	CDD	cd00075	HATPase	422	523	3.69831E-30	T	07-05-2025	-	-	-	-
HFDHAJOI_04945	13500e9a45dcb945edf442fc8b7b55d3	543	SUPERFAMILY	SSF158472	HAMP domain-like	220	268	1.31E-8	T	07-05-2025	-	-	-	-
HFDHAJOI_04945	13500e9a45dcb945edf442fc8b7b55d3	543	SUPERFAMILY	SSF55874	ATPase domain of HSP90 chaperone/DNA topoisomerase II/histidine kinase	360	528	1.57E-39	T	07-05-2025	IPR036890	Histidine kinase/HSP90-like ATPase superfamily	-	-
HFDHAJOI_04945	13500e9a45dcb945edf442fc8b7b55d3	543	FunFam	G3DSA:1.10.287.130:FF:000001	Two-component sensor histidine kinase	301	372	8.7E-16	T	07-05-2025	-	-	-	-
HFDHAJOI_04945	13500e9a45dcb945edf442fc8b7b55d3	543	CDD	cd00082	HisKA	305	367	3.15072E-14	T	07-05-2025	IPR003661	Signal transduction histidine kinase, dimerisation/phosphoacceptor domain	GO:0000155(InterPro)|GO:0007165(InterPro)	-
HFDHAJOI_04945	13500e9a45dcb945edf442fc8b7b55d3	543	Gene3D	G3DSA:6.10.340.10	-	182	272	2.6E-17	T	07-05-2025	-	-	-	-
HFDHAJOI_04945	13500e9a45dcb945edf442fc8b7b55d3	543	PRINTS	PR00344	Bacterial sensor protein C-terminal signature	513	526	2.0E-10	T	07-05-2025	IPR004358	Signal transduction histidine kinase-related protein, C-terminal	GO:0016310(InterPro)|GO:0016772(InterPro)	-
HFDHAJOI_04945	13500e9a45dcb945edf442fc8b7b55d3	543	PRINTS	PR00344	Bacterial sensor protein C-terminal signature	489	507	2.0E-10	T	07-05-2025	IPR004358	Signal transduction histidine kinase-related protein, C-terminal	GO:0016310(InterPro)|GO:0016772(InterPro)	-
HFDHAJOI_04945	13500e9a45dcb945edf442fc8b7b55d3	543	PRINTS	PR00344	Bacterial sensor protein C-terminal signature	454	468	2.0E-10	T	07-05-2025	IPR004358	Signal transduction histidine kinase-related protein, C-terminal	GO:0016310(InterPro)|GO:0016772(InterPro)	-
HFDHAJOI_04945	13500e9a45dcb945edf442fc8b7b55d3	543	PRINTS	PR00344	Bacterial sensor protein C-terminal signature	472	482	2.0E-10	T	07-05-2025	IPR004358	Signal transduction histidine kinase-related protein, C-terminal	GO:0016310(InterPro)|GO:0016772(InterPro)	-
HFDHAJOI_04945	13500e9a45dcb945edf442fc8b7b55d3	543	Pfam	PF02518	Histidine kinase-, DNA gyrase B-, and HSP90-like ATPase	417	527	6.5E-20	T	07-05-2025	IPR003594	Histidine kinase/HSP90-like ATPase domain	-	-
HFDHAJOI_04945	13500e9a45dcb945edf442fc8b7b55d3	543	SMART	SM00304	HAMP_11	220	272	7.8E-11	T	07-05-2025	IPR003660	HAMP domain	GO:0007165(InterPro)|GO:0016020(InterPro)	-
HFDHAJOI_04945	13500e9a45dcb945edf442fc8b7b55d3	543	SUPERFAMILY	SSF47384	Homodimeric domain of signal transducing histidine kinase	291	371	6.08E-16	T	07-05-2025	IPR036097	Signal transduction histidine kinase, dimerisation/phosphoacceptor domain superfamily	GO:0000155(InterPro)|GO:0007165(InterPro)	-
HFDHAJOI_04945	13500e9a45dcb945edf442fc8b7b55d3	543	PANTHER	PTHR43547	TWO-COMPONENT HISTIDINE KINASE	230	527	6.2E-56	T	07-05-2025	-	-	GO:0000155(PANTHER)	-
HFDHAJOI_04945	13500e9a45dcb945edf442fc8b7b55d3	543	SMART	SM00387	HKATPase_4	417	529	1.5E-31	T	07-05-2025	IPR003594	Histidine kinase/HSP90-like ATPase domain	-	-
HFDHAJOI_04939	e6f63e874ef90119b570582e288f9286	494	CDD	cd07769	ASKHA_NBD_FGGY_GK	8	483	0.0	T	07-05-2025	-	-	-	-
HFDHAJOI_04939	e6f63e874ef90119b570582e288f9286	494	PANTHER	PTHR10196	SUGAR KINASE	8	486	5.0E-122	T	07-05-2025	-	-	GO:0004370(PANTHER)|GO:0005829(PANTHER)|GO:0006071(PANTHER)|GO:0016310(PANTHER)|GO:0019563(PANTHER)	-
HFDHAJOI_04939	e6f63e874ef90119b570582e288f9286	494	Gene3D	G3DSA:3.30.420.40	-	256	488	2.0E-63	T	07-05-2025	-	-	-	-
HFDHAJOI_04939	e6f63e874ef90119b570582e288f9286	494	Pfam	PF02782	FGGY family of carbohydrate kinases, C-terminal domain	262	448	2.8E-32	T	07-05-2025	IPR018485	Carbohydrate kinase FGGY, C-terminal	GO:0005975(InterPro)|GO:0016301(InterPro)	-
HFDHAJOI_04939	e6f63e874ef90119b570582e288f9286	494	Gene3D	G3DSA:3.30.420.40	-	3	253	3.0E-80	T	07-05-2025	-	-	-	-
HFDHAJOI_04939	e6f63e874ef90119b570582e288f9286	494	SUPERFAMILY	SSF53067	Actin-like ATPase domain	7	255	1.86E-77	T	07-05-2025	IPR043129	ATPase, nucleotide binding domain	-	-
HFDHAJOI_04939	e6f63e874ef90119b570582e288f9286	494	Pfam	PF00370	FGGY family of carbohydrate kinases, N-terminal domain	8	252	2.1E-59	T	07-05-2025	IPR018484	Carbohydrate kinase FGGY, N-terminal	GO:0005975(InterPro)|GO:0016301(InterPro)	-
HFDHAJOI_04939	e6f63e874ef90119b570582e288f9286	494	ProSitePatterns	PS00445	FGGY family of carbohydrate kinases signature 2.	360	380	-	T	07-05-2025	IPR018483	Carbohydrate kinase, FGGY, conserved site	GO:0005975(InterPro)|GO:0016773(InterPro)	-
HFDHAJOI_04939	e6f63e874ef90119b570582e288f9286	494	SUPERFAMILY	SSF53067	Actin-like ATPase domain	254	489	3.67E-55	T	07-05-2025	IPR043129	ATPase, nucleotide binding domain	-	-
HFDHAJOI_04939	e6f63e874ef90119b570582e288f9286	494	PIRSF	PIRSF000538	GlpK	5	492	4.8E-129	T	07-05-2025	IPR000577	Carbohydrate kinase, FGGY	GO:0005975(InterPro)|GO:0016301(InterPro)	-
HFDHAJOI_04870	0a673a87ac925ccbc1750a9a77ec4531	481	ProSiteProfiles	PS50035	Phospholipase D phosphodiesterase active site profile.	126	153	11.563199	T	07-05-2025	IPR001736	Phospholipase D/Transphosphatidylase	GO:0003824(InterPro)	-
HFDHAJOI_04870	0a673a87ac925ccbc1750a9a77ec4531	481	SUPERFAMILY	SSF56024	Phospholipase D/nuclease	47	220	2.62E-20	T	07-05-2025	-	-	-	-
HFDHAJOI_04870	0a673a87ac925ccbc1750a9a77ec4531	481	CDD	cd09143	PLDc_vPLD1_2_like_bac_2	241	380	2.89671E-77	T	07-05-2025	-	-	-	-
HFDHAJOI_04870	0a673a87ac925ccbc1750a9a77ec4531	481	ProSiteProfiles	PS50035	Phospholipase D phosphodiesterase active site profile.	340	367	12.416399	T	07-05-2025	IPR001736	Phospholipase D/Transphosphatidylase	GO:0003824(InterPro)	-
HFDHAJOI_04870	0a673a87ac925ccbc1750a9a77ec4531	481	Pfam	PF13091	PLD-like domain	254	380	9.2E-6	T	07-05-2025	IPR025202	Phospholipase D-like domain	-	-
HFDHAJOI_04870	0a673a87ac925ccbc1750a9a77ec4531	481	ProSiteProfiles	PS51257	Prokaryotic membrane lipoprotein lipid attachment site profile.	1	28	5.0	T	07-05-2025	-	-	-	-
HFDHAJOI_04870	0a673a87ac925ccbc1750a9a77ec4531	481	PANTHER	PTHR18896	PHOSPHOLIPASE D	44	273	2.5E-30	T	07-05-2025	IPR015679	Phospholipase D family	GO:0004630(PANTHER)|GO:0009395(PANTHER)	-
HFDHAJOI_04870	0a673a87ac925ccbc1750a9a77ec4531	481	SUPERFAMILY	SSF56024	Phospholipase D/nuclease	196	412	6.54E-23	T	07-05-2025	-	-	-	-
HFDHAJOI_04870	0a673a87ac925ccbc1750a9a77ec4531	481	Gene3D	G3DSA:3.30.870.10	Endonuclease Chain A	67	220	1.1E-17	T	07-05-2025	-	-	-	-
HFDHAJOI_04870	0a673a87ac925ccbc1750a9a77ec4531	481	CDD	cd09140	PLDc_vPLD1_2_like_bac_1	44	163	2.22025E-60	T	07-05-2025	-	-	-	-
HFDHAJOI_04870	0a673a87ac925ccbc1750a9a77ec4531	481	Gene3D	G3DSA:3.30.870.10	Endonuclease Chain A	243	393	1.7E-15	T	07-05-2025	-	-	-	-
HFDHAJOI_04870	0a673a87ac925ccbc1750a9a77ec4531	481	SMART	SM00155	pld_4	126	153	1.1	T	07-05-2025	IPR001736	Phospholipase D/Transphosphatidylase	GO:0003824(InterPro)	-
HFDHAJOI_04870	0a673a87ac925ccbc1750a9a77ec4531	481	SMART	SM00155	pld_4	340	367	8.4E-4	T	07-05-2025	IPR001736	Phospholipase D/Transphosphatidylase	GO:0003824(InterPro)	-
HFDHAJOI_04989	e753adf62fd0c71341d2ae15da8fe911	166	ProSiteProfiles	PS50994	Integrase catalytic domain profile.	107	166	10.847442	T	07-05-2025	IPR001584	Integrase, catalytic core	GO:0015074(InterPro)	-
HFDHAJOI_04989	e753adf62fd0c71341d2ae15da8fe911	166	PANTHER	PTHR46889	TRANSPOSASE INSF FOR INSERTION SEQUENCE IS3B-RELATED	2	166	1.1E-50	T	07-05-2025	IPR050900	Transposase IS3/IS150/IS904	-	-
HFDHAJOI_04989	e753adf62fd0c71341d2ae15da8fe911	166	Gene3D	G3DSA:3.30.420.10	-	104	166	7.7E-12	T	07-05-2025	IPR036397	Ribonuclease H superfamily	GO:0003676(InterPro)	-
HFDHAJOI_04989	e753adf62fd0c71341d2ae15da8fe911	166	SUPERFAMILY	SSF53098	Ribonuclease H-like	102	166	2.09E-17	T	07-05-2025	IPR012337	Ribonuclease H-like superfamily	-	-
HFDHAJOI_04989	e753adf62fd0c71341d2ae15da8fe911	166	NCBIfam	NF033516	IS3 family transposase	2	166	6.7E-55	T	07-05-2025	IPR048020	IS3 transposase	-	-
HFDHAJOI_04989	e753adf62fd0c71341d2ae15da8fe911	166	Pfam	PF13276	HTH-like domain	29	85	3.9E-15	T	07-05-2025	IPR025948	HTH-like domain	-	-
HFDHAJOI_04989	e753adf62fd0c71341d2ae15da8fe911	166	Pfam	PF00665	Integrase core domain	109	165	2.2E-13	T	07-05-2025	IPR001584	Integrase, catalytic core	GO:0015074(InterPro)	-
HFDHAJOI_04931	7c3839b764e43a68c6ae39f54bb19f27	269	Gene3D	G3DSA:1.10.10.10	-	5	90	6.4E-12	T	07-05-2025	IPR036388	Winged helix-like DNA-binding domain superfamily	-	-
HFDHAJOI_04931	7c3839b764e43a68c6ae39f54bb19f27	269	SUPERFAMILY	SSF46785	"Winged helix" DNA-binding domain	19	86	1.08E-15	T	07-05-2025	IPR036390	Winged helix DNA-binding domain superfamily	-	-
HFDHAJOI_04931	7c3839b764e43a68c6ae39f54bb19f27	269	ProSiteProfiles	PS51000	DeoR-type HTH domain profile.	18	73	18.291046	T	07-05-2025	IPR001034	DeoR-type HTH domain	GO:0003700(InterPro)|GO:0006355(InterPro)	-
HFDHAJOI_04931	7c3839b764e43a68c6ae39f54bb19f27	269	PRINTS	PR00037	LacR bacterial regulatory protein HTH signature	39	53	2.7E-8	T	07-05-2025	IPR001034	DeoR-type HTH domain	GO:0003700(InterPro)|GO:0006355(InterPro)	-
HFDHAJOI_04931	7c3839b764e43a68c6ae39f54bb19f27	269	PRINTS	PR00037	LacR bacterial regulatory protein HTH signature	53	71	2.7E-8	T	07-05-2025	IPR001034	DeoR-type HTH domain	GO:0003700(InterPro)|GO:0006355(InterPro)	-
HFDHAJOI_04931	7c3839b764e43a68c6ae39f54bb19f27	269	Pfam	PF00455	DeoR C terminal sensor domain	90	247	2.2E-41	T	07-05-2025	IPR014036	DeoR-like transcriptional repressor, C-terminal sensor domain	-	-
HFDHAJOI_04931	7c3839b764e43a68c6ae39f54bb19f27	269	SMART	SM01134	DeoRC_2	88	249	4.7E-59	T	07-05-2025	-	-	-	-
HFDHAJOI_04931	7c3839b764e43a68c6ae39f54bb19f27	269	Gene3D	G3DSA:3.30.750.70	-	91	145	2.6E-6	T	07-05-2025	-	-	-	-
HFDHAJOI_04931	7c3839b764e43a68c6ae39f54bb19f27	269	ProSitePatterns	PS00894	DeoR-type HTH domain signature.	21	55	-	T	07-05-2025	IPR018356	Transcription regulator, HTH DeoR-type, conserved site	GO:0003700(InterPro)|GO:0006355(InterPro)	-
HFDHAJOI_04931	7c3839b764e43a68c6ae39f54bb19f27	269	PANTHER	PTHR30363	HTH-TYPE TRANSCRIPTIONAL REGULATOR SRLR-RELATED	16	268	5.4E-58	T	07-05-2025	IPR050313	Carbohydrate Metabolism HTH-type Transcriptional Regulators	-	-
HFDHAJOI_04931	7c3839b764e43a68c6ae39f54bb19f27	269	CDD	cd00090	HTH_ARSR	16	70	1.67392E-7	T	07-05-2025	IPR011991	ArsR-like helix-turn-helix domain	-	-
HFDHAJOI_04931	7c3839b764e43a68c6ae39f54bb19f27	269	Pfam	PF08220	DeoR-like helix-turn-helix domain	21	75	3.4E-14	T	07-05-2025	IPR001034	DeoR-type HTH domain	GO:0003700(InterPro)|GO:0006355(InterPro)	-
HFDHAJOI_04931	7c3839b764e43a68c6ae39f54bb19f27	269	SUPERFAMILY	SSF100950	NagB/RpiA/CoA transferase-like	89	249	3.11E-25	T	07-05-2025	IPR037171	NagB/RpiA transferase-like	-	-
HFDHAJOI_04931	7c3839b764e43a68c6ae39f54bb19f27	269	SMART	SM00420	deor2	21	73	1.0E-17	T	07-05-2025	IPR001034	DeoR-type HTH domain	GO:0003700(InterPro)|GO:0006355(InterPro)	-
HFDHAJOI_04891	8287a3e5e6c2f4046945f24330946d8c	148	Gene3D	G3DSA:3.40.630.30	-	14	147	2.8E-29	T	07-05-2025	-	-	-	-
HFDHAJOI_04891	8287a3e5e6c2f4046945f24330946d8c	148	Pfam	PF00583	Acetyltransferase (GNAT) family	37	133	2.3E-7	T	07-05-2025	IPR000182	GNAT domain	GO:0016747(InterPro)	-
HFDHAJOI_04891	8287a3e5e6c2f4046945f24330946d8c	148	SUPERFAMILY	SSF55729	Acyl-CoA N-acyltransferases (Nat)	36	136	4.61E-16	T	07-05-2025	IPR016181	Acyl-CoA N-acyltransferase	-	-
HFDHAJOI_04891	8287a3e5e6c2f4046945f24330946d8c	148	CDD	cd04301	NAT_SF	53	109	8.69083E-5	T	07-05-2025	-	-	-	-
HFDHAJOI_04891	8287a3e5e6c2f4046945f24330946d8c	148	ProSiteProfiles	PS51186	Gcn5-related N-acetyltransferase (GNAT) domain profile.	8	148	14.998361	T	07-05-2025	IPR000182	GNAT domain	GO:0016747(InterPro)	-
HFDHAJOI_04932	c24e0136543a9111875d3363c47def54	354	PANTHER	PTHR32196	ABC TRANSPORTER PERMEASE PROTEIN YPHD-RELATED-RELATED	19	346	2.7E-98	T	07-05-2025	-	-	GO:0005886(PANTHER)	-
HFDHAJOI_04932	c24e0136543a9111875d3363c47def54	354	Pfam	PF02653	Branched-chain amino acid transport system / permease component	60	335	2.9E-42	T	07-05-2025	IPR001851	ABC transporter, permease	GO:0016020(InterPro)|GO:0022857(InterPro)|GO:0055085(InterPro)	-
HFDHAJOI_04932	c24e0136543a9111875d3363c47def54	354	CDD	cd06579	TM_PBP1_transp_AraH_like	61	338	2.17122E-72	T	07-05-2025	-	-	-	-
HFDHAJOI_05003	c45b2ea6966ea44cbc83f97d5045794d	127	SUPERFAMILY	SSF46689	Homeodomain-like	1	109	4.24E-15	T	07-05-2025	IPR009057	Homedomain-like superfamily	-	-
HFDHAJOI_04923	09fc26bda66556a3a72a3d1b79c0f1ae	98	ProSiteProfiles	PS51257	Prokaryotic membrane lipoprotein lipid attachment site profile.	1	22	5.0	T	07-05-2025	-	-	-	-
HFDHAJOI_04923	09fc26bda66556a3a72a3d1b79c0f1ae	98	Gene3D	G3DSA:3.30.10.10	Trypsin Inhibitor V, subunit A	32	97	1.4E-20	T	07-05-2025	-	-	-	-
HFDHAJOI_04923	09fc26bda66556a3a72a3d1b79c0f1ae	98	Pfam	PF11720	Peptidase inhibitor I78 family	35	98	3.3E-8	T	07-05-2025	IPR021719	Proteinase inhibitor I78	-	-
HFDHAJOI_04937	c9dfb28c69de08a0500071f0eb99a419	273	SUPERFAMILY	SSF52518	Thiamin diphosphate-binding fold (THDP-binding)	5	272	8.95E-79	T	07-05-2025	IPR029061	Thiamin diphosphate-binding fold	-	-
HFDHAJOI_04937	c9dfb28c69de08a0500071f0eb99a419	273	Pfam	PF00456	Transketolase, thiamine diphosphate binding domain	17	260	1.4E-39	T	07-05-2025	IPR005474	Transketolase, N-terminal	-	-
HFDHAJOI_04937	c9dfb28c69de08a0500071f0eb99a419	273	Gene3D	G3DSA:3.40.50.970	-	2	273	1.3E-90	T	07-05-2025	-	-	-	-
HFDHAJOI_04937	c9dfb28c69de08a0500071f0eb99a419	273	PANTHER	PTHR47514	TRANSKETOLASE N-TERMINAL SECTION-RELATED	6	272	1.7E-94	T	07-05-2025	-	-	-	-
HFDHAJOI_04937	c9dfb28c69de08a0500071f0eb99a419	273	CDD	cd02012	TPP_TK	16	269	1.69689E-128	T	07-05-2025	IPR005474	Transketolase, N-terminal	-	-
HFDHAJOI_05014	7b0f8555077266bc10388b194895693c	367	Gene3D	G3DSA:3.10.310.10	Diaminopimelate Epimerase; Chain A, domain 1	5	180	6.0E-71	T	07-05-2025	-	-	-	-
HFDHAJOI_05014	7b0f8555077266bc10388b194895693c	367	SUPERFAMILY	SSF54506	Diaminopimelate epimerase-like	4	168	4.47E-63	T	07-05-2025	-	-	-	-
HFDHAJOI_05014	7b0f8555077266bc10388b194895693c	367	Gene3D	G3DSA:3.10.310.10	Diaminopimelate Epimerase; Chain A, domain 1	181	335	2.6E-28	T	07-05-2025	-	-	-	-
HFDHAJOI_05014	7b0f8555077266bc10388b194895693c	367	NCBIfam	NF033377	4-oxalomesaconate tautomerase	12	352	6.6E-134	T	07-05-2025	IPR047687	4-oxalomesaconate tautomerase-like	-	-
HFDHAJOI_05014	7b0f8555077266bc10388b194895693c	367	Pfam	PF04303	PrpF protein	5	350	3.7E-105	T	07-05-2025	IPR007400	PrpF-like	-	-
HFDHAJOI_05014	7b0f8555077266bc10388b194895693c	367	SUPERFAMILY	SSF54506	Diaminopimelate epimerase-like	173	353	2.67E-46	T	07-05-2025	-	-	-	-
HFDHAJOI_05014	7b0f8555077266bc10388b194895693c	367	PANTHER	PTHR43709	ACONITATE ISOMERASE-RELATED	5	354	3.9E-113	T	07-05-2025	IPR007400	PrpF-like	-	-
HFDHAJOI_04883	e9bfcee06d28e3149f7b9849e50d4ae1	418	SUPERFAMILY	SSF51230	Single hybrid motif	35	100	1.48E-6	T	07-05-2025	IPR011053	Single hybrid motif	-	-
HFDHAJOI_04883	e9bfcee06d28e3149f7b9849e50d4ae1	418	Coils	Coil	Coil	202	229	-	T	07-05-2025	-	-	-	-
HFDHAJOI_04883	e9bfcee06d28e3149f7b9849e50d4ae1	418	Coils	Coil	Coil	138	158	-	T	07-05-2025	-	-	-	-
HFDHAJOI_04883	e9bfcee06d28e3149f7b9849e50d4ae1	418	Gene3D	G3DSA:2.40.420.20	-	359	418	2.4E-8	T	07-05-2025	-	-	-	-
HFDHAJOI_04883	e9bfcee06d28e3149f7b9849e50d4ae1	418	Gene3D	G3DSA:2.40.50.100	-	66	129	2.1E-7	T	07-05-2025	-	-	-	-
HFDHAJOI_04883	e9bfcee06d28e3149f7b9849e50d4ae1	418	PANTHER	PTHR32347	EFFLUX SYSTEM COMPONENT YKNX-RELATED	8	415	1.3E-51	T	07-05-2025	IPR050465	UPF0194 membrane-associated transport protein	-	-
HFDHAJOI_04883	e9bfcee06d28e3149f7b9849e50d4ae1	418	Pfam	PF13437	HlyD family secretion protein	251	320	2.1E-6	T	07-05-2025	-	-	-	-
HFDHAJOI_04883	e9bfcee06d28e3149f7b9849e50d4ae1	418	Gene3D	G3DSA:2.40.30.170	-	253	358	4.2E-18	T	07-05-2025	-	-	-	-
HFDHAJOI_04896	c79b04ad1da58d74879b9c1d8089ab01	521	Coils	Coil	Coil	59	86	-	T	07-05-2025	-	-	-	-
HFDHAJOI_04896	c79b04ad1da58d74879b9c1d8089ab01	521	Pfam	PF13007	Transposase C of IS166 homeodomain	43	115	2.0E-9	T	07-05-2025	IPR024463	Transposase TnpC, homeodomain	-	-
HFDHAJOI_04896	c79b04ad1da58d74879b9c1d8089ab01	521	MobiDBLite	mobidb-lite	consensus disorder prediction	82	110	-	T	07-05-2025	-	-	-	-
HFDHAJOI_04896	c79b04ad1da58d74879b9c1d8089ab01	521	Pfam	PF03050	Transposase IS66 family	181	465	6.3E-99	T	07-05-2025	IPR004291	Transposase IS66, central domain	-	-
HFDHAJOI_04896	c79b04ad1da58d74879b9c1d8089ab01	521	Pfam	PF13817	IS66 C-terminal element	472	509	7.8E-12	T	07-05-2025	IPR039552	Transposase IS66, C-terminal	-	-
HFDHAJOI_04896	c79b04ad1da58d74879b9c1d8089ab01	521	Coils	Coil	Coil	12	32	-	T	07-05-2025	-	-	-	-
HFDHAJOI_04896	c79b04ad1da58d74879b9c1d8089ab01	521	NCBIfam	NF033517	IS66 family transposase	99	495	7.6E-132	T	07-05-2025	-	-	-	-
HFDHAJOI_04896	c79b04ad1da58d74879b9c1d8089ab01	521	PANTHER	PTHR33678	BLL1576 PROTEIN	12	496	6.2E-132	T	07-05-2025	IPR052344	Transposase-related protein	-	-
HFDHAJOI_04896	c79b04ad1da58d74879b9c1d8089ab01	521	Pfam	PF13005	zinc-finger binding domain of transposase IS66	121	166	4.0E-4	T	07-05-2025	IPR024474	Transposase IS66, zinc-finger binding domain of	-	-
HFDHAJOI_05006	a9024739a16c532b7947c10c1835a3c3	205	PANTHER	PTHR30055	HTH-TYPE TRANSCRIPTIONAL REGULATOR RUTR	2	201	3.8E-21	T	07-05-2025	IPR050109	HTH-type, TetR-like transcriptional regulator	GO:0000976(PANTHER)|GO:0003700(PANTHER)|GO:0006355(PANTHER)	-
HFDHAJOI_05006	a9024739a16c532b7947c10c1835a3c3	205	SUPERFAMILY	SSF46689	Homeodomain-like	12	79	4.59E-15	T	07-05-2025	IPR009057	Homedomain-like superfamily	-	-
HFDHAJOI_05006	a9024739a16c532b7947c10c1835a3c3	205	Pfam	PF13305	Tetracyclin repressor-like, C-terminal domain	90	193	3.8E-6	T	07-05-2025	IPR025996	HTH-type transcriptional regulator MT1864/Rv1816-like, C-terminal domain	-	-
HFDHAJOI_05006	a9024739a16c532b7947c10c1835a3c3	205	Gene3D	G3DSA:1.10.357.10	Tetracycline Repressor, domain 2	12	200	3.2E-37	T	07-05-2025	-	-	-	-
HFDHAJOI_05006	a9024739a16c532b7947c10c1835a3c3	205	PRINTS	PR00455	TetR bacterial regulatory protein HTH signature	18	31	1.5E-8	T	07-05-2025	IPR001647	DNA-binding HTH domain, TetR-type	GO:0003677(InterPro)	-
HFDHAJOI_05006	a9024739a16c532b7947c10c1835a3c3	205	PRINTS	PR00455	TetR bacterial regulatory protein HTH signature	39	62	1.5E-8	T	07-05-2025	IPR001647	DNA-binding HTH domain, TetR-type	GO:0003677(InterPro)	-
HFDHAJOI_05006	a9024739a16c532b7947c10c1835a3c3	205	ProSiteProfiles	PS50977	TetR-type HTH domain profile.	12	72	19.468378	T	07-05-2025	IPR001647	DNA-binding HTH domain, TetR-type	GO:0003677(InterPro)	-
HFDHAJOI_05006	a9024739a16c532b7947c10c1835a3c3	205	Pfam	PF00440	Bacterial regulatory proteins, tetR family	18	61	3.0E-9	T	07-05-2025	IPR001647	DNA-binding HTH domain, TetR-type	GO:0003677(InterPro)	-
HFDHAJOI_05006	a9024739a16c532b7947c10c1835a3c3	205	SUPERFAMILY	SSF48498	Tetracyclin repressor-like, C-terminal domain	90	196	4.77E-13	T	07-05-2025	IPR036271	Tetracyclin repressor-like, C-terminal domain superfamily	-	-
HFDHAJOI_04924	95baa168f95b57aac7c1264c8b941516	227	PANTHER	PTHR13604	DC12-RELATED	1	223	6.4E-45	T	07-05-2025	IPR003738	SOS response associated peptidase (SRAP)	GO:0003697(InterPro)|GO:0006974(InterPro)|GO:0106300(InterPro)	-
HFDHAJOI_04924	95baa168f95b57aac7c1264c8b941516	227	Pfam	PF02586	SOS response associated peptidase (SRAP)	1	211	1.3E-56	T	07-05-2025	IPR003738	SOS response associated peptidase (SRAP)	GO:0003697(InterPro)|GO:0006974(InterPro)|GO:0106300(InterPro)	-
HFDHAJOI_04924	95baa168f95b57aac7c1264c8b941516	227	SUPERFAMILY	SSF143081	BB1717-like	2	217	1.23E-61	T	07-05-2025	IPR036590	SOS response associated peptidase-like	-	-
HFDHAJOI_04924	95baa168f95b57aac7c1264c8b941516	227	Gene3D	G3DSA:3.90.1680.10	-	1	223	1.3E-63	T	07-05-2025	IPR036590	SOS response associated peptidase-like	-	-
HFDHAJOI_04884	687c6c99badeccf0969d173673944eae	1437	MobiDBLite	mobidb-lite	consensus disorder prediction	105	125	-	T	07-05-2025	-	-	-	-
HFDHAJOI_04884	687c6c99badeccf0969d173673944eae	1437	MobiDBLite	mobidb-lite	consensus disorder prediction	103	125	-	T	07-05-2025	-	-	-	-
HFDHAJOI_04884	687c6c99badeccf0969d173673944eae	1437	PANTHER	PTHR39431	FRPA/C-RELATED PROTEIN	125	287	3.3E-28	T	07-05-2025	-	-	-	-
HFDHAJOI_04884	687c6c99badeccf0969d173673944eae	1437	SUPERFAMILY	SSF51120	beta-Roll	1200	1318	1.31E-15	T	07-05-2025	IPR011049	Serralysin-like metalloprotease, C-terminal	-	-
HFDHAJOI_04884	687c6c99badeccf0969d173673944eae	1437	Pfam	PF00353	RTX calcium-binding nonapeptide repeat (4 copies)	943	977	7.7E-4	T	07-05-2025	IPR001343	RTX calcium-binding nonapeptide repeat	GO:0005509(InterPro)	-
HFDHAJOI_04884	687c6c99badeccf0969d173673944eae	1437	Pfam	PF00353	RTX calcium-binding nonapeptide repeat (4 copies)	811	845	3.6E-4	T	07-05-2025	IPR001343	RTX calcium-binding nonapeptide repeat	GO:0005509(InterPro)	-
HFDHAJOI_04884	687c6c99badeccf0969d173673944eae	1437	Pfam	PF00353	RTX calcium-binding nonapeptide repeat (4 copies)	1075	1109	7.3E-4	T	07-05-2025	IPR001343	RTX calcium-binding nonapeptide repeat	GO:0005509(InterPro)	-
HFDHAJOI_04884	687c6c99badeccf0969d173673944eae	1437	Pfam	PF00353	RTX calcium-binding nonapeptide repeat (4 copies)	679	711	0.065	T	07-05-2025	IPR001343	RTX calcium-binding nonapeptide repeat	GO:0005509(InterPro)	-
HFDHAJOI_04884	687c6c99badeccf0969d173673944eae	1437	Pfam	PF00353	RTX calcium-binding nonapeptide repeat (4 copies)	1203	1233	0.012	T	07-05-2025	IPR001343	RTX calcium-binding nonapeptide repeat	GO:0005509(InterPro)	-
HFDHAJOI_04884	687c6c99badeccf0969d173673944eae	1437	SUPERFAMILY	SSF51120	beta-Roll	939	1062	3.79E-18	T	07-05-2025	IPR011049	Serralysin-like metalloprotease, C-terminal	-	-
HFDHAJOI_04884	687c6c99badeccf0969d173673944eae	1437	SUPERFAMILY	SSF51120	beta-Roll	678	773	1.7E-11	T	07-05-2025	IPR011049	Serralysin-like metalloprotease, C-terminal	-	-
HFDHAJOI_04884	687c6c99badeccf0969d173673944eae	1437	PRINTS	PR00313	NodO calcium binding signature	812	820	8.8E-9	T	07-05-2025	-	-	-	-
HFDHAJOI_04884	687c6c99badeccf0969d173673944eae	1437	PRINTS	PR00313	NodO calcium binding signature	693	704	8.8E-9	T	07-05-2025	-	-	-	-
HFDHAJOI_04884	687c6c99badeccf0969d173673944eae	1437	PRINTS	PR00313	NodO calcium binding signature	962	970	8.8E-9	T	07-05-2025	-	-	-	-
HFDHAJOI_04884	687c6c99badeccf0969d173673944eae	1437	PRINTS	PR00313	NodO calcium binding signature	971	980	8.8E-9	T	07-05-2025	-	-	-	-
HFDHAJOI_04884	687c6c99badeccf0969d173673944eae	1437	SUPERFAMILY	SSF51120	beta-Roll	542	666	2.09E-6	T	07-05-2025	IPR011049	Serralysin-like metalloprotease, C-terminal	-	-
HFDHAJOI_04884	687c6c99badeccf0969d173673944eae	1437	SUPERFAMILY	SSF51120	beta-Roll	1072	1191	1.57E-17	T	07-05-2025	IPR011049	Serralysin-like metalloprotease, C-terminal	-	-
HFDHAJOI_04884	687c6c99badeccf0969d173673944eae	1437	SUPERFAMILY	SSF51120	beta-Roll	810	926	4.84E-17	T	07-05-2025	IPR011049	Serralysin-like metalloprotease, C-terminal	-	-
HFDHAJOI_04884	687c6c99badeccf0969d173673944eae	1437	Gene3D	G3DSA:2.150.10.10	-	780	912	2.8E-12	T	07-05-2025	IPR011049	Serralysin-like metalloprotease, C-terminal	-	-
HFDHAJOI_04884	687c6c99badeccf0969d173673944eae	1437	Gene3D	G3DSA:2.150.10.10	-	917	1045	1.5E-14	T	07-05-2025	IPR011049	Serralysin-like metalloprotease, C-terminal	-	-
HFDHAJOI_04884	687c6c99badeccf0969d173673944eae	1437	Gene3D	G3DSA:2.150.10.10	-	1194	1296	4.1E-11	T	07-05-2025	IPR011049	Serralysin-like metalloprotease, C-terminal	-	-
HFDHAJOI_04884	687c6c99badeccf0969d173673944eae	1437	Pfam	PF06594	Haemolysin-type calcium binding protein related domain	1020	1062	1.5E-4	T	07-05-2025	IPR010566	Haemolysin-type calcium binding-related	-	-
HFDHAJOI_04884	687c6c99badeccf0969d173673944eae	1437	Pfam	PF06594	Haemolysin-type calcium binding protein related domain	1152	1192	4.6E-6	T	07-05-2025	IPR010566	Haemolysin-type calcium binding-related	-	-
HFDHAJOI_04884	687c6c99badeccf0969d173673944eae	1437	Pfam	PF06594	Haemolysin-type calcium binding protein related domain	1276	1317	3.7E-6	T	07-05-2025	IPR010566	Haemolysin-type calcium binding-related	-	-
HFDHAJOI_04884	687c6c99badeccf0969d173673944eae	1437	Pfam	PF06594	Haemolysin-type calcium binding protein related domain	888	928	0.032	T	07-05-2025	IPR010566	Haemolysin-type calcium binding-related	-	-
HFDHAJOI_04884	687c6c99badeccf0969d173673944eae	1437	Gene3D	G3DSA:2.150.10.10	-	632	769	2.9E-8	T	07-05-2025	IPR011049	Serralysin-like metalloprotease, C-terminal	-	-
HFDHAJOI_04987	3647354816dbf219d6b46694de05491d	108	Pfam	PF21810	Family of unknown function (DUF6880)	33	101	7.4E-7	T	07-05-2025	IPR049245	Family of unknown function DUF6880	-	-
HFDHAJOI_04999	f49f6427cbe513c0f6c8a07fa1de209e	437	Gene3D	G3DSA:1.10.287.130	-	189	293	1.3E-14	T	07-05-2025	-	-	-	-
HFDHAJOI_04999	f49f6427cbe513c0f6c8a07fa1de209e	437	PRINTS	PR00344	Bacterial sensor protein C-terminal signature	367	381	7.7E-12	T	07-05-2025	IPR004358	Signal transduction histidine kinase-related protein, C-terminal	GO:0016310(InterPro)|GO:0016772(InterPro)	-
HFDHAJOI_04999	f49f6427cbe513c0f6c8a07fa1de209e	437	PRINTS	PR00344	Bacterial sensor protein C-terminal signature	398	416	7.7E-12	T	07-05-2025	IPR004358	Signal transduction histidine kinase-related protein, C-terminal	GO:0016310(InterPro)|GO:0016772(InterPro)	-
HFDHAJOI_04999	f49f6427cbe513c0f6c8a07fa1de209e	437	PRINTS	PR00344	Bacterial sensor protein C-terminal signature	385	395	7.7E-12	T	07-05-2025	IPR004358	Signal transduction histidine kinase-related protein, C-terminal	GO:0016310(InterPro)|GO:0016772(InterPro)	-
HFDHAJOI_04999	f49f6427cbe513c0f6c8a07fa1de209e	437	SMART	SM00388	HisKA_10	237	294	2.4E-8	T	07-05-2025	IPR003661	Signal transduction histidine kinase, dimerisation/phosphoacceptor domain	GO:0000155(InterPro)|GO:0007165(InterPro)	-
HFDHAJOI_04999	f49f6427cbe513c0f6c8a07fa1de209e	437	SUPERFAMILY	SSF55874	ATPase domain of HSP90 chaperone/DNA topoisomerase II/histidine kinase	284	434	7.86E-31	T	07-05-2025	IPR036890	Histidine kinase/HSP90-like ATPase superfamily	-	-
HFDHAJOI_04999	f49f6427cbe513c0f6c8a07fa1de209e	437	Pfam	PF00512	His Kinase A (phospho-acceptor) domain	238	292	3.9E-5	T	07-05-2025	IPR003661	Signal transduction histidine kinase, dimerisation/phosphoacceptor domain	GO:0000155(InterPro)|GO:0007165(InterPro)	-
HFDHAJOI_04999	f49f6427cbe513c0f6c8a07fa1de209e	437	Pfam	PF02518	Histidine kinase-, DNA gyrase B-, and HSP90-like ATPase	336	432	1.4E-18	T	07-05-2025	IPR003594	Histidine kinase/HSP90-like ATPase domain	-	-
HFDHAJOI_04999	f49f6427cbe513c0f6c8a07fa1de209e	437	ProSiteProfiles	PS50885	HAMP domain profile.	183	236	7.238588	T	07-05-2025	IPR003660	HAMP domain	GO:0007165(InterPro)|GO:0016020(InterPro)	-
HFDHAJOI_04999	f49f6427cbe513c0f6c8a07fa1de209e	437	ProSiteProfiles	PS50109	Histidine kinase domain profile.	244	437	39.05846	T	07-05-2025	IPR005467	Histidine kinase domain	-	-
HFDHAJOI_04999	f49f6427cbe513c0f6c8a07fa1de209e	437	PANTHER	PTHR45436	SENSOR HISTIDINE KINASE YKOH	1	434	9.4E-56	T	07-05-2025	IPR050428	Two-component system sensor histidine kinase	GO:0000160(PANTHER)|GO:0005886(PANTHER)	-
HFDHAJOI_04999	f49f6427cbe513c0f6c8a07fa1de209e	437	SUPERFAMILY	SSF47384	Homodimeric domain of signal transducing histidine kinase	220	292	1.79E-12	T	07-05-2025	IPR036097	Signal transduction histidine kinase, dimerisation/phosphoacceptor domain superfamily	GO:0000155(InterPro)|GO:0007165(InterPro)	-
HFDHAJOI_04999	f49f6427cbe513c0f6c8a07fa1de209e	437	Gene3D	G3DSA:3.30.565.10	-	294	437	7.7E-31	T	07-05-2025	IPR036890	Histidine kinase/HSP90-like ATPase superfamily	-	-
HFDHAJOI_04999	f49f6427cbe513c0f6c8a07fa1de209e	437	CDD	cd00082	HisKA	236	290	7.90295E-8	T	07-05-2025	IPR003661	Signal transduction histidine kinase, dimerisation/phosphoacceptor domain	GO:0000155(InterPro)|GO:0007165(InterPro)	-
HFDHAJOI_04999	f49f6427cbe513c0f6c8a07fa1de209e	437	SMART	SM00387	HKATPase_4	336	437	8.9E-26	T	07-05-2025	IPR003594	Histidine kinase/HSP90-like ATPase domain	-	-
HFDHAJOI_04876	0b6c2c02544c2415def2cd69837ebefb	255	MobiDBLite	mobidb-lite	consensus disorder prediction	26	40	-	T	07-05-2025	-	-	-	-
HFDHAJOI_04876	0b6c2c02544c2415def2cd69837ebefb	255	MobiDBLite	mobidb-lite	consensus disorder prediction	20	40	-	T	07-05-2025	-	-	-	-
HFDHAJOI_04955	9bf121f3cc1b8ce84ed6be5f31407484	149	Pfam	PF12802	MarR family	38	96	4.6E-5	T	07-05-2025	IPR000835	MarR-type HTH domain	GO:0003700(InterPro)|GO:0006355(InterPro)	-
HFDHAJOI_04955	9bf121f3cc1b8ce84ed6be5f31407484	149	PRINTS	PR00598	Bacterial regulatory protein MarR family signature	92	108	2.9E-6	T	07-05-2025	IPR000835	MarR-type HTH domain	GO:0003700(InterPro)|GO:0006355(InterPro)	-
HFDHAJOI_04955	9bf121f3cc1b8ce84ed6be5f31407484	149	PRINTS	PR00598	Bacterial regulatory protein MarR family signature	122	142	2.9E-6	T	07-05-2025	IPR000835	MarR-type HTH domain	GO:0003700(InterPro)|GO:0006355(InterPro)	-
HFDHAJOI_04955	9bf121f3cc1b8ce84ed6be5f31407484	149	PRINTS	PR00598	Bacterial regulatory protein MarR family signature	73	88	2.9E-6	T	07-05-2025	IPR000835	MarR-type HTH domain	GO:0003700(InterPro)|GO:0006355(InterPro)	-
HFDHAJOI_04955	9bf121f3cc1b8ce84ed6be5f31407484	149	ProSiteProfiles	PS50995	MarR-type HTH domain profile.	1	144	23.973299	T	07-05-2025	IPR000835	MarR-type HTH domain	GO:0003700(InterPro)|GO:0006355(InterPro)	-
HFDHAJOI_04955	9bf121f3cc1b8ce84ed6be5f31407484	149	PANTHER	PTHR42756	TRANSCRIPTIONAL REGULATOR, MARR	19	148	8.9E-19	T	07-05-2025	-	-	-	-
HFDHAJOI_04955	9bf121f3cc1b8ce84ed6be5f31407484	149	SUPERFAMILY	SSF46785	"Winged helix" DNA-binding domain	14	146	3.39E-29	T	07-05-2025	IPR036390	Winged helix DNA-binding domain superfamily	-	-
HFDHAJOI_04955	9bf121f3cc1b8ce84ed6be5f31407484	149	SMART	SM00347	marrlong4	32	132	1.5E-14	T	07-05-2025	IPR000835	MarR-type HTH domain	GO:0003700(InterPro)|GO:0006355(InterPro)	-
HFDHAJOI_04955	9bf121f3cc1b8ce84ed6be5f31407484	149	Gene3D	G3DSA:1.10.10.10	-	4	149	1.5E-30	T	07-05-2025	IPR036388	Winged helix-like DNA-binding domain superfamily	-	-
HFDHAJOI_04982	e627ce72dbfc0a8fef2071cf32a6f9da	131	PANTHER	PTHR30007	PHP DOMAIN PROTEIN	15	107	4.3E-26	T	07-05-2025	-	-	-	-
HFDHAJOI_04982	e627ce72dbfc0a8fef2071cf32a6f9da	131	Pfam	PF13340	Putative transposase of IS4/5 family (DUF4096)	22	94	1.1E-24	T	07-05-2025	IPR025161	Insertion element IS402-like domain	-	-
HFDHAJOI_04998	36d8823e6937a3a07f5ffabfbb74cd7d	224	Gene3D	G3DSA:1.10.10.10	-	123	224	6.0E-25	T	07-05-2025	IPR036388	Winged helix-like DNA-binding domain superfamily	-	-
HFDHAJOI_04998	36d8823e6937a3a07f5ffabfbb74cd7d	224	SMART	SM00448	REC_2	1	112	5.6E-30	T	07-05-2025	IPR001789	Signal transduction response regulator, receiver domain	GO:0000160(InterPro)	-
HFDHAJOI_04998	36d8823e6937a3a07f5ffabfbb74cd7d	224	CDD	cd00383	trans_reg_C	132	220	6.28909E-26	T	07-05-2025	IPR001867	OmpR/PhoB-type DNA-binding domain	GO:0000160(InterPro)|GO:0003677(InterPro)|GO:0006355(InterPro)	-
HFDHAJOI_04998	36d8823e6937a3a07f5ffabfbb74cd7d	224	Pfam	PF00486	Transcriptional regulatory protein, C terminal	146	220	2.8E-15	T	07-05-2025	IPR001867	OmpR/PhoB-type DNA-binding domain	GO:0000160(InterPro)|GO:0003677(InterPro)|GO:0006355(InterPro)	-
HFDHAJOI_04998	36d8823e6937a3a07f5ffabfbb74cd7d	224	Gene3D	G3DSA:3.40.50.2300	-	1	80	3.1E-13	T	07-05-2025	-	-	-	-
HFDHAJOI_04998	36d8823e6937a3a07f5ffabfbb74cd7d	224	Gene3D	G3DSA:6.10.250.690	-	81	118	4.3E-17	T	07-05-2025	-	-	-	-
HFDHAJOI_04998	36d8823e6937a3a07f5ffabfbb74cd7d	224	ProSiteProfiles	PS50110	Response regulatory domain profile.	2	116	37.47065	T	07-05-2025	IPR001789	Signal transduction response regulator, receiver domain	GO:0000160(InterPro)	-
HFDHAJOI_04998	36d8823e6937a3a07f5ffabfbb74cd7d	224	PANTHER	PTHR48111	REGULATOR OF RPOS	1	221	1.2E-42	T	07-05-2025	IPR039420	Transcriptional regulatory protein WalR-like	GO:0000156(PANTHER)|GO:0000976(PANTHER)|GO:0005829(PANTHER)|GO:0006355(PANTHER)|GO:0032993(PANTHER)	-
HFDHAJOI_04998	36d8823e6937a3a07f5ffabfbb74cd7d	224	SMART	SM00862	Trans_reg_C_3	145	220	8.6E-21	T	07-05-2025	IPR001867	OmpR/PhoB-type DNA-binding domain	GO:0000160(InterPro)|GO:0003677(InterPro)|GO:0006355(InterPro)	-
HFDHAJOI_04998	36d8823e6937a3a07f5ffabfbb74cd7d	224	Pfam	PF00072	Response regulator receiver domain	3	113	8.8E-21	T	07-05-2025	IPR001789	Signal transduction response regulator, receiver domain	GO:0000160(InterPro)	-
HFDHAJOI_04998	36d8823e6937a3a07f5ffabfbb74cd7d	224	ProSiteProfiles	PS51755	OmpR/PhoB-type DNA-binding domain profile.	124	222	31.382483	T	07-05-2025	IPR001867	OmpR/PhoB-type DNA-binding domain	GO:0000160(InterPro)|GO:0003677(InterPro)|GO:0006355(InterPro)	-
HFDHAJOI_04998	36d8823e6937a3a07f5ffabfbb74cd7d	224	SUPERFAMILY	SSF52172	CheY-like	1	167	1.03E-33	T	07-05-2025	IPR011006	CheY-like superfamily	-	-
HFDHAJOI_04975	5612d731a66155e1056fd80ba6c1925e	393	Pfam	PF02746	Mandelate racemase / muconate lactonizing enzyme, N-terminal domain	21	141	9.2E-26	T	07-05-2025	IPR013341	Mandelate racemase/muconate lactonizing enzyme, N-terminal domain	-	-
HFDHAJOI_04975	5612d731a66155e1056fd80ba6c1925e	393	NCBIfam	TIGR02534	muconate/chloromuconate family cycloisomerase	19	383	1.2E-158	T	07-05-2025	IPR013370	Muconate/chloromuconate cycloisomerase	GO:0018849(InterPro)|GO:0018850(InterPro)|GO:0030145(InterPro)	-
HFDHAJOI_04975	5612d731a66155e1056fd80ba6c1925e	393	Pfam	PF13378	Enolase C-terminal domain-like	164	375	1.4E-42	T	07-05-2025	IPR029065	Enolase C-terminal domain-like	-	-
HFDHAJOI_04975	5612d731a66155e1056fd80ba6c1925e	393	Gene3D	G3DSA:3.20.20.120	-	134	367	1.8E-119	T	07-05-2025	IPR036849	Enolase-like, C-terminal domain superfamily	-	-
HFDHAJOI_04975	5612d731a66155e1056fd80ba6c1925e	393	CDD	cd03318	MLE	17	379	5.90329E-168	T	07-05-2025	IPR013370	Muconate/chloromuconate cycloisomerase	GO:0018849(InterPro)|GO:0018850(InterPro)|GO:0030145(InterPro)	-
HFDHAJOI_04975	5612d731a66155e1056fd80ba6c1925e	393	ProSitePatterns	PS00908	Mandelate racemase / muconate lactonizing enzyme family signature 1.	116	141	-	T	07-05-2025	IPR018110	Mandelate racemase/muconate lactonizing enzyme, conserved site	GO:0009063(InterPro)	-
HFDHAJOI_04975	5612d731a66155e1056fd80ba6c1925e	393	SUPERFAMILY	SSF54826	Enolase N-terminal domain-like	18	142	1.37E-30	T	07-05-2025	IPR029017	Enolase-like, N-terminal	-	-
HFDHAJOI_04975	5612d731a66155e1056fd80ba6c1925e	393	SUPERFAMILY	SSF51604	Enolase C-terminal domain-like	141	380	1.7E-58	T	07-05-2025	IPR036849	Enolase-like, C-terminal domain superfamily	-	-
HFDHAJOI_04975	5612d731a66155e1056fd80ba6c1925e	393	ProSitePatterns	PS00909	Mandelate racemase / muconate lactonizing enzyme family signature 2.	207	238	-	T	07-05-2025	IPR018110	Mandelate racemase/muconate lactonizing enzyme, conserved site	GO:0009063(InterPro)	-
HFDHAJOI_04975	5612d731a66155e1056fd80ba6c1925e	393	Gene3D	G3DSA:3.30.390.10	-	44	378	1.8E-119	T	07-05-2025	IPR029017	Enolase-like, N-terminal	-	-
HFDHAJOI_04975	5612d731a66155e1056fd80ba6c1925e	393	PANTHER	PTHR48073	O-SUCCINYLBENZOATE SYNTHASE-RELATED	17	382	8.6E-62	T	07-05-2025	-	-	-	-
HFDHAJOI_04975	5612d731a66155e1056fd80ba6c1925e	393	SFLD	SFLDG01258	(chloro)muconate cycloisomerase (syn) like	15	383	0.0	T	07-05-2025	IPR013370	Muconate/chloromuconate cycloisomerase	GO:0018849(InterPro)|GO:0018850(InterPro)|GO:0030145(InterPro)	-
HFDHAJOI_04975	5612d731a66155e1056fd80ba6c1925e	393	SMART	SM00922	MR_MLE_2	160	255	1.5E-13	T	07-05-2025	IPR013342	Mandelate racemase/muconate lactonizing enzyme, C-terminal	-	-
HFDHAJOI_04975	5612d731a66155e1056fd80ba6c1925e	393	SFLD	SFLDS00001	Enolase	15	383	0.0	T	07-05-2025	-	-	-	-
HFDHAJOI_04908	092a9eee07271c596c01ac805e608201	540	SUPERFAMILY	SSF52540	P-loop containing nucleoside triphosphate hydrolases	95	537	3.72E-49	T	07-05-2025	IPR027417	P-loop containing nucleoside triphosphate hydrolase	-	-
HFDHAJOI_04908	092a9eee07271c596c01ac805e608201	540	Gene3D	G3DSA:3.40.50.300	-	311	536	4.4E-47	T	07-05-2025	IPR027417	P-loop containing nucleoside triphosphate hydrolase	-	-
HFDHAJOI_04908	092a9eee07271c596c01ac805e608201	540	Pfam	PF02534	Type IV secretory system Conjugative DNA transfer	121	533	4.3E-75	T	07-05-2025	IPR003688	Type IV secretion system protein TraG/VirD4	GO:0016020(InterPro)	-
HFDHAJOI_04908	092a9eee07271c596c01ac805e608201	540	PANTHER	PTHR37937	CONJUGATIVE TRANSFER: DNA TRANSPORT	59	533	7.5E-67	T	07-05-2025	IPR051539	Type IV secretion system-coupling protein	-	-
HFDHAJOI_04908	092a9eee07271c596c01ac805e608201	540	CDD	cd01127	TrwB_TraG_TraD_VirD4	348	450	2.62539E-16	T	07-05-2025	-	-	-	-
HFDHAJOI_05010	0d694b18a71a6714517bdcbd98f6ed34	628	Pfam	PF13454	FAD-NAD(P)-binding	7	175	1.9E-26	T	07-05-2025	IPR038732	FAD-dependent urate hydroxylase HpyO/Asp monooxygenase CreE-like, FAD/NAD(P)-binding domain	-	-
HFDHAJOI_05010	0d694b18a71a6714517bdcbd98f6ed34	628	MobiDBLite	mobidb-lite	consensus disorder prediction	609	628	-	T	07-05-2025	-	-	-	-
HFDHAJOI_05010	0d694b18a71a6714517bdcbd98f6ed34	628	PANTHER	PTHR40254	BLR0577 PROTEIN	3	604	2.0E-31	T	07-05-2025	IPR052189	L-aspartate N-monooxygenase (nitrosuccinate-forming)	-	-
HFDHAJOI_04920	489af7cbff040929a751c62500ae6fd3	87	SUPERFAMILY	SSF46689	Homeodomain-like	1	75	6.99E-15	T	07-05-2025	IPR009057	Homedomain-like superfamily	-	-
HFDHAJOI_04920	489af7cbff040929a751c62500ae6fd3	87	Coils	Coil	Coil	56	83	-	T	07-05-2025	-	-	-	-
HFDHAJOI_04920	489af7cbff040929a751c62500ae6fd3	87	PANTHER	PTHR33609	LOW CALCIUM RESPONSE LOCUS PROTEIN S	1	87	1.8E-25	T	07-05-2025	IPR052546	Transposase_8_domain-containing_protein	-	-
HFDHAJOI_04920	489af7cbff040929a751c62500ae6fd3	87	Pfam	PF01527	Transposase	1	71	1.6E-20	T	07-05-2025	IPR002514	Transposase IS3/IS911family	GO:0003677(InterPro)|GO:0004803(InterPro)|GO:0006313(InterPro)	-
HFDHAJOI_04907	489af7cbff040929a751c62500ae6fd3	87	SUPERFAMILY	SSF46689	Homeodomain-like	1	75	6.99E-15	T	07-05-2025	IPR009057	Homedomain-like superfamily	-	-
HFDHAJOI_04907	489af7cbff040929a751c62500ae6fd3	87	Coils	Coil	Coil	56	83	-	T	07-05-2025	-	-	-	-
HFDHAJOI_04907	489af7cbff040929a751c62500ae6fd3	87	PANTHER	PTHR33609	LOW CALCIUM RESPONSE LOCUS PROTEIN S	1	87	1.8E-25	T	07-05-2025	IPR052546	Transposase_8_domain-containing_protein	-	-
HFDHAJOI_04907	489af7cbff040929a751c62500ae6fd3	87	Pfam	PF01527	Transposase	1	71	1.6E-20	T	07-05-2025	IPR002514	Transposase IS3/IS911family	GO:0003677(InterPro)|GO:0004803(InterPro)|GO:0006313(InterPro)	-
HFDHAJOI_04981	8eb8b5ed2e9c1f83af2f9ecb802b2bf0	482	ProSiteProfiles	PS50994	Integrase catalytic domain profile.	98	273	8.745311	T	07-05-2025	IPR001584	Integrase, catalytic core	GO:0015074(InterPro)	-
HFDHAJOI_04981	8eb8b5ed2e9c1f83af2f9ecb802b2bf0	482	NCBIfam	NF033546	IS21 family transposase	1	280	1.1E-86	T	07-05-2025	-	-	-	-
HFDHAJOI_04981	8eb8b5ed2e9c1f83af2f9ecb802b2bf0	482	ProSiteProfiles	PS50531	IS21 transposase-type HTH domain profile.	1	39	14.6385	T	07-05-2025	IPR017894	HTH domain, IS21 transposase-type	-	-
HFDHAJOI_04981	8eb8b5ed2e9c1f83af2f9ecb802b2bf0	482	Pfam	PF22483	Mu transposase, C-terminal domain	281	345	2.8E-12	T	07-05-2025	IPR054353	Transposase for insertion sequence element IS21-like, C-terminal domain	-	-
HFDHAJOI_04981	8eb8b5ed2e9c1f83af2f9ecb802b2bf0	482	PANTHER	PTHR35004	TRANSPOSASE RV3428C-RELATED	1	382	4.0E-63	T	07-05-2025	-	-	-	-
HFDHAJOI_05015	dae43098d2183dbaa211c105f96b83b5	326	Gene3D	G3DSA:3.40.190.10	-	130	251	3.0E-100	T	07-05-2025	-	-	-	-
HFDHAJOI_05015	dae43098d2183dbaa211c105f96b83b5	326	CDD	cd07012	PBP2_Bug_TTT	32	320	2.25646E-125	T	07-05-2025	-	-	-	-
HFDHAJOI_05015	dae43098d2183dbaa211c105f96b83b5	326	SUPERFAMILY	SSF53850	Periplasmic binding protein-like II	93	283	7.42E-12	T	07-05-2025	-	-	-	-
HFDHAJOI_05015	dae43098d2183dbaa211c105f96b83b5	326	Gene3D	G3DSA:3.40.190.150	Bordetella uptake gene, domain 1	33	315	3.0E-100	T	07-05-2025	IPR042100	Bordetella uptake gene, domain 1	-	-
HFDHAJOI_05015	dae43098d2183dbaa211c105f96b83b5	326	PANTHER	PTHR42928	TRICARBOXYLATE-BINDING PROTEIN	3	325	3.6E-95	T	07-05-2025	IPR005064	Bordetella uptake gene	-	-
HFDHAJOI_05015	dae43098d2183dbaa211c105f96b83b5	326	PIRSF	PIRSF017082	YflP	1	325	2.4E-81	T	07-05-2025	IPR005064	Bordetella uptake gene	-	-
HFDHAJOI_05015	dae43098d2183dbaa211c105f96b83b5	326	Pfam	PF03401	Tripartite tricarboxylate transporter family receptor	52	321	1.5E-62	T	07-05-2025	IPR005064	Bordetella uptake gene	-	-
HFDHAJOI_05008	b9d7bc0ae5244509df1239bcd7a5ddc6	1037	Gene3D	G3DSA:1.20.1640.10	Multidrug efflux transporter AcrB transmembrane domain	23	508	5.8E-231	T	07-05-2025	-	-	-	-
HFDHAJOI_05008	b9d7bc0ae5244509df1239bcd7a5ddc6	1037	Coils	Coil	Coil	575	595	-	T	07-05-2025	-	-	-	-
HFDHAJOI_05008	b9d7bc0ae5244509df1239bcd7a5ddc6	1037	Gene3D	G3DSA:3.30.70.1430	Multidrug efflux transporter AcrB pore domain	563	661	5.8E-231	T	07-05-2025	-	-	-	-
HFDHAJOI_05008	b9d7bc0ae5244509df1239bcd7a5ddc6	1037	Gene3D	G3DSA:3.30.70.1320	Multidrug efflux transporter AcrB pore domain like	147	336	5.8E-231	T	07-05-2025	-	-	-	-
HFDHAJOI_05008	b9d7bc0ae5244509df1239bcd7a5ddc6	1037	Gene3D	G3DSA:3.30.2090.10	Multidrug efflux transporter AcrB TolC docking domain; DN and DC subdomains	191	283	5.8E-231	T	07-05-2025	IPR027463	Multidrug efflux transporter AcrB TolC docking domain, DN/DC subdomains	-	-
HFDHAJOI_05008	b9d7bc0ae5244509df1239bcd7a5ddc6	1037	PRINTS	PR00702	Acriflavin resistance protein family signature	448	471	1.2E-23	T	07-05-2025	IPR001036	Acriflavin resistance protein	GO:0016020(InterPro)|GO:0022857(InterPro)|GO:0055085(InterPro)	-
HFDHAJOI_05008	b9d7bc0ae5244509df1239bcd7a5ddc6	1037	PRINTS	PR00702	Acriflavin resistance protein family signature	545	562	1.2E-23	T	07-05-2025	IPR001036	Acriflavin resistance protein	GO:0016020(InterPro)|GO:0022857(InterPro)|GO:0055085(InterPro)	-
HFDHAJOI_05008	b9d7bc0ae5244509df1239bcd7a5ddc6	1037	PRINTS	PR00702	Acriflavin resistance protein family signature	395	419	1.2E-23	T	07-05-2025	IPR001036	Acriflavin resistance protein	GO:0016020(InterPro)|GO:0022857(InterPro)|GO:0055085(InterPro)	-
HFDHAJOI_05008	b9d7bc0ae5244509df1239bcd7a5ddc6	1037	PRINTS	PR00702	Acriflavin resistance protein family signature	341	364	1.2E-23	T	07-05-2025	IPR001036	Acriflavin resistance protein	GO:0016020(InterPro)|GO:0022857(InterPro)|GO:0055085(InterPro)	-
HFDHAJOI_05008	b9d7bc0ae5244509df1239bcd7a5ddc6	1037	PRINTS	PR00702	Acriflavin resistance protein family signature	473	496	1.2E-23	T	07-05-2025	IPR001036	Acriflavin resistance protein	GO:0016020(InterPro)|GO:0022857(InterPro)|GO:0055085(InterPro)	-
HFDHAJOI_05008	b9d7bc0ae5244509df1239bcd7a5ddc6	1037	PRINTS	PR00702	Acriflavin resistance protein family signature	49	67	1.2E-23	T	07-05-2025	IPR001036	Acriflavin resistance protein	GO:0016020(InterPro)|GO:0022857(InterPro)|GO:0055085(InterPro)	-
HFDHAJOI_05008	b9d7bc0ae5244509df1239bcd7a5ddc6	1037	SUPERFAMILY	SSF82693	Multidrug efflux transporter AcrB pore domain; PN1, PN2, PC1 and PC2 subdomains	51	146	2.62E-17	T	07-05-2025	-	-	-	-
HFDHAJOI_05008	b9d7bc0ae5244509df1239bcd7a5ddc6	1037	SUPERFAMILY	SSF82693	Multidrug efflux transporter AcrB pore domain; PN1, PN2, PC1 and PC2 subdomains	559	647	5.23E-7	T	07-05-2025	-	-	-	-
HFDHAJOI_05008	b9d7bc0ae5244509df1239bcd7a5ddc6	1037	SUPERFAMILY	SSF82693	Multidrug efflux transporter AcrB pore domain; PN1, PN2, PC1 and PC2 subdomains	148	335	1.49E-18	T	07-05-2025	-	-	-	-
HFDHAJOI_05008	b9d7bc0ae5244509df1239bcd7a5ddc6	1037	PANTHER	PTHR32063	-	13	1013	1.6E-245	T	07-05-2025	IPR001036	Acriflavin resistance protein	GO:0005886(PANTHER)|GO:0016020(InterPro)|GO:0022857(InterPro)|GO:0042910(PANTHER)|GO:0055085(InterPro)	-
HFDHAJOI_05008	b9d7bc0ae5244509df1239bcd7a5ddc6	1037	SUPERFAMILY	SSF82866	Multidrug efflux transporter AcrB transmembrane domain	302	500	8.11E-32	T	07-05-2025	-	-	-	-
HFDHAJOI_05008	b9d7bc0ae5244509df1239bcd7a5ddc6	1037	SUPERFAMILY	SSF82866	Multidrug efflux transporter AcrB transmembrane domain	794	1014	4.19E-40	T	07-05-2025	-	-	-	-
HFDHAJOI_05008	b9d7bc0ae5244509df1239bcd7a5ddc6	1037	Gene3D	G3DSA:3.30.70.1440	Multidrug efflux transporter AcrB pore domain	662	863	5.8E-231	T	07-05-2025	-	-	-	-
HFDHAJOI_05008	b9d7bc0ae5244509df1239bcd7a5ddc6	1037	Pfam	PF00873	AcrB/AcrD/AcrF family	16	1010	9.2E-158	T	07-05-2025	IPR001036	Acriflavin resistance protein	GO:0016020(InterPro)|GO:0022857(InterPro)|GO:0055085(InterPro)	-
HFDHAJOI_05008	b9d7bc0ae5244509df1239bcd7a5ddc6	1037	Gene3D	G3DSA:1.20.1640.10	Multidrug efflux transporter AcrB transmembrane domain	509	1009	5.8E-231	T	07-05-2025	-	-	-	-
HFDHAJOI_05008	b9d7bc0ae5244509df1239bcd7a5ddc6	1037	Gene3D	G3DSA:3.30.2090.10	Multidrug efflux transporter AcrB TolC docking domain; DN and DC subdomains	713	801	5.8E-231	T	07-05-2025	IPR027463	Multidrug efflux transporter AcrB TolC docking domain, DN/DC subdomains	-	-
HFDHAJOI_05008	b9d7bc0ae5244509df1239bcd7a5ddc6	1037	SUPERFAMILY	SSF82714	Multidrug efflux transporter AcrB TolC docking domain; DN and DC subdomains	196	274	1.07E-8	T	07-05-2025	IPR027463	Multidrug efflux transporter AcrB TolC docking domain, DN/DC subdomains	-	-
HFDHAJOI_05008	b9d7bc0ae5244509df1239bcd7a5ddc6	1037	SUPERFAMILY	SSF82714	Multidrug efflux transporter AcrB TolC docking domain; DN and DC subdomains	712	798	3.66E-15	T	07-05-2025	IPR027463	Multidrug efflux transporter AcrB TolC docking domain, DN/DC subdomains	-	-
HFDHAJOI_05008	b9d7bc0ae5244509df1239bcd7a5ddc6	1037	Gene3D	G3DSA:3.30.70.1430	Multidrug efflux transporter AcrB pore domain	51	809	5.8E-231	T	07-05-2025	-	-	-	-
HFDHAJOI_04948	3a2b5529e4cbbbf8236ff63969a97bfe	604	Gene3D	G3DSA:1.10.287.950	-	294	592	3.5E-77	T	07-05-2025	-	-	-	-
HFDHAJOI_04948	3a2b5529e4cbbbf8236ff63969a97bfe	604	ProSiteProfiles	PS50885	HAMP domain profile.	210	263	8.735814	T	07-05-2025	IPR003660	HAMP domain	GO:0007165(InterPro)|GO:0016020(InterPro)	-
HFDHAJOI_04948	3a2b5529e4cbbbf8236ff63969a97bfe	604	FunFam	G3DSA:1.10.287.950:FF:000001	Methyl-accepting chemotaxis sensory transducer	293	591	1.1E-78	T	07-05-2025	-	-	-	-
HFDHAJOI_04948	3a2b5529e4cbbbf8236ff63969a97bfe	604	ProSiteProfiles	PS50111	Bacterial chemotaxis sensory transducers domain profile.	347	576	51.322491	T	07-05-2025	IPR004089	Methyl-accepting chemotaxis protein (MCP) signalling domain	GO:0007165(InterPro)|GO:0016020(InterPro)	-
HFDHAJOI_04948	3a2b5529e4cbbbf8236ff63969a97bfe	604	SMART	SM00304	HAMP_11	210	263	7.8E-7	T	07-05-2025	IPR003660	HAMP domain	GO:0007165(InterPro)|GO:0016020(InterPro)	-
HFDHAJOI_04948	3a2b5529e4cbbbf8236ff63969a97bfe	604	SMART	SM00304	HAMP_11	291	342	6.5E-4	T	07-05-2025	IPR003660	HAMP domain	GO:0007165(InterPro)|GO:0016020(InterPro)	-
HFDHAJOI_04948	3a2b5529e4cbbbf8236ff63969a97bfe	604	CDD	cd06225	HAMP	297	337	0.00935072	T	07-05-2025	-	-	-	-
HFDHAJOI_04948	3a2b5529e4cbbbf8236ff63969a97bfe	604	Gene3D	G3DSA:3.30.450.20	PAS domain	32	186	1.1E-53	T	07-05-2025	-	-	-	-
HFDHAJOI_04948	3a2b5529e4cbbbf8236ff63969a97bfe	604	CDD	cd11386	MCP_signal	384	569	6.34686E-63	T	07-05-2025	-	-	-	-
HFDHAJOI_04948	3a2b5529e4cbbbf8236ff63969a97bfe	604	SMART	SM01049	Cache_2_2	33	127	8.9E-40	T	07-05-2025	IPR033480	Single Cache domain 2	-	-
HFDHAJOI_04948	3a2b5529e4cbbbf8236ff63969a97bfe	604	Coils	Coil	Coil	359	403	-	T	07-05-2025	-	-	-	-
HFDHAJOI_04948	3a2b5529e4cbbbf8236ff63969a97bfe	604	SUPERFAMILY	SSF58104	Methyl-accepting chemotaxis protein (MCP) signaling domain	319	592	2.09E-66	T	07-05-2025	-	-	-	-
HFDHAJOI_04948	3a2b5529e4cbbbf8236ff63969a97bfe	604	Gene3D	G3DSA:1.10.8.500	HAMP domain in histidine kinase	210	263	2.9E-12	T	07-05-2025	-	-	-	-
HFDHAJOI_04948	3a2b5529e4cbbbf8236ff63969a97bfe	604	ProSiteProfiles	PS50885	HAMP domain profile.	291	342	8.954744	T	07-05-2025	IPR003660	HAMP domain	GO:0007165(InterPro)|GO:0016020(InterPro)	-
HFDHAJOI_04948	3a2b5529e4cbbbf8236ff63969a97bfe	604	Pfam	PF00015	Methyl-accepting chemotaxis protein (MCP) signalling domain	403	558	2.9E-48	T	07-05-2025	IPR004089	Methyl-accepting chemotaxis protein (MCP) signalling domain	GO:0007165(InterPro)|GO:0016020(InterPro)	-
HFDHAJOI_04948	3a2b5529e4cbbbf8236ff63969a97bfe	604	MobiDBLite	mobidb-lite	consensus disorder prediction	276	289	-	T	07-05-2025	-	-	-	-
HFDHAJOI_04948	3a2b5529e4cbbbf8236ff63969a97bfe	604	MobiDBLite	mobidb-lite	consensus disorder prediction	269	289	-	T	07-05-2025	-	-	-	-
HFDHAJOI_04948	3a2b5529e4cbbbf8236ff63969a97bfe	604	SUPERFAMILY	SSF158472	HAMP domain-like	210	262	5.23E-8	T	07-05-2025	-	-	-	-
HFDHAJOI_04948	3a2b5529e4cbbbf8236ff63969a97bfe	604	PANTHER	PTHR43531	PROTEIN ICFG	293	595	1.0E-102	T	07-05-2025	IPR051310	Methyl-accepting chemotaxis	-	-
HFDHAJOI_04948	3a2b5529e4cbbbf8236ff63969a97bfe	604	Pfam	PF00672	HAMP domain	207	260	0.0085	T	07-05-2025	IPR003660	HAMP domain	GO:0007165(InterPro)|GO:0016020(InterPro)	-
HFDHAJOI_04948	3a2b5529e4cbbbf8236ff63969a97bfe	604	SMART	SM00283	MA_2	343	590	1.6E-100	T	07-05-2025	IPR004089	Methyl-accepting chemotaxis protein (MCP) signalling domain	GO:0007165(InterPro)|GO:0016020(InterPro)	-
HFDHAJOI_04948	3a2b5529e4cbbbf8236ff63969a97bfe	604	Pfam	PF17200	Single Cache domain 2	39	187	3.2E-39	T	07-05-2025	IPR033480	Single Cache domain 2	-	-
HFDHAJOI_04948	3a2b5529e4cbbbf8236ff63969a97bfe	604	PRINTS	PR00260	Bacterial chemotaxis sensory transducer signature	441	468	3.8E-45	T	07-05-2025	IPR004090	Chemotaxis methyl-accepting receptor	GO:0004888(InterPro)|GO:0006935(InterPro)|GO:0007165(InterPro)|GO:0016020(InterPro)	-
HFDHAJOI_04948	3a2b5529e4cbbbf8236ff63969a97bfe	604	PRINTS	PR00260	Bacterial chemotaxis sensory transducer signature	470	499	3.8E-45	T	07-05-2025	IPR004090	Chemotaxis methyl-accepting receptor	GO:0004888(InterPro)|GO:0006935(InterPro)|GO:0007165(InterPro)|GO:0016020(InterPro)	-
HFDHAJOI_04948	3a2b5529e4cbbbf8236ff63969a97bfe	604	PRINTS	PR00260	Bacterial chemotaxis sensory transducer signature	364	393	3.8E-45	T	07-05-2025	IPR004090	Chemotaxis methyl-accepting receptor	GO:0004888(InterPro)|GO:0006935(InterPro)|GO:0007165(InterPro)|GO:0016020(InterPro)	-
HFDHAJOI_04948	3a2b5529e4cbbbf8236ff63969a97bfe	604	PRINTS	PR00260	Bacterial chemotaxis sensory transducer signature	518	547	3.8E-45	T	07-05-2025	IPR004090	Chemotaxis methyl-accepting receptor	GO:0004888(InterPro)|GO:0006935(InterPro)|GO:0007165(InterPro)|GO:0016020(InterPro)	-
HFDHAJOI_04997	8590c3f1ea04b9ea73e9dbfff8a4868a	372	Pfam	PF07859	alpha/beta hydrolase fold	150	347	2.5E-40	T	07-05-2025	IPR013094	Alpha/beta hydrolase fold-3	GO:0016787(InterPro)	-
HFDHAJOI_04997	8590c3f1ea04b9ea73e9dbfff8a4868a	372	PANTHER	PTHR48081	AB HYDROLASE SUPERFAMILY PROTEIN C4A8.06C	113	347	2.2E-34	T	07-05-2025	IPR050300	GDXG lipolytic enzyme	GO:0004806(PANTHER)	-
HFDHAJOI_04997	8590c3f1ea04b9ea73e9dbfff8a4868a	372	Gene3D	G3DSA:3.40.50.1820	alpha/beta hydrolase	49	370	8.6E-77	T	07-05-2025	IPR029058	Alpha/Beta hydrolase fold	-	-
HFDHAJOI_04997	8590c3f1ea04b9ea73e9dbfff8a4868a	372	MobiDBLite	mobidb-lite	consensus disorder prediction	1	31	-	T	07-05-2025	-	-	-	-
HFDHAJOI_04997	8590c3f1ea04b9ea73e9dbfff8a4868a	372	SUPERFAMILY	SSF53474	alpha/beta-Hydrolases	131	370	9.98E-47	T	07-05-2025	IPR029058	Alpha/Beta hydrolase fold	-	-
HFDHAJOI_04893	5dcd405c51f38eae71f9e294a16fb2f8	150	SUPERFAMILY	SSF55811	Nudix	10	130	1.1E-13	T	07-05-2025	IPR015797	NUDIX hydrolase-like domain superfamily	-	-
HFDHAJOI_04893	5dcd405c51f38eae71f9e294a16fb2f8	150	CDD	cd04688	NUDIX_Hydrolase	10	147	5.4702E-41	T	07-05-2025	-	-	-	-
HFDHAJOI_04893	5dcd405c51f38eae71f9e294a16fb2f8	150	Pfam	PF00293	NUDIX domain	41	130	5.4E-6	T	07-05-2025	IPR000086	NUDIX hydrolase domain	-	-
HFDHAJOI_04893	5dcd405c51f38eae71f9e294a16fb2f8	150	Gene3D	G3DSA:3.90.79.10	Nucleoside Triphosphate Pyrophosphohydrolase	2	150	1.5E-17	T	07-05-2025	-	-	-	-
HFDHAJOI_04893	5dcd405c51f38eae71f9e294a16fb2f8	150	ProSitePatterns	PS00893	Nudix box signature.	44	65	-	T	07-05-2025	IPR020084	NUDIX hydrolase, conserved site	GO:0016787(InterPro)	-
HFDHAJOI_04909	695dfce16f03d43cf8f82df2baa2c16c	357	Gene3D	G3DSA:3.40.50.1820	alpha/beta hydrolase	78	336	4.0E-19	T	07-05-2025	IPR029058	Alpha/Beta hydrolase fold	-	-
HFDHAJOI_04909	695dfce16f03d43cf8f82df2baa2c16c	357	Pfam	PF01738	Dienelactone hydrolase family	101	219	4.9E-4	T	07-05-2025	IPR002925	Dienelactone hydrolase	GO:0016787(InterPro)	-
HFDHAJOI_04909	695dfce16f03d43cf8f82df2baa2c16c	357	NCBIfam	NF047337	RcgR family putative quorum lactone hydrolase	10	335	1.2E-83	T	07-05-2025	-	-	-	-
HFDHAJOI_04909	695dfce16f03d43cf8f82df2baa2c16c	357	SUPERFAMILY	SSF53474	alpha/beta-Hydrolases	103	335	3.97E-19	T	07-05-2025	IPR029058	Alpha/Beta hydrolase fold	-	-
HFDHAJOI_04983	0577e00412264733ec47a1809e677c74	438	PIRSF	PIRSF006066	HI0050	6	438	1.5E-81	T	07-05-2025	IPR004681	TRAP transporter large membrane protein DctM	GO:0016020(InterPro)	-
HFDHAJOI_04983	0577e00412264733ec47a1809e677c74	438	Pfam	PF06808	Tripartite ATP-independent periplasmic transporter, DctM component	13	428	1.1E-68	T	07-05-2025	IPR010656	TRAP C4-dicarboxylate transport system permease DctM subunit	-	-
HFDHAJOI_04983	0577e00412264733ec47a1809e677c74	438	PANTHER	PTHR33362	SIALIC ACID TRAP TRANSPORTER PERMEASE PROTEIN SIAT-RELATED	8	436	3.2E-89	T	07-05-2025	IPR004681	TRAP transporter large membrane protein DctM	GO:0005886(PANTHER)|GO:0016020(InterPro)|GO:0022857(PANTHER)	-
HFDHAJOI_04983	0577e00412264733ec47a1809e677c74	438	NCBIfam	TIGR00786	TRAP transporter large permease subunit	22	434	1.2E-76	T	07-05-2025	IPR004681	TRAP transporter large membrane protein DctM	GO:0016020(InterPro)	-
HFDHAJOI_04971	f6ed5d884e3414b761dd44037c656e07	384	PANTHER	PTHR13812	KETIMINE REDUCTASE MU-CRYSTALLIN	31	374	1.8E-31	T	07-05-2025	IPR003462	Ornithine cyclodeaminase/mu-crystallin	GO:0005737(PANTHER)	-
HFDHAJOI_04971	f6ed5d884e3414b761dd44037c656e07	384	Pfam	PF02423	Ornithine cyclodeaminase/mu-crystallin family	28	367	5.3E-63	T	07-05-2025	IPR003462	Ornithine cyclodeaminase/mu-crystallin	-	-
HFDHAJOI_04971	f6ed5d884e3414b761dd44037c656e07	384	PIRSF	PIRSF001439	CryM	8	378	2.0E-104	T	07-05-2025	IPR003462	Ornithine cyclodeaminase/mu-crystallin	-	-
HFDHAJOI_04971	f6ed5d884e3414b761dd44037c656e07	384	Gene3D	G3DSA:3.30.1780.10	ornithine cyclodeaminase, domain 1	17	373	6.7E-78	T	07-05-2025	IPR023401	Ornithine cyclodeaminase, N-terminal	-	-
HFDHAJOI_04971	f6ed5d884e3414b761dd44037c656e07	384	SUPERFAMILY	SSF51735	NAD(P)-binding Rossmann-fold domains	10	381	5.2E-73	T	07-05-2025	IPR036291	NAD(P)-binding domain superfamily	-	-
HFDHAJOI_04971	f6ed5d884e3414b761dd44037c656e07	384	Gene3D	G3DSA:3.40.50.720	-	158	351	6.7E-78	T	07-05-2025	-	-	-	-
HFDHAJOI_04971	f6ed5d884e3414b761dd44037c656e07	384	NCBIfam	NF004848	tyramine oxidase subunit B	8	384	3.8E-213	T	07-05-2025	-	-	-	-
HFDHAJOI_04993	77a7f8db1c5642afe15b8e3e6316eb44	240	Gene3D	G3DSA:3.40.50.720	-	1	237	3.5E-74	T	07-05-2025	-	-	-	-
HFDHAJOI_04993	77a7f8db1c5642afe15b8e3e6316eb44	240	Pfam	PF00106	short chain dehydrogenase	3	192	3.2E-52	T	07-05-2025	IPR002347	Short-chain dehydrogenase/reductase SDR	-	-
HFDHAJOI_04993	77a7f8db1c5642afe15b8e3e6316eb44	240	FunFam	G3DSA:3.40.50.720:FF:000047	NADP-dependent L-serine/L-allo-threonine dehydrogenase	1	238	2.6E-75	T	07-05-2025	-	-	-	-
HFDHAJOI_04993	77a7f8db1c5642afe15b8e3e6316eb44	240	PRINTS	PR00080	Short-chain dehydrogenase/reductase (SDR) superfamily signature	151	170	1.8E-10	T	07-05-2025	IPR002347	Short-chain dehydrogenase/reductase SDR	-	-
HFDHAJOI_04993	77a7f8db1c5642afe15b8e3e6316eb44	240	PRINTS	PR00080	Short-chain dehydrogenase/reductase (SDR) superfamily signature	131	139	1.8E-10	T	07-05-2025	IPR002347	Short-chain dehydrogenase/reductase SDR	-	-
HFDHAJOI_04993	77a7f8db1c5642afe15b8e3e6316eb44	240	PRINTS	PR00080	Short-chain dehydrogenase/reductase (SDR) superfamily signature	78	89	1.8E-10	T	07-05-2025	IPR002347	Short-chain dehydrogenase/reductase SDR	-	-
HFDHAJOI_04993	77a7f8db1c5642afe15b8e3e6316eb44	240	PANTHER	PTHR43115	DEHYDROGENASE/REDUCTASE SDR FAMILY MEMBER 11	2	239	3.9E-67	T	07-05-2025	-	-	-	-
HFDHAJOI_04993	77a7f8db1c5642afe15b8e3e6316eb44	240	SMART	SM00822	This enzymatic domain is part of bacterial polyketide synthases and catalyses the first step in the reductive modification of the beta-carbonyl centres in the growing polyketide chain. It uses NADPH to reduce the keto group to a hydroxy group.	3	185	4.7E-4	T	07-05-2025	IPR057326	Ketoreductase domain	-	-
HFDHAJOI_04993	77a7f8db1c5642afe15b8e3e6316eb44	240	ProSitePatterns	PS00061	Short-chain dehydrogenases/reductases family signature.	138	166	-	T	07-05-2025	IPR020904	Short-chain dehydrogenase/reductase, conserved site	-	-
HFDHAJOI_04993	77a7f8db1c5642afe15b8e3e6316eb44	240	SUPERFAMILY	SSF51735	NAD(P)-binding Rossmann-fold domains	2	234	6.14E-68	T	07-05-2025	IPR036291	NAD(P)-binding domain superfamily	-	-
HFDHAJOI_04993	77a7f8db1c5642afe15b8e3e6316eb44	240	PIRSF	PIRSF000126	11-beta-HSD1	1	237	9.7E-53	T	07-05-2025	-	-	-	-
HFDHAJOI_04993	77a7f8db1c5642afe15b8e3e6316eb44	240	PRINTS	PR00081	Glucose/ribitol dehydrogenase family signature	4	21	1.8E-25	T	07-05-2025	IPR002347	Short-chain dehydrogenase/reductase SDR	-	-
HFDHAJOI_04993	77a7f8db1c5642afe15b8e3e6316eb44	240	PRINTS	PR00081	Glucose/ribitol dehydrogenase family signature	170	187	1.8E-25	T	07-05-2025	IPR002347	Short-chain dehydrogenase/reductase SDR	-	-
HFDHAJOI_04993	77a7f8db1c5642afe15b8e3e6316eb44	240	PRINTS	PR00081	Glucose/ribitol dehydrogenase family signature	78	89	1.8E-25	T	07-05-2025	IPR002347	Short-chain dehydrogenase/reductase SDR	-	-
HFDHAJOI_04993	77a7f8db1c5642afe15b8e3e6316eb44	240	PRINTS	PR00081	Glucose/ribitol dehydrogenase family signature	151	170	1.8E-25	T	07-05-2025	IPR002347	Short-chain dehydrogenase/reductase SDR	-	-
HFDHAJOI_04993	77a7f8db1c5642afe15b8e3e6316eb44	240	PRINTS	PR00081	Glucose/ribitol dehydrogenase family signature	125	141	1.8E-25	T	07-05-2025	IPR002347	Short-chain dehydrogenase/reductase SDR	-	-
HFDHAJOI_04952	d3b24b160f97f7fb78049ff0153d76ac	116	MobiDBLite	mobidb-lite	consensus disorder prediction	1	21	-	T	07-05-2025	-	-	-	-
HFDHAJOI_04952	d3b24b160f97f7fb78049ff0153d76ac	116	CDD	cd02227	cupin_TM1112-like	46	114	8.35398E-26	T	07-05-2025	-	-	-	-
HFDHAJOI_04952	d3b24b160f97f7fb78049ff0153d76ac	116	PANTHER	PTHR40943	CYTOPLASMIC PROTEIN-RELATED	20	115	2.4E-13	T	07-05-2025	-	-	-	-
HFDHAJOI_04952	d3b24b160f97f7fb78049ff0153d76ac	116	SUPERFAMILY	SSF51182	RmlC-like cupins	5	115	2.8E-20	T	07-05-2025	IPR011051	RmlC-like cupin domain superfamily	-	-
HFDHAJOI_04952	d3b24b160f97f7fb78049ff0153d76ac	116	Pfam	PF05899	EutQ-like cupin domain	41	113	5.8E-22	T	07-05-2025	IPR008579	(S)-ureidoglycine aminohydrolase, cupin domain	-	-
HFDHAJOI_04952	d3b24b160f97f7fb78049ff0153d76ac	116	Gene3D	G3DSA:2.60.120.10	Jelly Rolls	2	115	1.5E-29	T	07-05-2025	IPR014710	RmlC-like jelly roll fold	-	-
HFDHAJOI_04874	41740176caafe8e6061986bd913b5131	139	PANTHER	PTHR35901	RIBONUCLEASE VAPC3	1	131	1.5E-17	T	07-05-2025	IPR051619	Type II TA system ribonuclease PINc/VapC	-	-
HFDHAJOI_04874	41740176caafe8e6061986bd913b5131	139	Gene3D	G3DSA:3.40.50.1010	-	2	127	1.8E-25	T	07-05-2025	-	-	-	-
HFDHAJOI_04874	41740176caafe8e6061986bd913b5131	139	SUPERFAMILY	SSF88723	PIN domain-like	4	134	8.97E-17	T	07-05-2025	IPR029060	PIN-like domain superfamily	-	-
HFDHAJOI_04874	41740176caafe8e6061986bd913b5131	139	Pfam	PF01850	PIN domain	5	125	9.8E-8	T	07-05-2025	IPR002716	PIN domain	-	-
HFDHAJOI_04874	41740176caafe8e6061986bd913b5131	139	CDD	cd09873	PIN_Pae0151-like	5	131	2.68082E-38	T	07-05-2025	IPR044153	Pae0151-like, PIN domain	-	-
HFDHAJOI_04934	9a300687cb05b3c6cfd4c6644bcd3ee4	205	SUPERFAMILY	SSF141318	TM0957-like	39	203	1.57E-23	T	07-05-2025	IPR036215	TM0957-like superfamily	-	-
HFDHAJOI_04934	9a300687cb05b3c6cfd4c6644bcd3ee4	205	Pfam	PF10054	Predicted periplasmic lipoprotein (DUF2291)	11	202	9.1E-44	T	07-05-2025	IPR014582	Uncharacterised conserved protein UCP033535, periplasmic lipoprotein	-	-
HFDHAJOI_04934	9a300687cb05b3c6cfd4c6644bcd3ee4	205	ProSiteProfiles	PS51257	Prokaryotic membrane lipoprotein lipid attachment site profile.	1	20	5.0	T	07-05-2025	-	-	-	-
HFDHAJOI_04934	9a300687cb05b3c6cfd4c6644bcd3ee4	205	PIRSF	PIRSF033535	UCP033535_plp	2	205	5.8E-43	T	07-05-2025	IPR014582	Uncharacterised conserved protein UCP033535, periplasmic lipoprotein	-	-
HFDHAJOI_04935	2de97309b35ef6c3520ed41f2a23d101	313	Gene3D	G3DSA:3.40.50.2300	-	38	282	5.7E-94	T	07-05-2025	-	-	-	-
HFDHAJOI_04935	2de97309b35ef6c3520ed41f2a23d101	313	PANTHER	PTHR46847	D-ALLOSE-BINDING PERIPLASMIC PROTEIN-RELATED	5	307	1.4E-75	T	07-05-2025	-	-	-	-
HFDHAJOI_04935	2de97309b35ef6c3520ed41f2a23d101	313	Pfam	PF13407	Periplasmic binding protein domain	30	281	4.0E-55	T	07-05-2025	IPR025997	Periplasmic binding protein	-	-
HFDHAJOI_04935	2de97309b35ef6c3520ed41f2a23d101	313	SUPERFAMILY	SSF53822	Periplasmic binding protein-like I	29	306	1.12E-76	T	07-05-2025	IPR028082	Periplasmic binding protein-like I	-	-
HFDHAJOI_04935	2de97309b35ef6c3520ed41f2a23d101	313	CDD	cd19967	PBP1_TmRBP-like	29	299	2.90211E-144	T	07-05-2025	-	-	-	-
HFDHAJOI_04935	2de97309b35ef6c3520ed41f2a23d101	313	Gene3D	G3DSA:3.40.50.2300	-	131	264	5.7E-94	T	07-05-2025	-	-	-	-
HFDHAJOI_04875	122969770fb193c620e6885316c9dedb	373	ProSiteProfiles	PS51898	Tyrosine recombinase domain profile.	169	371	20.702057	T	07-05-2025	IPR002104	Integrase, catalytic domain	GO:0003677(InterPro)|GO:0006310(InterPro)|GO:0015074(InterPro)	-
HFDHAJOI_04875	122969770fb193c620e6885316c9dedb	373	Pfam	PF00589	Phage integrase family	174	361	2.0E-11	T	07-05-2025	IPR002104	Integrase, catalytic domain	GO:0003677(InterPro)|GO:0006310(InterPro)|GO:0015074(InterPro)	-
HFDHAJOI_04875	122969770fb193c620e6885316c9dedb	373	CDD	cd00799	INT_Cre_C	179	372	1.63363E-50	T	07-05-2025	-	-	-	-
HFDHAJOI_04875	122969770fb193c620e6885316c9dedb	373	PANTHER	PTHR30349	PHAGE INTEGRASE-RELATED	110	362	1.4E-14	T	07-05-2025	IPR050090	Bacterial tyrosine recombinase XerC/XerD complex	-	-
HFDHAJOI_04875	122969770fb193c620e6885316c9dedb	373	Gene3D	G3DSA:1.10.150.130	-	32	169	1.1E-7	T	07-05-2025	IPR010998	Integrase/recombinase, N-terminal	-	-
HFDHAJOI_04875	122969770fb193c620e6885316c9dedb	373	SUPERFAMILY	SSF56349	DNA breaking-rejoining enzymes	167	370	8.54E-39	T	07-05-2025	IPR011010	DNA breaking-rejoining enzyme, catalytic core	GO:0003677(InterPro)	-
HFDHAJOI_04875	122969770fb193c620e6885316c9dedb	373	Gene3D	G3DSA:1.10.443.10	Intergrase catalytic core	170	362	2.7E-39	T	07-05-2025	IPR013762	Integrase-like, catalytic domain superfamily	GO:0003677(InterPro)|GO:0006310(InterPro)|GO:0015074(InterPro)	-
HFDHAJOI_04875	122969770fb193c620e6885316c9dedb	373	MobiDBLite	mobidb-lite	consensus disorder prediction	343	373	-	T	07-05-2025	-	-	-	-
HFDHAJOI_04886	c699e2a4ea0bae0059e13743d90414bb	444	PANTHER	PTHR30386	MEMBRANE FUSION SUBUNIT OF EMRAB-TOLC MULTIDRUG EFFLUX PUMP	22	437	1.2E-59	T	07-05-2025	IPR050739	Membrane Fusion Protein	-	-
HFDHAJOI_04886	c699e2a4ea0bae0059e13743d90414bb	444	Coils	Coil	Coil	241	261	-	T	07-05-2025	-	-	-	-
HFDHAJOI_04886	c699e2a4ea0bae0059e13743d90414bb	444	Gene3D	G3DSA:2.40.30.170	-	312	425	8.1E-8	T	07-05-2025	-	-	-	-
HFDHAJOI_04886	c699e2a4ea0bae0059e13743d90414bb	444	Coils	Coil	Coil	263	290	-	T	07-05-2025	-	-	-	-
HFDHAJOI_04886	c699e2a4ea0bae0059e13743d90414bb	444	ProSitePatterns	PS00543	HlyD family secretion proteins signature.	408	430	-	T	07-05-2025	IPR006144	Secretion protein HlyD, conserved site	GO:0009306(InterPro)|GO:0016020(InterPro)	-
HFDHAJOI_04886	c699e2a4ea0bae0059e13743d90414bb	444	Pfam	PF13437	HlyD family secretion protein	296	393	1.4E-7	T	07-05-2025	-	-	-	-
HFDHAJOI_04886	c699e2a4ea0bae0059e13743d90414bb	444	Gene3D	G3DSA:2.40.50.100	-	70	129	1.8E-5	T	07-05-2025	-	-	-	-
HFDHAJOI_04886	c699e2a4ea0bae0059e13743d90414bb	444	NCBIfam	TIGR01843	HlyD family type I secretion periplasmic adaptor subunit	26	444	6.0E-97	T	07-05-2025	IPR010129	Type I secretion membrane fusion protein, HlyD family	GO:0015031(InterPro)|GO:0016020(InterPro)	-
HFDHAJOI_04886	c699e2a4ea0bae0059e13743d90414bb	444	PRINTS	PR01490	Gram-negative bacterial RTX secretion protein D signature	423	443	1.8E-44	T	07-05-2025	-	-	-	-
HFDHAJOI_04886	c699e2a4ea0bae0059e13743d90414bb	444	PRINTS	PR01490	Gram-negative bacterial RTX secretion protein D signature	408	423	1.8E-44	T	07-05-2025	-	-	-	-
HFDHAJOI_04886	c699e2a4ea0bae0059e13743d90414bb	444	PRINTS	PR01490	Gram-negative bacterial RTX secretion protein D signature	308	329	1.8E-44	T	07-05-2025	-	-	-	-
HFDHAJOI_04886	c699e2a4ea0bae0059e13743d90414bb	444	PRINTS	PR01490	Gram-negative bacterial RTX secretion protein D signature	365	388	1.8E-44	T	07-05-2025	-	-	-	-
HFDHAJOI_04886	c699e2a4ea0bae0059e13743d90414bb	444	PRINTS	PR01490	Gram-negative bacterial RTX secretion protein D signature	75	95	1.8E-44	T	07-05-2025	-	-	-	-
HFDHAJOI_04886	c699e2a4ea0bae0059e13743d90414bb	444	PRINTS	PR01490	Gram-negative bacterial RTX secretion protein D signature	33	56	1.8E-44	T	07-05-2025	-	-	-	-
HFDHAJOI_04886	c699e2a4ea0bae0059e13743d90414bb	444	PRINTS	PR01490	Gram-negative bacterial RTX secretion protein D signature	341	365	1.8E-44	T	07-05-2025	-	-	-	-
HFDHAJOI_04886	c699e2a4ea0bae0059e13743d90414bb	444	Coils	Coil	Coil	161	195	-	T	07-05-2025	-	-	-	-
HFDHAJOI_04888	8455750bb23416fa77f34013ada37ea2	214	SUPERFAMILY	SSF46689	Homeodomain-like	140	179	1.21E-7	T	07-05-2025	IPR009057	Homedomain-like superfamily	-	-
HFDHAJOI_04888	8455750bb23416fa77f34013ada37ea2	214	MobiDBLite	mobidb-lite	consensus disorder prediction	183	214	-	T	07-05-2025	-	-	-	-
HFDHAJOI_04888	8455750bb23416fa77f34013ada37ea2	214	CDD	cd00569	HTH_Hin_like	140	178	2.41418E-8	T	07-05-2025	-	-	-	-
HFDHAJOI_04888	8455750bb23416fa77f34013ada37ea2	214	Gene3D	G3DSA:3.40.50.1390	-	2	139	6.1E-37	T	07-05-2025	IPR036162	Resolvase-like, N-terminal catalytic domain superfamily	GO:0000150(InterPro)|GO:0003677(InterPro)|GO:0006310(InterPro)	-
HFDHAJOI_04888	8455750bb23416fa77f34013ada37ea2	214	FunFam	G3DSA:3.40.50.1390:FF:000001	DNA recombinase	2	127	1.1E-45	T	07-05-2025	-	-	-	-
HFDHAJOI_04888	8455750bb23416fa77f34013ada37ea2	214	ProSitePatterns	PS00397	Site-specific recombinases active site.	6	14	-	T	07-05-2025	IPR006118	Recombinase, conserved site	GO:0000150(InterPro)|GO:0006310(InterPro)	-
HFDHAJOI_04888	8455750bb23416fa77f34013ada37ea2	214	ProSitePatterns	PS00398	Site-specific recombinases signature 2.	57	69	-	T	07-05-2025	IPR006118	Recombinase, conserved site	GO:0000150(InterPro)|GO:0006310(InterPro)	-
HFDHAJOI_04888	8455750bb23416fa77f34013ada37ea2	214	Gene3D	G3DSA:1.10.10.60	-	140	181	2.1E-11	T	07-05-2025	-	-	-	-
HFDHAJOI_04888	8455750bb23416fa77f34013ada37ea2	214	SUPERFAMILY	SSF53041	Resolvase-like	1	138	4.32E-41	T	07-05-2025	IPR036162	Resolvase-like, N-terminal catalytic domain superfamily	GO:0000150(InterPro)|GO:0003677(InterPro)|GO:0006310(InterPro)	-
HFDHAJOI_04888	8455750bb23416fa77f34013ada37ea2	214	ProSiteProfiles	PS51736	Resolvase/invertase-type recombinase catalytic domain profile.	2	136	44.133549	T	07-05-2025	IPR006119	Resolvase, N-terminal catalytic domain	GO:0000150(InterPro)|GO:0003677(InterPro)|GO:0006310(InterPro)	-
HFDHAJOI_04888	8455750bb23416fa77f34013ada37ea2	214	Pfam	PF00239	Resolvase, N terminal domain	3	137	3.5E-36	T	07-05-2025	IPR006119	Resolvase, N-terminal catalytic domain	GO:0000150(InterPro)|GO:0003677(InterPro)|GO:0006310(InterPro)	-
HFDHAJOI_04888	8455750bb23416fa77f34013ada37ea2	214	CDD	cd03768	SR_ResInv	3	128	5.11264E-53	T	07-05-2025	-	-	-	-
HFDHAJOI_04888	8455750bb23416fa77f34013ada37ea2	214	SMART	SM00857	resolvase_6	3	138	3.7E-50	T	07-05-2025	IPR006119	Resolvase, N-terminal catalytic domain	GO:0000150(InterPro)|GO:0003677(InterPro)|GO:0006310(InterPro)	-
HFDHAJOI_04888	8455750bb23416fa77f34013ada37ea2	214	Pfam	PF02796	Helix-turn-helix domain of resolvase	140	180	1.3E-5	T	07-05-2025	IPR006120	Resolvase, HTH domain	GO:0000150(InterPro)|GO:0003677(InterPro)|GO:0006310(InterPro)	-
HFDHAJOI_04888	8455750bb23416fa77f34013ada37ea2	214	PANTHER	PTHR30461	DNA-INVERTASE FROM LAMBDOID PROPHAGE	1	172	4.4E-30	T	07-05-2025	IPR050639	Site-specific recombinase resolvase	GO:0000150(PANTHER)|GO:0006310(PANTHER)	-
HFDHAJOI_04969	e0e6c2a83d9c7b55675fe7832a558641	432	Gene3D	G3DSA:3.50.50.60	-	327	432	1.8E-16	T	07-05-2025	IPR036188	FAD/NAD(P)-binding domain superfamily	-	-
HFDHAJOI_04969	e0e6c2a83d9c7b55675fe7832a558641	432	Pfam	PF01266	FAD dependent oxidoreductase	20	412	8.2E-65	T	07-05-2025	IPR006076	FAD dependent oxidoreductase	-	-
HFDHAJOI_04969	e0e6c2a83d9c7b55675fe7832a558641	432	Gene3D	G3DSA:3.50.50.60	-	16	122	2.1E-21	T	07-05-2025	IPR036188	FAD/NAD(P)-binding domain superfamily	-	-
HFDHAJOI_04969	e0e6c2a83d9c7b55675fe7832a558641	432	Gene3D	G3DSA:3.50.50.60	-	133	284	7.5E-21	T	07-05-2025	IPR036188	FAD/NAD(P)-binding domain superfamily	-	-
HFDHAJOI_04969	e0e6c2a83d9c7b55675fe7832a558641	432	SUPERFAMILY	SSF51905	FAD/NAD(P)-binding domain	18	431	7.12E-57	T	07-05-2025	IPR036188	FAD/NAD(P)-binding domain superfamily	-	-
HFDHAJOI_04969	e0e6c2a83d9c7b55675fe7832a558641	432	PANTHER	PTHR13847	SARCOSINE DEHYDROGENASE-RELATED	13	425	1.1E-50	T	07-05-2025	-	-	GO:0005737(PANTHER)|GO:0005886(PANTHER)|GO:0008718(PANTHER)|GO:0055130(PANTHER)	-
HFDHAJOI_04995	71ddaba5c94800c8f2301f224f560394	122	Gene3D	G3DSA:2.40.128.290	Uncharacterised protein Atu4866, PF11512	45	122	3.8E-34	T	07-05-2025	IPR038646	Atu4866-like superfamily	-	-
HFDHAJOI_04995	71ddaba5c94800c8f2301f224f560394	122	Pfam	PF11512	Agrobacterium tumefaciens protein Atu4866	47	119	1.1E-28	T	07-05-2025	IPR020955	Uncharacterised protein family Atu4866	-	-
HFDHAJOI_04985	3c61e8a79d7f81fb2d82a7186be8cb81	335	Pfam	PF03480	Bacterial extracellular solute-binding protein, family 7	42	309	7.6E-18	T	07-05-2025	IPR018389	TRAP transporter solute receptor DctP	GO:0055085(InterPro)	-
HFDHAJOI_04985	3c61e8a79d7f81fb2d82a7186be8cb81	335	NCBIfam	NF037995	TRAP transporter substrate-binding protein DctP	169	302	2.7E-11	T	07-05-2025	-	-	-	-
HFDHAJOI_04985	3c61e8a79d7f81fb2d82a7186be8cb81	335	PANTHER	PTHR33376	-	14	320	4.4E-29	T	07-05-2025	IPR018389	TRAP transporter solute receptor DctP	GO:0055085(InterPro)	-
HFDHAJOI_04985	3c61e8a79d7f81fb2d82a7186be8cb81	335	Gene3D	G3DSA:3.40.190.170	-	35	333	7.7E-62	T	07-05-2025	IPR038404	TRAP transporter solute receptor DctP superfamily	-	-
HFDHAJOI_04889	73232bea032fa8f6f9ec43302ecf3d41	283	CDD	cd02440	AdoMet_MTases	107	194	6.8369E-8	T	07-05-2025	-	-	-	-
HFDHAJOI_04889	73232bea032fa8f6f9ec43302ecf3d41	283	PANTHER	PTHR11579	PROTEIN-L-ISOASPARTATE O-METHYLTRANSFERASE	26	231	2.4E-22	T	07-05-2025	IPR000682	Protein-L-isoaspartate(D-aspartate) O-methyltransferase	GO:0004719(PANTHER)|GO:0004719(InterPro)|GO:0005737(PANTHER)|GO:0036211(InterPro)	-
HFDHAJOI_04889	73232bea032fa8f6f9ec43302ecf3d41	283	Pfam	PF01135	Protein-L-isoaspartate(D-aspartate) O-methyltransferase (PCMT)	66	231	3.6E-15	T	07-05-2025	-	-	-	-
HFDHAJOI_04889	73232bea032fa8f6f9ec43302ecf3d41	283	Gene3D	G3DSA:3.40.50.150	Vaccinia Virus protein VP39	21	254	6.1E-37	T	07-05-2025	IPR029063	S-adenosyl-L-methionine-dependent methyltransferase superfamily	-	-
HFDHAJOI_04889	73232bea032fa8f6f9ec43302ecf3d41	283	SUPERFAMILY	SSF53335	S-adenosyl-L-methionine-dependent methyltransferases	8	230	2.3E-21	T	07-05-2025	IPR029063	S-adenosyl-L-methionine-dependent methyltransferase superfamily	-	-
HFDHAJOI_04953	cb7c3cfb35b954baa8bc8626ed9c09cc	315	Pfam	PF00171	Aldehyde dehydrogenase family	28	313	5.2E-90	T	07-05-2025	IPR015590	Aldehyde dehydrogenase domain	GO:0016491(InterPro)	-
HFDHAJOI_04953	cb7c3cfb35b954baa8bc8626ed9c09cc	315	Gene3D	G3DSA:3.40.309.10	Aldehyde Dehydrogenase; Chain A, domain 2	262	314	1.6E-100	T	07-05-2025	IPR016163	Aldehyde dehydrogenase, C-terminal	GO:0016620(InterPro)	-
HFDHAJOI_04953	cb7c3cfb35b954baa8bc8626ed9c09cc	315	SUPERFAMILY	SSF53720	ALDH-like	9	314	1.7E-96	T	07-05-2025	IPR016161	Aldehyde/histidinol dehydrogenase	GO:0016491(InterPro)	-
HFDHAJOI_04953	cb7c3cfb35b954baa8bc8626ed9c09cc	315	Gene3D	G3DSA:3.40.605.10	Aldehyde Dehydrogenase; Chain A, domain 1	17	261	1.6E-100	T	07-05-2025	IPR016162	Aldehyde dehydrogenase, N-terminal	GO:0016491(InterPro)	-
HFDHAJOI_04953	cb7c3cfb35b954baa8bc8626ed9c09cc	315	ProSitePatterns	PS00687	Aldehyde dehydrogenases glutamic acid active site.	258	265	-	T	07-05-2025	IPR029510	Aldehyde dehydrogenase, glutamic acid active site	GO:0016491(InterPro)	-
HFDHAJOI_04953	cb7c3cfb35b954baa8bc8626ed9c09cc	315	FunFam	G3DSA:3.40.605.10:FF:000001	Aldehyde dehydrogenase 1	25	273	2.9E-79	T	07-05-2025	-	-	-	-
HFDHAJOI_04953	cb7c3cfb35b954baa8bc8626ed9c09cc	315	PANTHER	PTHR11699	ALDEHYDE DEHYDROGENASE-RELATED	15	313	2.1E-93	T	07-05-2025	-	-	-	-
HFDHAJOI_04963	e20bff4238644d4c6ea5081d369a87e7	393	ProSitePatterns	PS00571	Amidases signature.	107	138	-	T	07-05-2025	IPR020556	Amidase, conserved site	-	-
HFDHAJOI_04963	e20bff4238644d4c6ea5081d369a87e7	393	PANTHER	PTHR11895	TRANSAMIDASE	27	383	1.1E-75	T	07-05-2025	IPR000120	Amidase	GO:0003824(InterPro)	-
HFDHAJOI_04963	e20bff4238644d4c6ea5081d369a87e7	393	SUPERFAMILY	SSF75304	Amidase signature (AS) enzymes	27	383	1.44E-94	T	07-05-2025	IPR036928	Amidase signature (AS) superfamily	-	-
HFDHAJOI_04963	e20bff4238644d4c6ea5081d369a87e7	393	Gene3D	G3DSA:3.90.1300.10	Amidase signature (AS) domain	5	381	5.6E-93	T	07-05-2025	IPR036928	Amidase signature (AS) superfamily	-	-
HFDHAJOI_04963	e20bff4238644d4c6ea5081d369a87e7	393	Pfam	PF01425	Amidase	30	373	1.0E-66	T	07-05-2025	IPR023631	Amidase signature domain	-	-
HFDHAJOI_04959	1965cd728c9faf75faba1bfb8475d523	164	CDD	cd00667	ring_hydroxylating_dioxygenases_beta	12	153	1.69838E-34	T	07-05-2025	IPR000391	Ring-hydroxylating dioxygenase beta subunit	-	-
HFDHAJOI_04959	1965cd728c9faf75faba1bfb8475d523	164	SUPERFAMILY	SSF54427	NTF2-like	10	163	2.6E-39	T	07-05-2025	IPR032710	NTF2-like domain superfamily	-	-
HFDHAJOI_04959	1965cd728c9faf75faba1bfb8475d523	164	PANTHER	PTHR41534	BLR3401 PROTEIN	6	163	1.1E-29	T	07-05-2025	IPR000391	Ring-hydroxylating dioxygenase beta subunit	GO:0019380(PANTHER)	-
HFDHAJOI_04959	1965cd728c9faf75faba1bfb8475d523	164	Pfam	PF00866	Ring hydroxylating beta subunit	23	153	1.6E-15	T	07-05-2025	IPR000391	Ring-hydroxylating dioxygenase beta subunit	-	-
HFDHAJOI_04959	1965cd728c9faf75faba1bfb8475d523	164	Gene3D	G3DSA:3.10.450.50	-	1	164	1.2E-34	T	07-05-2025	-	-	-	-
HFDHAJOI_04880	b58e4f66faca181b4016ce6e595cbe26	233	ProSitePatterns	PS00211	ABC transporters family signature.	143	157	-	T	07-05-2025	IPR017871	ABC transporter-like, conserved site	GO:0005524(InterPro)|GO:0016887(InterPro)	-
HFDHAJOI_04880	b58e4f66faca181b4016ce6e595cbe26	233	SMART	SM00382	AAA_5	31	226	6.9E-15	T	07-05-2025	IPR003593	AAA+ ATPase domain	-	-
HFDHAJOI_04880	b58e4f66faca181b4016ce6e595cbe26	233	PANTHER	PTHR24220	IMPORT ATP-BINDING PROTEIN	1	224	2.6E-73	T	07-05-2025	IPR015854	ABC transporter, lipoprotein release, LolD-like	GO:0005886(PANTHER)|GO:0022857(PANTHER)|GO:0055085(PANTHER)	-
HFDHAJOI_04880	b58e4f66faca181b4016ce6e595cbe26	233	FunFam	G3DSA:3.40.50.300:FF:000032	Export ABC transporter ATP-binding protein	1	225	1.3E-85	T	07-05-2025	-	-	-	-
HFDHAJOI_04880	b58e4f66faca181b4016ce6e595cbe26	233	CDD	cd03255	ABC_MJ0796_LolCDE_FtsE	2	220	1.69789E-110	T	07-05-2025	IPR017911	MacB-like, ATP-binding domain	-	-
HFDHAJOI_04880	b58e4f66faca181b4016ce6e595cbe26	233	Pfam	PF00005	ABC transporter	22	170	1.8E-30	T	07-05-2025	IPR003439	ABC transporter-like, ATP-binding domain	GO:0005524(InterPro)|GO:0016887(InterPro)	-
HFDHAJOI_04880	b58e4f66faca181b4016ce6e595cbe26	233	Gene3D	G3DSA:3.40.50.300	-	1	229	2.3E-68	T	07-05-2025	IPR027417	P-loop containing nucleoside triphosphate hydrolase	-	-
HFDHAJOI_04880	b58e4f66faca181b4016ce6e595cbe26	233	ProSiteProfiles	PS50893	ATP-binding cassette, ABC transporter-type domain profile.	2	231	24.409863	T	07-05-2025	IPR003439	ABC transporter-like, ATP-binding domain	GO:0005524(InterPro)|GO:0016887(InterPro)	-
HFDHAJOI_04880	b58e4f66faca181b4016ce6e595cbe26	233	SUPERFAMILY	SSF52540	P-loop containing nucleoside triphosphate hydrolases	1	226	3.63E-71	T	07-05-2025	IPR027417	P-loop containing nucleoside triphosphate hydrolase	-	-
HFDHAJOI_05016	715f60ac7a86d2f4bc5d20cd535fcf5f	173	Pfam	PF07331	Tripartite tricarboxylate transporter TctB family	22	165	1.6E-9	T	07-05-2025	IPR009936	Domain of unknown function DUF1468	-	-
HFDHAJOI_04966	b4768092cfde4ee3c80a0a8911a20d33	502	Gene3D	G3DSA:3.40.309.10	Aldehyde Dehydrogenase; Chain A, domain 2	278	466	3.6E-180	T	07-05-2025	IPR016163	Aldehyde dehydrogenase, C-terminal	GO:0016620(InterPro)	-
HFDHAJOI_04966	b4768092cfde4ee3c80a0a8911a20d33	502	Pfam	PF00171	Aldehyde dehydrogenase family	38	497	2.1E-166	T	07-05-2025	IPR015590	Aldehyde dehydrogenase domain	GO:0016491(InterPro)	-
HFDHAJOI_04966	b4768092cfde4ee3c80a0a8911a20d33	502	PANTHER	PTHR11699	ALDEHYDE DEHYDROGENASE-RELATED	22	498	1.6E-167	T	07-05-2025	-	-	-	-
HFDHAJOI_04966	b4768092cfde4ee3c80a0a8911a20d33	502	ProSitePatterns	PS00687	Aldehyde dehydrogenases glutamic acid active site.	274	281	-	T	07-05-2025	IPR029510	Aldehyde dehydrogenase, glutamic acid active site	GO:0016491(InterPro)	-
HFDHAJOI_04966	b4768092cfde4ee3c80a0a8911a20d33	502	SUPERFAMILY	SSF53720	ALDH-like	17	499	1.7E-164	T	07-05-2025	IPR016161	Aldehyde/histidinol dehydrogenase	GO:0016491(InterPro)	-
HFDHAJOI_04966	b4768092cfde4ee3c80a0a8911a20d33	502	FunFam	G3DSA:3.40.605.10:FF:000007	NAD/NADP-dependent betaine aldehyde dehydrogenase	28	289	1.4E-99	T	07-05-2025	-	-	-	-
HFDHAJOI_04966	b4768092cfde4ee3c80a0a8911a20d33	502	Gene3D	G3DSA:3.40.605.10	Aldehyde Dehydrogenase; Chain A, domain 1	37	492	3.6E-180	T	07-05-2025	IPR016162	Aldehyde dehydrogenase, N-terminal	GO:0016491(InterPro)	-
HFDHAJOI_04972	b308dbd9f7db7a7252341056085dcfd3	481	Gene3D	G3DSA:1.20.1740.10	Amino acid/polyamine transporter I	15	471	5.2E-50	T	07-05-2025	-	-	-	-
HFDHAJOI_04972	b308dbd9f7db7a7252341056085dcfd3	481	Pfam	PF00324	Amino acid permease	23	419	1.2E-20	T	07-05-2025	IPR004841	Amino acid permease/ SLC12A domain	GO:0016020(InterPro)|GO:0055085(InterPro)	-
HFDHAJOI_04972	b308dbd9f7db7a7252341056085dcfd3	481	PIRSF	PIRSF006060	AA_transporter	2	475	1.7E-54	T	07-05-2025	-	-	-	-
HFDHAJOI_04972	b308dbd9f7db7a7252341056085dcfd3	481	PANTHER	PTHR42770	AMINO ACID TRANSPORTER-RELATED	16	455	4.9E-35	T	07-05-2025	IPR050367	Amino acid-polyamine-organocation superfamily	-	-
HFDHAJOI_04873	d1535a66d19c60b47112e9fbca6cb36d	79	PANTHER	PTHR35377	ANTITOXIN VAPB49-RELATED-RELATED	1	60	3.1E-10	T	07-05-2025	IPR051416	phD/YefM Type II Toxin-Antitoxin Antitoxins	-	-
HFDHAJOI_04873	d1535a66d19c60b47112e9fbca6cb36d	79	NCBIfam	TIGR01552	type II toxin-antitoxin system prevent-host-death family antitoxin	4	39	0.0011	T	07-05-2025	-	-	-	-
HFDHAJOI_04873	d1535a66d19c60b47112e9fbca6cb36d	79	SUPERFAMILY	SSF143120	YefM-like	4	43	1.7E-8	T	07-05-2025	IPR036165	YefM-like superfamily	-	-
HFDHAJOI_04873	d1535a66d19c60b47112e9fbca6cb36d	79	Gene3D	G3DSA:3.40.1620.10	-	3	42	7.4E-9	T	07-05-2025	-	-	-	-
HFDHAJOI_04873	d1535a66d19c60b47112e9fbca6cb36d	79	Pfam	PF02604	Antitoxin Phd_YefM, type II toxin-antitoxin system	3	40	2.9E-5	T	07-05-2025	IPR006442	Type II toxin-antitoxin system, antitoxin Phd/YefM	-	-
HFDHAJOI_04943	0c91857c41fbfc08daae0310865b2f3b	1037	Gene3D	G3DSA:3.30.70.1430	Multidrug efflux transporter AcrB pore domain	51	809	3.6E-231	T	07-05-2025	-	-	-	-
HFDHAJOI_04943	0c91857c41fbfc08daae0310865b2f3b	1037	Gene3D	G3DSA:3.30.2090.10	Multidrug efflux transporter AcrB TolC docking domain; DN and DC subdomains	191	283	3.6E-231	T	07-05-2025	IPR027463	Multidrug efflux transporter AcrB TolC docking domain, DN/DC subdomains	-	-
HFDHAJOI_04943	0c91857c41fbfc08daae0310865b2f3b	1037	SUPERFAMILY	SSF82866	Multidrug efflux transporter AcrB transmembrane domain	794	1015	6.28E-41	T	07-05-2025	-	-	-	-
HFDHAJOI_04943	0c91857c41fbfc08daae0310865b2f3b	1037	Coils	Coil	Coil	575	595	-	T	07-05-2025	-	-	-	-
HFDHAJOI_04943	0c91857c41fbfc08daae0310865b2f3b	1037	Gene3D	G3DSA:3.30.2090.10	Multidrug efflux transporter AcrB TolC docking domain; DN and DC subdomains	713	801	3.6E-231	T	07-05-2025	IPR027463	Multidrug efflux transporter AcrB TolC docking domain, DN/DC subdomains	-	-
HFDHAJOI_04943	0c91857c41fbfc08daae0310865b2f3b	1037	Gene3D	G3DSA:1.20.1640.10	Multidrug efflux transporter AcrB transmembrane domain	23	508	3.6E-231	T	07-05-2025	-	-	-	-
HFDHAJOI_04943	0c91857c41fbfc08daae0310865b2f3b	1037	Gene3D	G3DSA:1.20.1640.10	Multidrug efflux transporter AcrB transmembrane domain	509	1009	3.6E-231	T	07-05-2025	-	-	-	-
HFDHAJOI_04943	0c91857c41fbfc08daae0310865b2f3b	1037	Gene3D	G3DSA:3.30.70.1430	Multidrug efflux transporter AcrB pore domain	563	661	3.6E-231	T	07-05-2025	-	-	-	-
HFDHAJOI_04943	0c91857c41fbfc08daae0310865b2f3b	1037	PRINTS	PR00702	Acriflavin resistance protein family signature	448	471	1.2E-23	T	07-05-2025	IPR001036	Acriflavin resistance protein	GO:0016020(InterPro)|GO:0022857(InterPro)|GO:0055085(InterPro)	-
HFDHAJOI_04943	0c91857c41fbfc08daae0310865b2f3b	1037	PRINTS	PR00702	Acriflavin resistance protein family signature	545	562	1.2E-23	T	07-05-2025	IPR001036	Acriflavin resistance protein	GO:0016020(InterPro)|GO:0022857(InterPro)|GO:0055085(InterPro)	-
HFDHAJOI_04943	0c91857c41fbfc08daae0310865b2f3b	1037	PRINTS	PR00702	Acriflavin resistance protein family signature	395	419	1.2E-23	T	07-05-2025	IPR001036	Acriflavin resistance protein	GO:0016020(InterPro)|GO:0022857(InterPro)|GO:0055085(InterPro)	-
HFDHAJOI_04943	0c91857c41fbfc08daae0310865b2f3b	1037	PRINTS	PR00702	Acriflavin resistance protein family signature	341	364	1.2E-23	T	07-05-2025	IPR001036	Acriflavin resistance protein	GO:0016020(InterPro)|GO:0022857(InterPro)|GO:0055085(InterPro)	-
HFDHAJOI_04943	0c91857c41fbfc08daae0310865b2f3b	1037	PRINTS	PR00702	Acriflavin resistance protein family signature	473	496	1.2E-23	T	07-05-2025	IPR001036	Acriflavin resistance protein	GO:0016020(InterPro)|GO:0022857(InterPro)|GO:0055085(InterPro)	-
HFDHAJOI_04943	0c91857c41fbfc08daae0310865b2f3b	1037	PRINTS	PR00702	Acriflavin resistance protein family signature	49	67	1.2E-23	T	07-05-2025	IPR001036	Acriflavin resistance protein	GO:0016020(InterPro)|GO:0022857(InterPro)|GO:0055085(InterPro)	-
HFDHAJOI_04943	0c91857c41fbfc08daae0310865b2f3b	1037	Pfam	PF00873	AcrB/AcrD/AcrF family	16	1010	1.1E-157	T	07-05-2025	IPR001036	Acriflavin resistance protein	GO:0016020(InterPro)|GO:0022857(InterPro)|GO:0055085(InterPro)	-
HFDHAJOI_04943	0c91857c41fbfc08daae0310865b2f3b	1037	SUPERFAMILY	SSF82693	Multidrug efflux transporter AcrB pore domain; PN1, PN2, PC1 and PC2 subdomains	51	146	2.62E-17	T	07-05-2025	-	-	-	-
HFDHAJOI_04943	0c91857c41fbfc08daae0310865b2f3b	1037	SUPERFAMILY	SSF82693	Multidrug efflux transporter AcrB pore domain; PN1, PN2, PC1 and PC2 subdomains	559	647	5.23E-7	T	07-05-2025	-	-	-	-
HFDHAJOI_04943	0c91857c41fbfc08daae0310865b2f3b	1037	Gene3D	G3DSA:3.30.70.1440	Multidrug efflux transporter AcrB pore domain	662	863	3.6E-231	T	07-05-2025	-	-	-	-
HFDHAJOI_04943	0c91857c41fbfc08daae0310865b2f3b	1037	SUPERFAMILY	SSF82693	Multidrug efflux transporter AcrB pore domain; PN1, PN2, PC1 and PC2 subdomains	148	335	1.49E-18	T	07-05-2025	-	-	-	-
HFDHAJOI_04943	0c91857c41fbfc08daae0310865b2f3b	1037	PANTHER	PTHR32063	-	13	1015	1.1E-245	T	07-05-2025	IPR001036	Acriflavin resistance protein	GO:0005886(PANTHER)|GO:0016020(InterPro)|GO:0022857(InterPro)|GO:0042910(PANTHER)|GO:0055085(InterPro)	-
HFDHAJOI_04943	0c91857c41fbfc08daae0310865b2f3b	1037	SUPERFAMILY	SSF82866	Multidrug efflux transporter AcrB transmembrane domain	302	500	8.11E-32	T	07-05-2025	-	-	-	-
HFDHAJOI_04943	0c91857c41fbfc08daae0310865b2f3b	1037	SUPERFAMILY	SSF82714	Multidrug efflux transporter AcrB TolC docking domain; DN and DC subdomains	196	274	1.07E-8	T	07-05-2025	IPR027463	Multidrug efflux transporter AcrB TolC docking domain, DN/DC subdomains	-	-
HFDHAJOI_04943	0c91857c41fbfc08daae0310865b2f3b	1037	SUPERFAMILY	SSF82714	Multidrug efflux transporter AcrB TolC docking domain; DN and DC subdomains	712	798	3.66E-15	T	07-05-2025	IPR027463	Multidrug efflux transporter AcrB TolC docking domain, DN/DC subdomains	-	-
HFDHAJOI_04943	0c91857c41fbfc08daae0310865b2f3b	1037	Gene3D	G3DSA:3.30.70.1320	Multidrug efflux transporter AcrB pore domain like	147	336	3.6E-231	T	07-05-2025	-	-	-	-
HFDHAJOI_04958	f7eabd370c4016635b8a24c4e96c8fc0	253	SMART	SM00822	This enzymatic domain is part of bacterial polyketide synthases and catalyses the first step in the reductive modification of the beta-carbonyl centres in the growing polyketide chain. It uses NADPH to reduce the keto group to a hydroxy group.	10	190	6.0E-4	T	07-05-2025	IPR057326	Ketoreductase domain	-	-
HFDHAJOI_04958	f7eabd370c4016635b8a24c4e96c8fc0	253	PRINTS	PR00080	Short-chain dehydrogenase/reductase (SDR) superfamily signature	159	178	1.9E-10	T	07-05-2025	IPR002347	Short-chain dehydrogenase/reductase SDR	-	-
HFDHAJOI_04958	f7eabd370c4016635b8a24c4e96c8fc0	253	PRINTS	PR00080	Short-chain dehydrogenase/reductase (SDR) superfamily signature	85	96	1.9E-10	T	07-05-2025	IPR002347	Short-chain dehydrogenase/reductase SDR	-	-
HFDHAJOI_04958	f7eabd370c4016635b8a24c4e96c8fc0	253	PRINTS	PR00080	Short-chain dehydrogenase/reductase (SDR) superfamily signature	138	146	1.9E-10	T	07-05-2025	IPR002347	Short-chain dehydrogenase/reductase SDR	-	-
HFDHAJOI_04958	f7eabd370c4016635b8a24c4e96c8fc0	253	CDD	cd05233	SDR_c	12	247	1.69508E-69	T	07-05-2025	-	-	-	-
HFDHAJOI_04958	f7eabd370c4016635b8a24c4e96c8fc0	253	Gene3D	G3DSA:3.40.50.720	-	8	251	4.4E-72	T	07-05-2025	-	-	-	-
HFDHAJOI_04958	f7eabd370c4016635b8a24c4e96c8fc0	253	Pfam	PF13561	Enoyl-(Acyl carrier protein) reductase	16	250	5.8E-52	T	07-05-2025	IPR002347	Short-chain dehydrogenase/reductase SDR	-	-
HFDHAJOI_04958	f7eabd370c4016635b8a24c4e96c8fc0	253	PANTHER	PTHR43639	OXIDOREDUCTASE, SHORT-CHAIN DEHYDROGENASE/REDUCTASE FAMILY (AFU_ORTHOLOGUE AFUA_5G02870)	6	250	1.1E-59	T	07-05-2025	-	-	-	-
HFDHAJOI_04958	f7eabd370c4016635b8a24c4e96c8fc0	253	SUPERFAMILY	SSF51735	NAD(P)-binding Rossmann-fold domains	10	252	6.97E-74	T	07-05-2025	IPR036291	NAD(P)-binding domain superfamily	-	-
HFDHAJOI_04958	f7eabd370c4016635b8a24c4e96c8fc0	253	ProSitePatterns	PS00061	Short-chain dehydrogenases/reductases family signature.	146	174	-	T	07-05-2025	IPR020904	Short-chain dehydrogenase/reductase, conserved site	-	-
HFDHAJOI_04958	f7eabd370c4016635b8a24c4e96c8fc0	253	FunFam	G3DSA:3.40.50.720:FF:000084	Short-chain dehydrogenase reductase	8	253	3.8E-63	T	07-05-2025	-	-	-	-
HFDHAJOI_04958	f7eabd370c4016635b8a24c4e96c8fc0	253	PRINTS	PR00081	Glucose/ribitol dehydrogenase family signature	132	148	6.9E-37	T	07-05-2025	IPR002347	Short-chain dehydrogenase/reductase SDR	-	-
HFDHAJOI_04958	f7eabd370c4016635b8a24c4e96c8fc0	253	PRINTS	PR00081	Glucose/ribitol dehydrogenase family signature	11	28	6.9E-37	T	07-05-2025	IPR002347	Short-chain dehydrogenase/reductase SDR	-	-
HFDHAJOI_04958	f7eabd370c4016635b8a24c4e96c8fc0	253	PRINTS	PR00081	Glucose/ribitol dehydrogenase family signature	85	96	6.9E-37	T	07-05-2025	IPR002347	Short-chain dehydrogenase/reductase SDR	-	-
HFDHAJOI_04958	f7eabd370c4016635b8a24c4e96c8fc0	253	PRINTS	PR00081	Glucose/ribitol dehydrogenase family signature	214	234	6.9E-37	T	07-05-2025	IPR002347	Short-chain dehydrogenase/reductase SDR	-	-
HFDHAJOI_04958	f7eabd370c4016635b8a24c4e96c8fc0	253	PRINTS	PR00081	Glucose/ribitol dehydrogenase family signature	159	178	6.9E-37	T	07-05-2025	IPR002347	Short-chain dehydrogenase/reductase SDR	-	-
HFDHAJOI_04958	f7eabd370c4016635b8a24c4e96c8fc0	253	PRINTS	PR00081	Glucose/ribitol dehydrogenase family signature	180	197	6.9E-37	T	07-05-2025	IPR002347	Short-chain dehydrogenase/reductase SDR	-	-
HFDHAJOI_04912	4a2851562614ad8c245ffa6e5f1d89c1	326	PANTHER	PTHR33375	CHROMOSOME-PARTITIONING PROTEIN PARB-RELATED	33	209	5.0E-27	T	07-05-2025	IPR050336	Chromosome-partitioning and nucleoid occlusion protein	GO:0005694(PANTHER)|GO:0007059(PANTHER)	-
HFDHAJOI_04912	4a2851562614ad8c245ffa6e5f1d89c1	326	Gene3D	G3DSA:1.10.10.2830	-	133	241	5.7E-5	T	07-05-2025	-	-	-	-
HFDHAJOI_04912	4a2851562614ad8c245ffa6e5f1d89c1	326	NCBIfam	TIGR00180	ParB/RepB/Spo0J family partition protein	52	230	2.2E-32	T	07-05-2025	IPR004437	ParB/RepB/Spo0J partition protein	GO:0003677(InterPro)	-
HFDHAJOI_04912	4a2851562614ad8c245ffa6e5f1d89c1	326	Pfam	PF07506	RepB plasmid partitioning protein	147	316	4.1E-15	T	07-05-2025	IPR011111	RepB plasmid partition	-	-
HFDHAJOI_04912	4a2851562614ad8c245ffa6e5f1d89c1	326	Gene3D	G3DSA:3.90.1530.30	-	68	132	2.5E-13	T	07-05-2025	-	-	-	-
HFDHAJOI_04912	4a2851562614ad8c245ffa6e5f1d89c1	326	NCBIfam	TIGR03454	plasmid partitioning protein RepB	2	318	2.2E-97	T	07-05-2025	IPR017819	Plasmid partitioning protein, RepB	-	-
HFDHAJOI_04912	4a2851562614ad8c245ffa6e5f1d89c1	326	SUPERFAMILY	SSF110849	ParB/Sulfiredoxin	55	148	9.77E-20	T	07-05-2025	IPR036086	ParB/Sulfiredoxin superfamily	-	-
HFDHAJOI_04912	4a2851562614ad8c245ffa6e5f1d89c1	326	Pfam	PF02195	ParB/Sulfiredoxin domain	68	145	1.8E-12	T	07-05-2025	IPR003115	ParB N-terminal domain	-	-
HFDHAJOI_04912	4a2851562614ad8c245ffa6e5f1d89c1	326	SMART	SM00470	ParB_7	55	146	6.8E-22	T	07-05-2025	IPR003115	ParB N-terminal domain	-	-
HFDHAJOI_04912	4a2851562614ad8c245ffa6e5f1d89c1	326	CDD	cd16405	RepB_like_N	57	145	1.43129E-44	T	07-05-2025	IPR037972	RepB, N-terminal	-	-
HFDHAJOI_05005	0f40254070f92fc632ba3c01d1d28be6	185	PANTHER	PTHR42879	3-OXOACYL-(ACYL-CARRIER-PROTEIN) REDUCTASE	2	171	5.8E-10	T	07-05-2025	IPR050259	Short-chain dehydrogenases/reductases	-	-
HFDHAJOI_05005	0f40254070f92fc632ba3c01d1d28be6	185	Pfam	PF00106	short chain dehydrogenase	5	110	2.5E-5	T	07-05-2025	IPR002347	Short-chain dehydrogenase/reductase SDR	-	-
HFDHAJOI_05005	0f40254070f92fc632ba3c01d1d28be6	185	Gene3D	G3DSA:3.40.50.720	-	1	178	1.4E-17	T	07-05-2025	-	-	-	-
HFDHAJOI_05005	0f40254070f92fc632ba3c01d1d28be6	185	SUPERFAMILY	SSF51735	NAD(P)-binding Rossmann-fold domains	1	143	8.55E-16	T	07-05-2025	IPR036291	NAD(P)-binding domain superfamily	-	-
HFDHAJOI_04984	7c28781471641f4173db555c945dcdbf	165	PANTHER	PTHR35011	2,3-DIKETO-L-GULONATE TRAP TRANSPORTER SMALL PERMEASE PROTEIN YIAM	3	154	3.6E-9	T	07-05-2025	IPR007387	TRAP transporter, small membrane protein DctQ	GO:0005886(PANTHER)|GO:0015740(PANTHER)|GO:0022857(PANTHER)	-
HFDHAJOI_04984	7c28781471641f4173db555c945dcdbf	165	Pfam	PF04290	Tripartite ATP-independent periplasmic transporters, DctQ component	26	154	2.3E-12	T	07-05-2025	IPR055348	Tripartite ATP-independent periplasmic transporters, DctQ component	-	-
HFDHAJOI_04903	c8019c749770bf42ef5a6d667c01868a	1178	NCBIfam	TIGR02768	Ti-type conjugative transfer relaxase TraA	1	749	6.5E-296	T	07-05-2025	IPR014136	Ti-type conjugative transfer relaxase TraA	-	-
HFDHAJOI_04903	c8019c749770bf42ef5a6d667c01868a	1178	Gene3D	G3DSA:3.40.50.300	-	373	527	3.1E-60	T	07-05-2025	IPR027417	P-loop containing nucleoside triphosphate hydrolase	-	-
HFDHAJOI_04903	c8019c749770bf42ef5a6d667c01868a	1178	Pfam	PF17841	BID domain of Bartonella effector protein (Bep)	958	1035	7.9E-6	T	07-05-2025	IPR041533	Bartonella effector protein, BID domain	-	-
HFDHAJOI_04903	c8019c749770bf42ef5a6d667c01868a	1178	Pfam	PF13604	AAA domain	376	562	4.7E-54	T	07-05-2025	-	-	-	-
HFDHAJOI_04903	c8019c749770bf42ef5a6d667c01868a	1178	MobiDBLite	mobidb-lite	consensus disorder prediction	1156	1167	-	T	07-05-2025	-	-	-	-
HFDHAJOI_04903	c8019c749770bf42ef5a6d667c01868a	1178	MobiDBLite	mobidb-lite	consensus disorder prediction	893	912	-	T	07-05-2025	-	-	-	-
HFDHAJOI_04903	c8019c749770bf42ef5a6d667c01868a	1178	MobiDBLite	mobidb-lite	consensus disorder prediction	887	915	-	T	07-05-2025	-	-	-	-
HFDHAJOI_04903	c8019c749770bf42ef5a6d667c01868a	1178	MobiDBLite	mobidb-lite	consensus disorder prediction	1156	1178	-	T	07-05-2025	-	-	-	-
HFDHAJOI_04903	c8019c749770bf42ef5a6d667c01868a	1178	NCBIfam	NF041496	MobQ family relaxase	1	209	4.9E-62	T	07-05-2025	-	-	-	-
HFDHAJOI_04903	c8019c749770bf42ef5a6d667c01868a	1178	SUPERFAMILY	SSF52540	P-loop containing nucleoside triphosphate hydrolases	372	520	1.79E-21	T	07-05-2025	IPR027417	P-loop containing nucleoside triphosphate hydrolase	-	-
HFDHAJOI_04903	c8019c749770bf42ef5a6d667c01868a	1178	Pfam	PF03389	MobA/MobL family	17	230	2.8E-59	T	07-05-2025	IPR005053	MobA/MobL protein	-	-
HFDHAJOI_04903	c8019c749770bf42ef5a6d667c01868a	1178	Gene3D	G3DSA:3.30.930.30	-	2	208	1.9E-63	T	07-05-2025	-	-	-	-
HFDHAJOI_04903	c8019c749770bf42ef5a6d667c01868a	1178	Gene3D	G3DSA:2.30.30.940	-	610	697	3.1E-60	T	07-05-2025	-	-	-	-
HFDHAJOI_04903	c8019c749770bf42ef5a6d667c01868a	1178	SUPERFAMILY	SSF52540	P-loop containing nucleoside triphosphate hydrolases	489	746	5.44E-33	T	07-05-2025	IPR027417	P-loop containing nucleoside triphosphate hydrolase	-	-
HFDHAJOI_04903	c8019c749770bf42ef5a6d667c01868a	1178	Gene3D	G3DSA:3.40.50.300	-	528	748	3.1E-60	T	07-05-2025	IPR027417	P-loop containing nucleoside triphosphate hydrolase	-	-
HFDHAJOI_04903	c8019c749770bf42ef5a6d667c01868a	1178	CDD	cd18809	SF1_C_RecD	696	741	2.25924E-13	T	07-05-2025	-	-	-	-
HFDHAJOI_04903	c8019c749770bf42ef5a6d667c01868a	1178	CDD	cd17933	DEXSc_RecD-like	379	520	3.0751E-39	T	07-05-2025	-	-	-	-
HFDHAJOI_05011	f2285e88527b16e4096652624460d2b1	410	ProSiteProfiles	PS50975	ATP-grasp fold profile.	120	314	27.138008	T	07-05-2025	IPR011761	ATP-grasp fold	GO:0005524(InterPro)|GO:0046872(InterPro)	-
HFDHAJOI_05011	f2285e88527b16e4096652624460d2b1	410	Gene3D	G3DSA:3.40.50.20	-	14	119	5.9E-20	T	07-05-2025	-	-	-	-
HFDHAJOI_05011	f2285e88527b16e4096652624460d2b1	410	Gene3D	G3DSA:3.30.470.20	-	198	403	1.0E-19	T	07-05-2025	-	-	-	-
HFDHAJOI_05011	f2285e88527b16e4096652624460d2b1	410	Gene3D	G3DSA:3.30.1490.20	-	120	197	2.8E-13	T	07-05-2025	IPR013815	ATP-grasp fold, subdomain 1	GO:0005524(InterPro)	-
HFDHAJOI_05011	f2285e88527b16e4096652624460d2b1	410	PANTHER	PTHR43585	FUMIPYRROLE BIOSYNTHESIS PROTEIN C	72	352	7.6E-34	T	07-05-2025	IPR052032	ATP-dependent Amino Acid Ligase	-	-
HFDHAJOI_05011	f2285e88527b16e4096652624460d2b1	410	SUPERFAMILY	SSF56059	Glutathione synthetase ATP-binding domain-like	110	315	7.24E-26	T	07-05-2025	-	-	-	-
HFDHAJOI_04949	f3ef47de9631e20b11bc5eec23f9e235	299	Pfam	PF18014	Acetyltransferase (GNAT) domain	167	275	1.5E-6	T	07-05-2025	IPR041496	YitH/HolE, acetyltransferase (GNAT) domain	-	-
HFDHAJOI_04949	f3ef47de9631e20b11bc5eec23f9e235	299	ProSiteProfiles	PS51186	Gcn5-related N-acetyltransferase (GNAT) domain profile.	16	151	12.002316	T	07-05-2025	IPR000182	GNAT domain	GO:0016747(InterPro)	-
HFDHAJOI_04949	f3ef47de9631e20b11bc5eec23f9e235	299	PANTHER	PTHR47237	SLL0310 PROTEIN	19	275	3.6E-15	T	07-05-2025	IPR052729	Acyl/Acetyltransferase Enzymes	-	-
HFDHAJOI_04949	f3ef47de9631e20b11bc5eec23f9e235	299	Gene3D	G3DSA:3.40.630.30	-	11	142	2.8E-13	T	07-05-2025	-	-	-	-
HFDHAJOI_04949	f3ef47de9631e20b11bc5eec23f9e235	299	Gene3D	G3DSA:3.40.630.90	-	145	299	7.7E-9	T	07-05-2025	-	-	-	-
HFDHAJOI_04949	f3ef47de9631e20b11bc5eec23f9e235	299	Pfam	PF00583	Acetyltransferase (GNAT) family	45	128	0.0012	T	07-05-2025	IPR000182	GNAT domain	GO:0016747(InterPro)	-
HFDHAJOI_04949	f3ef47de9631e20b11bc5eec23f9e235	299	SUPERFAMILY	SSF55729	Acyl-CoA N-acyltransferases (Nat)	26	214	5.32E-21	T	07-05-2025	IPR016181	Acyl-CoA N-acyltransferase	-	-
HFDHAJOI_04979	426f2c5fde69286be9a5ecc4c6110d30	124	Pfam	PF01609	Transposase DDE domain	2	111	1.8E-20	T	07-05-2025	IPR002559	Transposase IS4-like domain	GO:0003677(InterPro)|GO:0004803(InterPro)|GO:0006313(InterPro)	-
HFDHAJOI_04979	426f2c5fde69286be9a5ecc4c6110d30	124	PANTHER	PTHR30007	PHP DOMAIN PROTEIN	3	121	2.6E-30	T	07-05-2025	-	-	-	-
HFDHAJOI_04944	17f68046f16a69384c4b044139f8ed93	397	Pfam	PF05990	Alpha/beta hydrolase of unknown function (DUF900)	135	354	2.6E-67	T	07-05-2025	IPR010297	Protein of unknown function DUF900, hydrolase-like	-	-
HFDHAJOI_04944	17f68046f16a69384c4b044139f8ed93	397	SUPERFAMILY	SSF53474	alpha/beta-Hydrolases	138	314	7.84E-10	T	07-05-2025	IPR029058	Alpha/Beta hydrolase fold	-	-
HFDHAJOI_04944	17f68046f16a69384c4b044139f8ed93	397	PIRSF	PIRSF033909	UCP033909	24	384	7.7E-109	T	07-05-2025	IPR014586	Uncharacterised conserved protein UCP033909	-	-
HFDHAJOI_04944	17f68046f16a69384c4b044139f8ed93	397	Gene3D	G3DSA:3.40.50.1820	alpha/beta hydrolase	135	365	4.4E-6	T	07-05-2025	IPR029058	Alpha/Beta hydrolase fold	-	-
HFDHAJOI_04944	17f68046f16a69384c4b044139f8ed93	397	PANTHER	PTHR36513	ABC TRANSMEMBRANE TYPE-1 DOMAIN-CONTAINING PROTEIN	130	354	5.3E-31	T	07-05-2025	-	-	-	-
