HFDHAJOI_04554	7e58f058da12599274a2eafbd8760ce0	543	SUPERFAMILY	SSF53067	Actin-like ATPase domain	14	273	5.35E-57	T	07-05-2025	IPR043129	ATPase, nucleotide binding domain	-	-
HFDHAJOI_04554	7e58f058da12599274a2eafbd8760ce0	543	NCBIfam	TIGR01315	FGGY family pentulose kinase	15	541	2.6E-210	T	07-05-2025	IPR006003	FGGY carbohydrate kinase, pentulose kinase	GO:0005975(InterPro)|GO:0016773(InterPro)	-
HFDHAJOI_04554	7e58f058da12599274a2eafbd8760ce0	543	SUPERFAMILY	SSF53067	Actin-like ATPase domain	284	536	2.47E-51	T	07-05-2025	IPR043129	ATPase, nucleotide binding domain	-	-
HFDHAJOI_04554	7e58f058da12599274a2eafbd8760ce0	543	PIRSF	PIRSF000538	GlpK	12	543	2.4E-77	T	07-05-2025	IPR000577	Carbohydrate kinase, FGGY	GO:0005975(InterPro)|GO:0016301(InterPro)	-
HFDHAJOI_04554	7e58f058da12599274a2eafbd8760ce0	543	Gene3D	G3DSA:3.30.420.40	-	15	517	1.0E-172	T	07-05-2025	-	-	-	-
HFDHAJOI_04554	7e58f058da12599274a2eafbd8760ce0	543	FunFam	G3DSA:3.30.420.40:FF:000101	FGGY carbohydrate kinase domain-containing protein	14	368	1.3E-126	T	07-05-2025	-	-	-	-
HFDHAJOI_04554	7e58f058da12599274a2eafbd8760ce0	543	Pfam	PF02782	FGGY family of carbohydrate kinases, C-terminal domain	284	493	1.1E-49	T	07-05-2025	IPR018485	Carbohydrate kinase FGGY, C-terminal	GO:0005975(InterPro)|GO:0016301(InterPro)	-
HFDHAJOI_04554	7e58f058da12599274a2eafbd8760ce0	543	CDD	cd07782	ASKHA_NBD_FGGY_D-RBK	14	541	0.0	T	07-05-2025	IPR006003	FGGY carbohydrate kinase, pentulose kinase	GO:0005975(InterPro)|GO:0016773(InterPro)	-
HFDHAJOI_04554	7e58f058da12599274a2eafbd8760ce0	543	Gene3D	G3DSA:1.20.58.2240	-	327	527	1.0E-172	T	07-05-2025	-	-	-	-
HFDHAJOI_04554	7e58f058da12599274a2eafbd8760ce0	543	PANTHER	PTHR43435	RIBULOKINASE	13	540	1.5E-180	T	07-05-2025	-	-	GO:0005737(PANTHER)|GO:0019150(PANTHER)|GO:0019321(PANTHER)|GO:0046835(PANTHER)	-
HFDHAJOI_04554	7e58f058da12599274a2eafbd8760ce0	543	Pfam	PF00370	FGGY family of carbohydrate kinases, N-terminal domain	14	272	4.4E-22	T	07-05-2025	IPR018484	Carbohydrate kinase FGGY, N-terminal	GO:0005975(InterPro)|GO:0016301(InterPro)	-
HFDHAJOI_04582	6e9cfda898b7c446eebf946f9195b48d	375	Pfam	PF05426	Alginate lyase	151	290	7.4E-17	T	07-05-2025	IPR008397	Alginate lyase domain	GO:0016829(InterPro)|GO:0042597(InterPro)	-
HFDHAJOI_04582	6e9cfda898b7c446eebf946f9195b48d	375	SUPERFAMILY	SSF48230	Chondroitin AC/alginate lyase	103	290	1.19E-23	T	07-05-2025	IPR008929	Chondroitin AC/alginate lyase	-	-
HFDHAJOI_04582	6e9cfda898b7c446eebf946f9195b48d	375	Gene3D	G3DSA:1.50.10.100	Chondroitin AC/alginate lyase	29	375	4.6E-54	T	07-05-2025	IPR008929	Chondroitin AC/alginate lyase	-	-
HFDHAJOI_04583	76927458cd620b2c14f67ed4e0a633f3	1217	SMART	SM00710	pbh1	1108	1129	2100.0	T	07-05-2025	IPR006626	Parallel beta-helix repeat	-	-
HFDHAJOI_04583	76927458cd620b2c14f67ed4e0a633f3	1217	SMART	SM00710	pbh1	969	992	3600.0	T	07-05-2025	IPR006626	Parallel beta-helix repeat	-	-
HFDHAJOI_04583	76927458cd620b2c14f67ed4e0a633f3	1217	SMART	SM00710	pbh1	1018	1040	2000.0	T	07-05-2025	IPR006626	Parallel beta-helix repeat	-	-
HFDHAJOI_04583	76927458cd620b2c14f67ed4e0a633f3	1217	SMART	SM00710	pbh1	1064	1086	5000.0	T	07-05-2025	IPR006626	Parallel beta-helix repeat	-	-
HFDHAJOI_04583	76927458cd620b2c14f67ed4e0a633f3	1217	SMART	SM00710	pbh1	945	967	810.0	T	07-05-2025	IPR006626	Parallel beta-helix repeat	-	-
HFDHAJOI_04583	76927458cd620b2c14f67ed4e0a633f3	1217	SMART	SM00710	pbh1	994	1016	1000.0	T	07-05-2025	IPR006626	Parallel beta-helix repeat	-	-
HFDHAJOI_04583	76927458cd620b2c14f67ed4e0a633f3	1217	Gene3D	G3DSA:2.160.20.10	-	745	1141	2.4E-99	T	07-05-2025	IPR012334	Pectin lyase fold	-	-
HFDHAJOI_04583	76927458cd620b2c14f67ed4e0a633f3	1217	Pfam	PF05048	Periplasmic copper-binding protein (NosD)	923	1077	4.7E-8	T	07-05-2025	IPR007742	Periplasmic copper-binding protein NosD, beta helix domain	-	-
HFDHAJOI_04583	76927458cd620b2c14f67ed4e0a633f3	1217	SUPERFAMILY	SSF51126	Pectin lyase-like	837	1084	1.57E-15	T	07-05-2025	IPR011050	Pectin lyase fold/virulence factor	-	-
HFDHAJOI_04583	76927458cd620b2c14f67ed4e0a633f3	1217	Coils	Coil	Coil	555	582	-	T	07-05-2025	-	-	-	-
HFDHAJOI_04583	76927458cd620b2c14f67ed4e0a633f3	1217	Gene3D	G3DSA:1.25.40.10	Tetratricopeptide repeat domain	96	435	1.9E-8	T	07-05-2025	IPR011990	Tetratricopeptide-like helical domain superfamily	GO:0005515(InterPro)	-
HFDHAJOI_04575	10cf4506faa81f5589f968a30343a594	436	Gene3D	G3DSA:3.30.1330.230	-	113	416	4.5E-35	T	07-05-2025	-	-	-	-
HFDHAJOI_04575	10cf4506faa81f5589f968a30343a594	436	Gene3D	G3DSA:3.30.160.660	-	241	366	4.5E-35	T	07-05-2025	-	-	-	-
HFDHAJOI_04575	10cf4506faa81f5589f968a30343a594	436	PANTHER	PTHR37809	RIBOSOMAL PROTEIN S12 METHYLTHIOTRANSFERASE ACCESSORY FACTOR YCAO	51	417	1.3E-41	T	07-05-2025	-	-	-	-
HFDHAJOI_04575	10cf4506faa81f5589f968a30343a594	436	Gene3D	G3DSA:3.30.40.250	-	131	204	4.5E-35	T	07-05-2025	-	-	-	-
HFDHAJOI_04575	10cf4506faa81f5589f968a30343a594	436	ProSiteProfiles	PS51664	YcaO domain profile.	104	436	58.066242	T	07-05-2025	IPR003776	YcaO-like domain	-	-
HFDHAJOI_04575	10cf4506faa81f5589f968a30343a594	436	Pfam	PF02624	YcaO cyclodehydratase, ATP-ad Mg2+-binding	103	416	1.3E-59	T	07-05-2025	IPR003776	YcaO-like domain	-	-
HFDHAJOI_04575	10cf4506faa81f5589f968a30343a594	436	NCBIfam	TIGR00702	YcaO-type kinase domain	54	416	8.7E-45	T	07-05-2025	IPR003776	YcaO-like domain	-	-
HFDHAJOI_04443	cfae9a204dd954dc8c2ac53def3c2d44	395	Gene3D	G3DSA:3.40.50.300	-	111	390	1.2E-67	T	07-05-2025	IPR027417	P-loop containing nucleoside triphosphate hydrolase	-	-
HFDHAJOI_04443	cfae9a204dd954dc8c2ac53def3c2d44	395	PANTHER	PTHR13696	P-LOOP CONTAINING NUCLEOSIDE TRIPHOSPHATE HYDROLASE	107	385	5.1E-53	T	07-05-2025	IPR050678	DNA Partitioning ATPase	-	-
HFDHAJOI_04443	cfae9a204dd954dc8c2ac53def3c2d44	395	NCBIfam	NF010443	plasmid-partitioning protein RepA	10	392	8.2E-142	T	07-05-2025	-	-	-	-
HFDHAJOI_04443	cfae9a204dd954dc8c2ac53def3c2d44	395	CDD	cd02042	ParAB_family	112	327	5.10787E-26	T	07-05-2025	-	-	-	-
HFDHAJOI_04443	cfae9a204dd954dc8c2ac53def3c2d44	395	NCBIfam	TIGR03453	plasmid partitioning protein RepA	17	392	2.0E-174	T	07-05-2025	IPR017818	Plasmid partitioning protein, RepA	-	-
HFDHAJOI_04443	cfae9a204dd954dc8c2ac53def3c2d44	395	SUPERFAMILY	SSF52540	P-loop containing nucleoside triphosphate hydrolases	111	376	2.25E-49	T	07-05-2025	IPR027417	P-loop containing nucleoside triphosphate hydrolase	-	-
HFDHAJOI_04443	cfae9a204dd954dc8c2ac53def3c2d44	395	Pfam	PF13614	AAA domain	111	292	9.2E-38	T	07-05-2025	IPR025669	AAA domain	-	-
HFDHAJOI_04427	70527ecd39ae92879cdfde3a7eaff149	465	CDD	cd01292	metallo-dependent_hydrolases	270	407	2.26374E-6	T	07-05-2025	-	-	-	-
HFDHAJOI_04427	70527ecd39ae92879cdfde3a7eaff149	465	Pfam	PF01979	Amidohydrolase family	305	447	0.0032	T	07-05-2025	IPR006680	Amidohydrolase-related	GO:0016787(InterPro)	-
HFDHAJOI_04427	70527ecd39ae92879cdfde3a7eaff149	465	Gene3D	G3DSA:3.20.20.140	-	209	411	1.8E-5	T	07-05-2025	-	-	-	-
HFDHAJOI_04427	70527ecd39ae92879cdfde3a7eaff149	465	SUPERFAMILY	SSF51338	Composite domain of metallo-dependent hydrolases	11	456	5.62E-13	T	07-05-2025	IPR011059	Metal-dependent hydrolase, composite domain superfamily	GO:0016810(InterPro)	-
HFDHAJOI_04427	70527ecd39ae92879cdfde3a7eaff149	465	Gene3D	G3DSA:2.30.40.10	Urease, subunit C, domain 1	7	82	1.2E-10	T	07-05-2025	IPR011059	Metal-dependent hydrolase, composite domain superfamily	GO:0016810(InterPro)	-
HFDHAJOI_04427	70527ecd39ae92879cdfde3a7eaff149	465	PANTHER	PTHR11647	HYDRANTOINASE/DIHYDROPYRIMIDINASE FAMILY MEMBER	8	111	1.1E-13	T	07-05-2025	IPR050378	Metallo-dependent Hydrolases Superfamily	-	-
HFDHAJOI_04427	70527ecd39ae92879cdfde3a7eaff149	465	SUPERFAMILY	SSF51556	Metallo-dependent hydrolases	66	409	7.99E-12	T	07-05-2025	IPR032466	Metal-dependent hydrolase	-	-
HFDHAJOI_04454	d07ce8d3a6477bff830186d7dfe60fc1	352	Pfam	PF00149	Calcineurin-like phosphoesterase	10	75	0.008	T	07-05-2025	IPR004843	Calcineurin-like, phosphoesterase domain	GO:0016787(InterPro)	-
HFDHAJOI_04454	d07ce8d3a6477bff830186d7dfe60fc1	352	PIRSF	PIRSF033093	UCP_ML1119	2	349	3.6E-66	T	07-05-2025	IPR014577	Uncharacterised conserved protein UCP033093, metallophosphoesterase-type	-	-
HFDHAJOI_04454	d07ce8d3a6477bff830186d7dfe60fc1	352	Gene3D	G3DSA:3.60.21.10	-	3	221	4.7E-22	T	07-05-2025	IPR029052	Metallo-dependent phosphatase-like	-	-
HFDHAJOI_04454	d07ce8d3a6477bff830186d7dfe60fc1	352	PANTHER	PTHR30337	COMPONENT OF ATP-DEPENDENT DSDNA EXONUCLEASE	6	320	2.5E-25	T	07-05-2025	IPR050535	DNA Repair and Maintenance Complex Component	-	-
HFDHAJOI_04454	d07ce8d3a6477bff830186d7dfe60fc1	352	SUPERFAMILY	SSF56300	Metallo-dependent phosphatases	9	268	1.44E-22	T	07-05-2025	IPR029052	Metallo-dependent phosphatase-like	-	-
HFDHAJOI_04572	dcbbb26f300569bef3bb1c09c0aeb263	142	Pfam	PF01381	Helix-turn-helix	16	70	5.3E-10	T	07-05-2025	IPR001387	Cro/C1-type helix-turn-helix domain	-	-
HFDHAJOI_04572	dcbbb26f300569bef3bb1c09c0aeb263	142	Gene3D	G3DSA:1.10.260.40	-	6	74	5.5E-17	T	07-05-2025	IPR010982	Lambda repressor-like, DNA-binding domain superfamily	GO:0003677(InterPro)	-
HFDHAJOI_04572	dcbbb26f300569bef3bb1c09c0aeb263	142	SUPERFAMILY	SSF47413	lambda repressor-like DNA-binding domains	5	77	4.02E-27	T	07-05-2025	IPR010982	Lambda repressor-like, DNA-binding domain superfamily	GO:0003677(InterPro)	-
HFDHAJOI_04572	dcbbb26f300569bef3bb1c09c0aeb263	142	SMART	SM00530	mbf_short4	15	70	6.7E-14	T	07-05-2025	IPR001387	Cro/C1-type helix-turn-helix domain	-	-
HFDHAJOI_04572	dcbbb26f300569bef3bb1c09c0aeb263	142	CDD	cd00093	HTH_XRE	13	70	3.61517E-15	T	07-05-2025	IPR001387	Cro/C1-type helix-turn-helix domain	-	-
HFDHAJOI_04572	dcbbb26f300569bef3bb1c09c0aeb263	142	ProSiteProfiles	PS50943	Cro/C1-type HTH domain profile.	16	70	14.73885	T	07-05-2025	IPR001387	Cro/C1-type helix-turn-helix domain	-	-
HFDHAJOI_04522	d0f94ee2e3fca04013f455081ce5cce6	66	MobiDBLite	mobidb-lite	consensus disorder prediction	40	66	-	T	07-05-2025	-	-	-	-
HFDHAJOI_04525	9bf29850b5a30fe17b321750ddb7fbcc	375	Pfam	PF07804	HipA-like C-terminal domain	102	333	7.9E-46	T	07-05-2025	IPR012893	HipA-like, C-terminal	-	-
HFDHAJOI_04525	9bf29850b5a30fe17b321750ddb7fbcc	375	PANTHER	PTHR37419	SERINE/THREONINE-PROTEIN KINASE TOXIN HIPA	2	372	3.7E-41	T	07-05-2025	IPR052028	HipA Serine/Threonine-Protein Kinase	GO:0004674(PANTHER)|GO:0005829(PANTHER)	-
HFDHAJOI_04525	9bf29850b5a30fe17b321750ddb7fbcc	375	Gene3D	G3DSA:1.10.1070.20	-	225	361	8.7E-10	T	07-05-2025	-	-	-	-
HFDHAJOI_04525	9bf29850b5a30fe17b321750ddb7fbcc	375	Pfam	PF13657	HipA N-terminal domain	1	58	1.3E-9	T	07-05-2025	IPR017508	HipA, N-terminal subdomain 1	-	-
HFDHAJOI_04525	9bf29850b5a30fe17b321750ddb7fbcc	375	NCBIfam	TIGR03071	HipA N-terminal domain	1	58	6.7E-12	T	07-05-2025	IPR017508	HipA, N-terminal subdomain 1	-	-
HFDHAJOI_04525	9bf29850b5a30fe17b321750ddb7fbcc	375	CDD	cd17793	HipA	1	369	7.43384E-154	T	07-05-2025	-	-	-	-
HFDHAJOI_04476	c0695d1d433b6d939f9cf4925b79ca7b	339	PANTHER	PTHR35564	-	59	313	2.4E-54	T	07-05-2025	IPR010732	Type VI secretion, TssG-like	-	-
HFDHAJOI_04476	c0695d1d433b6d939f9cf4925b79ca7b	339	NCBIfam	TIGR03347	type VI secretion system baseplate subunit TssG	28	309	2.1E-70	T	07-05-2025	IPR010732	Type VI secretion, TssG-like	-	-
HFDHAJOI_04476	c0695d1d433b6d939f9cf4925b79ca7b	339	Pfam	PF06996	Type VI secretion, TssG	39	309	3.4E-68	T	07-05-2025	IPR010732	Type VI secretion, TssG-like	-	-
HFDHAJOI_04479	8c4bc686dc30122102f19e688a21d62d	273	SUPERFAMILY	SSF144059	ImpE-like	8	264	9.15E-69	T	07-05-2025	-	-	-	-
HFDHAJOI_04479	8c4bc686dc30122102f19e688a21d62d	273	Gene3D	G3DSA:1.25.40.10	Tetratricopeptide repeat domain	5	90	1.1E-14	T	07-05-2025	IPR011990	Tetratricopeptide-like helical domain superfamily	GO:0005515(InterPro)	-
HFDHAJOI_04479	8c4bc686dc30122102f19e688a21d62d	273	Pfam	PF07024	ImpE protein	144	262	1.4E-31	T	07-05-2025	IPR009211	Type VI secretion system accessory component TagJ	-	-
HFDHAJOI_04479	8c4bc686dc30122102f19e688a21d62d	273	PIRSF	PIRSF029288	SciE_ImpE	2	269	6.3E-78	T	07-05-2025	IPR009211	Type VI secretion system accessory component TagJ	-	-
HFDHAJOI_04564	2ce8fb3df7a4ab6cbd016f5c1200235a	686	Pfam	PF13361	UvrD-like helicase C-terminal domain	297	445	1.1E-21	T	07-05-2025	IPR014017	UvrD-like DNA helicase, C-terminal	GO:0005524(InterPro)|GO:0016787(InterPro)	-
HFDHAJOI_04564	2ce8fb3df7a4ab6cbd016f5c1200235a	686	Gene3D	G3DSA:1.10.10.160	-	123	208	8.3E-73	T	07-05-2025	IPR013986	DExx box DNA helicase domain superfamily	-	-
HFDHAJOI_04564	2ce8fb3df7a4ab6cbd016f5c1200235a	686	CDD	cd17932	DEXQc_UvrD	9	303	2.34903E-66	T	07-05-2025	-	-	-	-
HFDHAJOI_04564	2ce8fb3df7a4ab6cbd016f5c1200235a	686	Gene3D	G3DSA:1.10.486.10	PCRA; domain 4	402	547	1.3E-70	T	07-05-2025	-	-	-	-
HFDHAJOI_04564	2ce8fb3df7a4ab6cbd016f5c1200235a	686	Pfam	PF13361	UvrD-like helicase C-terminal domain	558	620	2.0E-14	T	07-05-2025	IPR014017	UvrD-like DNA helicase, C-terminal	GO:0005524(InterPro)|GO:0016787(InterPro)	-
HFDHAJOI_04564	2ce8fb3df7a4ab6cbd016f5c1200235a	686	Pfam	PF00580	UvrD/REP helicase N-terminal domain	8	289	4.7E-56	T	07-05-2025	IPR014016	UvrD-like helicase, ATP-binding domain	GO:0005524(InterPro)	-
HFDHAJOI_04564	2ce8fb3df7a4ab6cbd016f5c1200235a	686	Gene3D	G3DSA:3.40.50.300	-	8	290	8.3E-73	T	07-05-2025	IPR027417	P-loop containing nucleoside triphosphate hydrolase	-	-
HFDHAJOI_04564	2ce8fb3df7a4ab6cbd016f5c1200235a	686	ProSiteProfiles	PS51198	UvrD-like DNA helicase ATP-binding domain profile.	14	306	39.901386	T	07-05-2025	IPR014016	UvrD-like helicase, ATP-binding domain	GO:0005524(InterPro)	-
HFDHAJOI_04564	2ce8fb3df7a4ab6cbd016f5c1200235a	686	Gene3D	G3DSA:3.40.50.300	-	301	630	1.3E-70	T	07-05-2025	IPR027417	P-loop containing nucleoside triphosphate hydrolase	-	-
HFDHAJOI_04564	2ce8fb3df7a4ab6cbd016f5c1200235a	686	ProSiteProfiles	PS51217	UvrD-like DNA helicase C-terminal domain profile.	307	570	18.678135	T	07-05-2025	IPR014017	UvrD-like DNA helicase, C-terminal	GO:0005524(InterPro)|GO:0016787(InterPro)	-
HFDHAJOI_04564	2ce8fb3df7a4ab6cbd016f5c1200235a	686	SUPERFAMILY	SSF52540	P-loop containing nucleoside triphosphate hydrolases	3	629	9.22E-125	T	07-05-2025	IPR027417	P-loop containing nucleoside triphosphate hydrolase	-	-
HFDHAJOI_04564	2ce8fb3df7a4ab6cbd016f5c1200235a	686	PANTHER	PTHR11070	UVRD / RECB / PCRA DNA HELICASE FAMILY MEMBER	6	654	5.1E-118	T	07-05-2025	IPR000212	DNA helicase, UvrD/REP type	GO:0000725(PANTHER)|GO:0003677(InterPro)|GO:0003678(InterPro)|GO:0005524(InterPro)|GO:0005829(PANTHER)|GO:0043138(PANTHER)	-
HFDHAJOI_04660	45bf1ca94d19d79e4f8137f54f8b4588	267	CDD	cd06261	TM_PBP2	62	249	2.68496E-14	T	07-05-2025	IPR000515	ABC transporter type 1, transmembrane domain MetI-like	GO:0016020(InterPro)|GO:0055085(InterPro)	-
HFDHAJOI_04660	45bf1ca94d19d79e4f8137f54f8b4588	267	ProSiteProfiles	PS50928	ABC transporter integral membrane type-1 domain profile.	62	252	25.040949	T	07-05-2025	IPR000515	ABC transporter type 1, transmembrane domain MetI-like	GO:0016020(InterPro)|GO:0055085(InterPro)	-
HFDHAJOI_04660	45bf1ca94d19d79e4f8137f54f8b4588	267	Pfam	PF00528	Binding-protein-dependent transport system inner membrane component	78	252	2.8E-11	T	07-05-2025	IPR000515	ABC transporter type 1, transmembrane domain MetI-like	GO:0016020(InterPro)|GO:0055085(InterPro)	-
HFDHAJOI_04660	45bf1ca94d19d79e4f8137f54f8b4588	267	Gene3D	G3DSA:1.10.3720.10	-	1	254	5.5E-44	T	07-05-2025	IPR035906	MetI-like superfamily	-	-
HFDHAJOI_04660	45bf1ca94d19d79e4f8137f54f8b4588	267	SUPERFAMILY	SSF161098	MetI-like	3	255	1.4E-48	T	07-05-2025	IPR035906	MetI-like superfamily	-	-
HFDHAJOI_04660	45bf1ca94d19d79e4f8137f54f8b4588	267	PANTHER	PTHR43357	INNER MEMBRANE ABC TRANSPORTER PERMEASE PROTEIN YDCV	8	257	8.2E-56	T	07-05-2025	-	-	-	-
HFDHAJOI_04526	c934998a685c63282c38407005b77903	227	Gene3D	G3DSA:1.10.287.110	DnaJ domain	150	224	8.7E-10	T	07-05-2025	IPR036869	Chaperone J-domain superfamily	-	-
HFDHAJOI_04526	c934998a685c63282c38407005b77903	227	SUPERFAMILY	SSF46565	Chaperone J-domain	132	212	1.16E-11	T	07-05-2025	IPR036869	Chaperone J-domain superfamily	-	-
HFDHAJOI_04526	c934998a685c63282c38407005b77903	227	Pfam	PF00226	DnaJ domain	170	222	1.7E-5	T	07-05-2025	IPR001623	DnaJ domain	-	-
HFDHAJOI_04526	c934998a685c63282c38407005b77903	227	Coils	Coil	Coil	149	169	-	T	07-05-2025	-	-	-	-
HFDHAJOI_04526	c934998a685c63282c38407005b77903	227	SMART	SM00271	dnaj_3	168	226	4.2E-6	T	07-05-2025	IPR001623	DnaJ domain	-	-
HFDHAJOI_04526	c934998a685c63282c38407005b77903	227	CDD	cd06257	DnaJ	171	222	1.40911E-9	T	07-05-2025	IPR001623	DnaJ domain	-	-
HFDHAJOI_04526	c934998a685c63282c38407005b77903	227	ProSiteProfiles	PS50076	dnaJ domain profile.	169	226	9.79872	T	07-05-2025	IPR001623	DnaJ domain	-	-
HFDHAJOI_04526	c934998a685c63282c38407005b77903	227	MobiDBLite	mobidb-lite	consensus disorder prediction	112	138	-	T	07-05-2025	-	-	-	-
HFDHAJOI_04526	c934998a685c63282c38407005b77903	227	MobiDBLite	mobidb-lite	consensus disorder prediction	114	126	-	T	07-05-2025	-	-	-	-
HFDHAJOI_04590	19b6a7028085e87a5772936ab3e3c6b8	507	ProSitePatterns	PS00710	Phosphoglucomutase and phosphomannomutase phosphoserine signature.	118	127	-	T	07-05-2025	IPR016066	Alpha-D-phosphohexomutase, conserved site	GO:0000287(InterPro)	-
HFDHAJOI_04590	19b6a7028085e87a5772936ab3e3c6b8	507	Gene3D	G3DSA:3.40.120.10	-	24	161	5.6E-28	T	07-05-2025	-	-	-	-
HFDHAJOI_04590	19b6a7028085e87a5772936ab3e3c6b8	507	Pfam	PF02879	Phosphoglucomutase/phosphomannomutase, alpha/beta/alpha domain II	182	279	5.1E-9	T	07-05-2025	IPR005845	Alpha-D-phosphohexomutase, alpha/beta/alpha domain II	GO:0005975(InterPro)	-
HFDHAJOI_04590	19b6a7028085e87a5772936ab3e3c6b8	507	SUPERFAMILY	SSF53738	Phosphoglucomutase, first 3 domains	181	280	1.49E-13	T	07-05-2025	IPR016055	Alpha-D-phosphohexomutase, alpha/beta/alpha I/II/III	GO:0005975(InterPro)|GO:0016868(InterPro)	-
HFDHAJOI_04590	19b6a7028085e87a5772936ab3e3c6b8	507	Pfam	PF02880	Phosphoglucomutase/phosphomannomutase, alpha/beta/alpha domain III	286	398	6.2E-5	T	07-05-2025	IPR005846	Alpha-D-phosphohexomutase, alpha/beta/alpha domain III	GO:0005975(InterPro)|GO:0016868(InterPro)	-
HFDHAJOI_04590	19b6a7028085e87a5772936ab3e3c6b8	507	Gene3D	G3DSA:3.40.120.10	-	199	279	7.1E-32	T	07-05-2025	-	-	-	-
HFDHAJOI_04590	19b6a7028085e87a5772936ab3e3c6b8	507	Pfam	PF00408	Phosphoglucomutase/phosphomannomutase, C-terminal domain	441	484	0.02	T	07-05-2025	IPR005843	Alpha-D-phosphohexomutase, C-terminal	GO:0016868(InterPro)	-
HFDHAJOI_04590	19b6a7028085e87a5772936ab3e3c6b8	507	SUPERFAMILY	SSF55957	Phosphoglucomutase, C-terminal domain	444	496	3.66E-12	T	07-05-2025	IPR036900	Alpha-D-phosphohexomutase, C-terminal domain superfamily	GO:0016868(InterPro)	-
HFDHAJOI_04590	19b6a7028085e87a5772936ab3e3c6b8	507	Gene3D	G3DSA:3.40.120.10	-	280	400	1.7E-35	T	07-05-2025	-	-	-	-
HFDHAJOI_04590	19b6a7028085e87a5772936ab3e3c6b8	507	SUPERFAMILY	SSF53738	Phosphoglucomutase, first 3 domains	27	191	1.88E-27	T	07-05-2025	IPR016055	Alpha-D-phosphohexomutase, alpha/beta/alpha I/II/III	GO:0005975(InterPro)|GO:0016868(InterPro)	-
HFDHAJOI_04590	19b6a7028085e87a5772936ab3e3c6b8	507	PANTHER	PTHR42946	PHOSPHOHEXOSE MUTASE	27	489	8.0E-44	T	07-05-2025	IPR050060	Phosphoglucosamine mutase	GO:0004615(PANTHER)	-
HFDHAJOI_04590	19b6a7028085e87a5772936ab3e3c6b8	507	Gene3D	G3DSA:3.30.310.50	-	404	501	2.5E-22	T	07-05-2025	-	-	-	-
HFDHAJOI_04590	19b6a7028085e87a5772936ab3e3c6b8	507	Pfam	PF02878	Phosphoglucomutase/phosphomannomutase, alpha/beta/alpha domain I	28	153	5.9E-16	T	07-05-2025	IPR005844	Alpha-D-phosphohexomutase, alpha/beta/alpha domain I	GO:0005975(InterPro)|GO:0016868(InterPro)	-
HFDHAJOI_04590	19b6a7028085e87a5772936ab3e3c6b8	507	SUPERFAMILY	SSF53738	Phosphoglucomutase, first 3 domains	267	367	9.42E-9	T	07-05-2025	IPR016055	Alpha-D-phosphohexomutase, alpha/beta/alpha I/II/III	GO:0005975(InterPro)|GO:0016868(InterPro)	-
HFDHAJOI_04428	ab9850e18430ddf618f3f9274a9928be	262	ProSiteProfiles	PS50110	Response regulatory domain profile.	14	148	14.310582	T	07-05-2025	IPR001789	Signal transduction response regulator, receiver domain	GO:0000160(InterPro)	-
HFDHAJOI_04428	ab9850e18430ddf618f3f9274a9928be	262	SUPERFAMILY	SSF46894	C-terminal effector domain of the bipartite response regulators	158	253	3.4E-24	T	07-05-2025	IPR016032	Signal transduction response regulator, C-terminal effector	GO:0003677(InterPro)|GO:0006355(InterPro)	-
HFDHAJOI_04428	ab9850e18430ddf618f3f9274a9928be	262	Gene3D	G3DSA:1.10.10.10	-	157	261	6.9E-26	T	07-05-2025	IPR036388	Winged helix-like DNA-binding domain superfamily	-	-
HFDHAJOI_04428	ab9850e18430ddf618f3f9274a9928be	262	Gene3D	G3DSA:3.40.50.2300	-	15	155	3.6E-9	T	07-05-2025	-	-	-	-
HFDHAJOI_04428	ab9850e18430ddf618f3f9274a9928be	262	Pfam	PF00486	Transcriptional regulatory protein, C terminal	177	252	1.7E-15	T	07-05-2025	IPR001867	OmpR/PhoB-type DNA-binding domain	GO:0000160(InterPro)|GO:0003677(InterPro)|GO:0006355(InterPro)	-
HFDHAJOI_04428	ab9850e18430ddf618f3f9274a9928be	262	CDD	cd00383	trans_reg_C	164	252	1.7997E-26	T	07-05-2025	IPR001867	OmpR/PhoB-type DNA-binding domain	GO:0000160(InterPro)|GO:0003677(InterPro)|GO:0006355(InterPro)	-
HFDHAJOI_04428	ab9850e18430ddf618f3f9274a9928be	262	PANTHER	PTHR48111	REGULATOR OF RPOS	27	255	3.6E-16	T	07-05-2025	IPR039420	Transcriptional regulatory protein WalR-like	GO:0000156(PANTHER)|GO:0000976(PANTHER)|GO:0005829(PANTHER)|GO:0006355(PANTHER)|GO:0032993(PANTHER)	-
HFDHAJOI_04428	ab9850e18430ddf618f3f9274a9928be	262	SMART	SM00862	Trans_reg_C_3	177	252	6.6E-17	T	07-05-2025	IPR001867	OmpR/PhoB-type DNA-binding domain	GO:0000160(InterPro)|GO:0003677(InterPro)|GO:0006355(InterPro)	-
HFDHAJOI_04428	ab9850e18430ddf618f3f9274a9928be	262	ProSiteProfiles	PS51755	OmpR/PhoB-type DNA-binding domain profile.	156	254	29.650164	T	07-05-2025	IPR001867	OmpR/PhoB-type DNA-binding domain	GO:0000160(InterPro)|GO:0003677(InterPro)|GO:0006355(InterPro)	-
HFDHAJOI_04428	ab9850e18430ddf618f3f9274a9928be	262	SUPERFAMILY	SSF52172	CheY-like	26	195	4.53E-10	T	07-05-2025	IPR011006	CheY-like superfamily	-	-
HFDHAJOI_04453	1602f64bf221458875685b733559ff6a	257	Coils	Coil	Coil	113	133	-	T	07-05-2025	-	-	-	-
HFDHAJOI_04453	1602f64bf221458875685b733559ff6a	257	Pfam	PF14022	Protein of unknown function (DUF4238)	8	190	0.0016	T	07-05-2025	IPR025332	Protein of unknown function DUF4238	-	-
HFDHAJOI_04424	d598483b4bff71e9aaa1488957add706	289	ProSiteProfiles	PS50928	ABC transporter integral membrane type-1 domain profile.	74	279	23.582138	T	07-05-2025	IPR000515	ABC transporter type 1, transmembrane domain MetI-like	GO:0016020(InterPro)|GO:0055085(InterPro)	-
HFDHAJOI_04424	d598483b4bff71e9aaa1488957add706	289	Pfam	PF00528	Binding-protein-dependent transport system inner membrane component	105	280	8.9E-11	T	07-05-2025	IPR000515	ABC transporter type 1, transmembrane domain MetI-like	GO:0016020(InterPro)|GO:0055085(InterPro)	-
HFDHAJOI_04424	d598483b4bff71e9aaa1488957add706	289	Gene3D	G3DSA:1.10.3720.10	-	15	287	4.7E-39	T	07-05-2025	IPR035906	MetI-like superfamily	-	-
HFDHAJOI_04424	d598483b4bff71e9aaa1488957add706	289	PANTHER	PTHR42929	INNER MEMBRANE ABC TRANSPORTER PERMEASE PROTEIN YDCU-RELATED-RELATED	17	287	6.0E-34	T	07-05-2025	-	-	-	-
HFDHAJOI_04424	d598483b4bff71e9aaa1488957add706	289	CDD	cd06261	TM_PBP2	74	273	1.37033E-11	T	07-05-2025	IPR000515	ABC transporter type 1, transmembrane domain MetI-like	GO:0016020(InterPro)|GO:0055085(InterPro)	-
HFDHAJOI_04424	d598483b4bff71e9aaa1488957add706	289	SUPERFAMILY	SSF161098	MetI-like	14	285	2.88E-38	T	07-05-2025	IPR035906	MetI-like superfamily	-	-
HFDHAJOI_04517	f31261c84195f684e4978456a1244ddd	264	PANTHER	PTHR30269	TRANSMEMBRANE PROTEIN YFCA	20	259	4.3E-17	T	07-05-2025	IPR052017	4-Toluene Sulfonate Uptake Permease	-	-
HFDHAJOI_04517	f31261c84195f684e4978456a1244ddd	264	Pfam	PF01925	Sulfite exporter TauE/SafE	26	251	1.1E-15	T	07-05-2025	IPR002781	Transmembrane protein TauE-like	GO:0016020(InterPro)	-
HFDHAJOI_04604	3749f4cd4eca90d2c76c3a85bad927ea	232	Pfam	PF19570	Family of unknown function (DUF6088)	29	127	1.1E-6	T	07-05-2025	IPR045738	Protein of unknown function DUF6088	-	-
HFDHAJOI_04578	ef283366b00596b2771a050a02ef5daa	338	Gene3D	G3DSA:1.50.10.100	Chondroitin AC/alginate lyase	33	333	1.4E-53	T	07-05-2025	IPR008929	Chondroitin AC/alginate lyase	-	-
HFDHAJOI_04578	ef283366b00596b2771a050a02ef5daa	338	Pfam	PF05426	Alginate lyase	96	290	3.8E-24	T	07-05-2025	IPR008397	Alginate lyase domain	GO:0016829(InterPro)|GO:0042597(InterPro)	-
HFDHAJOI_04578	ef283366b00596b2771a050a02ef5daa	338	SUPERFAMILY	SSF48230	Chondroitin AC/alginate lyase	118	293	1.65E-23	T	07-05-2025	IPR008929	Chondroitin AC/alginate lyase	-	-
HFDHAJOI_04668	0d3002a23fb8f4bdf3ae9e5c61760a11	110	ProSiteProfiles	PS51257	Prokaryotic membrane lipoprotein lipid attachment site profile.	1	17	5.0	T	07-05-2025	-	-	-	-
HFDHAJOI_04440	f6d8ff8333195695056490151bf4f8c4	142	Pfam	PF04956	TrbC/VIRB2 pilin	8	97	1.3E-16	T	07-05-2025	IPR007039	Conjugal transfer TrbC/type IV secretion VirB2	-	-
HFDHAJOI_04589	6b4b135c9c20e3dad8afce48154919e7	430	SUPERFAMILY	SSF48208	Six-hairpin glycosidases	26	399	1.29E-82	T	07-05-2025	IPR008928	Six-hairpin glycosidase superfamily	GO:0005975(InterPro)	-
HFDHAJOI_04589	6b4b135c9c20e3dad8afce48154919e7	430	PANTHER	PTHR15108	N-ACYLGLUCOSAMINE-2-EPIMERASE	30	390	1.7E-41	T	07-05-2025	-	-	-	-
HFDHAJOI_04589	6b4b135c9c20e3dad8afce48154919e7	430	Pfam	PF07221	N-acylglucosamine 2-epimerase (GlcNAc 2-epimerase)	52	388	8.2E-63	T	07-05-2025	IPR010819	N-acylglucosamine 2-epimerase/Cellobiose 2-epimerase	GO:0016853(InterPro)	-
HFDHAJOI_04589	6b4b135c9c20e3dad8afce48154919e7	430	Gene3D	G3DSA:1.50.10.10	-	20	404	6.2E-73	T	07-05-2025	IPR012341	Six-hairpin glycosidase-like superfamily	GO:0005975(InterPro)	-
HFDHAJOI_04545	5cbe9b4288a0ad55c7629b42cbfecc04	352	CDD	cd01392	HTH_LacI	12	66	2.19061E-11	T	07-05-2025	IPR000843	LacI-type HTH domain	GO:0003677(InterPro)|GO:0006355(InterPro)	-
HFDHAJOI_04545	5cbe9b4288a0ad55c7629b42cbfecc04	352	CDD	cd06274	PBP1_FruR	71	335	7.77526E-97	T	07-05-2025	-	-	-	-
HFDHAJOI_04545	5cbe9b4288a0ad55c7629b42cbfecc04	352	Gene3D	G3DSA:1.10.260.40	-	6	69	8.4E-14	T	07-05-2025	IPR010982	Lambda repressor-like, DNA-binding domain superfamily	GO:0003677(InterPro)	-
HFDHAJOI_04545	5cbe9b4288a0ad55c7629b42cbfecc04	352	PANTHER	PTHR30146	LACI-RELATED TRANSCRIPTIONAL REPRESSOR	8	318	8.6E-33	T	07-05-2025	-	-	GO:0000976(PANTHER)|GO:0003700(PANTHER)|GO:0006355(PANTHER)	-
HFDHAJOI_04545	5cbe9b4288a0ad55c7629b42cbfecc04	352	Gene3D	G3DSA:3.40.50.2300	-	70	157	2.2E-9	T	07-05-2025	-	-	-	-
HFDHAJOI_04545	5cbe9b4288a0ad55c7629b42cbfecc04	352	Gene3D	G3DSA:3.40.50.2300	-	161	337	2.2E-18	T	07-05-2025	-	-	-	-
HFDHAJOI_04545	5cbe9b4288a0ad55c7629b42cbfecc04	352	SUPERFAMILY	SSF47413	lambda repressor-like DNA-binding domains	10	66	4.42E-10	T	07-05-2025	IPR010982	Lambda repressor-like, DNA-binding domain superfamily	GO:0003677(InterPro)	-
HFDHAJOI_04545	5cbe9b4288a0ad55c7629b42cbfecc04	352	ProSiteProfiles	PS50932	LacI-type HTH domain profile.	9	66	19.256325	T	07-05-2025	IPR000843	LacI-type HTH domain	GO:0003677(InterPro)|GO:0006355(InterPro)	-
HFDHAJOI_04545	5cbe9b4288a0ad55c7629b42cbfecc04	352	Pfam	PF13407	Periplasmic binding protein domain	72	290	9.0E-6	T	07-05-2025	IPR025997	Periplasmic binding protein	-	-
HFDHAJOI_04545	5cbe9b4288a0ad55c7629b42cbfecc04	352	SMART	SM00354	laci3	8	81	2.7E-14	T	07-05-2025	IPR000843	LacI-type HTH domain	GO:0003677(InterPro)|GO:0006355(InterPro)	-
HFDHAJOI_04545	5cbe9b4288a0ad55c7629b42cbfecc04	352	SUPERFAMILY	SSF53822	Periplasmic binding protein-like I	69	318	6.42E-27	T	07-05-2025	IPR028082	Periplasmic binding protein-like I	-	-
HFDHAJOI_04450	b5c29ccabdb4b5179dd9b93067c1c1f9	377	Pfam	PF07756	Protein of unknown function (DUF1612)	189	315	5.0E-46	T	07-05-2025	IPR011670	Domain of unknown function DUF1612	-	-
HFDHAJOI_04450	b5c29ccabdb4b5179dd9b93067c1c1f9	377	Pfam	PF11972	HTH DNA binding domain	324	376	5.5E-23	T	07-05-2025	IPR021068	HTH DNA binding domain	-	-
HFDHAJOI_04450	b5c29ccabdb4b5179dd9b93067c1c1f9	377	NCBIfam	NF040876	RHE_PE00001 family protein	3	377	1.7E-159	T	07-05-2025	IPR048017	Uncharacterized protein y4cF-like	-	-
HFDHAJOI_04603	e36ee0aa0b46c9c34dd089c70cea3dae	392	NCBIfam	TIGR00254	diguanylate cyclase (GGDEF) domain	216	373	2.6E-34	T	07-05-2025	IPR000160	GGDEF domain	-	-
HFDHAJOI_04603	e36ee0aa0b46c9c34dd089c70cea3dae	392	Gene3D	G3DSA:3.30.70.270	-	211	379	7.8E-47	T	07-05-2025	IPR043128	Reverse transcriptase/Diguanylate cyclase domain	-	-
HFDHAJOI_04603	e36ee0aa0b46c9c34dd089c70cea3dae	392	SMART	SM00267	duf1_3	207	374	2.5E-48	T	07-05-2025	IPR000160	GGDEF domain	-	-
HFDHAJOI_04603	e36ee0aa0b46c9c34dd089c70cea3dae	392	ProSiteProfiles	PS50887	GGDEF domain profile.	244	376	27.829411	T	07-05-2025	IPR000160	GGDEF domain	-	-
HFDHAJOI_04603	e36ee0aa0b46c9c34dd089c70cea3dae	392	FunFam	G3DSA:3.30.70.270:FF:000001	Diguanylate cyclase domain protein	211	375	2.0E-42	T	07-05-2025	-	-	-	-
HFDHAJOI_04603	e36ee0aa0b46c9c34dd089c70cea3dae	392	SUPERFAMILY	SSF55073	Nucleotide cyclase	222	373	3.84E-40	T	07-05-2025	IPR029787	Nucleotide cyclase	-	-
HFDHAJOI_04603	e36ee0aa0b46c9c34dd089c70cea3dae	392	CDD	cd01949	GGDEF	219	371	2.51904E-49	T	07-05-2025	IPR000160	GGDEF domain	-	-
HFDHAJOI_04603	e36ee0aa0b46c9c34dd089c70cea3dae	392	PANTHER	PTHR45138	REGULATORY COMPONENTS OF SENSORY TRANSDUCTION SYSTEM	208	377	1.9E-50	T	07-05-2025	IPR050469	Bacterial Diguanylate Cyclase	GO:0005886(PANTHER)|GO:0043709(PANTHER)|GO:0052621(PANTHER)|GO:1902201(PANTHER)	-
HFDHAJOI_04603	e36ee0aa0b46c9c34dd089c70cea3dae	392	Pfam	PF00990	Diguanylate cyclase, GGDEF domain	217	370	1.7E-32	T	07-05-2025	IPR000160	GGDEF domain	-	-
HFDHAJOI_04567	4688d5691e880a8e446c9c9c8ec6323d	94	SMART	SM00530	mbf_short4	5	60	1.8E-8	T	07-05-2025	IPR001387	Cro/C1-type helix-turn-helix domain	-	-
HFDHAJOI_04567	4688d5691e880a8e446c9c9c8ec6323d	94	Pfam	PF01381	Helix-turn-helix	6	57	3.7E-8	T	07-05-2025	IPR001387	Cro/C1-type helix-turn-helix domain	-	-
HFDHAJOI_04567	4688d5691e880a8e446c9c9c8ec6323d	94	SUPERFAMILY	SSF47413	lambda repressor-like DNA-binding domains	2	59	1.27E-13	T	07-05-2025	IPR010982	Lambda repressor-like, DNA-binding domain superfamily	GO:0003677(InterPro)	-
HFDHAJOI_04567	4688d5691e880a8e446c9c9c8ec6323d	94	CDD	cd00093	HTH_XRE	3	57	6.22945E-11	T	07-05-2025	IPR001387	Cro/C1-type helix-turn-helix domain	-	-
HFDHAJOI_04567	4688d5691e880a8e446c9c9c8ec6323d	94	Gene3D	G3DSA:1.10.260.40	-	1	84	2.9E-13	T	07-05-2025	IPR010982	Lambda repressor-like, DNA-binding domain superfamily	GO:0003677(InterPro)	-
HFDHAJOI_04567	4688d5691e880a8e446c9c9c8ec6323d	94	ProSiteProfiles	PS50943	Cro/C1-type HTH domain profile.	6	63	12.110897	T	07-05-2025	IPR001387	Cro/C1-type helix-turn-helix domain	-	-
HFDHAJOI_04640	c141e075bcfc0018ccf0dbb6d6607871	613	Gene3D	G3DSA:3.60.20.10	Glutamine Phosphoribosylpyrophosphate, subunit 1, domain 1	4	213	8.0E-31	T	07-05-2025	IPR029055	Nucleophile aminohydrolases, N-terminal	-	-
HFDHAJOI_04640	c141e075bcfc0018ccf0dbb6d6607871	613	Pfam	PF00733	Asparagine synthase	232	584	3.5E-38	T	07-05-2025	IPR001962	Asparagine synthase	GO:0004066(InterPro)|GO:0006529(InterPro)	-
HFDHAJOI_04640	c141e075bcfc0018ccf0dbb6d6607871	613	SUPERFAMILY	SSF52402	Adenine nucleotide alpha hydrolases-like	211	589	9.26E-33	T	07-05-2025	-	-	-	-
HFDHAJOI_04640	c141e075bcfc0018ccf0dbb6d6607871	613	CDD	cd01991	Asn_synthase_B_C	252	535	1.3476E-14	T	07-05-2025	IPR001962	Asparagine synthase	GO:0004066(InterPro)|GO:0006529(InterPro)	-
HFDHAJOI_04640	c141e075bcfc0018ccf0dbb6d6607871	613	SUPERFAMILY	SSF56235	N-terminal nucleophile aminohydrolases (Ntn hydrolases)	1	214	1.29E-29	T	07-05-2025	IPR029055	Nucleophile aminohydrolases, N-terminal	-	-
HFDHAJOI_04640	c141e075bcfc0018ccf0dbb6d6607871	613	ProSiteProfiles	PS51278	Glutamine amidotransferase type 2 domain profile.	2	204	15.93748	T	07-05-2025	IPR017932	Glutamine amidotransferase type 2 domain	-	-
HFDHAJOI_04640	c141e075bcfc0018ccf0dbb6d6607871	613	Gene3D	G3DSA:3.40.50.620	HUPs	470	584	3.0E-14	T	07-05-2025	IPR014729	Rossmann-like alpha/beta/alpha sandwich fold	-	-
HFDHAJOI_04640	c141e075bcfc0018ccf0dbb6d6607871	613	Gene3D	G3DSA:3.40.50.620	HUPs	214	401	9.1E-18	T	07-05-2025	IPR014729	Rossmann-like alpha/beta/alpha sandwich fold	-	-
HFDHAJOI_04640	c141e075bcfc0018ccf0dbb6d6607871	613	Pfam	PF13537	Glutamine amidotransferase domain	59	157	3.7E-17	T	07-05-2025	IPR017932	Glutamine amidotransferase type 2 domain	-	-
HFDHAJOI_04640	c141e075bcfc0018ccf0dbb6d6607871	613	PANTHER	PTHR43284	ASPARAGINE SYNTHETASE (GLUTAMINE-HYDROLYZING)	1	608	2.7E-59	T	07-05-2025	IPR051786	Asparagine Synthetase/Amidase	-	-
HFDHAJOI_04640	c141e075bcfc0018ccf0dbb6d6607871	613	PIRSF	PIRSF001589	Asn_synthetase_glu-h	1	612	2.2E-60	T	07-05-2025	IPR006426	Asparagine synthase, glutamine-hydrolyzing	GO:0004066(InterPro)|GO:0006529(InterPro)	-
HFDHAJOI_04607	3184689b0b1555a9b64565344d9ebc76	102	Pfam	PF05284	Protein of unknown function (DUF736)	3	98	4.2E-30	T	07-05-2025	IPR007948	Protein of unknown function DUF736	-	-
HFDHAJOI_04492	7dbfcad360e23a5998fa8425a57893ec	253	MobiDBLite	mobidb-lite	consensus disorder prediction	86	95	-	T	07-05-2025	-	-	-	-
HFDHAJOI_04492	7dbfcad360e23a5998fa8425a57893ec	253	MobiDBLite	mobidb-lite	consensus disorder prediction	215	253	-	T	07-05-2025	-	-	-	-
HFDHAJOI_04492	7dbfcad360e23a5998fa8425a57893ec	253	MobiDBLite	mobidb-lite	consensus disorder prediction	215	227	-	T	07-05-2025	-	-	-	-
HFDHAJOI_04492	7dbfcad360e23a5998fa8425a57893ec	253	MobiDBLite	mobidb-lite	consensus disorder prediction	107	135	-	T	07-05-2025	-	-	-	-
HFDHAJOI_04492	7dbfcad360e23a5998fa8425a57893ec	253	MobiDBLite	mobidb-lite	consensus disorder prediction	66	137	-	T	07-05-2025	-	-	-	-
HFDHAJOI_04537	030475a9d3f5dcfd2e4ee233f325be4d	272	Pfam	PF00005	ABC transporter	49	199	4.2E-29	T	07-05-2025	IPR003439	ABC transporter-like, ATP-binding domain	GO:0005524(InterPro)|GO:0016887(InterPro)	-
HFDHAJOI_04537	030475a9d3f5dcfd2e4ee233f325be4d	272	CDD	cd03216	ABC_Carb_Monos_I	34	251	8.21843E-69	T	07-05-2025	-	-	-	-
HFDHAJOI_04537	030475a9d3f5dcfd2e4ee233f325be4d	272	Coils	Coil	Coil	147	167	-	T	07-05-2025	-	-	-	-
HFDHAJOI_04537	030475a9d3f5dcfd2e4ee233f325be4d	272	ProSiteProfiles	PS50893	ATP-binding cassette, ABC transporter-type domain profile.	34	270	23.042656	T	07-05-2025	IPR003439	ABC transporter-like, ATP-binding domain	GO:0005524(InterPro)|GO:0016887(InterPro)	-
HFDHAJOI_04537	030475a9d3f5dcfd2e4ee233f325be4d	272	MobiDBLite	mobidb-lite	consensus disorder prediction	1	32	-	T	07-05-2025	-	-	-	-
HFDHAJOI_04537	030475a9d3f5dcfd2e4ee233f325be4d	272	Gene3D	G3DSA:3.40.50.300	-	21	262	7.3E-63	T	07-05-2025	IPR027417	P-loop containing nucleoside triphosphate hydrolase	-	-
HFDHAJOI_04537	030475a9d3f5dcfd2e4ee233f325be4d	272	SMART	SM00382	AAA_5	58	247	2.0E-11	T	07-05-2025	IPR003593	AAA+ ATPase domain	-	-
HFDHAJOI_04537	030475a9d3f5dcfd2e4ee233f325be4d	272	PANTHER	PTHR43790	CARBOHYDRATE TRANSPORT ATP-BINDING PROTEIN MG119-RELATED	31	270	1.6E-82	T	07-05-2025	IPR050107	ABC transporter carbohydrate import ATP-binding proteins	-	-
HFDHAJOI_04537	030475a9d3f5dcfd2e4ee233f325be4d	272	ProSitePatterns	PS00211	ABC transporters family signature.	171	185	-	T	07-05-2025	IPR017871	ABC transporter-like, conserved site	GO:0005524(InterPro)|GO:0016887(InterPro)	-
HFDHAJOI_04537	030475a9d3f5dcfd2e4ee233f325be4d	272	SUPERFAMILY	SSF52540	P-loop containing nucleoside triphosphate hydrolases	32	254	2.45E-61	T	07-05-2025	IPR027417	P-loop containing nucleoside triphosphate hydrolase	-	-
HFDHAJOI_04641	04ec7ee0de705f43be65936ca9fdd315	92	Gene3D	G3DSA:1.10.10.1150	Coenzyme PQQ synthesis protein D (PqqD)	5	84	3.7E-9	T	07-05-2025	IPR041881	Coenzyme PQQ synthesis protein D superfamily	-	-
HFDHAJOI_04641	04ec7ee0de705f43be65936ca9fdd315	92	Pfam	PF05402	Coenzyme PQQ synthesis protein D (PqqD)	19	83	8.2E-12	T	07-05-2025	IPR008792	Coenzyme PQQ synthesis protein D	-	-
HFDHAJOI_04426	a323bf9c73fbd50a1e60f737683e4f86	361	CDD	cd06278	PBP1_LacI-like	88	355	3.6427E-88	T	07-05-2025	-	-	-	-
HFDHAJOI_04426	a323bf9c73fbd50a1e60f737683e4f86	361	Gene3D	G3DSA:3.40.50.2300	-	187	315	1.3E-44	T	07-05-2025	-	-	-	-
HFDHAJOI_04426	a323bf9c73fbd50a1e60f737683e4f86	361	Gene3D	G3DSA:1.10.260.40	-	24	85	7.4E-17	T	07-05-2025	IPR010982	Lambda repressor-like, DNA-binding domain superfamily	GO:0003677(InterPro)	-
HFDHAJOI_04426	a323bf9c73fbd50a1e60f737683e4f86	361	Pfam	PF13377	Periplasmic binding protein-like domain	198	356	1.0E-16	T	07-05-2025	IPR046335	Transcriptional regulator LacI/GalR-like, sensor domain	-	-
HFDHAJOI_04426	a323bf9c73fbd50a1e60f737683e4f86	361	SMART	SM00354	laci3	31	98	4.2E-11	T	07-05-2025	IPR000843	LacI-type HTH domain	GO:0003677(InterPro)|GO:0006355(InterPro)	-
HFDHAJOI_04426	a323bf9c73fbd50a1e60f737683e4f86	361	SUPERFAMILY	SSF53822	Periplasmic binding protein-like I	89	359	1.41E-39	T	07-05-2025	IPR028082	Periplasmic binding protein-like I	-	-
HFDHAJOI_04426	a323bf9c73fbd50a1e60f737683e4f86	361	PANTHER	PTHR30146	LACI-RELATED TRANSCRIPTIONAL REPRESSOR	33	358	5.6E-54	T	07-05-2025	-	-	GO:0000976(PANTHER)|GO:0003700(PANTHER)|GO:0006355(PANTHER)	-
HFDHAJOI_04426	a323bf9c73fbd50a1e60f737683e4f86	361	CDD	cd01392	HTH_LacI	33	83	1.67883E-16	T	07-05-2025	IPR000843	LacI-type HTH domain	GO:0003677(InterPro)|GO:0006355(InterPro)	-
HFDHAJOI_04426	a323bf9c73fbd50a1e60f737683e4f86	361	SUPERFAMILY	SSF47413	lambda repressor-like DNA-binding domains	30	85	6.57E-14	T	07-05-2025	IPR010982	Lambda repressor-like, DNA-binding domain superfamily	GO:0003677(InterPro)	-
HFDHAJOI_04426	a323bf9c73fbd50a1e60f737683e4f86	361	ProSiteProfiles	PS50932	LacI-type HTH domain profile.	30	84	26.492105	T	07-05-2025	IPR000843	LacI-type HTH domain	GO:0003677(InterPro)|GO:0006355(InterPro)	-
HFDHAJOI_04426	a323bf9c73fbd50a1e60f737683e4f86	361	Gene3D	G3DSA:3.40.50.2300	-	91	330	1.3E-44	T	07-05-2025	-	-	-	-
HFDHAJOI_04426	a323bf9c73fbd50a1e60f737683e4f86	361	Pfam	PF00356	Bacterial regulatory proteins, lacI family	35	76	2.0E-7	T	07-05-2025	IPR000843	LacI-type HTH domain	GO:0003677(InterPro)|GO:0006355(InterPro)	-
HFDHAJOI_04656	28acc8e04fd8e0cc8cda16da84d0b57f	256	MobiDBLite	mobidb-lite	consensus disorder prediction	57	83	-	T	07-05-2025	-	-	-	-
HFDHAJOI_04656	28acc8e04fd8e0cc8cda16da84d0b57f	256	Pfam	PF19495	Family of unknown function (DUF6030)	25	243	1.0E-10	T	07-05-2025	IPR046071	Protein of unknown function DUF6030	-	-
HFDHAJOI_04422	94c13d9ea35dda2dfb2c200957b87ea7	348	Pfam	PF00005	ABC transporter	21	163	1.0E-33	T	07-05-2025	IPR003439	ABC transporter-like, ATP-binding domain	GO:0005524(InterPro)|GO:0016887(InterPro)	-
HFDHAJOI_04422	94c13d9ea35dda2dfb2c200957b87ea7	348	SUPERFAMILY	SSF50331	MOP-like	238	331	2.96E-11	T	07-05-2025	IPR008995	Molybdate/tungstate binding, C-terminal	-	-
HFDHAJOI_04422	94c13d9ea35dda2dfb2c200957b87ea7	348	ProSitePatterns	PS00211	ABC transporters family signature.	135	149	-	T	07-05-2025	IPR017871	ABC transporter-like, conserved site	GO:0005524(InterPro)|GO:0016887(InterPro)	-
HFDHAJOI_04422	94c13d9ea35dda2dfb2c200957b87ea7	348	Gene3D	G3DSA:2.40.50.100	-	239	270	1.1E-5	T	07-05-2025	-	-	-	-
HFDHAJOI_04422	94c13d9ea35dda2dfb2c200957b87ea7	348	Pfam	PF08402	TOBE domain	268	331	0.038	T	07-05-2025	IPR013611	Transport-associated OB, type 2	GO:0005524(InterPro)|GO:0022857(InterPro)|GO:0043190(InterPro)|GO:0055085(InterPro)	-
HFDHAJOI_04422	94c13d9ea35dda2dfb2c200957b87ea7	348	SUPERFAMILY	SSF52540	P-loop containing nucleoside triphosphate hydrolases	5	243	3.36E-80	T	07-05-2025	IPR027417	P-loop containing nucleoside triphosphate hydrolase	-	-
HFDHAJOI_04422	94c13d9ea35dda2dfb2c200957b87ea7	348	FunFam	G3DSA:3.40.50.300:FF:000425	Probable ABC transporter, ATP-binding subunit	2	239	5.1E-87	T	07-05-2025	-	-	-	-
HFDHAJOI_04422	94c13d9ea35dda2dfb2c200957b87ea7	348	Gene3D	G3DSA:2.40.50.140	-	271	328	1.1E-5	T	07-05-2025	IPR012340	Nucleic acid-binding, OB-fold	-	-
HFDHAJOI_04422	94c13d9ea35dda2dfb2c200957b87ea7	348	Gene3D	G3DSA:3.40.50.300	-	1	238	2.8E-71	T	07-05-2025	IPR027417	P-loop containing nucleoside triphosphate hydrolase	-	-
HFDHAJOI_04422	94c13d9ea35dda2dfb2c200957b87ea7	348	SMART	SM00382	AAA_5	29	212	3.2E-19	T	07-05-2025	IPR003593	AAA+ ATPase domain	-	-
HFDHAJOI_04422	94c13d9ea35dda2dfb2c200957b87ea7	348	PANTHER	PTHR42781	SPERMIDINE/PUTRESCINE IMPORT ATP-BINDING PROTEIN POTA	2	299	4.1E-100	T	07-05-2025	IPR050093	ABC Transporter, Small Molecule Importer	-	-
HFDHAJOI_04422	94c13d9ea35dda2dfb2c200957b87ea7	348	ProSiteProfiles	PS50893	ATP-binding cassette, ABC transporter-type domain profile.	4	235	29.892027	T	07-05-2025	IPR003439	ABC transporter-like, ATP-binding domain	GO:0005524(InterPro)|GO:0016887(InterPro)	-
HFDHAJOI_04432	e93b637680110b5dcad7e0641332e00c	444	Pfam	PF03743	Bacterial conjugation TrbI-like protein	257	439	3.1E-57	T	07-05-2025	IPR005498	Type IV secretion system, VirB10/TraB/TrbI	-	-
HFDHAJOI_04432	e93b637680110b5dcad7e0641332e00c	444	NCBIfam	NF010405	IncP-type conjugal transfer protein TrbI	20	442	1.6E-145	T	07-05-2025	-	-	-	-
HFDHAJOI_04432	e93b637680110b5dcad7e0641332e00c	444	CDD	cd16429	VirB10	258	439	5.37767E-76	T	07-05-2025	IPR005498	Type IV secretion system, VirB10/TraB/TrbI	-	-
HFDHAJOI_04432	e93b637680110b5dcad7e0641332e00c	444	Gene3D	G3DSA:2.40.128.260	Type IV secretion system, VirB10/TraB/TrbI	256	443	1.7E-45	T	07-05-2025	IPR042217	Type IV secretion system, VirB10/TrbI	-	-
HFDHAJOI_04557	20ace0ecdf353ae70d35ce38d525b5ea	367	FunFam	G3DSA:3.40.1170.60:FF:000001	DNA polymerase IV	28	79	2.7E-25	T	07-05-2025	-	-	-	-
HFDHAJOI_04557	20ace0ecdf353ae70d35ce38d525b5ea	367	FunFam	G3DSA:3.30.1490.100:FF:000004	DNA polymerase IV	243	353	1.6E-20	T	07-05-2025	-	-	-	-
HFDHAJOI_04557	20ace0ecdf353ae70d35ce38d525b5ea	367	NCBIfam	NF002677	DNA polymerase IV	8	349	4.0E-136	T	07-05-2025	-	-	-	-
HFDHAJOI_04557	20ace0ecdf353ae70d35ce38d525b5ea	367	SUPERFAMILY	SSF56672	DNA/RNA polymerases	7	240	1.33E-93	T	07-05-2025	IPR043502	DNA/RNA polymerase superfamily	-	-
HFDHAJOI_04557	20ace0ecdf353ae70d35ce38d525b5ea	367	Gene3D	G3DSA:3.30.1490.100	-	242	354	1.3E-25	T	07-05-2025	IPR036775	DNA polymerase, Y-family, little finger domain superfamily	GO:0003684(InterPro)|GO:0006281(InterPro)	-
HFDHAJOI_04557	20ace0ecdf353ae70d35ce38d525b5ea	367	Gene3D	G3DSA:3.40.1170.60	-	28	79	1.9E-64	T	07-05-2025	-	-	-	-
HFDHAJOI_04557	20ace0ecdf353ae70d35ce38d525b5ea	367	CDD	cd03586	PolY_Pol_IV_kappa	12	346	3.26196E-174	T	07-05-2025	IPR022880	DNA polymerase IV	GO:0003887(InterPro)	-
HFDHAJOI_04557	20ace0ecdf353ae70d35ce38d525b5ea	367	Pfam	PF11798	IMS family HHH motif	173	203	0.018	T	07-05-2025	IPR024728	DNA polymerase type-Y, HhH motif	-	-
HFDHAJOI_04557	20ace0ecdf353ae70d35ce38d525b5ea	367	PANTHER	PTHR11076	DNA REPAIR POLYMERASE UMUC / TRANSFERASE FAMILY MEMBER	9	352	4.5E-113	T	07-05-2025	IPR050116	DNA polymerase type-Y	GO:0003887(PANTHER)|GO:0005829(PANTHER)|GO:0009432(PANTHER)|GO:0042276(PANTHER)	-
HFDHAJOI_04557	20ace0ecdf353ae70d35ce38d525b5ea	367	SUPERFAMILY	SSF100879	Lesion bypass DNA polymerase (Y-family), little finger domain	244	344	1.02E-26	T	07-05-2025	IPR036775	DNA polymerase, Y-family, little finger domain superfamily	GO:0003684(InterPro)|GO:0006281(InterPro)	-
HFDHAJOI_04557	20ace0ecdf353ae70d35ce38d525b5ea	367	Pfam	PF11799	impB/mucB/samB family C-terminal domain	246	351	1.6E-22	T	07-05-2025	IPR017961	DNA polymerase, Y-family, little finger domain	GO:0003684(InterPro)|GO:0006281(InterPro)	-
HFDHAJOI_04557	20ace0ecdf353ae70d35ce38d525b5ea	367	Gene3D	G3DSA:1.10.150.20	-	173	234	7.4E-16	T	07-05-2025	-	-	-	-
HFDHAJOI_04557	20ace0ecdf353ae70d35ce38d525b5ea	367	Pfam	PF00817	impB/mucB/samB family	14	160	5.3E-51	T	07-05-2025	IPR001126	UmuC domain	GO:0006281(InterPro)	-
HFDHAJOI_04557	20ace0ecdf353ae70d35ce38d525b5ea	367	Hamap	MF_01113	DNA polymerase IV [dinB].	8	365	38.190762	T	07-05-2025	IPR022880	DNA polymerase IV	GO:0003887(InterPro)	-
HFDHAJOI_04557	20ace0ecdf353ae70d35ce38d525b5ea	367	FunFam	G3DSA:1.10.150.20:FF:000019	DNA polymerase IV	173	234	4.5E-20	T	07-05-2025	-	-	-	-
HFDHAJOI_04557	20ace0ecdf353ae70d35ce38d525b5ea	367	Gene3D	G3DSA:3.30.70.270	-	11	172	1.9E-64	T	07-05-2025	IPR043128	Reverse transcriptase/Diguanylate cyclase domain	-	-
HFDHAJOI_04557	20ace0ecdf353ae70d35ce38d525b5ea	367	ProSiteProfiles	PS50173	UmuC domain profile.	11	191	54.227821	T	07-05-2025	IPR001126	UmuC domain	GO:0006281(InterPro)	-
HFDHAJOI_04588	9f7e0f65171c6ec825033b78d9aafac1	232	SUPERFAMILY	SSF51206	cAMP-binding domain-like	33	144	2.31E-10	T	07-05-2025	IPR018490	Cyclic nucleotide-binding domain superfamily	-	-
HFDHAJOI_04588	9f7e0f65171c6ec825033b78d9aafac1	232	Gene3D	G3DSA:2.60.120.10	Jelly Rolls	32	146	3.7E-8	T	07-05-2025	IPR014710	RmlC-like jelly roll fold	-	-
HFDHAJOI_04588	9f7e0f65171c6ec825033b78d9aafac1	232	ProSiteProfiles	PS51063	Crp-type HTH domain profile.	146	219	11.985242	T	07-05-2025	IPR012318	Crp-type HTH domain	GO:0003677(InterPro)|GO:0006355(InterPro)	-
HFDHAJOI_04588	9f7e0f65171c6ec825033b78d9aafac1	232	Gene3D	G3DSA:1.10.10.10	-	147	228	7.6E-12	T	07-05-2025	IPR036388	Winged helix-like DNA-binding domain superfamily	-	-
HFDHAJOI_04588	9f7e0f65171c6ec825033b78d9aafac1	232	Pfam	PF13545	Crp-like helix-turn-helix domain	151	218	2.8E-5	T	07-05-2025	IPR012318	Crp-type HTH domain	GO:0003677(InterPro)|GO:0006355(InterPro)	-
HFDHAJOI_04588	9f7e0f65171c6ec825033b78d9aafac1	232	SUPERFAMILY	SSF46785	"Winged helix" DNA-binding domain	147	222	4.59E-11	T	07-05-2025	IPR036390	Winged helix DNA-binding domain superfamily	-	-
HFDHAJOI_04570	bdbf212a430c006521eeb8d0f8ed39d5	125	Gene3D	G3DSA:1.10.260.40	-	46	120	5.9E-7	T	07-05-2025	IPR010982	Lambda repressor-like, DNA-binding domain superfamily	GO:0003677(InterPro)	-
HFDHAJOI_04570	bdbf212a430c006521eeb8d0f8ed39d5	125	ProSiteProfiles	PS50943	Cro/C1-type HTH domain profile.	63	116	10.313708	T	07-05-2025	IPR001387	Cro/C1-type helix-turn-helix domain	-	-
HFDHAJOI_04570	bdbf212a430c006521eeb8d0f8ed39d5	125	PANTHER	PTHR40455	ANTITOXIN HIGA	7	118	3.2E-20	T	07-05-2025	IPR039060	Antitoxin HigA	GO:0001046(PANTHER)|GO:0006355(InterPro)	-
HFDHAJOI_04570	bdbf212a430c006521eeb8d0f8ed39d5	125	SMART	SM00530	mbf_short4	62	116	1.6E-4	T	07-05-2025	IPR001387	Cro/C1-type helix-turn-helix domain	-	-
HFDHAJOI_04570	bdbf212a430c006521eeb8d0f8ed39d5	125	SUPERFAMILY	SSF47413	lambda repressor-like DNA-binding domains	56	117	3.13E-6	T	07-05-2025	IPR010982	Lambda repressor-like, DNA-binding domain superfamily	GO:0003677(InterPro)	-
HFDHAJOI_04570	bdbf212a430c006521eeb8d0f8ed39d5	125	Pfam	PF01381	Helix-turn-helix	63	116	0.013	T	07-05-2025	IPR001387	Cro/C1-type helix-turn-helix domain	-	-
HFDHAJOI_04670	9d70d62bec2e64b1444ea390125678ca	363	Gene3D	G3DSA:3.40.50.720	-	166	343	5.2E-36	T	07-05-2025	-	-	-	-
HFDHAJOI_04670	9d70d62bec2e64b1444ea390125678ca	363	SUPERFAMILY	SSF51735	NAD(P)-binding Rossmann-fold domains	63	361	4.04E-32	T	07-05-2025	IPR036291	NAD(P)-binding domain superfamily	-	-
HFDHAJOI_04670	9d70d62bec2e64b1444ea390125678ca	363	Gene3D	G3DSA:3.30.1780.10	ornithine cyclodeaminase, domain 1	98	360	5.2E-36	T	07-05-2025	IPR023401	Ornithine cyclodeaminase, N-terminal	-	-
HFDHAJOI_04670	9d70d62bec2e64b1444ea390125678ca	363	PANTHER	PTHR13812	KETIMINE REDUCTASE MU-CRYSTALLIN	104	360	3.8E-20	T	07-05-2025	IPR003462	Ornithine cyclodeaminase/mu-crystallin	GO:0005737(PANTHER)	-
HFDHAJOI_04670	9d70d62bec2e64b1444ea390125678ca	363	Pfam	PF02423	Ornithine cyclodeaminase/mu-crystallin family	105	290	2.3E-15	T	07-05-2025	IPR003462	Ornithine cyclodeaminase/mu-crystallin	-	-
HFDHAJOI_04591	68d9d50d524cf0415a58c43b366600a4	160	Gene3D	G3DSA:1.10.10.1550	ROS/MUCR transcriptional regulator protein	76	122	1.4E-20	T	07-05-2025	IPR041920	ROS/MUCR transcriptional regulator superfamily	-	-
HFDHAJOI_04591	68d9d50d524cf0415a58c43b366600a4	160	MobiDBLite	mobidb-lite	consensus disorder prediction	131	160	-	T	07-05-2025	-	-	-	-
HFDHAJOI_04591	68d9d50d524cf0415a58c43b366600a4	160	Pfam	PF05443	ROS/MUCR transcriptional regulator protein	24	139	2.6E-29	T	07-05-2025	IPR008807	ROS/MUCR transcriptional regulator	GO:0003677(InterPro)|GO:0006355(InterPro)|GO:0008270(InterPro)	-
HFDHAJOI_04622	2e457b3602efeb9701a25f57ff85a061	329	Gene3D	G3DSA:3.90.25.10	-	175	307	6.2E-121	T	07-05-2025	-	-	-	-
HFDHAJOI_04622	2e457b3602efeb9701a25f57ff85a061	329	PANTHER	PTHR43725	UDP-GLUCOSE 4-EPIMERASE	3	327	6.9E-96	T	07-05-2025	-	-	GO:0033499(PANTHER)	-
HFDHAJOI_04622	2e457b3602efeb9701a25f57ff85a061	329	Gene3D	G3DSA:3.40.50.720	-	6	254	6.2E-121	T	07-05-2025	-	-	-	-
HFDHAJOI_04622	2e457b3602efeb9701a25f57ff85a061	329	Pfam	PF16363	GDP-mannose 4,6 dehydratase	7	315	9.1E-45	T	07-05-2025	IPR016040	NAD(P)-binding domain	-	-
HFDHAJOI_04622	2e457b3602efeb9701a25f57ff85a061	329	NCBIfam	TIGR01179	UDP-glucose 4-epimerase GalE	6	325	1.7E-115	T	07-05-2025	IPR005886	UDP-glucose 4-epimerase	GO:0003978(InterPro)|GO:0006012(InterPro)	-
HFDHAJOI_04622	2e457b3602efeb9701a25f57ff85a061	329	SUPERFAMILY	SSF51735	NAD(P)-binding Rossmann-fold domains	5	322	1.45E-83	T	07-05-2025	IPR036291	NAD(P)-binding domain superfamily	-	-
HFDHAJOI_04622	2e457b3602efeb9701a25f57ff85a061	329	CDD	cd05247	UDP_G4E_1_SDR_e	6	322	8.77224E-173	T	07-05-2025	IPR005886	UDP-glucose 4-epimerase	GO:0003978(InterPro)|GO:0006012(InterPro)	-
HFDHAJOI_04437	2aeed594cd43c4b683c8307e45964621	271	NCBIfam	NF010416	conjugal transfer protein TrbJ	14	271	3.9E-115	T	07-05-2025	-	-	-	-
HFDHAJOI_04437	2aeed594cd43c4b683c8307e45964621	271	NCBIfam	TIGR02780	P-type conjugative transfer protein TrbJ	26	266	1.6E-52	T	07-05-2025	IPR014147	Type IV conjugative transfer protein TrbJ	-	-
HFDHAJOI_04444	c93d08266f259567153f09842c1e2bf5	325	Gene3D	G3DSA:3.90.1530.30	-	73	135	5.8E-14	T	07-05-2025	-	-	-	-
HFDHAJOI_04444	c93d08266f259567153f09842c1e2bf5	325	CDD	cd16405	RepB_like_N	61	149	3.08123E-41	T	07-05-2025	IPR037972	RepB, N-terminal	-	-
HFDHAJOI_04444	c93d08266f259567153f09842c1e2bf5	325	MobiDBLite	mobidb-lite	consensus disorder prediction	1	29	-	T	07-05-2025	-	-	-	-
HFDHAJOI_04444	c93d08266f259567153f09842c1e2bf5	325	Pfam	PF02195	ParB/Sulfiredoxin domain	78	149	7.4E-12	T	07-05-2025	IPR003115	ParB N-terminal domain	-	-
HFDHAJOI_04444	c93d08266f259567153f09842c1e2bf5	325	NCBIfam	TIGR00180	ParB/RepB/Spo0J family partition protein	58	228	1.4E-32	T	07-05-2025	IPR004437	ParB/RepB/Spo0J partition protein	GO:0003677(InterPro)	-
HFDHAJOI_04444	c93d08266f259567153f09842c1e2bf5	325	SMART	SM00470	ParB_7	59	150	6.2E-22	T	07-05-2025	IPR003115	ParB N-terminal domain	-	-
HFDHAJOI_04444	c93d08266f259567153f09842c1e2bf5	325	Pfam	PF07506	RepB plasmid partitioning protein	151	319	3.5E-22	T	07-05-2025	IPR011111	RepB plasmid partition	-	-
HFDHAJOI_04444	c93d08266f259567153f09842c1e2bf5	325	NCBIfam	TIGR03454	plasmid partitioning protein RepB	2	320	5.7E-104	T	07-05-2025	IPR017819	Plasmid partitioning protein, RepB	-	-
HFDHAJOI_04444	c93d08266f259567153f09842c1e2bf5	325	SUPERFAMILY	SSF110849	ParB/Sulfiredoxin	59	152	2.96E-18	T	07-05-2025	IPR036086	ParB/Sulfiredoxin superfamily	-	-
HFDHAJOI_04444	c93d08266f259567153f09842c1e2bf5	325	PANTHER	PTHR33375	CHROMOSOME-PARTITIONING PROTEIN PARB-RELATED	33	287	2.3E-24	T	07-05-2025	IPR050336	Chromosome-partitioning and nucleoid occlusion protein	GO:0005694(PANTHER)|GO:0007059(PANTHER)	-
HFDHAJOI_04516	f2fda2b610bab9a6fb3ff9629ebd963b	324	ProSiteProfiles	PS51409	Arginase family profile.	25	322	51.777725	T	07-05-2025	IPR006035	Ureohydrolase	GO:0046872(InterPro)	-
HFDHAJOI_04516	f2fda2b610bab9a6fb3ff9629ebd963b	324	PRINTS	PR00116	Arginase signature	239	268	5.7E-9	T	07-05-2025	IPR006035	Ureohydrolase	GO:0046872(InterPro)	-
HFDHAJOI_04516	f2fda2b610bab9a6fb3ff9629ebd963b	324	PRINTS	PR00116	Arginase signature	126	141	5.7E-9	T	07-05-2025	IPR006035	Ureohydrolase	GO:0046872(InterPro)	-
HFDHAJOI_04516	f2fda2b610bab9a6fb3ff9629ebd963b	324	CDD	cd11592	Agmatinase_PAH	19	311	7.15707E-155	T	07-05-2025	-	-	-	-
HFDHAJOI_04516	f2fda2b610bab9a6fb3ff9629ebd963b	324	ProSitePatterns	PS01053	Arginase family signature.	242	263	-	T	07-05-2025	IPR020855	Ureohydrolase, manganese-binding site	GO:0016813(InterPro)|GO:0046872(InterPro)	-
HFDHAJOI_04516	f2fda2b610bab9a6fb3ff9629ebd963b	324	Pfam	PF00491	Arginase family	40	311	4.3E-84	T	07-05-2025	IPR006035	Ureohydrolase	GO:0046872(InterPro)	-
HFDHAJOI_04516	f2fda2b610bab9a6fb3ff9629ebd963b	324	PIRSF	PIRSF036979	Arginase	15	318	1.2E-88	T	07-05-2025	IPR006035	Ureohydrolase	GO:0046872(InterPro)	-
HFDHAJOI_04516	f2fda2b610bab9a6fb3ff9629ebd963b	324	SUPERFAMILY	SSF52768	Arginase/deacetylase	5	315	4.86E-92	T	07-05-2025	IPR023696	Ureohydrolase domain superfamily	-	-
HFDHAJOI_04516	f2fda2b610bab9a6fb3ff9629ebd963b	324	PANTHER	PTHR11358	ARGINASE/AGMATINASE	15	316	4.7E-78	T	07-05-2025	IPR006035	Ureohydrolase	GO:0008783(PANTHER)|GO:0033389(PANTHER)|GO:0046872(InterPro)	-
HFDHAJOI_04516	f2fda2b610bab9a6fb3ff9629ebd963b	324	Gene3D	G3DSA:3.40.800.10	Ureohydrolase domain	3	324	6.0E-99	T	07-05-2025	-	-	-	-
HFDHAJOI_04530	8aab0b598c33cccff008d933b4c5865c	340	Gene3D	G3DSA:1.10.3720.10	-	114	334	7.7E-21	T	07-05-2025	IPR035906	MetI-like superfamily	-	-
HFDHAJOI_04530	8aab0b598c33cccff008d933b4c5865c	340	PANTHER	PTHR43386	OLIGOPEPTIDE TRANSPORT SYSTEM PERMEASE PROTEIN APPC	13	338	1.4E-76	T	07-05-2025	IPR050366	Binding-protein-dependent transport system permease	-	-
HFDHAJOI_04530	8aab0b598c33cccff008d933b4c5865c	340	SUPERFAMILY	SSF161098	MetI-like	119	320	2.09E-24	T	07-05-2025	IPR035906	MetI-like superfamily	-	-
HFDHAJOI_04530	8aab0b598c33cccff008d933b4c5865c	340	MobiDBLite	mobidb-lite	consensus disorder prediction	1	20	-	T	07-05-2025	-	-	-	-
HFDHAJOI_04530	8aab0b598c33cccff008d933b4c5865c	340	Pfam	PF12911	N-terminal TM domain of oligopeptide transport permease C	21	58	6.9E-4	T	07-05-2025	IPR025966	Oligopeptide transport permease C-like, N-terminal domain	-	-
HFDHAJOI_04530	8aab0b598c33cccff008d933b4c5865c	340	CDD	cd06261	TM_PBP2	125	322	5.72736E-15	T	07-05-2025	IPR000515	ABC transporter type 1, transmembrane domain MetI-like	GO:0016020(InterPro)|GO:0055085(InterPro)	-
HFDHAJOI_04530	8aab0b598c33cccff008d933b4c5865c	340	Pfam	PF00528	Binding-protein-dependent transport system inner membrane component	143	338	1.0E-25	T	07-05-2025	IPR000515	ABC transporter type 1, transmembrane domain MetI-like	GO:0016020(InterPro)|GO:0055085(InterPro)	-
HFDHAJOI_04530	8aab0b598c33cccff008d933b4c5865c	340	ProSiteProfiles	PS50928	ABC transporter integral membrane type-1 domain profile.	124	326	20.512102	T	07-05-2025	IPR000515	ABC transporter type 1, transmembrane domain MetI-like	GO:0016020(InterPro)|GO:0055085(InterPro)	-
HFDHAJOI_04441	b9f0e78070ca9fe708a5f708228aa49f	312	Pfam	PF00437	Type II/IV secretion system protein	102	285	9.3E-35	T	07-05-2025	IPR001482	Type II/IV secretion system domain	-	-
HFDHAJOI_04441	b9f0e78070ca9fe708a5f708228aa49f	312	CDD	cd01130	VirB11-like_ATPase	138	302	6.86997E-60	T	07-05-2025	-	-	-	-
HFDHAJOI_04441	b9f0e78070ca9fe708a5f708228aa49f	312	SUPERFAMILY	SSF52540	P-loop containing nucleoside triphosphate hydrolases	9	290	8.54E-41	T	07-05-2025	IPR027417	P-loop containing nucleoside triphosphate hydrolase	-	-
HFDHAJOI_04441	b9f0e78070ca9fe708a5f708228aa49f	312	PANTHER	PTHR30486	TWITCHING MOTILITY PROTEIN PILT	23	298	2.1E-57	T	07-05-2025	IPR050921	Type IV secretion system, general secretion pathway E ATPase	GO:0016887(InterPro)	-
HFDHAJOI_04441	b9f0e78070ca9fe708a5f708228aa49f	312	Gene3D	G3DSA:3.40.50.300	-	119	311	3.6E-51	T	07-05-2025	IPR027417	P-loop containing nucleoside triphosphate hydrolase	-	-
HFDHAJOI_04441	b9f0e78070ca9fe708a5f708228aa49f	312	ProSitePatterns	PS00662	Bacterial type II secretion system protein E signature.	213	227	-	T	07-05-2025	IPR001482	Type II/IV secretion system domain	-	-
HFDHAJOI_04441	b9f0e78070ca9fe708a5f708228aa49f	312	NCBIfam	TIGR02782	P-type conjugative transfer ATPase TrbB	10	310	1.1E-123	T	07-05-2025	IPR014149	Conjugative transfer, TrbB	GO:0005524(InterPro)|GO:0005737(InterPro)	-
HFDHAJOI_04441	b9f0e78070ca9fe708a5f708228aa49f	312	Gene3D	G3DSA:3.30.450.90	-	19	118	1.0E-17	T	07-05-2025	-	-	-	-
HFDHAJOI_04464	fdb71e9fc0eaca4060a3b7bd480c1b61	247	Gene3D	G3DSA:3.30.420.10	-	65	225	2.9E-28	T	07-05-2025	IPR036397	Ribonuclease H superfamily	GO:0003676(InterPro)	-
HFDHAJOI_04464	fdb71e9fc0eaca4060a3b7bd480c1b61	247	NCBIfam	NF033516	IS3 family transposase	3	222	2.9E-61	T	07-05-2025	IPR048020	IS3 transposase	-	-
HFDHAJOI_04464	fdb71e9fc0eaca4060a3b7bd480c1b61	247	ProSiteProfiles	PS50994	Integrase catalytic domain profile.	68	228	24.374893	T	07-05-2025	IPR001584	Integrase, catalytic core	GO:0015074(InterPro)	-
HFDHAJOI_04464	fdb71e9fc0eaca4060a3b7bd480c1b61	247	SUPERFAMILY	SSF53098	Ribonuclease H-like	66	223	1.77E-40	T	07-05-2025	IPR012337	Ribonuclease H-like superfamily	-	-
HFDHAJOI_04464	fdb71e9fc0eaca4060a3b7bd480c1b61	247	Pfam	PF13683	Integrase core domain	156	221	2.3E-24	T	07-05-2025	IPR001584	Integrase, catalytic core	GO:0015074(InterPro)	-
HFDHAJOI_04464	fdb71e9fc0eaca4060a3b7bd480c1b61	247	PANTHER	PTHR47515	LOW CALCIUM RESPONSE LOCUS PROTEIN T	2	230	1.9E-71	T	07-05-2025	-	-	-	-
HFDHAJOI_04464	fdb71e9fc0eaca4060a3b7bd480c1b61	247	MobiDBLite	mobidb-lite	consensus disorder prediction	222	247	-	T	07-05-2025	-	-	-	-
HFDHAJOI_04464	fdb71e9fc0eaca4060a3b7bd480c1b61	247	Pfam	PF13276	HTH-like domain	5	52	1.2E-10	T	07-05-2025	IPR025948	HTH-like domain	-	-
HFDHAJOI_04496	fdb71e9fc0eaca4060a3b7bd480c1b61	247	Gene3D	G3DSA:3.30.420.10	-	65	225	2.9E-28	T	07-05-2025	IPR036397	Ribonuclease H superfamily	GO:0003676(InterPro)	-
HFDHAJOI_04496	fdb71e9fc0eaca4060a3b7bd480c1b61	247	NCBIfam	NF033516	IS3 family transposase	3	222	2.9E-61	T	07-05-2025	IPR048020	IS3 transposase	-	-
HFDHAJOI_04496	fdb71e9fc0eaca4060a3b7bd480c1b61	247	ProSiteProfiles	PS50994	Integrase catalytic domain profile.	68	228	24.374893	T	07-05-2025	IPR001584	Integrase, catalytic core	GO:0015074(InterPro)	-
HFDHAJOI_04496	fdb71e9fc0eaca4060a3b7bd480c1b61	247	SUPERFAMILY	SSF53098	Ribonuclease H-like	66	223	1.77E-40	T	07-05-2025	IPR012337	Ribonuclease H-like superfamily	-	-
HFDHAJOI_04496	fdb71e9fc0eaca4060a3b7bd480c1b61	247	Pfam	PF13683	Integrase core domain	156	221	2.3E-24	T	07-05-2025	IPR001584	Integrase, catalytic core	GO:0015074(InterPro)	-
HFDHAJOI_04496	fdb71e9fc0eaca4060a3b7bd480c1b61	247	PANTHER	PTHR47515	LOW CALCIUM RESPONSE LOCUS PROTEIN T	2	230	1.9E-71	T	07-05-2025	-	-	-	-
HFDHAJOI_04496	fdb71e9fc0eaca4060a3b7bd480c1b61	247	MobiDBLite	mobidb-lite	consensus disorder prediction	222	247	-	T	07-05-2025	-	-	-	-
HFDHAJOI_04496	fdb71e9fc0eaca4060a3b7bd480c1b61	247	Pfam	PF13276	HTH-like domain	5	52	1.2E-10	T	07-05-2025	IPR025948	HTH-like domain	-	-
HFDHAJOI_04626	5cf9cfc9600501a88a23714328b89d77	128	Pfam	PF13276	HTH-like domain	47	102	6.3E-11	T	07-05-2025	IPR025948	HTH-like domain	-	-
HFDHAJOI_04626	5cf9cfc9600501a88a23714328b89d77	128	PANTHER	PTHR47515	LOW CALCIUM RESPONSE LOCUS PROTEIN T	2	104	9.9E-19	T	07-05-2025	-	-	-	-
HFDHAJOI_04528	820b27420a13c34bb059b599124dc278	341	SUPERFAMILY	SSF52540	P-loop containing nucleoside triphosphate hydrolases	9	258	1.63E-65	T	07-05-2025	IPR027417	P-loop containing nucleoside triphosphate hydrolase	-	-
HFDHAJOI_04528	820b27420a13c34bb059b599124dc278	341	Pfam	PF08352	Oligopeptide/dipeptide transporter, C-terminal region	239	304	3.3E-17	T	07-05-2025	IPR013563	Oligopeptide/dipeptide ABC transporter, C-terminal	GO:0000166(InterPro)|GO:0005524(InterPro)|GO:0015833(InterPro)	-
HFDHAJOI_04528	820b27420a13c34bb059b599124dc278	341	Gene3D	G3DSA:3.40.50.300	-	7	332	2.1E-91	T	07-05-2025	IPR027417	P-loop containing nucleoside triphosphate hydrolase	-	-
HFDHAJOI_04528	820b27420a13c34bb059b599124dc278	341	CDD	cd03257	ABC_NikE_OppD_transporters	9	242	1.38407E-108	T	07-05-2025	-	-	-	-
HFDHAJOI_04528	820b27420a13c34bb059b599124dc278	341	PANTHER	PTHR43297	OLIGOPEPTIDE TRANSPORT ATP-BINDING PROTEIN APPD	9	325	2.0E-116	T	07-05-2025	IPR050388	ABC Transporter, Nickel and Peptide Import	-	-
HFDHAJOI_04528	820b27420a13c34bb059b599124dc278	341	Pfam	PF00005	ABC transporter	30	188	8.5E-24	T	07-05-2025	IPR003439	ABC transporter-like, ATP-binding domain	GO:0005524(InterPro)|GO:0016887(InterPro)	-
HFDHAJOI_04528	820b27420a13c34bb059b599124dc278	341	NCBIfam	TIGR01727	oligopeptide/dipeptide ABC transporter ATP-binding protein , C-terminal domain	237	321	2.6E-18	T	07-05-2025	IPR013563	Oligopeptide/dipeptide ABC transporter, C-terminal	GO:0000166(InterPro)|GO:0005524(InterPro)|GO:0015833(InterPro)	-
HFDHAJOI_04528	820b27420a13c34bb059b599124dc278	341	ProSitePatterns	PS00211	ABC transporters family signature.	160	174	-	T	07-05-2025	IPR017871	ABC transporter-like, conserved site	GO:0005524(InterPro)|GO:0016887(InterPro)	-
HFDHAJOI_04528	820b27420a13c34bb059b599124dc278	341	ProSiteProfiles	PS50893	ATP-binding cassette, ABC transporter-type domain profile.	12	260	22.515781	T	07-05-2025	IPR003439	ABC transporter-like, ATP-binding domain	GO:0005524(InterPro)|GO:0016887(InterPro)	-
HFDHAJOI_04528	820b27420a13c34bb059b599124dc278	341	SMART	SM00382	AAA_5	38	237	2.5E-11	T	07-05-2025	IPR003593	AAA+ ATPase domain	-	-
HFDHAJOI_04528	820b27420a13c34bb059b599124dc278	341	FunFam	G3DSA:3.40.50.300:FF:000016	Oligopeptide ABC transporter ATP-binding component	6	328	4.3E-114	T	07-05-2025	-	-	-	-
HFDHAJOI_04595	e3251e7f7d3e0bec2f6611e8e7b16185	275	ProSiteProfiles	PS50994	Integrase catalytic domain profile.	105	274	16.110792	T	07-05-2025	IPR001584	Integrase, catalytic core	GO:0015074(InterPro)	-
HFDHAJOI_04595	e3251e7f7d3e0bec2f6611e8e7b16185	275	NCBIfam	NF033516	IS3 family transposase	2	269	3.5E-59	T	07-05-2025	IPR048020	IS3 transposase	-	-
HFDHAJOI_04595	e3251e7f7d3e0bec2f6611e8e7b16185	275	Pfam	PF00665	Integrase core domain	108	212	4.2E-15	T	07-05-2025	IPR001584	Integrase, catalytic core	GO:0015074(InterPro)	-
HFDHAJOI_04595	e3251e7f7d3e0bec2f6611e8e7b16185	275	Pfam	PF13276	HTH-like domain	34	85	1.0E-6	T	07-05-2025	IPR025948	HTH-like domain	-	-
HFDHAJOI_04595	e3251e7f7d3e0bec2f6611e8e7b16185	275	PANTHER	PTHR46889	TRANSPOSASE INSF FOR INSERTION SEQUENCE IS3B-RELATED	1	270	1.2E-27	T	07-05-2025	IPR050900	Transposase IS3/IS150/IS904	-	-
HFDHAJOI_04595	e3251e7f7d3e0bec2f6611e8e7b16185	275	SUPERFAMILY	SSF53098	Ribonuclease H-like	106	272	5.94E-27	T	07-05-2025	IPR012337	Ribonuclease H-like superfamily	-	-
HFDHAJOI_04595	e3251e7f7d3e0bec2f6611e8e7b16185	275	Gene3D	G3DSA:3.30.420.10	-	105	270	2.9E-18	T	07-05-2025	IPR036397	Ribonuclease H superfamily	GO:0003676(InterPro)	-
HFDHAJOI_04512	19626dc581730d6bda9e547514063d15	262	PANTHER	PTHR43848	PUTRESCINE TRANSPORT SYSTEM PERMEASE PROTEIN POTI	8	257	1.9E-57	T	07-05-2025	IPR051789	Bacterial Polyamine Transport Permease	-	-
HFDHAJOI_04512	19626dc581730d6bda9e547514063d15	262	SUPERFAMILY	SSF161098	MetI-like	6	255	1.96E-49	T	07-05-2025	IPR035906	MetI-like superfamily	-	-
HFDHAJOI_04512	19626dc581730d6bda9e547514063d15	262	ProSiteProfiles	PS50928	ABC transporter integral membrane type-1 domain profile.	64	251	24.126471	T	07-05-2025	IPR000515	ABC transporter type 1, transmembrane domain MetI-like	GO:0016020(InterPro)|GO:0055085(InterPro)	-
HFDHAJOI_04512	19626dc581730d6bda9e547514063d15	262	Gene3D	G3DSA:1.10.3720.10	-	6	259	5.8E-44	T	07-05-2025	IPR035906	MetI-like superfamily	-	-
HFDHAJOI_04512	19626dc581730d6bda9e547514063d15	262	CDD	cd06261	TM_PBP2	64	248	3.49943E-12	T	07-05-2025	IPR000515	ABC transporter type 1, transmembrane domain MetI-like	GO:0016020(InterPro)|GO:0055085(InterPro)	-
HFDHAJOI_04512	19626dc581730d6bda9e547514063d15	262	Pfam	PF00528	Binding-protein-dependent transport system inner membrane component	79	253	9.8E-9	T	07-05-2025	IPR000515	ABC transporter type 1, transmembrane domain MetI-like	GO:0016020(InterPro)|GO:0055085(InterPro)	-
HFDHAJOI_04455	13ac0421aebd2354201cf90dc3f53b2a	874	SUPERFAMILY	SSF52540	P-loop containing nucleoside triphosphate hydrolases	1	867	8.41E-16	T	07-05-2025	IPR027417	P-loop containing nucleoside triphosphate hydrolase	-	-
HFDHAJOI_04455	13ac0421aebd2354201cf90dc3f53b2a	874	Coils	Coil	Coil	710	747	-	T	07-05-2025	-	-	-	-
HFDHAJOI_04455	13ac0421aebd2354201cf90dc3f53b2a	874	Gene3D	G3DSA:3.40.50.300	-	1	336	1.7E-11	T	07-05-2025	IPR027417	P-loop containing nucleoside triphosphate hydrolase	-	-
HFDHAJOI_04455	13ac0421aebd2354201cf90dc3f53b2a	874	Coils	Coil	Coil	313	394	-	T	07-05-2025	-	-	-	-
HFDHAJOI_04455	13ac0421aebd2354201cf90dc3f53b2a	874	Gene3D	G3DSA:3.40.50.300	-	608	871	1.7E-20	T	07-05-2025	IPR027417	P-loop containing nucleoside triphosphate hydrolase	-	-
HFDHAJOI_04455	13ac0421aebd2354201cf90dc3f53b2a	874	Coils	Coil	Coil	258	295	-	T	07-05-2025	-	-	-	-
HFDHAJOI_04455	13ac0421aebd2354201cf90dc3f53b2a	874	PANTHER	PTHR41259	DOUBLE-STRAND BREAK REPAIR RAD50 ATPASE, PUTATIVE-RELATED	566	858	1.9E-33	T	07-05-2025	-	-	-	-
HFDHAJOI_04455	13ac0421aebd2354201cf90dc3f53b2a	874	Coils	Coil	Coil	677	697	-	T	07-05-2025	-	-	-	-
HFDHAJOI_04550	811373d8d317f8de372db59e4740f235	282	Gene3D	G3DSA:3.20.20.150	-	3	279	1.0E-57	T	07-05-2025	-	-	-	-
HFDHAJOI_04550	811373d8d317f8de372db59e4740f235	282	PANTHER	PTHR12110	HYDROXYPYRUVATE ISOMERASE	5	243	6.0E-23	T	07-05-2025	IPR050312	IolE/XylA/MocC-like	-	-
HFDHAJOI_04550	811373d8d317f8de372db59e4740f235	282	Pfam	PF01261	Xylose isomerase-like TIM barrel	29	254	6.2E-27	T	07-05-2025	IPR013022	Xylose isomerase-like, TIM barrel domain	-	-
HFDHAJOI_04550	811373d8d317f8de372db59e4740f235	282	SUPERFAMILY	SSF51658	Xylose isomerase-like	9	256	3.54E-48	T	07-05-2025	IPR036237	Xylose isomerase-like superfamily	-	-
HFDHAJOI_04518	76af59b7780198ca053326637bf24dfc	250	PRINTS	PR00080	Short-chain dehydrogenase/reductase (SDR) superfamily signature	130	138	2.9E-9	T	07-05-2025	IPR002347	Short-chain dehydrogenase/reductase SDR	-	-
HFDHAJOI_04518	76af59b7780198ca053326637bf24dfc	250	PRINTS	PR00080	Short-chain dehydrogenase/reductase (SDR) superfamily signature	77	88	2.9E-9	T	07-05-2025	IPR002347	Short-chain dehydrogenase/reductase SDR	-	-
HFDHAJOI_04518	76af59b7780198ca053326637bf24dfc	250	PRINTS	PR00080	Short-chain dehydrogenase/reductase (SDR) superfamily signature	150	169	2.9E-9	T	07-05-2025	IPR002347	Short-chain dehydrogenase/reductase SDR	-	-
HFDHAJOI_04518	76af59b7780198ca053326637bf24dfc	250	ProSitePatterns	PS00061	Short-chain dehydrogenases/reductases family signature.	137	165	-	T	07-05-2025	IPR020904	Short-chain dehydrogenase/reductase, conserved site	-	-
HFDHAJOI_04518	76af59b7780198ca053326637bf24dfc	250	Pfam	PF00106	short chain dehydrogenase	3	187	1.7E-45	T	07-05-2025	IPR002347	Short-chain dehydrogenase/reductase SDR	-	-
HFDHAJOI_04518	76af59b7780198ca053326637bf24dfc	250	SMART	SM00822	This enzymatic domain is part of bacterial polyketide synthases and catalyses the first step in the reductive modification of the beta-carbonyl centres in the growing polyketide chain. It uses NADPH to reduce the keto group to a hydroxy group.	3	185	7.5E-4	T	07-05-2025	IPR057326	Ketoreductase domain	-	-
HFDHAJOI_04518	76af59b7780198ca053326637bf24dfc	250	PRINTS	PR00081	Glucose/ribitol dehydrogenase family signature	4	21	1.5E-25	T	07-05-2025	IPR002347	Short-chain dehydrogenase/reductase SDR	-	-
HFDHAJOI_04518	76af59b7780198ca053326637bf24dfc	250	PRINTS	PR00081	Glucose/ribitol dehydrogenase family signature	171	188	1.5E-25	T	07-05-2025	IPR002347	Short-chain dehydrogenase/reductase SDR	-	-
HFDHAJOI_04518	76af59b7780198ca053326637bf24dfc	250	PRINTS	PR00081	Glucose/ribitol dehydrogenase family signature	204	224	1.5E-25	T	07-05-2025	IPR002347	Short-chain dehydrogenase/reductase SDR	-	-
HFDHAJOI_04518	76af59b7780198ca053326637bf24dfc	250	PRINTS	PR00081	Glucose/ribitol dehydrogenase family signature	150	169	1.5E-25	T	07-05-2025	IPR002347	Short-chain dehydrogenase/reductase SDR	-	-
HFDHAJOI_04518	76af59b7780198ca053326637bf24dfc	250	PRINTS	PR00081	Glucose/ribitol dehydrogenase family signature	124	140	1.5E-25	T	07-05-2025	IPR002347	Short-chain dehydrogenase/reductase SDR	-	-
HFDHAJOI_04518	76af59b7780198ca053326637bf24dfc	250	PRINTS	PR00081	Glucose/ribitol dehydrogenase family signature	77	88	1.5E-25	T	07-05-2025	IPR002347	Short-chain dehydrogenase/reductase SDR	-	-
HFDHAJOI_04518	76af59b7780198ca053326637bf24dfc	250	SUPERFAMILY	SSF51735	NAD(P)-binding Rossmann-fold domains	3	234	3.98E-61	T	07-05-2025	IPR036291	NAD(P)-binding domain superfamily	-	-
HFDHAJOI_04518	76af59b7780198ca053326637bf24dfc	250	PANTHER	PTHR42901	ALCOHOL DEHYDROGENASE	2	248	1.1E-65	T	07-05-2025	-	-	-	-
HFDHAJOI_04518	76af59b7780198ca053326637bf24dfc	250	Gene3D	G3DSA:3.40.50.720	-	2	250	5.3E-69	T	07-05-2025	-	-	-	-
HFDHAJOI_04518	76af59b7780198ca053326637bf24dfc	250	FunFam	G3DSA:3.40.50.720:FF:000047	NADP-dependent L-serine/L-allo-threonine dehydrogenase	1	240	4.2E-85	T	07-05-2025	-	-	-	-
HFDHAJOI_04584	ac87eaedf22dded02d3a80fa5c8b3af3	481	Pfam	PF00483	Nucleotidyl transferase	6	285	6.8E-38	T	07-05-2025	IPR005835	Nucleotidyl transferase domain	GO:0009058(InterPro)	-
HFDHAJOI_04584	ac87eaedf22dded02d3a80fa5c8b3af3	481	Gene3D	G3DSA:3.90.550.10	Spore Coat Polysaccharide Biosynthesis Protein SpsA; Chain A	4	351	1.1E-95	T	07-05-2025	IPR029044	Nucleotide-diphospho-sugar transferases	-	-
HFDHAJOI_04584	ac87eaedf22dded02d3a80fa5c8b3af3	481	CDD	cd02509	GDP-M1P_Guanylyltransferase	4	279	9.40733E-100	T	07-05-2025	IPR049577	GDP-mannose pyrophosphorylase, N-terminal domain	GO:0004475(InterPro)	-
HFDHAJOI_04584	ac87eaedf22dded02d3a80fa5c8b3af3	481	MobiDBLite	mobidb-lite	consensus disorder prediction	466	481	-	T	07-05-2025	-	-	-	-
HFDHAJOI_04584	ac87eaedf22dded02d3a80fa5c8b3af3	481	MobiDBLite	mobidb-lite	consensus disorder prediction	460	481	-	T	07-05-2025	-	-	-	-
HFDHAJOI_04584	ac87eaedf22dded02d3a80fa5c8b3af3	481	SUPERFAMILY	SSF53448	Nucleotide-diphospho-sugar transferases	4	282	1.6E-56	T	07-05-2025	IPR029044	Nucleotide-diphospho-sugar transferases	-	-
HFDHAJOI_04584	ac87eaedf22dded02d3a80fa5c8b3af3	481	PANTHER	PTHR46390	MANNOSE-1-PHOSPHATE GUANYLYLTRANSFERASE	4	441	4.0E-114	T	07-05-2025	IPR051161	Mannose-6-phosphate isomerase type 2	GO:0004475(PANTHER)|GO:0009298(PANTHER)	-
HFDHAJOI_04584	ac87eaedf22dded02d3a80fa5c8b3af3	481	SUPERFAMILY	SSF51182	RmlC-like cupins	188	455	2.36E-29	T	07-05-2025	IPR011051	RmlC-like cupin domain superfamily	-	-
HFDHAJOI_04584	ac87eaedf22dded02d3a80fa5c8b3af3	481	Pfam	PF22640	MannoseP isomerase/GMP-like beta-helix domain	300	348	2.5E-7	T	07-05-2025	IPR054566	MannoseP isomerase/GMP-like, beta-helix domain	-	-
HFDHAJOI_04474	5a3c8cfb8b7780f1692ca189b60a55d2	434	Pfam	PF05936	Bacterial Type VI secretion, VC_A0110, EvfL, ImpJ, VasE	7	432	2.0E-148	T	07-05-2025	IPR010263	Type VI secretion system TssK	-	-
HFDHAJOI_04474	5a3c8cfb8b7780f1692ca189b60a55d2	434	PANTHER	PTHR35566	BLR3599 PROTEIN	1	433	6.1E-130	T	07-05-2025	IPR010263	Type VI secretion system TssK	-	-
HFDHAJOI_04474	5a3c8cfb8b7780f1692ca189b60a55d2	434	NCBIfam	TIGR03353	type VI secretion system baseplate subunit TssK	1	431	6.2E-126	T	07-05-2025	IPR010263	Type VI secretion system TssK	-	-
HFDHAJOI_04586	c8c8352e1956b12ec5ece5f770bed3fe	499	Pfam	PF13641	Glycosyltransferase like family 2	88	340	1.6E-30	T	07-05-2025	-	-	-	-
HFDHAJOI_04586	c8c8352e1956b12ec5ece5f770bed3fe	499	Gene3D	G3DSA:3.90.550.10	Spore Coat Polysaccharide Biosynthesis Protein SpsA; Chain A	91	318	9.4E-6	T	07-05-2025	IPR029044	Nucleotide-diphospho-sugar transferases	-	-
HFDHAJOI_04586	c8c8352e1956b12ec5ece5f770bed3fe	499	SUPERFAMILY	SSF53448	Nucleotide-diphospho-sugar transferases	146	382	5.62E-12	T	07-05-2025	IPR029044	Nucleotide-diphospho-sugar transferases	-	-
HFDHAJOI_04586	c8c8352e1956b12ec5ece5f770bed3fe	499	PANTHER	PTHR22913	HYALURONAN SYNTHASE	156	454	1.4E-35	T	07-05-2025	-	-	GO:0005886(PANTHER)|GO:0030213(PANTHER)|GO:0045226(PANTHER)|GO:0050501(PANTHER)|GO:0085029(PANTHER)	-
HFDHAJOI_04569	e59e1215e7da325dc39d260d6df38331	113	Gene3D	G3DSA:3.40.190.10	-	35	84	1.4E-8	T	07-05-2025	-	-	-	-
HFDHAJOI_04569	e59e1215e7da325dc39d260d6df38331	113	SUPERFAMILY	SSF53850	Periplasmic binding protein-like II	29	110	1.41E-7	T	07-05-2025	-	-	-	-
HFDHAJOI_04569	e59e1215e7da325dc39d260d6df38331	113	Gene3D	G3DSA:3.40.190.10	-	85	104	1.4E-8	T	07-05-2025	-	-	-	-
HFDHAJOI_04569	e59e1215e7da325dc39d260d6df38331	113	Pfam	PF03466	LysR substrate binding domain	33	106	3.8E-5	T	07-05-2025	IPR005119	LysR, substrate-binding	-	-
HFDHAJOI_04654	9a0690b56f3c242ea5c7905cf22e493d	318	Pfam	PF04230	Polysaccharide pyruvyl transferase	75	191	7.9E-6	T	07-05-2025	IPR007345	Polysaccharide pyruvyl transferase	-	-
HFDHAJOI_04457	351c3330edab5a14e16d4b2b4a279f93	311	SUPERFAMILY	SSF52467	DHS-like NAD/FAD-binding domain	82	249	1.08E-7	T	07-05-2025	IPR029035	DHS-like NAD/FAD-binding domain superfamily	-	-
HFDHAJOI_04457	351c3330edab5a14e16d4b2b4a279f93	311	Pfam	PF13289	SIR2-like domain	97	238	1.3E-6	T	07-05-2025	-	-	-	-
HFDHAJOI_04544	6665c16b0ba25cf4a76d5cdc1ec59456	419	Gene3D	G3DSA:3.40.630.10	Zn peptidases	12	402	5.7E-125	T	07-05-2025	-	-	-	-
HFDHAJOI_04544	6665c16b0ba25cf4a76d5cdc1ec59456	419	Pfam	PF07687	Peptidase dimerisation domain	211	312	1.5E-4	T	07-05-2025	IPR011650	Peptidase M20, dimerisation domain	-	-
HFDHAJOI_04544	6665c16b0ba25cf4a76d5cdc1ec59456	419	NCBIfam	TIGR01879	hydantoinase/carbamoylase family amidase	8	408	5.7E-100	T	07-05-2025	IPR010158	Amidase, carbamoylase-type	GO:0016813(InterPro)	-
HFDHAJOI_04544	6665c16b0ba25cf4a76d5cdc1ec59456	419	SUPERFAMILY	SSF55031	Bacterial exopeptidase dimerisation domain	213	329	2.99E-25	T	07-05-2025	IPR036264	Bacterial exopeptidase dimerisation domain	-	-
HFDHAJOI_04544	6665c16b0ba25cf4a76d5cdc1ec59456	419	PIRSF	PIRSF001235	Amidase_hyd_carb	1	413	4.4E-115	T	07-05-2025	IPR010158	Amidase, carbamoylase-type	GO:0016813(InterPro)	-
HFDHAJOI_04544	6665c16b0ba25cf4a76d5cdc1ec59456	419	PANTHER	PTHR32494	ALLANTOATE DEIMINASE-RELATED	3	408	1.3E-96	T	07-05-2025	IPR010158	Amidase, carbamoylase-type	GO:0016813(InterPro)	-
HFDHAJOI_04544	6665c16b0ba25cf4a76d5cdc1ec59456	419	CDD	cd03884	M20_bAS	9	406	3.17244E-160	T	07-05-2025	-	-	-	-
HFDHAJOI_04544	6665c16b0ba25cf4a76d5cdc1ec59456	419	SUPERFAMILY	SSF53187	Zn-dependent exopeptidases	2	409	1.83E-77	T	07-05-2025	-	-	-	-
HFDHAJOI_04544	6665c16b0ba25cf4a76d5cdc1ec59456	419	Gene3D	G3DSA:3.30.70.360	-	213	327	5.7E-125	T	07-05-2025	-	-	-	-
HFDHAJOI_04544	6665c16b0ba25cf4a76d5cdc1ec59456	419	Pfam	PF01546	Peptidase family M20/M25/M40	77	406	2.2E-20	T	07-05-2025	IPR002933	Peptidase M20	GO:0016787(InterPro)	-
HFDHAJOI_04608	2963c809991dd48ca99b81693e5f716e	2549	Pfam	PF19116	Domain of unknown function (DUF5801)	756	875	0.013	T	07-05-2025	IPR043824	Domain of unknown function DUF5801	-	-
HFDHAJOI_04608	2963c809991dd48ca99b81693e5f716e	2549	Pfam	PF19116	Domain of unknown function (DUF5801)	905	1024	0.0094	T	07-05-2025	IPR043824	Domain of unknown function DUF5801	-	-
HFDHAJOI_04608	2963c809991dd48ca99b81693e5f716e	2549	Pfam	PF19116	Domain of unknown function (DUF5801)	607	726	0.0094	T	07-05-2025	IPR043824	Domain of unknown function DUF5801	-	-
HFDHAJOI_04608	2963c809991dd48ca99b81693e5f716e	2549	Pfam	PF19116	Domain of unknown function (DUF5801)	292	361	1.8E-5	T	07-05-2025	IPR043824	Domain of unknown function DUF5801	-	-
HFDHAJOI_04608	2963c809991dd48ca99b81693e5f716e	2549	SUPERFAMILY	SSF51120	beta-Roll	2192	2512	8.63E-12	T	07-05-2025	IPR011049	Serralysin-like metalloprotease, C-terminal	-	-
HFDHAJOI_04608	2963c809991dd48ca99b81693e5f716e	2549	NCBIfam	TIGR03661	type I secretion C-terminal target domain (VC_A0849 subclass)	2466	2534	6.4	T	07-05-2025	IPR019960	Type I secretion C-terminal target domain, VC_A0849 subclass	-	-
HFDHAJOI_04532	2c70459b1ac6ff9e272341c5c43f868d	297	Pfam	PF00561	alpha/beta hydrolase fold	28	280	1.1E-20	T	07-05-2025	IPR000073	Alpha/beta hydrolase fold-1	-	-
HFDHAJOI_04532	2c70459b1ac6ff9e272341c5c43f868d	297	PRINTS	PR00793	Prolyl aminopeptidase (S33) family signature	57	68	1.5E-10	T	07-05-2025	IPR002410	Peptidase S33	GO:0006508(InterPro)|GO:0008233(InterPro)	-
HFDHAJOI_04532	2c70459b1ac6ff9e272341c5c43f868d	297	PRINTS	PR00793	Prolyl aminopeptidase (S33) family signature	103	117	1.5E-10	T	07-05-2025	IPR002410	Peptidase S33	GO:0006508(InterPro)|GO:0008233(InterPro)	-
HFDHAJOI_04532	2c70459b1ac6ff9e272341c5c43f868d	297	PRINTS	PR00793	Prolyl aminopeptidase (S33) family signature	30	38	1.5E-10	T	07-05-2025	IPR002410	Peptidase S33	GO:0006508(InterPro)|GO:0008233(InterPro)	-
HFDHAJOI_04532	2c70459b1ac6ff9e272341c5c43f868d	297	SUPERFAMILY	SSF53474	alpha/beta-Hydrolases	3	293	2.49E-54	T	07-05-2025	IPR029058	Alpha/Beta hydrolase fold	-	-
HFDHAJOI_04532	2c70459b1ac6ff9e272341c5c43f868d	297	PANTHER	PTHR43194	HYDROLASE ALPHA/BETA FOLD FAMILY	10	295	3.4E-23	T	07-05-2025	IPR050228	Carboxylesterase BioH	-	-
HFDHAJOI_04532	2c70459b1ac6ff9e272341c5c43f868d	297	NCBIfam	TIGR01250	proline iminopeptidase-family hydrolase	5	293	5.6E-72	T	07-05-2025	IPR005945	Proline-specific peptidase	GO:0006508(InterPro)|GO:0008233(InterPro)	-
HFDHAJOI_04532	2c70459b1ac6ff9e272341c5c43f868d	297	Gene3D	G3DSA:3.40.50.1820	alpha/beta hydrolase	2	294	2.2E-85	T	07-05-2025	IPR029058	Alpha/Beta hydrolase fold	-	-
HFDHAJOI_04532	2c70459b1ac6ff9e272341c5c43f868d	297	PIRSF	PIRSF005539	F1_peptds	1	297	4.4E-127	T	07-05-2025	IPR005945	Proline-specific peptidase	GO:0006508(InterPro)|GO:0008233(InterPro)	-
HFDHAJOI_04600	4ba123f7cfc3f5519507d5abf9669834	317	Pfam	PF09722	Antitoxin Xre/MbcA/ParS C-terminal toxin-binding domain	270	306	6.3E-4	T	07-05-2025	IPR024467	Antitoxin Xre/MbcA/ParS-like, toxin-binding domain	-	-
HFDHAJOI_04600	4ba123f7cfc3f5519507d5abf9669834	317	CDD	cd18722	PIN_NicB-like	5	191	3.7449E-31	T	07-05-2025	-	-	-	-
HFDHAJOI_04600	4ba123f7cfc3f5519507d5abf9669834	317	Gene3D	G3DSA:3.40.50.1010	-	3	210	6.5E-17	T	07-05-2025	-	-	-	-
HFDHAJOI_04600	4ba123f7cfc3f5519507d5abf9669834	317	Pfam	PF01936	NYN domain	137	180	0.11	T	07-05-2025	IPR021139	NYN domain	GO:0004540(InterPro)	-
HFDHAJOI_04436	dc9f8bccf2b6d51e19707488db27d50e	399	Pfam	PF04610	TrbL/VirB6 plasmid conjugal transfer protein	75	279	1.1E-25	T	07-05-2025	IPR007688	Plasmid conjugal transfer TrbL/VirB6	GO:0030255(InterPro)	-
HFDHAJOI_04436	dc9f8bccf2b6d51e19707488db27d50e	399	NCBIfam	NF010415	conjugal transfer protein TrbL	30	396	9.5E-181	T	07-05-2025	-	-	-	-
HFDHAJOI_04436	dc9f8bccf2b6d51e19707488db27d50e	399	NCBIfam	TIGR02783	P-type conjugative transfer protein TrbL	38	328	6.0E-65	T	07-05-2025	IPR014150	Conjugal transfer, TrbL	-	-
HFDHAJOI_04480	dac4d1ea1a2e3257e558581f3817f978	463	Pfam	PF18945	EvpB/VC_A0108, tail sheath gpW/gp25-like domain	334	444	1.9E-34	T	07-05-2025	IPR044032	TssC1, C-terminal	-	-
HFDHAJOI_04480	dac4d1ea1a2e3257e558581f3817f978	463	NCBIfam	TIGR03355	type VI secretion system contractile sheath large subunit	9	444	5.7E-110	T	07-05-2025	IPR010269	Type VI secretion system TssC-like	-	-
HFDHAJOI_04480	dac4d1ea1a2e3257e558581f3817f978	463	PANTHER	PTHR35565	CYTOPLASMIC PROTEIN-RELATED	9	449	6.2E-102	T	07-05-2025	IPR010269	Type VI secretion system TssC-like	-	-
HFDHAJOI_04480	dac4d1ea1a2e3257e558581f3817f978	463	Pfam	PF05943	EvpB/VC_A0108, tail sheath N-terminal domain	13	324	1.0E-92	T	07-05-2025	IPR044031	TssC1, N-terminal	-	-
HFDHAJOI_04503	ad568fa5e67cf2d890ceee913d187ced	247	SUPERFAMILY	SSF52540	P-loop containing nucleoside triphosphate hydrolases	30	243	5.55E-16	T	07-05-2025	IPR027417	P-loop containing nucleoside triphosphate hydrolase	-	-
HFDHAJOI_04503	ad568fa5e67cf2d890ceee913d187ced	247	Coils	Coil	Coil	36	70	-	T	07-05-2025	-	-	-	-
HFDHAJOI_04503	ad568fa5e67cf2d890ceee913d187ced	247	PANTHER	PTHR41259	DOUBLE-STRAND BREAK REPAIR RAD50 ATPASE, PUTATIVE-RELATED	25	231	3.8E-22	T	07-05-2025	-	-	-	-
HFDHAJOI_04503	ad568fa5e67cf2d890ceee913d187ced	247	Gene3D	G3DSA:3.40.50.300	-	4	246	2.1E-21	T	07-05-2025	IPR027417	P-loop containing nucleoside triphosphate hydrolase	-	-
HFDHAJOI_04481	e3aeea0dcd2018d60744702a532d2184	493	NCBIfam	TIGR03355	type VI secretion system contractile sheath large subunit	20	490	5.4E-209	T	07-05-2025	IPR010269	Type VI secretion system TssC-like	-	-
HFDHAJOI_04481	e3aeea0dcd2018d60744702a532d2184	493	Pfam	PF18945	EvpB/VC_A0108, tail sheath gpW/gp25-like domain	378	489	2.4E-43	T	07-05-2025	IPR044032	TssC1, C-terminal	-	-
HFDHAJOI_04481	e3aeea0dcd2018d60744702a532d2184	493	PANTHER	PTHR35565	CYTOPLASMIC PROTEIN-RELATED	10	492	3.9E-180	T	07-05-2025	IPR010269	Type VI secretion system TssC-like	-	-
HFDHAJOI_04481	e3aeea0dcd2018d60744702a532d2184	493	Pfam	PF05943	EvpB/VC_A0108, tail sheath N-terminal domain	65	369	1.7E-129	T	07-05-2025	IPR044031	TssC1, N-terminal	-	-
HFDHAJOI_04553	d9678e6481b2c4a710134d38c430cd4e	231	Pfam	PF00596	Class II Aldolase and Adducin N-terminal domain	12	184	2.2E-50	T	07-05-2025	IPR001303	Class II aldolase/adducin N-terminal	-	-
HFDHAJOI_04553	d9678e6481b2c4a710134d38c430cd4e	231	Gene3D	G3DSA:3.40.225.10	-	5	214	4.6E-60	T	07-05-2025	IPR036409	Class II aldolase/adducin N-terminal domain superfamily	-	-
HFDHAJOI_04553	d9678e6481b2c4a710134d38c430cd4e	231	SMART	SM01007	Aldolase_II_2	11	184	1.4E-62	T	07-05-2025	IPR001303	Class II aldolase/adducin N-terminal	-	-
HFDHAJOI_04553	d9678e6481b2c4a710134d38c430cd4e	231	SUPERFAMILY	SSF53639	AraD/HMP-PK domain-like	1	209	2.94E-62	T	07-05-2025	IPR036409	Class II aldolase/adducin N-terminal domain superfamily	-	-
HFDHAJOI_04553	d9678e6481b2c4a710134d38c430cd4e	231	PANTHER	PTHR22789	FUCULOSE PHOSPHATE ALDOLASE	1	209	9.4E-52	T	07-05-2025	IPR050197	Aldolase class II family, sugar metabolism enzymes	GO:0005829(PANTHER)|GO:0016832(PANTHER)|GO:0019323(PANTHER)	-
HFDHAJOI_04542	cd0bb932f70193ad782b45ed032781b2	280	Pfam	PF03437	BtpA family	19	274	4.8E-67	T	07-05-2025	IPR005137	Membrane complex biogenesis protein, BtpA family	-	-
HFDHAJOI_04542	cd0bb932f70193ad782b45ed032781b2	280	PANTHER	PTHR21381	ZGC:162297	12	275	8.8E-82	T	07-05-2025	IPR005137	Membrane complex biogenesis protein, BtpA family	-	-
HFDHAJOI_04542	cd0bb932f70193ad782b45ed032781b2	280	NCBIfam	TIGR00259	BtpA/SgcQ family protein	20	274	6.0E-64	T	07-05-2025	IPR005137	Membrane complex biogenesis protein, BtpA family	-	-
HFDHAJOI_04542	cd0bb932f70193ad782b45ed032781b2	280	PIRSF	PIRSF005956	BtpA	10	279	1.3E-96	T	07-05-2025	IPR005137	Membrane complex biogenesis protein, BtpA family	-	-
HFDHAJOI_04542	cd0bb932f70193ad782b45ed032781b2	280	SUPERFAMILY	SSF51366	Ribulose-phoshate binding barrel	11	278	9.18E-32	T	07-05-2025	IPR011060	Ribulose-phosphate binding barrel	-	-
HFDHAJOI_04661	878c687e0798705a01e3c0b6039c748b	359	FunFam	G3DSA:3.40.50.300:FF:000425	Probable ABC transporter, ATP-binding subunit	4	240	1.8E-97	T	07-05-2025	-	-	-	-
HFDHAJOI_04661	878c687e0798705a01e3c0b6039c748b	359	Gene3D	G3DSA:3.40.50.300	-	2	219	1.7E-68	T	07-05-2025	IPR027417	P-loop containing nucleoside triphosphate hydrolase	-	-
HFDHAJOI_04661	878c687e0798705a01e3c0b6039c748b	359	Pfam	PF08402	TOBE domain	278	357	0.001	T	07-05-2025	IPR013611	Transport-associated OB, type 2	GO:0005524(InterPro)|GO:0022857(InterPro)|GO:0043190(InterPro)|GO:0055085(InterPro)	-
HFDHAJOI_04661	878c687e0798705a01e3c0b6039c748b	359	SUPERFAMILY	SSF50331	MOP-like	240	356	1.79E-9	T	07-05-2025	IPR008995	Molybdate/tungstate binding, C-terminal	-	-
HFDHAJOI_04661	878c687e0798705a01e3c0b6039c748b	359	ProSitePatterns	PS00211	ABC transporters family signature.	136	150	-	T	07-05-2025	IPR017871	ABC transporter-like, conserved site	GO:0005524(InterPro)|GO:0016887(InterPro)	-
HFDHAJOI_04661	878c687e0798705a01e3c0b6039c748b	359	PANTHER	PTHR42781	SPERMIDINE/PUTRESCINE IMPORT ATP-BINDING PROTEIN POTA	1	322	1.9E-109	T	07-05-2025	IPR050093	ABC Transporter, Small Molecule Importer	-	-
HFDHAJOI_04661	878c687e0798705a01e3c0b6039c748b	359	Pfam	PF00005	ABC transporter	21	163	1.7E-33	T	07-05-2025	IPR003439	ABC transporter-like, ATP-binding domain	GO:0005524(InterPro)|GO:0016887(InterPro)	-
HFDHAJOI_04661	878c687e0798705a01e3c0b6039c748b	359	ProSiteProfiles	PS50893	ATP-binding cassette, ABC transporter-type domain profile.	6	236	32.23962	T	07-05-2025	IPR003439	ABC transporter-like, ATP-binding domain	GO:0005524(InterPro)|GO:0016887(InterPro)	-
HFDHAJOI_04661	878c687e0798705a01e3c0b6039c748b	359	Gene3D	G3DSA:2.40.50.100	-	220	307	1.1E-8	T	07-05-2025	-	-	-	-
HFDHAJOI_04661	878c687e0798705a01e3c0b6039c748b	359	SUPERFAMILY	SSF52540	P-loop containing nucleoside triphosphate hydrolases	6	243	4.56E-86	T	07-05-2025	IPR027417	P-loop containing nucleoside triphosphate hydrolase	-	-
HFDHAJOI_04661	878c687e0798705a01e3c0b6039c748b	359	SMART	SM00382	AAA_5	30	213	3.7E-17	T	07-05-2025	IPR003593	AAA+ ATPase domain	-	-
HFDHAJOI_04473	3362be4d08570afd3136974b94f19b13	507	Gene3D	G3DSA:1.25.40.590	Type IV / VI secretion system, DotU	74	228	2.1E-36	T	07-05-2025	IPR038522	Type IV / VI secretion system, DotU superfamily	-	-
HFDHAJOI_04473	3362be4d08570afd3136974b94f19b13	507	ProSiteProfiles	PS51123	OmpA-like domain profile.	360	479	39.414272	T	07-05-2025	IPR006665	OmpA-like domain	-	-
HFDHAJOI_04473	3362be4d08570afd3136974b94f19b13	507	CDD	cd07185	OmpA_C-like	372	475	1.82612E-28	T	07-05-2025	IPR006665	OmpA-like domain	-	-
HFDHAJOI_04473	3362be4d08570afd3136974b94f19b13	507	PANTHER	PTHR30329	STATOR ELEMENT OF FLAGELLAR MOTOR COMPLEX	336	480	7.1E-32	T	07-05-2025	IPR050330	Bacterial Outer Membrane Structural/Functional	-	-
HFDHAJOI_04473	3362be4d08570afd3136974b94f19b13	507	MobiDBLite	mobidb-lite	consensus disorder prediction	450	507	-	T	07-05-2025	-	-	-	-
HFDHAJOI_04473	3362be4d08570afd3136974b94f19b13	507	MobiDBLite	mobidb-lite	consensus disorder prediction	462	472	-	T	07-05-2025	-	-	-	-
HFDHAJOI_04473	3362be4d08570afd3136974b94f19b13	507	MobiDBLite	mobidb-lite	consensus disorder prediction	322	335	-	T	07-05-2025	-	-	-	-
HFDHAJOI_04473	3362be4d08570afd3136974b94f19b13	507	MobiDBLite	mobidb-lite	consensus disorder prediction	302	336	-	T	07-05-2025	-	-	-	-
HFDHAJOI_04473	3362be4d08570afd3136974b94f19b13	507	NCBIfam	TIGR03349	DotU/TssL family secretion system protein	76	284	1.3E-52	T	07-05-2025	IPR017732	Type IV / VI secretion system, DotU	-	-
HFDHAJOI_04473	3362be4d08570afd3136974b94f19b13	507	Gene3D	G3DSA:3.30.1330.60	-	333	479	4.7E-33	T	07-05-2025	IPR036737	OmpA-like domain superfamily	-	-
HFDHAJOI_04473	3362be4d08570afd3136974b94f19b13	507	NCBIfam	TIGR03350	type VI secretion system protein TssL C-terminal extension domain	341	475	5.5E-43	T	07-05-2025	IPR017733	Type VI secretion system, OmpA-like domain, proteobacteria	-	-
HFDHAJOI_04473	3362be4d08570afd3136974b94f19b13	507	Pfam	PF09850	Type VI secretion system protein DotU	77	278	1.9E-51	T	07-05-2025	IPR017732	Type IV / VI secretion system, DotU	-	-
HFDHAJOI_04473	3362be4d08570afd3136974b94f19b13	507	Pfam	PF00691	OmpA family	372	469	7.2E-9	T	07-05-2025	IPR006665	OmpA-like domain	-	-
HFDHAJOI_04473	3362be4d08570afd3136974b94f19b13	507	SUPERFAMILY	SSF103088	OmpA-like	361	475	5.36E-25	T	07-05-2025	IPR036737	OmpA-like domain superfamily	-	-
HFDHAJOI_04473	3362be4d08570afd3136974b94f19b13	507	NCBIfam	NF038228	type IVB secretion system protein IcmH/DotU	76	287	8.5E-27	T	07-05-2025	-	-	-	-
HFDHAJOI_04636	a4f1c385c9d6aa610182efe72632dfb4	719	Gene3D	G3DSA:3.40.50.300	-	467	718	2.4E-26	T	07-05-2025	IPR027417	P-loop containing nucleoside triphosphate hydrolase	-	-
HFDHAJOI_04636	a4f1c385c9d6aa610182efe72632dfb4	719	Pfam	PF13807	G-rich domain on putative tyrosine kinase	398	467	0.0022	T	07-05-2025	IPR032807	Tyrosine kinase, G-rich domain	-	-
HFDHAJOI_04636	a4f1c385c9d6aa610182efe72632dfb4	719	Coils	Coil	Coil	219	249	-	T	07-05-2025	-	-	-	-
HFDHAJOI_04636	a4f1c385c9d6aa610182efe72632dfb4	719	Coils	Coil	Coil	336	356	-	T	07-05-2025	-	-	-	-
HFDHAJOI_04636	a4f1c385c9d6aa610182efe72632dfb4	719	Coils	Coil	Coil	389	416	-	T	07-05-2025	-	-	-	-
HFDHAJOI_04636	a4f1c385c9d6aa610182efe72632dfb4	719	PANTHER	PTHR32309	TYROSINE-PROTEIN KINASE	32	703	5.9E-72	T	07-05-2025	IPR050445	Bacterial polysaccharide biosynthesis and export	GO:0004713(PANTHER)|GO:0005886(PANTHER)	-
HFDHAJOI_04636	a4f1c385c9d6aa610182efe72632dfb4	719	SUPERFAMILY	SSF52540	P-loop containing nucleoside triphosphate hydrolases	552	717	1.04E-14	T	07-05-2025	IPR027417	P-loop containing nucleoside triphosphate hydrolase	-	-
HFDHAJOI_04543	3d25e9a453d865c67d5038ad07cbc6f6	214	Pfam	PF03070	TENA/THI-4/PQQC family	20	210	3.9E-16	T	07-05-2025	IPR004305	Thiaminase-2/PQQC	-	-
HFDHAJOI_04543	3d25e9a453d865c67d5038ad07cbc6f6	214	PIRSF	PIRSF003170	Pet18p	1	214	8.8E-40	T	07-05-2025	IPR026285	TenA_E protein	-	-
HFDHAJOI_04543	3d25e9a453d865c67d5038ad07cbc6f6	214	Gene3D	G3DSA:1.20.910.10	-	2	214	1.1E-37	T	07-05-2025	IPR016084	Haem oxygenase-like, multi-helical	-	-
HFDHAJOI_04543	3d25e9a453d865c67d5038ad07cbc6f6	214	SUPERFAMILY	SSF48613	Heme oxygenase-like	3	213	1.23E-45	T	07-05-2025	IPR016084	Haem oxygenase-like, multi-helical	-	-
HFDHAJOI_04543	3d25e9a453d865c67d5038ad07cbc6f6	214	PANTHER	PTHR43198	BIFUNCTIONAL TH2 PROTEIN	3	213	9.3E-19	T	07-05-2025	IPR050967	Thiamine Salvage Pathway TenA	GO:0005829(PANTHER)	-
HFDHAJOI_04543	3d25e9a453d865c67d5038ad07cbc6f6	214	CDD	cd19358	TenA_E_Spr0628-like	5	213	6.32922E-69	T	07-05-2025	-	-	-	-
HFDHAJOI_04657	c25e56e0af902de8d921ed73385ebf9d	306	Gene3D	G3DSA:3.40.190.10	-	93	287	7.5E-37	T	07-05-2025	-	-	-	-
HFDHAJOI_04657	c25e56e0af902de8d921ed73385ebf9d	306	Gene3D	G3DSA:3.40.190.10	-	163	267	7.5E-37	T	07-05-2025	-	-	-	-
HFDHAJOI_04657	c25e56e0af902de8d921ed73385ebf9d	306	PRINTS	PR00039	LysR bacterial regulatory protein HTH signature	18	29	6.2E-8	T	07-05-2025	IPR000847	LysR, HTH, N-terminal domain	GO:0003700(InterPro)|GO:0006355(InterPro)	-
HFDHAJOI_04657	c25e56e0af902de8d921ed73385ebf9d	306	PRINTS	PR00039	LysR bacterial regulatory protein HTH signature	39	50	6.2E-8	T	07-05-2025	IPR000847	LysR, HTH, N-terminal domain	GO:0003700(InterPro)|GO:0006355(InterPro)	-
HFDHAJOI_04657	c25e56e0af902de8d921ed73385ebf9d	306	PRINTS	PR00039	LysR bacterial regulatory protein HTH signature	29	39	6.2E-8	T	07-05-2025	IPR000847	LysR, HTH, N-terminal domain	GO:0003700(InterPro)|GO:0006355(InterPro)	-
HFDHAJOI_04657	c25e56e0af902de8d921ed73385ebf9d	306	PANTHER	PTHR30346	TRANSCRIPTIONAL DUAL REGULATOR HCAR-RELATED	1	291	9.5E-69	T	07-05-2025	-	-	GO:0003700(PANTHER)|GO:0006355(PANTHER)|GO:0032993(PANTHER)	-
HFDHAJOI_04657	c25e56e0af902de8d921ed73385ebf9d	306	Pfam	PF00126	Bacterial regulatory helix-turn-helix protein, lysR family	3	62	2.3E-17	T	07-05-2025	IPR000847	LysR, HTH, N-terminal domain	GO:0003700(InterPro)|GO:0006355(InterPro)	-
HFDHAJOI_04657	c25e56e0af902de8d921ed73385ebf9d	306	ProSiteProfiles	PS50931	LysR-type HTH domain profile.	1	58	31.324926	T	07-05-2025	IPR000847	LysR, HTH, N-terminal domain	GO:0003700(InterPro)|GO:0006355(InterPro)	-
HFDHAJOI_04657	c25e56e0af902de8d921ed73385ebf9d	306	CDD	cd08414	PBP2_LTTR_aromatics_like	92	288	3.3604E-47	T	07-05-2025	-	-	-	-
HFDHAJOI_04657	c25e56e0af902de8d921ed73385ebf9d	306	SUPERFAMILY	SSF53850	Periplasmic binding protein-like II	91	293	5.85E-32	T	07-05-2025	-	-	-	-
HFDHAJOI_04657	c25e56e0af902de8d921ed73385ebf9d	306	SUPERFAMILY	SSF46785	"Winged helix" DNA-binding domain	1	84	5.71E-21	T	07-05-2025	IPR036390	Winged helix DNA-binding domain superfamily	-	-
HFDHAJOI_04657	c25e56e0af902de8d921ed73385ebf9d	306	Gene3D	G3DSA:1.10.10.10	-	1	85	7.4E-25	T	07-05-2025	IPR036388	Winged helix-like DNA-binding domain superfamily	-	-
HFDHAJOI_04657	c25e56e0af902de8d921ed73385ebf9d	306	FunFam	G3DSA:1.10.10.10:FF:000001	LysR family transcriptional regulator	1	84	1.6E-27	T	07-05-2025	-	-	-	-
HFDHAJOI_04657	c25e56e0af902de8d921ed73385ebf9d	306	Pfam	PF03466	LysR substrate binding domain	89	289	6.3E-32	T	07-05-2025	IPR005119	LysR, substrate-binding	-	-
HFDHAJOI_04664	1a0324687bf645114234158cc291c665	286	Gene3D	G3DSA:3.60.110.10	-	1	273	3.6E-71	T	07-05-2025	IPR036526	Carbon-nitrogen hydrolase superfamily	-	-
HFDHAJOI_04664	1a0324687bf645114234158cc291c665	286	SUPERFAMILY	SSF56317	Carbon-nitrogen hydrolase	1	270	4.58E-71	T	07-05-2025	IPR036526	Carbon-nitrogen hydrolase superfamily	-	-
HFDHAJOI_04664	1a0324687bf645114234158cc291c665	286	ProSiteProfiles	PS50263	Carbon-nitrogen hydrolase domain profile.	1	254	38.631279	T	07-05-2025	IPR003010	Carbon-nitrogen hydrolase	-	-
HFDHAJOI_04664	1a0324687bf645114234158cc291c665	286	PANTHER	PTHR23088	NITRILASE-RELATED	1	272	3.0E-73	T	07-05-2025	-	-	-	-
HFDHAJOI_04664	1a0324687bf645114234158cc291c665	286	CDD	cd07572	nit	2	271	2.54104E-115	T	07-05-2025	IPR045254	Nit1/2, carbon-nitrogen hydrolase domain	GO:0016811(InterPro)	-
HFDHAJOI_04664	1a0324687bf645114234158cc291c665	286	Pfam	PF00795	Carbon-nitrogen hydrolase	2	261	7.1E-45	T	07-05-2025	IPR003010	Carbon-nitrogen hydrolase	-	-
HFDHAJOI_04483	e28dd8dae588065cbb921a2a5f53fecb	314	PANTHER	PTHR37951	CYTOPLASMIC PROTEIN-RELATED	21	299	3.7E-34	T	07-05-2025	IPR017740	Type VI secretion system protein TssA-like	-	-
HFDHAJOI_04483	e28dd8dae588065cbb921a2a5f53fecb	314	NCBIfam	TIGR03363	type VI secretion system protein TssA	19	304	6.3E-49	T	07-05-2025	IPR017740	Type VI secretion system protein TssA-like	-	-
HFDHAJOI_04483	e28dd8dae588065cbb921a2a5f53fecb	314	Pfam	PF06812	ImpA, N-terminal, type VI secretion system	16	95	1.0E-14	T	07-05-2025	IPR010657	ImpA, N-terminal	-	-
HFDHAJOI_04627	5f4b3aca222013d3938a99b8bd11fca5	89	PANTHER	PTHR33609	LOW CALCIUM RESPONSE LOCUS PROTEIN S	1	86	4.0E-9	T	07-05-2025	IPR052546	Transposase_8_domain-containing_protein	-	-
HFDHAJOI_04627	5f4b3aca222013d3938a99b8bd11fca5	89	SUPERFAMILY	SSF46689	Homeodomain-like	14	76	1.77E-8	T	07-05-2025	IPR009057	Homedomain-like superfamily	-	-
HFDHAJOI_04627	5f4b3aca222013d3938a99b8bd11fca5	89	Coils	Coil	Coil	53	80	-	T	07-05-2025	-	-	-	-
HFDHAJOI_04627	5f4b3aca222013d3938a99b8bd11fca5	89	Pfam	PF01527	Transposase	5	74	2.9E-5	T	07-05-2025	IPR002514	Transposase IS3/IS911family	GO:0003677(InterPro)|GO:0004803(InterPro)|GO:0006313(InterPro)	-
HFDHAJOI_04458	08caf5c8666edd3ca12ddf72b2f5efea	582	PANTHER	PTHR42957	HELICASE MJ1565-RELATED	115	542	1.4E-61	T	07-05-2025	IPR008571	Helicase HerA-like	-	-
HFDHAJOI_04458	08caf5c8666edd3ca12ddf72b2f5efea	582	SUPERFAMILY	SSF52540	P-loop containing nucleoside triphosphate hydrolases	168	544	4.79E-38	T	07-05-2025	IPR027417	P-loop containing nucleoside triphosphate hydrolase	-	-
HFDHAJOI_04458	08caf5c8666edd3ca12ddf72b2f5efea	582	CDD	cd01127	TrwB_TraG_TraD_VirD4	404	492	3.15446E-7	T	07-05-2025	-	-	-	-
HFDHAJOI_04458	08caf5c8666edd3ca12ddf72b2f5efea	582	Gene3D	G3DSA:3.40.50.300	-	139	232	2.5E-18	T	07-05-2025	IPR027417	P-loop containing nucleoside triphosphate hydrolase	-	-
HFDHAJOI_04458	08caf5c8666edd3ca12ddf72b2f5efea	582	Gene3D	G3DSA:3.40.50.300	-	367	553	2.4E-41	T	07-05-2025	IPR027417	P-loop containing nucleoside triphosphate hydrolase	-	-
HFDHAJOI_04458	08caf5c8666edd3ca12ddf72b2f5efea	582	Pfam	PF01935	Helicase HerA, central domain	150	409	1.4E-24	T	07-05-2025	IPR002789	Helicase HerA, central domain	-	-
HFDHAJOI_04561	18bdd074fce9ac60a00895e29ad326f5	154	Pfam	PF12728	Helix-turn-helix domain	85	132	3.6E-7	T	07-05-2025	IPR041657	Helix-turn-helix domain, group 17	-	-
HFDHAJOI_04561	18bdd074fce9ac60a00895e29ad326f5	154	NCBIfam	TIGR01764	DNA binding domain, excisionase family	85	129	4.1E-9	T	07-05-2025	IPR010093	SinI-like, DNA-binding domain	GO:0003677(InterPro)	-
HFDHAJOI_04615	f30c062d5cc0988a10b8e976f9cb9a4e	185	NCBIfam	TIGR02771	conjugative transfer signal peptidase TraF	20	185	5.8E-36	T	07-05-2025	IPR014139	Peptidase S26C, conjugative transfer signal peptidase TraF	GO:0042597(InterPro)	-
HFDHAJOI_04615	f30c062d5cc0988a10b8e976f9cb9a4e	185	NCBIfam	NF010412	conjugal transfer pilin processing protease TraF	26	185	1.6E-61	T	07-05-2025	-	-	-	-
HFDHAJOI_04615	f30c062d5cc0988a10b8e976f9cb9a4e	185	Pfam	PF10502	Signal peptidase, peptidase S26	18	183	9.2E-15	T	07-05-2025	IPR019533	Peptidase S26	GO:0004252(InterPro)|GO:0006465(InterPro)	-
HFDHAJOI_04615	f30c062d5cc0988a10b8e976f9cb9a4e	185	Gene3D	G3DSA:2.10.109.10	Umud Fragment, subunit A	54	183	2.8E-8	T	07-05-2025	-	-	-	-
HFDHAJOI_04615	f30c062d5cc0988a10b8e976f9cb9a4e	185	SUPERFAMILY	SSF51306	LexA/Signal peptidase	40	183	5.75E-19	T	07-05-2025	IPR036286	LexA/Signal peptidase-like superfamily	-	-
HFDHAJOI_04605	ef4a9a3c65ff187660dc83c1c4d05d70	103	Pfam	PF05284	Protein of unknown function (DUF736)	3	99	3.4E-30	T	07-05-2025	IPR007948	Protein of unknown function DUF736	-	-
HFDHAJOI_04491	f60383e78ef18cb4b27a646ea0d43c70	317	Pfam	PF13503	Domain of unknown function (DUF4123)	32	161	3.5E-10	T	07-05-2025	IPR025391	Domain of unknown function DUF4123	-	-
HFDHAJOI_04644	fddd49d5feb348b1e494c71d2af3a490	351	Pfam	PF14907	Uncharacterised nucleotidyltransferase	65	277	2.9E-20	T	07-05-2025	IPR039498	Uncharacterised nucleotidyltransferase	-	-
HFDHAJOI_04514	bd79f28ab49fdcf3514efcfc574a848e	364	SMART	SM00382	AAA_5	29	212	6.8E-16	T	07-05-2025	IPR003593	AAA+ ATPase domain	-	-
HFDHAJOI_04514	bd79f28ab49fdcf3514efcfc574a848e	364	Pfam	PF08402	TOBE domain	277	352	2.6E-4	T	07-05-2025	IPR013611	Transport-associated OB, type 2	GO:0005524(InterPro)|GO:0022857(InterPro)|GO:0043190(InterPro)|GO:0055085(InterPro)	-
HFDHAJOI_04514	bd79f28ab49fdcf3514efcfc574a848e	364	PANTHER	PTHR42781	SPERMIDINE/PUTRESCINE IMPORT ATP-BINDING PROTEIN POTA	1	350	1.5E-105	T	07-05-2025	IPR050093	ABC Transporter, Small Molecule Importer	-	-
HFDHAJOI_04514	bd79f28ab49fdcf3514efcfc574a848e	364	ProSitePatterns	PS00211	ABC transporters family signature.	135	149	-	T	07-05-2025	IPR017871	ABC transporter-like, conserved site	GO:0005524(InterPro)|GO:0016887(InterPro)	-
HFDHAJOI_04514	bd79f28ab49fdcf3514efcfc574a848e	364	Gene3D	G3DSA:3.40.50.300	-	1	218	1.5E-64	T	07-05-2025	IPR027417	P-loop containing nucleoside triphosphate hydrolase	-	-
HFDHAJOI_04514	bd79f28ab49fdcf3514efcfc574a848e	364	SUPERFAMILY	SSF50331	MOP-like	237	351	7.37E-8	T	07-05-2025	IPR008995	Molybdate/tungstate binding, C-terminal	-	-
HFDHAJOI_04514	bd79f28ab49fdcf3514efcfc574a848e	364	FunFam	G3DSA:3.40.50.300:FF:000425	Probable ABC transporter, ATP-binding subunit	3	239	1.1E-87	T	07-05-2025	-	-	-	-
HFDHAJOI_04514	bd79f28ab49fdcf3514efcfc574a848e	364	Gene3D	G3DSA:2.40.50.100	-	219	313	1.4E-10	T	07-05-2025	-	-	-	-
HFDHAJOI_04514	bd79f28ab49fdcf3514efcfc574a848e	364	SUPERFAMILY	SSF52540	P-loop containing nucleoside triphosphate hydrolases	5	242	4.26E-80	T	07-05-2025	IPR027417	P-loop containing nucleoside triphosphate hydrolase	-	-
HFDHAJOI_04514	bd79f28ab49fdcf3514efcfc574a848e	364	ProSiteProfiles	PS50893	ATP-binding cassette, ABC transporter-type domain profile.	5	235	30.185476	T	07-05-2025	IPR003439	ABC transporter-like, ATP-binding domain	GO:0005524(InterPro)|GO:0016887(InterPro)	-
HFDHAJOI_04514	bd79f28ab49fdcf3514efcfc574a848e	364	Pfam	PF00005	ABC transporter	21	162	2.0E-31	T	07-05-2025	IPR003439	ABC transporter-like, ATP-binding domain	GO:0005524(InterPro)|GO:0016887(InterPro)	-
HFDHAJOI_04534	c93a7bbcc93b0085eeca90a7a1c7070f	404	Gene3D	G3DSA:3.40.50.2300	-	24	348	1.5E-105	T	07-05-2025	-	-	-	-
HFDHAJOI_04534	c93a7bbcc93b0085eeca90a7a1c7070f	404	PRINTS	PR00337	Leu/Ile/Val-binding protein family signature	325	340	5.2E-5	T	07-05-2025	IPR000709	Leu/Ile/Val-binding protein	GO:0006865(InterPro)	-
HFDHAJOI_04534	c93a7bbcc93b0085eeca90a7a1c7070f	404	PRINTS	PR00337	Leu/Ile/Val-binding protein family signature	82	92	5.2E-5	T	07-05-2025	IPR000709	Leu/Ile/Val-binding protein	GO:0006865(InterPro)	-
HFDHAJOI_04534	c93a7bbcc93b0085eeca90a7a1c7070f	404	PRINTS	PR00337	Leu/Ile/Val-binding protein family signature	247	265	5.2E-5	T	07-05-2025	IPR000709	Leu/Ile/Val-binding protein	GO:0006865(InterPro)	-
HFDHAJOI_04534	c93a7bbcc93b0085eeca90a7a1c7070f	404	PRINTS	PR00337	Leu/Ile/Val-binding protein family signature	20	36	5.2E-5	T	07-05-2025	IPR000709	Leu/Ile/Val-binding protein	GO:0006865(InterPro)	-
HFDHAJOI_04534	c93a7bbcc93b0085eeca90a7a1c7070f	404	PRINTS	PR00337	Leu/Ile/Val-binding protein family signature	42	58	5.2E-5	T	07-05-2025	IPR000709	Leu/Ile/Val-binding protein	GO:0006865(InterPro)	-
HFDHAJOI_04534	c93a7bbcc93b0085eeca90a7a1c7070f	404	PANTHER	PTHR47628	-	14	377	3.8E-83	T	07-05-2025	-	-	-	-
HFDHAJOI_04534	c93a7bbcc93b0085eeca90a7a1c7070f	404	Pfam	PF13433	Periplasmic binding protein domain	21	379	1.9E-105	T	07-05-2025	-	-	-	-
HFDHAJOI_04534	c93a7bbcc93b0085eeca90a7a1c7070f	404	CDD	cd06357	PBP1_AmiC	21	377	5.18931E-156	T	07-05-2025	IPR039570	AmiC, periplasmic binding domain	GO:0033218(InterPro)	-
HFDHAJOI_04534	c93a7bbcc93b0085eeca90a7a1c7070f	404	Gene3D	G3DSA:3.40.50.2300	-	134	363	1.5E-105	T	07-05-2025	-	-	-	-
HFDHAJOI_04534	c93a7bbcc93b0085eeca90a7a1c7070f	404	SUPERFAMILY	SSF53822	Periplasmic binding protein-like I	20	378	5.89E-65	T	07-05-2025	IPR028082	Periplasmic binding protein-like I	-	-
HFDHAJOI_04469	404c062c54fa883c912402eb8dc5a4a3	395	Pfam	PF02563	Polysaccharide biosynthesis/export protein	91	174	1.4E-7	T	07-05-2025	IPR003715	Polysaccharide export protein, N-terminal domain	-	-
HFDHAJOI_04469	404c062c54fa883c912402eb8dc5a4a3	395	Gene3D	G3DSA:3.10.560.10	Outer membrane lipoprotein wza domain like	261	362	8.9E-49	T	07-05-2025	-	-	-	-
HFDHAJOI_04469	404c062c54fa883c912402eb8dc5a4a3	395	Pfam	PF22461	SLBB domain	266	362	1.7E-5	T	07-05-2025	IPR054765	SLBB domain	-	-
HFDHAJOI_04469	404c062c54fa883c912402eb8dc5a4a3	395	Gene3D	G3DSA:3.10.560.10	Outer membrane lipoprotein wza domain like	184	259	8.9E-49	T	07-05-2025	-	-	-	-
HFDHAJOI_04469	404c062c54fa883c912402eb8dc5a4a3	395	Gene3D	G3DSA:3.30.1950.10	wza like domain	98	178	8.9E-49	T	07-05-2025	-	-	-	-
HFDHAJOI_04469	404c062c54fa883c912402eb8dc5a4a3	395	PANTHER	PTHR33619	POLYSACCHARIDE EXPORT PROTEIN GFCE-RELATED	17	363	1.5E-31	T	07-05-2025	IPR049712	Polysaccharide export protein	GO:0015159(InterPro)|GO:0015774(InterPro)	-
HFDHAJOI_04577	193a5e518b8f788c7e2d99225cf05b3c	1305	Gene3D	G3DSA:2.150.10.10	-	456	582	1.7E-9	T	07-05-2025	IPR011049	Serralysin-like metalloprotease, C-terminal	-	-
HFDHAJOI_04577	193a5e518b8f788c7e2d99225cf05b3c	1305	Gene3D	G3DSA:2.150.10.10	-	1137	1299	7.0E-25	T	07-05-2025	IPR011049	Serralysin-like metalloprotease, C-terminal	-	-
HFDHAJOI_04577	193a5e518b8f788c7e2d99225cf05b3c	1305	Gene3D	G3DSA:2.150.10.10	-	630	767	1.0E-15	T	07-05-2025	IPR011049	Serralysin-like metalloprotease, C-terminal	-	-
HFDHAJOI_04577	193a5e518b8f788c7e2d99225cf05b3c	1305	ProSitePatterns	PS00330	Hemolysin-type calcium-binding region signature.	1182	1200	-	T	07-05-2025	IPR018511	Hemolysin-type calcium-binding conserved site	-	-
HFDHAJOI_04577	193a5e518b8f788c7e2d99225cf05b3c	1305	Gene3D	G3DSA:2.160.20.10	-	32	425	1.1E-105	T	07-05-2025	IPR012334	Pectin lyase fold	-	-
HFDHAJOI_04577	193a5e518b8f788c7e2d99225cf05b3c	1305	SMART	SM00710	pbh1	662	682	9200.0	T	07-05-2025	IPR006626	Parallel beta-helix repeat	-	-
HFDHAJOI_04577	193a5e518b8f788c7e2d99225cf05b3c	1305	SMART	SM00710	pbh1	189	211	120.0	T	07-05-2025	IPR006626	Parallel beta-helix repeat	-	-
HFDHAJOI_04577	193a5e518b8f788c7e2d99225cf05b3c	1305	SMART	SM00710	pbh1	295	317	34.0	T	07-05-2025	IPR006626	Parallel beta-helix repeat	-	-
HFDHAJOI_04577	193a5e518b8f788c7e2d99225cf05b3c	1305	SMART	SM00710	pbh1	318	340	170.0	T	07-05-2025	IPR006626	Parallel beta-helix repeat	-	-
HFDHAJOI_04577	193a5e518b8f788c7e2d99225cf05b3c	1305	SMART	SM00710	pbh1	212	234	230.0	T	07-05-2025	IPR006626	Parallel beta-helix repeat	-	-
HFDHAJOI_04577	193a5e518b8f788c7e2d99225cf05b3c	1305	SMART	SM00710	pbh1	165	187	15.0	T	07-05-2025	IPR006626	Parallel beta-helix repeat	-	-
HFDHAJOI_04577	193a5e518b8f788c7e2d99225cf05b3c	1305	SMART	SM00710	pbh1	272	294	2300.0	T	07-05-2025	IPR006626	Parallel beta-helix repeat	-	-
HFDHAJOI_04577	193a5e518b8f788c7e2d99225cf05b3c	1305	SMART	SM00710	pbh1	394	427	8200.0	T	07-05-2025	IPR006626	Parallel beta-helix repeat	-	-
HFDHAJOI_04577	193a5e518b8f788c7e2d99225cf05b3c	1305	SMART	SM00710	pbh1	236	258	55.0	T	07-05-2025	IPR006626	Parallel beta-helix repeat	-	-
HFDHAJOI_04577	193a5e518b8f788c7e2d99225cf05b3c	1305	SMART	SM00710	pbh1	128	156	550.0	T	07-05-2025	IPR006626	Parallel beta-helix repeat	-	-
HFDHAJOI_04577	193a5e518b8f788c7e2d99225cf05b3c	1305	PRINTS	PR01488	Gram-negative bacterial RTX toxin determinant A family signature	682	703	1.7E-5	T	07-05-2025	IPR003995	RTX toxin determinant A	GO:0005509(InterPro)|GO:0005576(InterPro)	-
HFDHAJOI_04577	193a5e518b8f788c7e2d99225cf05b3c	1305	PRINTS	PR01488	Gram-negative bacterial RTX toxin determinant A family signature	150	170	1.7E-5	T	07-05-2025	IPR003995	RTX toxin determinant A	GO:0005509(InterPro)|GO:0005576(InterPro)	-
HFDHAJOI_04577	193a5e518b8f788c7e2d99225cf05b3c	1305	SUPERFAMILY	SSF49313	Cadherin-like	886	977	1.37E-8	T	07-05-2025	IPR015919	Cadherin-like superfamily	GO:0005509(InterPro)|GO:0016020(InterPro)	-
HFDHAJOI_04577	193a5e518b8f788c7e2d99225cf05b3c	1305	SUPERFAMILY	SSF51120	beta-Roll	572	656	9.81E-10	T	07-05-2025	IPR011049	Serralysin-like metalloprotease, C-terminal	-	-
HFDHAJOI_04577	193a5e518b8f788c7e2d99225cf05b3c	1305	Pfam	PF12708	Rhamnogalacturonase A/epimerase, pectate lyase-like	33	250	5.8E-17	T	07-05-2025	IPR024535	Rhamnogalacturonase A/B/Epimerase-like, pectate lyase domain	-	-
HFDHAJOI_04577	193a5e518b8f788c7e2d99225cf05b3c	1305	PRINTS	PR00313	NodO calcium binding signature	1186	1194	6.3E-7	T	07-05-2025	-	-	-	-
HFDHAJOI_04577	193a5e518b8f788c7e2d99225cf05b3c	1305	PRINTS	PR00313	NodO calcium binding signature	607	618	6.3E-7	T	07-05-2025	-	-	-	-
HFDHAJOI_04577	193a5e518b8f788c7e2d99225cf05b3c	1305	PRINTS	PR00313	NodO calcium binding signature	691	699	6.3E-7	T	07-05-2025	-	-	-	-
HFDHAJOI_04577	193a5e518b8f788c7e2d99225cf05b3c	1305	PRINTS	PR00313	NodO calcium binding signature	1195	1204	6.3E-7	T	07-05-2025	-	-	-	-
HFDHAJOI_04577	193a5e518b8f788c7e2d99225cf05b3c	1305	NCBIfam	NF012211	tandem-95 repeat	804	890	2.4E-10	T	07-05-2025	-	-	-	-
HFDHAJOI_04577	193a5e518b8f788c7e2d99225cf05b3c	1305	NCBIfam	NF012211	tandem-95 repeat	909	982	2.1E-7	T	07-05-2025	-	-	-	-
HFDHAJOI_04577	193a5e518b8f788c7e2d99225cf05b3c	1305	SUPERFAMILY	SSF51120	beta-Roll	631	758	4.84E-12	T	07-05-2025	IPR011049	Serralysin-like metalloprotease, C-terminal	-	-
HFDHAJOI_04577	193a5e518b8f788c7e2d99225cf05b3c	1305	SUPERFAMILY	SSF51120	beta-Roll	1073	1291	9.81E-32	T	07-05-2025	IPR011049	Serralysin-like metalloprotease, C-terminal	-	-
HFDHAJOI_04577	193a5e518b8f788c7e2d99225cf05b3c	1305	Pfam	PF00353	RTX calcium-binding nonapeptide repeat (4 copies)	673	706	4.8E-4	T	07-05-2025	IPR001343	RTX calcium-binding nonapeptide repeat	GO:0005509(InterPro)	-
HFDHAJOI_04577	193a5e518b8f788c7e2d99225cf05b3c	1305	Pfam	PF00353	RTX calcium-binding nonapeptide repeat (4 copies)	1075	1109	5.4E-6	T	07-05-2025	IPR001343	RTX calcium-binding nonapeptide repeat	GO:0005509(InterPro)	-
HFDHAJOI_04577	193a5e518b8f788c7e2d99225cf05b3c	1305	Pfam	PF00353	RTX calcium-binding nonapeptide repeat (4 copies)	582	616	1.7E-4	T	07-05-2025	IPR001343	RTX calcium-binding nonapeptide repeat	GO:0005509(InterPro)	-
HFDHAJOI_04577	193a5e518b8f788c7e2d99225cf05b3c	1305	Pfam	PF00353	RTX calcium-binding nonapeptide repeat (4 copies)	420	443	8100.0	T	07-05-2025	IPR001343	RTX calcium-binding nonapeptide repeat	GO:0005509(InterPro)	-
HFDHAJOI_04577	193a5e518b8f788c7e2d99225cf05b3c	1305	Pfam	PF00353	RTX calcium-binding nonapeptide repeat (4 copies)	499	532	15.0	T	07-05-2025	IPR001343	RTX calcium-binding nonapeptide repeat	GO:0005509(InterPro)	-
HFDHAJOI_04577	193a5e518b8f788c7e2d99225cf05b3c	1305	Pfam	PF00353	RTX calcium-binding nonapeptide repeat (4 copies)	1167	1200	0.071	T	07-05-2025	IPR001343	RTX calcium-binding nonapeptide repeat	GO:0005509(InterPro)	-
HFDHAJOI_04577	193a5e518b8f788c7e2d99225cf05b3c	1305	SUPERFAMILY	SSF51126	Pectin lyase-like	31	406	2.26E-43	T	07-05-2025	IPR011050	Pectin lyase fold/virulence factor	-	-
HFDHAJOI_04577	193a5e518b8f788c7e2d99225cf05b3c	1305	Pfam	PF13229	Right handed beta helix region	276	342	0.019	T	07-05-2025	IPR039448	Right handed beta helix domain	-	-
HFDHAJOI_04577	193a5e518b8f788c7e2d99225cf05b3c	1305	SUPERFAMILY	SSF51120	beta-Roll	404	559	7.03E-12	T	07-05-2025	IPR011049	Serralysin-like metalloprotease, C-terminal	-	-
HFDHAJOI_04577	193a5e518b8f788c7e2d99225cf05b3c	1305	PANTHER	PTHR38340	S-LAYER PROTEIN	1058	1227	6.7E-16	T	07-05-2025	IPR050557	RTX toxin and mannuronan C5-epimerase	-	-
HFDHAJOI_04577	193a5e518b8f788c7e2d99225cf05b3c	1305	Pfam	PF17803	Bacterial cadherin-like domain	875	939	1.6E-4	T	07-05-2025	IPR040853	RapA2, cadherin-like domain	-	-
HFDHAJOI_04577	193a5e518b8f788c7e2d99225cf05b3c	1305	NCBIfam	TIGR03804	parallel beta-helix repeat (two copies)	289	332	0.19	T	07-05-2025	IPR022441	Parallel beta-helix repeat-2	-	-
HFDHAJOI_04577	193a5e518b8f788c7e2d99225cf05b3c	1305	Gene3D	G3DSA:2.60.40.10	Immunoglobulins	975	1068	8.7E-6	T	07-05-2025	IPR013783	Immunoglobulin-like fold	-	-
HFDHAJOI_04577	193a5e518b8f788c7e2d99225cf05b3c	1305	Gene3D	G3DSA:2.60.40.10	Immunoglobulins	881	974	1.7E-8	T	07-05-2025	IPR013783	Immunoglobulin-like fold	-	-
HFDHAJOI_04577	193a5e518b8f788c7e2d99225cf05b3c	1305	Gene3D	G3DSA:2.60.40.10	Immunoglobulins	783	880	5.2E-8	T	07-05-2025	IPR013783	Immunoglobulin-like fold	-	-
HFDHAJOI_04577	193a5e518b8f788c7e2d99225cf05b3c	1305	Pfam	PF17963	Bacterial Ig domain	976	1063	3.9E-6	T	07-05-2025	-	-	-	-
HFDHAJOI_04577	193a5e518b8f788c7e2d99225cf05b3c	1305	Pfam	PF17963	Bacterial Ig domain	790	872	2.2E-6	T	07-05-2025	-	-	-	-
HFDHAJOI_04577	193a5e518b8f788c7e2d99225cf05b3c	1305	SUPERFAMILY	SSF49313	Cadherin-like	802	884	2.35E-5	T	07-05-2025	IPR015919	Cadherin-like superfamily	GO:0005509(InterPro)|GO:0016020(InterPro)	-
HFDHAJOI_04671	3321abc7c235d2b8b462521b0225e158	450	Gene3D	G3DSA:3.30.1330.120	-	269	391	6.8E-28	T	07-05-2025	IPR042188	MmgE/PrpD superfamily, domain 2	-	-
HFDHAJOI_04671	3321abc7c235d2b8b462521b0225e158	450	Pfam	PF19305	MmgE/PrpD C-terminal domain	264	425	1.4E-29	T	07-05-2025	IPR045337	MmgE/PrpD, C-terminal	-	-
HFDHAJOI_04671	3321abc7c235d2b8b462521b0225e158	450	SUPERFAMILY	SSF103378	2-methylcitrate dehydratase PrpD	3	444	7.32E-84	T	07-05-2025	IPR036148	MmgE/PrpD superfamily	GO:0016829(InterPro)	-
HFDHAJOI_04671	3321abc7c235d2b8b462521b0225e158	450	Gene3D	G3DSA:1.10.4100.10	-	1	268	2.2E-45	T	07-05-2025	IPR042183	MmgE/PrpD superfamily, domain 1	-	-
HFDHAJOI_04671	3321abc7c235d2b8b462521b0225e158	450	Pfam	PF03972	MmgE/PrpD N-terminal domain	6	238	2.9E-36	T	07-05-2025	IPR045336	MmgE/PrpD, N-terminal	-	-
HFDHAJOI_04671	3321abc7c235d2b8b462521b0225e158	450	PANTHER	PTHR16943	2-METHYLCITRATE DEHYDRATASE-RELATED	4	444	7.3E-49	T	07-05-2025	IPR005656	MmgE/PrpD	GO:0016829(InterPro)	-
HFDHAJOI_04612	ccbe0a03c65c2720a6148f0cec3d01cd	71	Pfam	PF06412	Conjugal transfer protein TraD	10	67	9.4E-18	T	07-05-2025	IPR009444	Conjugal transfer, TraD, alpha-type	-	-
HFDHAJOI_04612	ccbe0a03c65c2720a6148f0cec3d01cd	71	NCBIfam	NF010421	type IV conjugative transfer system coupling protein TraD	1	70	3.1E-31	T	07-05-2025	-	-	-	-
HFDHAJOI_04433	28a77ba7a0b1014233a6e3c0201c03e0	161	MobiDBLite	mobidb-lite	consensus disorder prediction	124	134	-	T	07-05-2025	-	-	-	-
HFDHAJOI_04433	28a77ba7a0b1014233a6e3c0201c03e0	161	MobiDBLite	mobidb-lite	consensus disorder prediction	124	161	-	T	07-05-2025	-	-	-	-
HFDHAJOI_04433	28a77ba7a0b1014233a6e3c0201c03e0	161	ProSiteProfiles	PS51257	Prokaryotic membrane lipoprotein lipid attachment site profile.	1	17	5.0	T	07-05-2025	-	-	-	-
HFDHAJOI_04562	c807e7c89c9315d7533d9d2ef2ee392f	236	PANTHER	PTHR13604	DC12-RELATED	1	232	1.7E-17	T	07-05-2025	IPR003738	SOS response associated peptidase (SRAP)	GO:0003697(InterPro)|GO:0006974(InterPro)|GO:0106300(InterPro)	-
HFDHAJOI_04562	c807e7c89c9315d7533d9d2ef2ee392f	236	SUPERFAMILY	SSF143081	BB1717-like	2	233	5.76E-67	T	07-05-2025	IPR036590	SOS response associated peptidase-like	-	-
HFDHAJOI_04562	c807e7c89c9315d7533d9d2ef2ee392f	236	Gene3D	G3DSA:3.90.1680.20	-	141	223	7.8E-23	T	07-05-2025	-	-	-	-
HFDHAJOI_04562	c807e7c89c9315d7533d9d2ef2ee392f	236	Pfam	PF02586	SOS response associated peptidase (SRAP)	1	228	2.3E-17	T	07-05-2025	IPR003738	SOS response associated peptidase (SRAP)	GO:0003697(InterPro)|GO:0006974(InterPro)|GO:0106300(InterPro)	-
HFDHAJOI_04562	c807e7c89c9315d7533d9d2ef2ee392f	236	Gene3D	G3DSA:3.90.1680.20	-	9	140	1.5E-31	T	07-05-2025	-	-	-	-
HFDHAJOI_04568	dcdc0229a708e07769c2acc82a1b5c38	442	Pfam	PF07804	HipA-like C-terminal domain	170	385	6.3E-48	T	07-05-2025	IPR012893	HipA-like, C-terminal	-	-
HFDHAJOI_04568	dcdc0229a708e07769c2acc82a1b5c38	442	PANTHER	PTHR37419	SERINE/THREONINE-PROTEIN KINASE TOXIN HIPA	11	400	7.1E-67	T	07-05-2025	IPR052028	HipA Serine/Threonine-Protein Kinase	GO:0004674(PANTHER)|GO:0005829(PANTHER)	-
HFDHAJOI_04568	dcdc0229a708e07769c2acc82a1b5c38	442	Pfam	PF13657	HipA N-terminal domain	24	125	0.0022	T	07-05-2025	IPR017508	HipA, N-terminal subdomain 1	-	-
HFDHAJOI_04568	dcdc0229a708e07769c2acc82a1b5c38	442	Gene3D	G3DSA:1.10.1070.20	-	261	331	1.8E-5	T	07-05-2025	-	-	-	-
HFDHAJOI_04507	5d0eb20b2a0389ca6dd12d191bcd8ae7	738	MobiDBLite	mobidb-lite	consensus disorder prediction	96	159	-	T	07-05-2025	-	-	-	-
HFDHAJOI_04507	5d0eb20b2a0389ca6dd12d191bcd8ae7	738	MobiDBLite	mobidb-lite	consensus disorder prediction	113	123	-	T	07-05-2025	-	-	-	-
HFDHAJOI_04465	59c3f9576bb1a3348e1380e1e4ee1ead	92	PANTHER	PTHR33609	LOW CALCIUM RESPONSE LOCUS PROTEIN S	1	90	6.9E-11	T	07-05-2025	IPR052546	Transposase_8_domain-containing_protein	-	-
HFDHAJOI_04465	59c3f9576bb1a3348e1380e1e4ee1ead	92	Pfam	PF01527	Transposase	9	74	1.4E-7	T	07-05-2025	IPR002514	Transposase IS3/IS911family	GO:0003677(InterPro)|GO:0004803(InterPro)|GO:0006313(InterPro)	-
HFDHAJOI_04465	59c3f9576bb1a3348e1380e1e4ee1ead	92	Coils	Coil	Coil	53	80	-	T	07-05-2025	-	-	-	-
HFDHAJOI_04465	59c3f9576bb1a3348e1380e1e4ee1ead	92	SUPERFAMILY	SSF46689	Homeodomain-like	14	77	1.31E-9	T	07-05-2025	IPR009057	Homedomain-like superfamily	-	-
HFDHAJOI_04497	59c3f9576bb1a3348e1380e1e4ee1ead	92	PANTHER	PTHR33609	LOW CALCIUM RESPONSE LOCUS PROTEIN S	1	90	6.9E-11	T	07-05-2025	IPR052546	Transposase_8_domain-containing_protein	-	-
HFDHAJOI_04497	59c3f9576bb1a3348e1380e1e4ee1ead	92	Pfam	PF01527	Transposase	9	74	1.4E-7	T	07-05-2025	IPR002514	Transposase IS3/IS911family	GO:0003677(InterPro)|GO:0004803(InterPro)|GO:0006313(InterPro)	-
HFDHAJOI_04497	59c3f9576bb1a3348e1380e1e4ee1ead	92	Coils	Coil	Coil	53	80	-	T	07-05-2025	-	-	-	-
HFDHAJOI_04497	59c3f9576bb1a3348e1380e1e4ee1ead	92	SUPERFAMILY	SSF46689	Homeodomain-like	14	77	1.31E-9	T	07-05-2025	IPR009057	Homedomain-like superfamily	-	-
HFDHAJOI_04508	32a468aac924d1ba6de924e5dc10f1db	192	Pfam	PF13470	PIN domain	9	114	3.4E-6	T	07-05-2025	IPR002716	PIN domain	-	-
HFDHAJOI_04442	07b707ca04b9aef1853826fb9e9948ba	227	Pfam	PF00765	Autoinducer synthase	138	208	1.1E-9	T	07-05-2025	IPR001690	Autoinducer synthase	GO:0016740(InterPro)	-
HFDHAJOI_04442	07b707ca04b9aef1853826fb9e9948ba	227	Pfam	PF00765	Autoinducer synthase	13	118	1.8E-29	T	07-05-2025	IPR001690	Autoinducer synthase	GO:0016740(InterPro)	-
HFDHAJOI_04442	07b707ca04b9aef1853826fb9e9948ba	227	Gene3D	G3DSA:3.40.630.30	-	5	216	1.3E-49	T	07-05-2025	-	-	-	-
HFDHAJOI_04442	07b707ca04b9aef1853826fb9e9948ba	227	SUPERFAMILY	SSF55729	Acyl-CoA N-acyltransferases (Nat)	12	209	9.0E-36	T	07-05-2025	IPR016181	Acyl-CoA N-acyltransferase	-	-
HFDHAJOI_04442	07b707ca04b9aef1853826fb9e9948ba	227	PRINTS	PR01549	Autoinducer synthesis protein signature	20	39	5.4E-18	T	07-05-2025	IPR001690	Autoinducer synthase	GO:0016740(InterPro)	-
HFDHAJOI_04442	07b707ca04b9aef1853826fb9e9948ba	227	PRINTS	PR01549	Autoinducer synthesis protein signature	97	109	5.4E-18	T	07-05-2025	IPR001690	Autoinducer synthase	GO:0016740(InterPro)	-
HFDHAJOI_04442	07b707ca04b9aef1853826fb9e9948ba	227	PRINTS	PR01549	Autoinducer synthesis protein signature	64	82	5.4E-18	T	07-05-2025	IPR001690	Autoinducer synthase	GO:0016740(InterPro)	-
HFDHAJOI_04442	07b707ca04b9aef1853826fb9e9948ba	227	PRINTS	PR01549	Autoinducer synthesis protein signature	40	62	5.4E-18	T	07-05-2025	IPR001690	Autoinducer synthase	GO:0016740(InterPro)	-
HFDHAJOI_04442	07b707ca04b9aef1853826fb9e9948ba	227	PANTHER	PTHR39322	ACYL-HOMOSERINE-LACTONE SYNTHASE	11	211	3.8E-30	T	07-05-2025	IPR001690	Autoinducer synthase	GO:0007165(PANTHER)|GO:0016740(InterPro)	-
HFDHAJOI_04442	07b707ca04b9aef1853826fb9e9948ba	227	ProSiteProfiles	PS51187	Autoinducer synthase family profile.	2	212	44.405094	T	07-05-2025	IPR001690	Autoinducer synthase	GO:0016740(InterPro)	-
HFDHAJOI_04442	07b707ca04b9aef1853826fb9e9948ba	227	ProSitePatterns	PS00949	Autoinducer synthase family signature.	24	49	-	T	07-05-2025	IPR018311	Autoinducer synthesis, conserved site	-	-
HFDHAJOI_04624	a26ad3c78c4febedd01268c85bf18c3a	227	PANTHER	PTHR30576	COLANIC BIOSYNTHESIS UDP-GLUCOSE LIPID CARRIER TRANSFERASE	26	222	2.7E-67	T	07-05-2025	-	-	GO:0016780(PANTHER)	-
HFDHAJOI_04624	a26ad3c78c4febedd01268c85bf18c3a	227	Pfam	PF02397	Bacterial sugar transferase	33	219	2.4E-57	T	07-05-2025	IPR003362	Bacterial sugar transferase	-	-
HFDHAJOI_04587	470b7baa7ea77c13e61b41f0c28a11f7	436	Gene3D	G3DSA:3.40.50.720	-	1	201	7.0E-65	T	07-05-2025	-	-	-	-
HFDHAJOI_04587	470b7baa7ea77c13e61b41f0c28a11f7	436	PIRSF	PIRSF000124	UDPglc_GDPman_dh	1	436	2.2E-117	T	07-05-2025	IPR017476	UDP-glucose/GDP-mannose dehydrogenase	GO:0016616(InterPro)	-
HFDHAJOI_04587	470b7baa7ea77c13e61b41f0c28a11f7	436	NCBIfam	TIGR03026	nucleotide sugar dehydrogenase	1	407	1.7E-109	T	07-05-2025	IPR017476	UDP-glucose/GDP-mannose dehydrogenase	GO:0016616(InterPro)	-
HFDHAJOI_04587	470b7baa7ea77c13e61b41f0c28a11f7	436	Pfam	PF00984	UDP-glucose/GDP-mannose dehydrogenase family, central domain	204	298	1.6E-23	T	07-05-2025	IPR014026	UDP-glucose/GDP-mannose dehydrogenase, dimerisation	GO:0016616(InterPro)|GO:0051287(InterPro)	-
HFDHAJOI_04587	470b7baa7ea77c13e61b41f0c28a11f7	436	SUPERFAMILY	SSF52413	UDP-glucose/GDP-mannose dehydrogenase C-terminal domain	306	418	1.09E-19	T	07-05-2025	IPR036220	UDP-glucose/GDP-mannose dehydrogenase, C-terminal domain superfamily	-	-
HFDHAJOI_04587	470b7baa7ea77c13e61b41f0c28a11f7	436	SUPERFAMILY	SSF51735	NAD(P)-binding Rossmann-fold domains	1	196	2.91E-46	T	07-05-2025	IPR036291	NAD(P)-binding domain superfamily	-	-
HFDHAJOI_04587	470b7baa7ea77c13e61b41f0c28a11f7	436	Pfam	PF03720	UDP-glucose/GDP-mannose dehydrogenase family, UDP binding domain	317	401	1.3E-8	T	07-05-2025	IPR014027	UDP-glucose/GDP-mannose dehydrogenase, C-terminal	GO:0016616(InterPro)|GO:0051287(InterPro)	-
HFDHAJOI_04587	470b7baa7ea77c13e61b41f0c28a11f7	436	SMART	SM00984	UDPG_MGDP_dh_C_a_2_a	317	423	5.2E-12	T	07-05-2025	IPR014027	UDP-glucose/GDP-mannose dehydrogenase, C-terminal	GO:0016616(InterPro)|GO:0051287(InterPro)	-
HFDHAJOI_04587	470b7baa7ea77c13e61b41f0c28a11f7	436	SUPERFAMILY	SSF48179	6-phosphogluconate dehydrogenase C-terminal domain-like	204	300	1.56E-24	T	07-05-2025	IPR008927	6-phosphogluconate dehydrogenase-like, C-terminal domain superfamily	-	-
HFDHAJOI_04587	470b7baa7ea77c13e61b41f0c28a11f7	436	Gene3D	G3DSA:1.20.5.170	-	203	234	8.4E-15	T	07-05-2025	-	-	-	-
HFDHAJOI_04587	470b7baa7ea77c13e61b41f0c28a11f7	436	Gene3D	G3DSA:3.40.50.720	-	235	436	8.6E-50	T	07-05-2025	-	-	-	-
HFDHAJOI_04587	470b7baa7ea77c13e61b41f0c28a11f7	436	PANTHER	PTHR43750	UDP-GLUCOSE 6-DEHYDROGENASE TUAD	1	400	6.7E-104	T	07-05-2025	-	-	-	-
HFDHAJOI_04587	470b7baa7ea77c13e61b41f0c28a11f7	436	PIRSF	PIRSF500134	UDPglc_DH_bac	1	423	2.0E-103	T	07-05-2025	IPR028357	UDP-glucose 6-dehydrogenase, bacterial type	GO:0000271(InterPro)|GO:0003979(InterPro)	-
HFDHAJOI_04587	470b7baa7ea77c13e61b41f0c28a11f7	436	Pfam	PF03721	UDP-glucose/GDP-mannose dehydrogenase family, NAD binding domain	1	190	1.7E-45	T	07-05-2025	IPR001732	UDP-glucose/GDP-mannose dehydrogenase, N-terminal	GO:0016616(InterPro)|GO:0051287(InterPro)	-
HFDHAJOI_04587	470b7baa7ea77c13e61b41f0c28a11f7	436	ProSiteProfiles	PS51257	Prokaryotic membrane lipoprotein lipid attachment site profile.	1	18	5.0	T	07-05-2025	-	-	-	-
HFDHAJOI_04639	3d485ac5ba142b11045dc9bd99736aea	298	SUPERFAMILY	SSF53795	PEP carboxykinase-like	104	157	9.46E-14	T	07-05-2025	-	-	-	-
HFDHAJOI_04639	3d485ac5ba142b11045dc9bd99736aea	298	Gene3D	G3DSA:3.40.50.300	-	104	173	2.1E-17	T	07-05-2025	IPR027417	P-loop containing nucleoside triphosphate hydrolase	-	-
HFDHAJOI_04639	3d485ac5ba142b11045dc9bd99736aea	298	Pfam	PF07475	HPr Serine kinase C-terminal domain	106	154	6.5E-6	T	07-05-2025	IPR011104	HPr kinase/phosphorylase, C-terminal	GO:0000155(InterPro)|GO:0000160(InterPro)|GO:0004672(InterPro)|GO:0005524(InterPro)|GO:0006109(InterPro)	-
HFDHAJOI_04515	d6c40afde45a0288f09da0b7125aeac4	377	ProSiteProfiles	PS51318	Twin arginine translocation (Tat) signal profile.	1	36	9.914242	T	07-05-2025	IPR006311	Twin-arginine translocation pathway, signal sequence	-	-
HFDHAJOI_04515	d6c40afde45a0288f09da0b7125aeac4	377	PRINTS	PR00909	Bacterial periplasmic spermidine/putrescine-binding protein signature	142	158	5.9E-11	T	07-05-2025	IPR001188	Spermidine/putrescine-binding periplasmic protein	GO:0015846(InterPro)|GO:0019808(InterPro)|GO:0042597(InterPro)	-
HFDHAJOI_04515	d6c40afde45a0288f09da0b7125aeac4	377	PRINTS	PR00909	Bacterial periplasmic spermidine/putrescine-binding protein signature	62	83	5.9E-11	T	07-05-2025	IPR001188	Spermidine/putrescine-binding periplasmic protein	GO:0015846(InterPro)|GO:0019808(InterPro)|GO:0042597(InterPro)	-
HFDHAJOI_04515	d6c40afde45a0288f09da0b7125aeac4	377	PRINTS	PR00909	Bacterial periplasmic spermidine/putrescine-binding protein signature	169	183	5.9E-11	T	07-05-2025	IPR001188	Spermidine/putrescine-binding periplasmic protein	GO:0015846(InterPro)|GO:0019808(InterPro)|GO:0042597(InterPro)	-
HFDHAJOI_04515	d6c40afde45a0288f09da0b7125aeac4	377	PRINTS	PR00909	Bacterial periplasmic spermidine/putrescine-binding protein signature	277	296	5.9E-11	T	07-05-2025	IPR001188	Spermidine/putrescine-binding periplasmic protein	GO:0015846(InterPro)|GO:0019808(InterPro)|GO:0042597(InterPro)	-
HFDHAJOI_04515	d6c40afde45a0288f09da0b7125aeac4	377	Pfam	PF13416	Bacterial extracellular solute-binding protein	58	326	1.3E-20	T	07-05-2025	IPR006059	Bacterial-type extracellular solute-binding protein	-	-
HFDHAJOI_04515	d6c40afde45a0288f09da0b7125aeac4	377	Gene3D	G3DSA:3.40.190.10	-	46	345	1.4E-41	T	07-05-2025	-	-	-	-
HFDHAJOI_04515	d6c40afde45a0288f09da0b7125aeac4	377	Gene3D	G3DSA:3.40.190.10	-	151	349	1.4E-41	T	07-05-2025	-	-	-	-
HFDHAJOI_04515	d6c40afde45a0288f09da0b7125aeac4	377	PANTHER	PTHR30006	THIAMINE-BINDING PERIPLASMIC PROTEIN-RELATED	11	327	3.4E-20	T	07-05-2025	-	-	GO:0006810(PANTHER)	-
HFDHAJOI_04515	d6c40afde45a0288f09da0b7125aeac4	377	SUPERFAMILY	SSF53850	Periplasmic binding protein-like II	39	372	3.36E-48	T	07-05-2025	-	-	-	-
HFDHAJOI_04619	5d0cddbfbbe4fa31aa1fac94cc380949	233	Gene3D	G3DSA:1.10.10.10	-	170	233	2.3E-14	T	07-05-2025	IPR036388	Winged helix-like DNA-binding domain superfamily	-	-
HFDHAJOI_04619	5d0cddbfbbe4fa31aa1fac94cc380949	233	SUPERFAMILY	SSF75516	Pheromone-binding domain of LuxR-like quorum-sensing transcription factors	5	161	8.11E-28	T	07-05-2025	IPR036693	Transcription factor LuxR-like, autoinducer-binding domain superfamily	-	-
HFDHAJOI_04619	5d0cddbfbbe4fa31aa1fac94cc380949	233	SUPERFAMILY	SSF46894	C-terminal effector domain of the bipartite response regulators	167	231	7.48E-12	T	07-05-2025	IPR016032	Signal transduction response regulator, C-terminal effector	GO:0003677(InterPro)|GO:0006355(InterPro)	-
HFDHAJOI_04619	5d0cddbfbbe4fa31aa1fac94cc380949	233	SMART	SM00421	luxrmega5	170	227	2.1E-13	T	07-05-2025	IPR000792	Transcription regulator LuxR, C-terminal	GO:0006355(InterPro)	-
HFDHAJOI_04619	5d0cddbfbbe4fa31aa1fac94cc380949	233	Pfam	PF03472	Autoinducer binding domain	20	142	2.4E-14	T	07-05-2025	IPR005143	Transcription factor LuxR-like, autoinducer-binding domain	-	-
HFDHAJOI_04619	5d0cddbfbbe4fa31aa1fac94cc380949	233	ProSiteProfiles	PS50043	LuxR-type HTH domain profile.	166	231	20.530819	T	07-05-2025	IPR000792	Transcription regulator LuxR, C-terminal	GO:0006355(InterPro)	-
HFDHAJOI_04619	5d0cddbfbbe4fa31aa1fac94cc380949	233	Gene3D	G3DSA:3.30.450.80	-	1	162	9.9E-31	T	07-05-2025	IPR036693	Transcription factor LuxR-like, autoinducer-binding domain superfamily	-	-
HFDHAJOI_04619	5d0cddbfbbe4fa31aa1fac94cc380949	233	CDD	cd06170	LuxR_C_like	173	229	1.55891E-12	T	07-05-2025	IPR000792	Transcription regulator LuxR, C-terminal	GO:0006355(InterPro)	-
HFDHAJOI_04619	5d0cddbfbbe4fa31aa1fac94cc380949	233	Pfam	PF00196	Bacterial regulatory proteins, luxR family	172	224	3.4E-5	T	07-05-2025	IPR000792	Transcription regulator LuxR, C-terminal	GO:0006355(InterPro)	-
HFDHAJOI_04619	5d0cddbfbbe4fa31aa1fac94cc380949	233	PANTHER	PTHR44688	DNA-BINDING TRANSCRIPTIONAL ACTIVATOR DEVR_DOSR	61	231	1.4E-9	T	07-05-2025	-	-	-	-
HFDHAJOI_04585	fb8da1533eb859a819a419da59d05446	374	Gene3D	G3DSA:2.40.10.220	predicted glycosyltransferase like domains	9	113	1.4E-15	T	07-05-2025	-	-	-	-
HFDHAJOI_04634	536637837b3d27bafe18089287eb7115	423	PANTHER	PTHR37422	TEICHURONIC ACID BIOSYNTHESIS PROTEIN TUAE	8	383	1.1E-24	T	07-05-2025	IPR051533	O-antigen ligase-like	-	-
HFDHAJOI_04634	536637837b3d27bafe18089287eb7115	423	Pfam	PF04932	O-Antigen ligase	169	317	1.4E-13	T	07-05-2025	IPR007016	O-antigen ligase-related domain	-	-
HFDHAJOI_04573	69a38172ff7506031d3016017d5ef40f	618	SUPERFAMILY	SSF48452	TPR-like	436	586	7.59E-17	T	07-05-2025	IPR011990	Tetratricopeptide-like helical domain superfamily	GO:0005515(InterPro)	-
HFDHAJOI_04573	69a38172ff7506031d3016017d5ef40f	618	Gene3D	G3DSA:1.25.40.10	Tetratricopeptide repeat domain	340	594	9.9E-20	T	07-05-2025	IPR011990	Tetratricopeptide-like helical domain superfamily	GO:0005515(InterPro)	-
HFDHAJOI_04573	69a38172ff7506031d3016017d5ef40f	618	ProSiteProfiles	PS50005	TPR repeat profile.	454	487	8.5259	T	07-05-2025	IPR019734	Tetratricopeptide repeat	GO:0005515(InterPro)	-
HFDHAJOI_04581	505e883425b374a29ab51f2ff7b13240	912	Pfam	PF08238	Sel1 repeat	850	885	0.0019	T	07-05-2025	IPR006597	Sel1-like repeat	-	-
HFDHAJOI_04581	505e883425b374a29ab51f2ff7b13240	912	Pfam	PF08238	Sel1 repeat	271	303	57.0	T	07-05-2025	IPR006597	Sel1-like repeat	-	-
HFDHAJOI_04581	505e883425b374a29ab51f2ff7b13240	912	Pfam	PF08238	Sel1 repeat	197	232	67.0	T	07-05-2025	IPR006597	Sel1-like repeat	-	-
HFDHAJOI_04581	505e883425b374a29ab51f2ff7b13240	912	Pfam	PF08238	Sel1 repeat	52	91	130000.0	T	07-05-2025	IPR006597	Sel1-like repeat	-	-
HFDHAJOI_04581	505e883425b374a29ab51f2ff7b13240	912	Pfam	PF08238	Sel1 repeat	779	813	6.3E-4	T	07-05-2025	IPR006597	Sel1-like repeat	-	-
HFDHAJOI_04581	505e883425b374a29ab51f2ff7b13240	912	Pfam	PF08238	Sel1 repeat	816	849	14.0	T	07-05-2025	IPR006597	Sel1-like repeat	-	-
HFDHAJOI_04581	505e883425b374a29ab51f2ff7b13240	912	Pfam	PF08238	Sel1 repeat	669	692	8900.0	T	07-05-2025	IPR006597	Sel1-like repeat	-	-
HFDHAJOI_04581	505e883425b374a29ab51f2ff7b13240	912	Pfam	PF08238	Sel1 repeat	457	486	52.0	T	07-05-2025	IPR006597	Sel1-like repeat	-	-
HFDHAJOI_04581	505e883425b374a29ab51f2ff7b13240	912	Pfam	PF08238	Sel1 repeat	235	268	15.0	T	07-05-2025	IPR006597	Sel1-like repeat	-	-
HFDHAJOI_04581	505e883425b374a29ab51f2ff7b13240	912	Gene3D	G3DSA:1.25.40.10	Tetratricopeptide repeat domain	704	909	1.6E-37	T	07-05-2025	IPR011990	Tetratricopeptide-like helical domain superfamily	GO:0005515(InterPro)	-
HFDHAJOI_04581	505e883425b374a29ab51f2ff7b13240	912	SUPERFAMILY	SSF81901	HCP-like	191	312	8.37E-17	T	07-05-2025	-	-	-	-
HFDHAJOI_04581	505e883425b374a29ab51f2ff7b13240	912	SUPERFAMILY	SSF81901	HCP-like	611	693	2.75E-7	T	07-05-2025	-	-	-	-
HFDHAJOI_04581	505e883425b374a29ab51f2ff7b13240	912	SUPERFAMILY	SSF81901	HCP-like	764	888	4.53E-29	T	07-05-2025	-	-	-	-
HFDHAJOI_04581	505e883425b374a29ab51f2ff7b13240	912	SUPERFAMILY	SSF81901	HCP-like	440	526	9.42E-6	T	07-05-2025	-	-	-	-
HFDHAJOI_04581	505e883425b374a29ab51f2ff7b13240	912	Gene3D	G3DSA:1.25.40.10	Tetratricopeptide repeat domain	13	176	2.6E-6	T	07-05-2025	IPR011990	Tetratricopeptide-like helical domain superfamily	GO:0005515(InterPro)	-
HFDHAJOI_04581	505e883425b374a29ab51f2ff7b13240	912	PANTHER	PTHR11102	SEL-1-LIKE PROTEIN	73	314	3.7E-52	T	07-05-2025	IPR050767	Sel1/AlgK	-	-
HFDHAJOI_04581	505e883425b374a29ab51f2ff7b13240	912	Gene3D	G3DSA:1.25.40.10	Tetratricopeptide repeat domain	592	703	3.6E-6	T	07-05-2025	IPR011990	Tetratricopeptide-like helical domain superfamily	GO:0005515(InterPro)	-
HFDHAJOI_04581	505e883425b374a29ab51f2ff7b13240	912	SMART	SM00671	sel1	850	885	1.5E-7	T	07-05-2025	IPR006597	Sel1-like repeat	-	-
HFDHAJOI_04581	505e883425b374a29ab51f2ff7b13240	912	SMART	SM00671	sel1	814	849	0.0035	T	07-05-2025	IPR006597	Sel1-like repeat	-	-
HFDHAJOI_04581	505e883425b374a29ab51f2ff7b13240	912	SMART	SM00671	sel1	197	232	0.65	T	07-05-2025	IPR006597	Sel1-like repeat	-	-
HFDHAJOI_04581	505e883425b374a29ab51f2ff7b13240	912	SMART	SM00671	sel1	668	703	31.0	T	07-05-2025	IPR006597	Sel1-like repeat	-	-
HFDHAJOI_04581	505e883425b374a29ab51f2ff7b13240	912	SMART	SM00671	sel1	456	491	16.0	T	07-05-2025	IPR006597	Sel1-like repeat	-	-
HFDHAJOI_04581	505e883425b374a29ab51f2ff7b13240	912	SMART	SM00671	sel1	742	777	30.0	T	07-05-2025	IPR006597	Sel1-like repeat	-	-
HFDHAJOI_04581	505e883425b374a29ab51f2ff7b13240	912	SMART	SM00671	sel1	233	268	4.8	T	07-05-2025	IPR006597	Sel1-like repeat	-	-
HFDHAJOI_04581	505e883425b374a29ab51f2ff7b13240	912	SMART	SM00671	sel1	778	813	3.0E-6	T	07-05-2025	IPR006597	Sel1-like repeat	-	-
HFDHAJOI_04581	505e883425b374a29ab51f2ff7b13240	912	SMART	SM00671	sel1	269	304	1.9	T	07-05-2025	IPR006597	Sel1-like repeat	-	-
HFDHAJOI_04581	505e883425b374a29ab51f2ff7b13240	912	SMART	SM00671	sel1	49	91	56.0	T	07-05-2025	IPR006597	Sel1-like repeat	-	-
HFDHAJOI_04581	505e883425b374a29ab51f2ff7b13240	912	Gene3D	G3DSA:1.25.40.10	Tetratricopeptide repeat domain	179	561	2.8E-38	T	07-05-2025	IPR011990	Tetratricopeptide-like helical domain superfamily	GO:0005515(InterPro)	-
HFDHAJOI_04672	f2903e1f51f05bd2f0f62157e70cd5c2	268	SUPERFAMILY	SSF56655	Carbohydrate phosphatase	9	264	6.54E-67	T	07-05-2025	-	-	-	-
HFDHAJOI_04672	f2903e1f51f05bd2f0f62157e70cd5c2	268	PANTHER	PTHR20854	INOSITOL MONOPHOSPHATASE	8	265	1.4E-48	T	07-05-2025	-	-	GO:0006020(PANTHER)|GO:0007165(PANTHER)|GO:0008934(PANTHER)|GO:0046855(PANTHER)	-
HFDHAJOI_04672	f2903e1f51f05bd2f0f62157e70cd5c2	268	Gene3D	G3DSA:3.30.540.10	-	3	143	1.2E-38	T	07-05-2025	-	-	-	-
HFDHAJOI_04672	f2903e1f51f05bd2f0f62157e70cd5c2	268	PRINTS	PR01959	SuhB family inositol monophosphatase signature	21	43	6.2E-5	T	07-05-2025	IPR022337	Inositol monophosphatase SuhB-like	GO:0008934(InterPro)	-
HFDHAJOI_04672	f2903e1f51f05bd2f0f62157e70cd5c2	268	PRINTS	PR01959	SuhB family inositol monophosphatase signature	107	126	6.2E-5	T	07-05-2025	IPR022337	Inositol monophosphatase SuhB-like	GO:0008934(InterPro)	-
HFDHAJOI_04672	f2903e1f51f05bd2f0f62157e70cd5c2	268	FunFam	G3DSA:3.30.540.10:FF:000003	Inositol-1-monophosphatase	6	143	1.9E-34	T	07-05-2025	-	-	-	-
HFDHAJOI_04672	f2903e1f51f05bd2f0f62157e70cd5c2	268	Pfam	PF00459	Inositol monophosphatase family	12	264	1.1E-44	T	07-05-2025	IPR000760	Inositol monophosphatase-like	-	-
HFDHAJOI_04672	f2903e1f51f05bd2f0f62157e70cd5c2	268	CDD	cd01639	IMPase	12	250	1.42495E-76	T	07-05-2025	IPR033942	Inositol monophosphatase	GO:0008934(InterPro)	-
HFDHAJOI_04672	f2903e1f51f05bd2f0f62157e70cd5c2	268	ProSitePatterns	PS00630	Inositol monophosphatase family signature 2.	213	227	-	T	07-05-2025	IPR020550	Inositol monophosphatase, conserved site	GO:0046854(InterPro)	-
HFDHAJOI_04672	f2903e1f51f05bd2f0f62157e70cd5c2	268	PRINTS	PR00377	Inositol monophosphatase superfamily signature	64	80	2.3E-30	T	07-05-2025	IPR000760	Inositol monophosphatase-like	-	-
HFDHAJOI_04672	f2903e1f51f05bd2f0f62157e70cd5c2	268	PRINTS	PR00377	Inositol monophosphatase superfamily signature	180	201	2.3E-30	T	07-05-2025	IPR000760	Inositol monophosphatase-like	-	-
HFDHAJOI_04672	f2903e1f51f05bd2f0f62157e70cd5c2	268	PRINTS	PR00377	Inositol monophosphatase superfamily signature	42	62	2.3E-30	T	07-05-2025	IPR000760	Inositol monophosphatase-like	-	-
HFDHAJOI_04672	f2903e1f51f05bd2f0f62157e70cd5c2	268	PRINTS	PR00377	Inositol monophosphatase superfamily signature	133	156	2.3E-30	T	07-05-2025	IPR000760	Inositol monophosphatase-like	-	-
HFDHAJOI_04672	f2903e1f51f05bd2f0f62157e70cd5c2	268	PRINTS	PR00377	Inositol monophosphatase superfamily signature	85	101	2.3E-30	T	07-05-2025	IPR000760	Inositol monophosphatase-like	-	-
HFDHAJOI_04672	f2903e1f51f05bd2f0f62157e70cd5c2	268	PRINTS	PR00377	Inositol monophosphatase superfamily signature	210	234	2.3E-30	T	07-05-2025	IPR000760	Inositol monophosphatase-like	-	-
HFDHAJOI_04672	f2903e1f51f05bd2f0f62157e70cd5c2	268	ProSitePatterns	PS00629	Inositol monophosphatase family signature 1.	85	98	-	T	07-05-2025	IPR020583	Inositol monophosphatase, metal-binding site	-	-
HFDHAJOI_04672	f2903e1f51f05bd2f0f62157e70cd5c2	268	Gene3D	G3DSA:3.40.190.80	-	146	266	7.0E-23	T	07-05-2025	-	-	-	-
HFDHAJOI_04452	ce169239ad93d3f226c945d4dd0b2469	549	PANTHER	PTHR37292	VNG6097C	13	539	2.3E-73	T	07-05-2025	-	-	-	-
HFDHAJOI_04452	ce169239ad93d3f226c945d4dd0b2469	549	Pfam	PF03235	GmrSD restriction endonuclease, N-terminal domain	16	229	2.0E-25	T	07-05-2025	IPR004919	GmrSD restriction endonucleases, N-terminal domain	-	-
HFDHAJOI_04446	43154499decaaea4b6e156c5ded27ead	385	CDD	cd00799	INT_Cre_C	191	384	7.39181E-53	T	07-05-2025	-	-	-	-
HFDHAJOI_04446	43154499decaaea4b6e156c5ded27ead	385	SUPERFAMILY	SSF47823	lambda integrase-like, N-terminal domain	50	177	8.63E-5	T	07-05-2025	-	-	-	-
HFDHAJOI_04446	43154499decaaea4b6e156c5ded27ead	385	PANTHER	PTHR30349	PHAGE INTEGRASE-RELATED	93	374	4.2E-15	T	07-05-2025	IPR050090	Bacterial tyrosine recombinase XerC/XerD complex	-	-
HFDHAJOI_04446	43154499decaaea4b6e156c5ded27ead	385	MobiDBLite	mobidb-lite	consensus disorder prediction	355	385	-	T	07-05-2025	-	-	-	-
HFDHAJOI_04446	43154499decaaea4b6e156c5ded27ead	385	Gene3D	G3DSA:1.10.443.10	Intergrase catalytic core	181	374	1.3E-40	T	07-05-2025	IPR013762	Integrase-like, catalytic domain superfamily	GO:0003677(InterPro)|GO:0006310(InterPro)|GO:0015074(InterPro)	-
HFDHAJOI_04446	43154499decaaea4b6e156c5ded27ead	385	ProSiteProfiles	PS51898	Tyrosine recombinase domain profile.	181	385	22.454702	T	07-05-2025	IPR002104	Integrase, catalytic domain	GO:0003677(InterPro)|GO:0006310(InterPro)|GO:0015074(InterPro)	-
HFDHAJOI_04446	43154499decaaea4b6e156c5ded27ead	385	Pfam	PF00589	Phage integrase family	186	374	1.3E-12	T	07-05-2025	IPR002104	Integrase, catalytic domain	GO:0003677(InterPro)|GO:0006310(InterPro)|GO:0015074(InterPro)	-
HFDHAJOI_04446	43154499decaaea4b6e156c5ded27ead	385	SUPERFAMILY	SSF56349	DNA breaking-rejoining enzymes	179	384	7.06E-40	T	07-05-2025	IPR011010	DNA breaking-rejoining enzyme, catalytic core	GO:0003677(InterPro)	-
HFDHAJOI_04446	43154499decaaea4b6e156c5ded27ead	385	Gene3D	G3DSA:1.10.150.130	-	44	178	2.8E-7	T	07-05-2025	IPR010998	Integrase/recombinase, N-terminal	-	-
HFDHAJOI_04478	23150c908f0561025bad67b8f9392b4c	177	Pfam	PF04965	Baseplate wedge protein gp25	44	142	3.1E-12	T	07-05-2025	IPR007048	IraD/Gp25-like	-	-
HFDHAJOI_04478	23150c908f0561025bad67b8f9392b4c	177	SUPERFAMILY	SSF160719	gpW/gp25-like	44	155	9.68E-6	T	07-05-2025	-	-	-	-
HFDHAJOI_04478	23150c908f0561025bad67b8f9392b4c	177	PANTHER	PTHR38595	CYTOPLASMIC PROTEIN-RELATED	12	162	7.9E-16	T	07-05-2025	IPR053176	Type VI secretion system TssE1-like	-	-
HFDHAJOI_04478	23150c908f0561025bad67b8f9392b4c	177	NCBIfam	TIGR03357	type VI secretion system baseplate subunit TssE	17	164	1.1E-24	T	07-05-2025	IPR017737	Type VI secretion system protein TssE1-like	-	-
HFDHAJOI_04478	23150c908f0561025bad67b8f9392b4c	177	Coils	Coil	Coil	39	59	-	T	07-05-2025	-	-	-	-
HFDHAJOI_04445	621cf3a5287cb25b1af070192ad2b32f	404	NCBIfam	NF040974	plasmid replication protein RepC	1	393	3.1E-161	T	07-05-2025	IPR047611	Plasmid replication protein RepC	-	-
HFDHAJOI_04445	621cf3a5287cb25b1af070192ad2b32f	404	Pfam	PF03428	Replication protein C N-terminal domain	18	186	8.5E-62	T	07-05-2025	IPR005090	Plasmid replication protein C, N-terminal	-	-
HFDHAJOI_04445	621cf3a5287cb25b1af070192ad2b32f	404	NCBIfam	NF010396	replication protein C domain-containing protein	1	400	7.0E-178	T	07-05-2025	-	-	-	-
HFDHAJOI_04445	621cf3a5287cb25b1af070192ad2b32f	404	Pfam	PF11800	Replication protein C C-terminal region	294	395	1.2E-40	T	07-05-2025	IPR021760	Plasmid replication protein C, C-terminal	-	-
HFDHAJOI_04445	621cf3a5287cb25b1af070192ad2b32f	404	MobiDBLite	mobidb-lite	consensus disorder prediction	267	288	-	T	07-05-2025	-	-	-	-
HFDHAJOI_04445	621cf3a5287cb25b1af070192ad2b32f	404	MobiDBLite	mobidb-lite	consensus disorder prediction	247	288	-	T	07-05-2025	-	-	-	-
HFDHAJOI_04552	ccaaab60f98dbc3c3820c37c52affaff	481	Gene3D	G3DSA:3.30.420.40	-	245	474	5.4E-39	T	07-05-2025	-	-	-	-
HFDHAJOI_04552	ccaaab60f98dbc3c3820c37c52affaff	481	SUPERFAMILY	SSF53067	Actin-like ATPase domain	11	246	2.94E-10	T	07-05-2025	IPR043129	ATPase, nucleotide binding domain	-	-
HFDHAJOI_04552	ccaaab60f98dbc3c3820c37c52affaff	481	Gene3D	G3DSA:3.30.420.40	-	4	244	1.8E-19	T	07-05-2025	-	-	-	-
HFDHAJOI_04552	ccaaab60f98dbc3c3820c37c52affaff	481	Pfam	PF00370	FGGY family of carbohydrate kinases, N-terminal domain	135	245	6.9E-4	T	07-05-2025	IPR018484	Carbohydrate kinase FGGY, N-terminal	GO:0005975(InterPro)|GO:0016301(InterPro)	-
HFDHAJOI_04552	ccaaab60f98dbc3c3820c37c52affaff	481	Pfam	PF21546	Carbohydrate kinase FGGY, C-terminal domain	257	435	1.5E-39	T	07-05-2025	IPR049382	Carbohydrate kinase FGGY, C-terminal domain	-	-
HFDHAJOI_04552	ccaaab60f98dbc3c3820c37c52affaff	481	CDD	cd07772	ASKHA_NBD_FGGY_NaCK-like	9	432	3.53044E-142	T	07-05-2025	-	-	-	-
HFDHAJOI_04658	3ebf549272cee1cb296f2d600ac6b092	348	Gene3D	G3DSA:3.40.190.10	-	34	312	1.5E-65	T	07-05-2025	-	-	-	-
HFDHAJOI_04658	3ebf549272cee1cb296f2d600ac6b092	348	CDD	cd13589	PBP2_polyamine_RpCGA009	27	295	8.3009E-72	T	07-05-2025	-	-	-	-
HFDHAJOI_04658	3ebf549272cee1cb296f2d600ac6b092	348	Pfam	PF13416	Bacterial extracellular solute-binding protein	45	305	1.6E-19	T	07-05-2025	IPR006059	Bacterial-type extracellular solute-binding protein	-	-
HFDHAJOI_04658	3ebf549272cee1cb296f2d600ac6b092	348	SUPERFAMILY	SSF53850	Periplasmic binding protein-like II	27	341	1.18E-53	T	07-05-2025	-	-	-	-
HFDHAJOI_04658	3ebf549272cee1cb296f2d600ac6b092	348	PRINTS	PR00909	Bacterial periplasmic spermidine/putrescine-binding protein signature	249	268	6.9E-8	T	07-05-2025	IPR001188	Spermidine/putrescine-binding periplasmic protein	GO:0015846(InterPro)|GO:0019808(InterPro)|GO:0042597(InterPro)	-
HFDHAJOI_04658	3ebf549272cee1cb296f2d600ac6b092	348	PRINTS	PR00909	Bacterial periplasmic spermidine/putrescine-binding protein signature	51	72	6.9E-8	T	07-05-2025	IPR001188	Spermidine/putrescine-binding periplasmic protein	GO:0015846(InterPro)|GO:0019808(InterPro)|GO:0042597(InterPro)	-
HFDHAJOI_04658	3ebf549272cee1cb296f2d600ac6b092	348	PRINTS	PR00909	Bacterial periplasmic spermidine/putrescine-binding protein signature	148	162	6.9E-8	T	07-05-2025	IPR001188	Spermidine/putrescine-binding periplasmic protein	GO:0015846(InterPro)|GO:0019808(InterPro)|GO:0042597(InterPro)	-
HFDHAJOI_04658	3ebf549272cee1cb296f2d600ac6b092	348	PANTHER	PTHR30006	THIAMINE-BINDING PERIPLASMIC PROTEIN-RELATED	3	342	2.5E-37	T	07-05-2025	-	-	GO:0006810(PANTHER)|GO:0015888(PANTHER)|GO:0030288(PANTHER)|GO:0030975(PANTHER)|GO:0030976(PANTHER)	-
HFDHAJOI_04658	3ebf549272cee1cb296f2d600ac6b092	348	Gene3D	G3DSA:3.40.190.10	-	133	330	1.5E-65	T	07-05-2025	-	-	-	-
HFDHAJOI_04466	b90130ad4744959c09460585f5a8acd6	194	Coils	Coil	Coil	44	64	-	T	07-05-2025	-	-	-	-
HFDHAJOI_04536	31c3ba26feed6e02f62dd671cb80258d	316	PANTHER	PTHR46847	D-ALLOSE-BINDING PERIPLASMIC PROTEIN-RELATED	1	312	3.4E-57	T	07-05-2025	-	-	-	-
HFDHAJOI_04536	31c3ba26feed6e02f62dd671cb80258d	316	SUPERFAMILY	SSF53822	Periplasmic binding protein-like I	32	311	4.04E-67	T	07-05-2025	IPR028082	Periplasmic binding protein-like I	-	-
HFDHAJOI_04536	31c3ba26feed6e02f62dd671cb80258d	316	Gene3D	G3DSA:3.40.50.2300	-	50	296	1.4E-82	T	07-05-2025	-	-	-	-
HFDHAJOI_04536	31c3ba26feed6e02f62dd671cb80258d	316	Gene3D	G3DSA:3.40.50.2300	-	132	308	1.4E-82	T	07-05-2025	-	-	-	-
HFDHAJOI_04536	31c3ba26feed6e02f62dd671cb80258d	316	Pfam	PF13407	Periplasmic binding protein domain	36	289	4.8E-50	T	07-05-2025	IPR025997	Periplasmic binding protein	-	-
HFDHAJOI_04635	f44563011e343641b7581221ff1d1748	258	PRINTS	PR00737	Glycosyl hydrolase family 16 signature	88	106	3.0E-11	T	07-05-2025	IPR008264	Beta-glucanase	GO:0004553(InterPro)|GO:0005975(InterPro)	-
HFDHAJOI_04635	f44563011e343641b7581221ff1d1748	258	PRINTS	PR00737	Glycosyl hydrolase family 16 signature	229	241	3.0E-11	T	07-05-2025	IPR008264	Beta-glucanase	GO:0004553(InterPro)|GO:0005975(InterPro)	-
HFDHAJOI_04635	f44563011e343641b7581221ff1d1748	258	PRINTS	PR00737	Glycosyl hydrolase family 16 signature	162	179	3.0E-11	T	07-05-2025	IPR008264	Beta-glucanase	GO:0004553(InterPro)|GO:0005975(InterPro)	-
HFDHAJOI_04635	f44563011e343641b7581221ff1d1748	258	PRINTS	PR00737	Glycosyl hydrolase family 16 signature	129	144	3.0E-11	T	07-05-2025	IPR008264	Beta-glucanase	GO:0004553(InterPro)|GO:0005975(InterPro)	-
HFDHAJOI_04635	f44563011e343641b7581221ff1d1748	258	PRINTS	PR00737	Glycosyl hydrolase family 16 signature	204	226	3.0E-11	T	07-05-2025	IPR008264	Beta-glucanase	GO:0004553(InterPro)|GO:0005975(InterPro)	-
HFDHAJOI_04635	f44563011e343641b7581221ff1d1748	258	PANTHER	PTHR31062	XYLOGLUCAN ENDOTRANSGLUCOSYLASE/HYDROLASE PROTEIN 8-RELATED	61	216	4.3E-13	T	07-05-2025	IPR044791	Beta-glucanase/XTH	GO:0004553(InterPro)	-
HFDHAJOI_04635	f44563011e343641b7581221ff1d1748	258	Gene3D	G3DSA:2.60.120.200	-	30	242	5.8E-54	T	07-05-2025	-	-	-	-
HFDHAJOI_04635	f44563011e343641b7581221ff1d1748	258	SUPERFAMILY	SSF49899	Concanavalin A-like lectins/glucanases	32	241	4.12E-44	T	07-05-2025	IPR013320	Concanavalin A-like lectin/glucanase domain superfamily	-	-
HFDHAJOI_04635	f44563011e343641b7581221ff1d1748	258	ProSiteProfiles	PS51257	Prokaryotic membrane lipoprotein lipid attachment site profile.	1	23	6.0	T	07-05-2025	-	-	-	-
HFDHAJOI_04635	f44563011e343641b7581221ff1d1748	258	ProSiteProfiles	PS51762	Glycosyl hydrolases family 16 (GH16) domain profile.	14	246	19.528069	T	07-05-2025	IPR000757	Glycoside hydrolase family 16	GO:0004553(InterPro)|GO:0005975(InterPro)	-
HFDHAJOI_04635	f44563011e343641b7581221ff1d1748	258	Pfam	PF00722	Glycosyl hydrolases family 16	56	222	1.0E-27	T	07-05-2025	IPR000757	Glycoside hydrolase family 16	GO:0004553(InterPro)|GO:0005975(InterPro)	-
HFDHAJOI_04431	40de8833ef55344f4aab5677c59a20e5	238	SUPERFAMILY	SSF75516	Pheromone-binding domain of LuxR-like quorum-sensing transcription factors	8	160	4.58E-36	T	07-05-2025	IPR036693	Transcription factor LuxR-like, autoinducer-binding domain superfamily	-	-
HFDHAJOI_04431	40de8833ef55344f4aab5677c59a20e5	238	SMART	SM00421	luxrmega5	175	232	9.9E-4	T	07-05-2025	IPR000792	Transcription regulator LuxR, C-terminal	GO:0006355(InterPro)	-
HFDHAJOI_04431	40de8833ef55344f4aab5677c59a20e5	238	ProSiteProfiles	PS50043	LuxR-type HTH domain profile.	171	236	14.216055	T	07-05-2025	IPR000792	Transcription regulator LuxR, C-terminal	GO:0006355(InterPro)	-
HFDHAJOI_04431	40de8833ef55344f4aab5677c59a20e5	238	Coils	Coil	Coil	199	219	-	T	07-05-2025	-	-	-	-
HFDHAJOI_04431	40de8833ef55344f4aab5677c59a20e5	238	Gene3D	G3DSA:3.30.450.80	-	5	168	4.0E-39	T	07-05-2025	IPR036693	Transcription factor LuxR-like, autoinducer-binding domain superfamily	-	-
HFDHAJOI_04431	40de8833ef55344f4aab5677c59a20e5	238	Gene3D	G3DSA:1.10.10.10	-	177	238	1.1E-9	T	07-05-2025	IPR036388	Winged helix-like DNA-binding domain superfamily	-	-
HFDHAJOI_04431	40de8833ef55344f4aab5677c59a20e5	238	SUPERFAMILY	SSF46894	C-terminal effector domain of the bipartite response regulators	176	235	1.02E-8	T	07-05-2025	IPR016032	Signal transduction response regulator, C-terminal effector	GO:0003677(InterPro)|GO:0006355(InterPro)	-
HFDHAJOI_04431	40de8833ef55344f4aab5677c59a20e5	238	Pfam	PF03472	Autoinducer binding domain	20	147	3.9E-24	T	07-05-2025	IPR005143	Transcription factor LuxR-like, autoinducer-binding domain	-	-
HFDHAJOI_04431	40de8833ef55344f4aab5677c59a20e5	238	Pfam	PF00196	Bacterial regulatory proteins, luxR family	177	232	0.058	T	07-05-2025	IPR000792	Transcription regulator LuxR, C-terminal	GO:0006355(InterPro)	-
HFDHAJOI_04558	f7114e106e519050596fea3752e211f1	409	SUPERFAMILY	SSF55073	Nucleotide cyclase	248	399	4.79E-38	T	07-05-2025	IPR029787	Nucleotide cyclase	-	-
HFDHAJOI_04558	f7114e106e519050596fea3752e211f1	409	ProSiteProfiles	PS50887	GGDEF domain profile.	271	403	28.717932	T	07-05-2025	IPR000160	GGDEF domain	-	-
HFDHAJOI_04558	f7114e106e519050596fea3752e211f1	409	Pfam	PF00990	Diguanylate cyclase, GGDEF domain	244	397	5.1E-32	T	07-05-2025	IPR000160	GGDEF domain	-	-
HFDHAJOI_04558	f7114e106e519050596fea3752e211f1	409	NCBIfam	TIGR00254	diguanylate cyclase (GGDEF) domain	243	399	6.6E-33	T	07-05-2025	IPR000160	GGDEF domain	-	-
HFDHAJOI_04558	f7114e106e519050596fea3752e211f1	409	CDD	cd01949	GGDEF	245	398	3.88605E-51	T	07-05-2025	IPR000160	GGDEF domain	-	-
HFDHAJOI_04558	f7114e106e519050596fea3752e211f1	409	PANTHER	PTHR45138	REGULATORY COMPONENTS OF SENSORY TRANSDUCTION SYSTEM	206	402	1.4E-50	T	07-05-2025	IPR050469	Bacterial Diguanylate Cyclase	GO:0052621(PANTHER)	-
HFDHAJOI_04558	f7114e106e519050596fea3752e211f1	409	Gene3D	G3DSA:3.30.70.270	-	236	400	7.2E-45	T	07-05-2025	IPR043128	Reverse transcriptase/Diguanylate cyclase domain	-	-
HFDHAJOI_04558	f7114e106e519050596fea3752e211f1	409	SMART	SM00267	duf1_3	232	401	2.0E-44	T	07-05-2025	IPR000160	GGDEF domain	-	-
HFDHAJOI_04558	f7114e106e519050596fea3752e211f1	409	FunFam	G3DSA:3.30.70.270:FF:000001	Diguanylate cyclase domain protein	238	401	5.0E-43	T	07-05-2025	-	-	-	-
HFDHAJOI_04531	e76ec08d82201c0da6bf5bb7e1e176fa	565	PIRSF	PIRSF002741	MppA	6	561	1.3E-64	T	07-05-2025	IPR030678	Peptide/nickel binding protein, MppA-type	GO:0043190(InterPro)|GO:0055085(InterPro)	-
HFDHAJOI_04531	e76ec08d82201c0da6bf5bb7e1e176fa	565	Gene3D	G3DSA:3.10.105.10	-	308	537	3.3E-116	T	07-05-2025	-	-	-	-
HFDHAJOI_04531	e76ec08d82201c0da6bf5bb7e1e176fa	565	Pfam	PF00496	Bacterial extracellular solute-binding proteins, family 5 Middle	92	477	3.9E-63	T	07-05-2025	IPR000914	Solute-binding protein family 5 domain	-	-
HFDHAJOI_04531	e76ec08d82201c0da6bf5bb7e1e176fa	565	CDD	cd08506	PBP2_clavulanate_OppA2	46	549	7.88954E-174	T	07-05-2025	-	-	-	-
HFDHAJOI_04531	e76ec08d82201c0da6bf5bb7e1e176fa	565	SUPERFAMILY	SSF53850	Periplasmic binding protein-like II	42	564	2.53E-94	T	07-05-2025	-	-	-	-
HFDHAJOI_04531	e76ec08d82201c0da6bf5bb7e1e176fa	565	PANTHER	PTHR30290	PERIPLASMIC BINDING COMPONENT OF ABC TRANSPORTER	15	548	3.7E-68	T	07-05-2025	IPR039424	Solute-binding protein family 5	GO:0015833(PANTHER)|GO:1904680(PANTHER)	-
HFDHAJOI_04531	e76ec08d82201c0da6bf5bb7e1e176fa	565	Gene3D	G3DSA:3.40.190.10	-	43	549	3.3E-116	T	07-05-2025	-	-	-	-
HFDHAJOI_04663	c60ee9360f5b6a7ee46388189c659705	217	Gene3D	G3DSA:3.50.30.40	-	3	195	1.2E-37	T	07-05-2025	-	-	-	-
HFDHAJOI_04663	c60ee9360f5b6a7ee46388189c659705	217	PANTHER	PTHR33254	4-HYDROXY-4-METHYL-2-OXOGLUTARATE ALDOLASE 3-RELATED	49	188	2.5E-17	T	07-05-2025	-	-	-	-
HFDHAJOI_04663	c60ee9360f5b6a7ee46388189c659705	217	CDD	cd16841	RraA_family	34	175	6.48663E-23	T	07-05-2025	IPR005493	Ribonuclease E inhibitor RraA/RraA-like protein	-	-
HFDHAJOI_04663	c60ee9360f5b6a7ee46388189c659705	217	SUPERFAMILY	SSF89562	RraA-like	25	182	6.02E-33	T	07-05-2025	IPR036704	Ribonuclease E inhibitor RraA/RraA-like superfamily	-	-
HFDHAJOI_04663	c60ee9360f5b6a7ee46388189c659705	217	Pfam	PF03737	Aldolase/RraA	41	175	2.1E-24	T	07-05-2025	IPR005493	Ribonuclease E inhibitor RraA/RraA-like protein	-	-
HFDHAJOI_04434	10713e79644784533c3552af5876f9f8	274	Gene3D	G3DSA:2.60.40.2500	-	172	273	5.5E-22	T	07-05-2025	IPR038161	VirB9/CagX/TrbG, C-terminal domain superfamily	-	-
HFDHAJOI_04434	10713e79644784533c3552af5876f9f8	274	Pfam	PF03524	Conjugal transfer protein	71	272	1.3E-48	T	07-05-2025	IPR010258	Conjugal transfer, TrbG/VirB9/CagX	-	-
HFDHAJOI_04434	10713e79644784533c3552af5876f9f8	274	CDD	cd06911	VirB9_CagX_TrbG	183	274	1.78921E-25	T	07-05-2025	IPR033645	VirB9/CagX/TrbG, C-terminal	-	-
HFDHAJOI_04434	10713e79644784533c3552af5876f9f8	274	NCBIfam	TIGR02775	P-type conjugative transfer protein TrbG	59	260	1.2E-71	T	07-05-2025	IPR014142	P-type conjugative transfer protein TrbG	-	-
HFDHAJOI_04429	f9f11dc8232995225bc03331d07c9b3e	264	SMART	SM00862	Trans_reg_C_3	170	246	2.7E-19	T	07-05-2025	IPR001867	OmpR/PhoB-type DNA-binding domain	GO:0000160(InterPro)|GO:0003677(InterPro)|GO:0006355(InterPro)	-
HFDHAJOI_04429	f9f11dc8232995225bc03331d07c9b3e	264	Gene3D	G3DSA:3.40.50.2300	-	31	140	1.3E-7	T	07-05-2025	-	-	-	-
HFDHAJOI_04429	f9f11dc8232995225bc03331d07c9b3e	264	SUPERFAMILY	SSF46894	C-terminal effector domain of the bipartite response regulators	149	248	4.25E-21	T	07-05-2025	IPR016032	Signal transduction response regulator, C-terminal effector	GO:0003677(InterPro)|GO:0006355(InterPro)	-
HFDHAJOI_04429	f9f11dc8232995225bc03331d07c9b3e	264	SUPERFAMILY	SSF52172	CheY-like	44	140	1.37E-9	T	07-05-2025	IPR011006	CheY-like superfamily	-	-
HFDHAJOI_04429	f9f11dc8232995225bc03331d07c9b3e	264	ProSiteProfiles	PS51755	OmpR/PhoB-type DNA-binding domain profile.	148	248	30.652622	T	07-05-2025	IPR001867	OmpR/PhoB-type DNA-binding domain	GO:0000160(InterPro)|GO:0003677(InterPro)|GO:0006355(InterPro)	-
HFDHAJOI_04429	f9f11dc8232995225bc03331d07c9b3e	264	ProSiteProfiles	PS50110	Response regulatory domain profile.	22	135	15.817361	T	07-05-2025	IPR001789	Signal transduction response regulator, receiver domain	GO:0000160(InterPro)	-
HFDHAJOI_04429	f9f11dc8232995225bc03331d07c9b3e	264	PANTHER	PTHR48111	REGULATOR OF RPOS	46	251	5.8E-20	T	07-05-2025	IPR039420	Transcriptional regulatory protein WalR-like	GO:0000156(PANTHER)|GO:0000976(PANTHER)|GO:0005829(PANTHER)|GO:0006355(PANTHER)|GO:0032993(PANTHER)	-
HFDHAJOI_04429	f9f11dc8232995225bc03331d07c9b3e	264	Gene3D	G3DSA:1.10.10.10	-	143	250	3.2E-24	T	07-05-2025	IPR036388	Winged helix-like DNA-binding domain superfamily	-	-
HFDHAJOI_04429	f9f11dc8232995225bc03331d07c9b3e	264	Pfam	PF00486	Transcriptional regulatory protein, C terminal	170	246	6.4E-15	T	07-05-2025	IPR001867	OmpR/PhoB-type DNA-binding domain	GO:0000160(InterPro)|GO:0003677(InterPro)|GO:0006355(InterPro)	-
HFDHAJOI_04429	f9f11dc8232995225bc03331d07c9b3e	264	CDD	cd00383	trans_reg_C	156	246	9.06801E-21	T	07-05-2025	IPR001867	OmpR/PhoB-type DNA-binding domain	GO:0000160(InterPro)|GO:0003677(InterPro)|GO:0006355(InterPro)	-
HFDHAJOI_04649	1448f28c93c10a188822c565425dfd90	404	Gene3D	G3DSA:3.10.560.10	Outer membrane lipoprotein wza domain like	187	262	1.6E-55	T	07-05-2025	-	-	-	-
HFDHAJOI_04649	1448f28c93c10a188822c565425dfd90	404	PANTHER	PTHR33619	POLYSACCHARIDE EXPORT PROTEIN GFCE-RELATED	22	385	4.0E-40	T	07-05-2025	IPR049712	Polysaccharide export protein	GO:0015159(InterPro)|GO:0015774(InterPro)	-
HFDHAJOI_04649	1448f28c93c10a188822c565425dfd90	404	Gene3D	G3DSA:3.10.560.10	Outer membrane lipoprotein wza domain like	263	363	1.6E-55	T	07-05-2025	-	-	-	-
HFDHAJOI_04649	1448f28c93c10a188822c565425dfd90	404	Pfam	PF22461	SLBB domain	184	259	1.3E-6	T	07-05-2025	IPR054765	SLBB domain	-	-
HFDHAJOI_04649	1448f28c93c10a188822c565425dfd90	404	Pfam	PF22461	SLBB domain	270	363	0.0012	T	07-05-2025	IPR054765	SLBB domain	-	-
HFDHAJOI_04649	1448f28c93c10a188822c565425dfd90	404	Pfam	PF02563	Polysaccharide biosynthesis/export protein	87	177	1.1E-9	T	07-05-2025	IPR003715	Polysaccharide export protein, N-terminal domain	-	-
HFDHAJOI_04649	1448f28c93c10a188822c565425dfd90	404	Gene3D	G3DSA:3.30.1950.10	wza like domain	96	181	1.6E-55	T	07-05-2025	-	-	-	-
HFDHAJOI_04665	8497764e2448414b6f3dd135fcfa5609	73	Gene3D	G3DSA:1.10.260.40	-	1	70	5.7E-21	T	07-05-2025	IPR010982	Lambda repressor-like, DNA-binding domain superfamily	GO:0003677(InterPro)	-
HFDHAJOI_04665	8497764e2448414b6f3dd135fcfa5609	73	SMART	SM00530	mbf_short4	10	65	1.3E-14	T	07-05-2025	IPR001387	Cro/C1-type helix-turn-helix domain	-	-
HFDHAJOI_04665	8497764e2448414b6f3dd135fcfa5609	73	Pfam	PF01381	Helix-turn-helix	11	64	5.2E-12	T	07-05-2025	IPR001387	Cro/C1-type helix-turn-helix domain	-	-
HFDHAJOI_04665	8497764e2448414b6f3dd135fcfa5609	73	CDD	cd00093	HTH_XRE	8	65	2.28093E-15	T	07-05-2025	IPR001387	Cro/C1-type helix-turn-helix domain	-	-
HFDHAJOI_04665	8497764e2448414b6f3dd135fcfa5609	73	PANTHER	PTHR46797	HTH-TYPE TRANSCRIPTIONAL REGULATOR	4	69	8.8E-15	T	07-05-2025	IPR050807	Bacterial transcriptional regulator/dioxygenase	GO:0003700(PANTHER)|GO:0005829(PANTHER)|GO:0006355(PANTHER)	-
HFDHAJOI_04665	8497764e2448414b6f3dd135fcfa5609	73	ProSiteProfiles	PS50943	Cro/C1-type HTH domain profile.	11	65	15.55398	T	07-05-2025	IPR001387	Cro/C1-type helix-turn-helix domain	-	-
HFDHAJOI_04665	8497764e2448414b6f3dd135fcfa5609	73	SUPERFAMILY	SSF47413	lambda repressor-like DNA-binding domains	1	69	1.39E-18	T	07-05-2025	IPR010982	Lambda repressor-like, DNA-binding domain superfamily	GO:0003677(InterPro)	-
HFDHAJOI_04560	4190369442ff0949bc64c51365e63359	193	Pfam	PF13470	PIN domain	7	114	5.8E-5	T	07-05-2025	IPR002716	PIN domain	-	-
HFDHAJOI_04477	b56c339aeef0b0c6816b9828bbe79824	593	PIRSF	PIRSF028304	UCP028304	1	592	2.0E-175	T	07-05-2025	IPR010272	Type VI secretion system TssF	-	-
HFDHAJOI_04477	b56c339aeef0b0c6816b9828bbe79824	593	PANTHER	PTHR35370	CYTOPLASMIC PROTEIN-RELATED-RELATED	1	592	5.4E-141	T	07-05-2025	IPR010272	Type VI secretion system TssF	-	-
HFDHAJOI_04477	b56c339aeef0b0c6816b9828bbe79824	593	NCBIfam	TIGR03359	type VI secretion system baseplate subunit TssF	6	593	1.8E-182	T	07-05-2025	IPR010272	Type VI secretion system TssF	-	-
HFDHAJOI_04477	b56c339aeef0b0c6816b9828bbe79824	593	Pfam	PF05947	Type VI secretion system, TssF	1	590	3.8E-194	T	07-05-2025	IPR010272	Type VI secretion system TssF	-	-
HFDHAJOI_04486	81b7b51aa334c41c45dde4a3e31095c3	290	Pfam	PF18431	Bacterial CdiA-CT RNAse A domain	172	288	8.1E-24	T	07-05-2025	IPR041436	Bacterial CdiA-CT RNAse A domain	-	-
HFDHAJOI_04486	81b7b51aa334c41c45dde4a3e31095c3	290	CDD	cd20684	CdiA-CT_Yk_RNaseA-like	173	289	2.8523E-35	T	07-05-2025	-	-	-	-
HFDHAJOI_04527	46bc9ab4d891ced740d2db973d664292	345	ProSitePatterns	PS00211	ABC transporters family signature.	178	192	-	T	07-05-2025	IPR017871	ABC transporter-like, conserved site	GO:0005524(InterPro)|GO:0016887(InterPro)	-
HFDHAJOI_04527	46bc9ab4d891ced740d2db973d664292	345	Pfam	PF08352	Oligopeptide/dipeptide transporter, C-terminal region	257	322	5.6E-15	T	07-05-2025	IPR013563	Oligopeptide/dipeptide ABC transporter, C-terminal	GO:0000166(InterPro)|GO:0005524(InterPro)|GO:0015833(InterPro)	-
HFDHAJOI_04527	46bc9ab4d891ced740d2db973d664292	345	PANTHER	PTHR43776	TRANSPORT ATP-BINDING PROTEIN	22	342	1.4E-122	T	07-05-2025	IPR050319	ABC Transporter ATP-Binding	-	-
HFDHAJOI_04527	46bc9ab4d891ced740d2db973d664292	345	ProSiteProfiles	PS50893	ATP-binding cassette, ABC transporter-type domain profile.	28	278	23.943012	T	07-05-2025	IPR003439	ABC transporter-like, ATP-binding domain	GO:0005524(InterPro)|GO:0016887(InterPro)	-
HFDHAJOI_04527	46bc9ab4d891ced740d2db973d664292	345	CDD	cd03257	ABC_NikE_OppD_transporters	27	260	1.81484E-116	T	07-05-2025	-	-	-	-
HFDHAJOI_04527	46bc9ab4d891ced740d2db973d664292	345	SUPERFAMILY	SSF52540	P-loop containing nucleoside triphosphate hydrolases	28	277	4.96E-71	T	07-05-2025	IPR027417	P-loop containing nucleoside triphosphate hydrolase	-	-
HFDHAJOI_04527	46bc9ab4d891ced740d2db973d664292	345	Gene3D	G3DSA:3.40.50.300	-	26	345	6.9E-96	T	07-05-2025	IPR027417	P-loop containing nucleoside triphosphate hydrolase	-	-
HFDHAJOI_04527	46bc9ab4d891ced740d2db973d664292	345	SMART	SM00382	AAA_5	63	255	3.5E-17	T	07-05-2025	IPR003593	AAA+ ATPase domain	-	-
HFDHAJOI_04527	46bc9ab4d891ced740d2db973d664292	345	FunFam	G3DSA:3.40.50.300:FF:000016	Oligopeptide ABC transporter ATP-binding component	24	345	6.4E-114	T	07-05-2025	-	-	-	-
HFDHAJOI_04527	46bc9ab4d891ced740d2db973d664292	345	Pfam	PF00005	ABC transporter	55	205	3.5E-29	T	07-05-2025	IPR003439	ABC transporter-like, ATP-binding domain	GO:0005524(InterPro)|GO:0016887(InterPro)	-
HFDHAJOI_04527	46bc9ab4d891ced740d2db973d664292	345	NCBIfam	TIGR01727	oligopeptide/dipeptide ABC transporter ATP-binding protein , C-terminal domain	256	342	1.8E-23	T	07-05-2025	IPR013563	Oligopeptide/dipeptide ABC transporter, C-terminal	GO:0000166(InterPro)|GO:0005524(InterPro)|GO:0015833(InterPro)	-
HFDHAJOI_04449	7309fc08b36ade183474d636070083a4	85	MobiDBLite	mobidb-lite	consensus disorder prediction	66	85	-	T	07-05-2025	-	-	-	-
HFDHAJOI_04449	7309fc08b36ade183474d636070083a4	85	Pfam	PF07704	Rv0623-like transcription factor	6	84	9.8E-9	T	07-05-2025	IPR011660	Antitoxin VapB-like	-	-
HFDHAJOI_04510	d5bc399af96a7004863c74813fa59a01	357	ProSiteProfiles	PS51459	Fido domain profile.	113	274	20.968624	T	07-05-2025	IPR003812	Fido domain	-	-
HFDHAJOI_04510	d5bc399af96a7004863c74813fa59a01	357	SUPERFAMILY	SSF140931	Fic-like	89	289	9.55E-38	T	07-05-2025	IPR036597	Fido-like domain superfamily	-	-
HFDHAJOI_04510	d5bc399af96a7004863c74813fa59a01	357	SUPERFAMILY	SSF46785	"Winged helix" DNA-binding domain	298	354	5.88E-6	T	07-05-2025	IPR036390	Winged helix DNA-binding domain superfamily	-	-
HFDHAJOI_04510	d5bc399af96a7004863c74813fa59a01	357	Pfam	PF02661	Fic/DOC family	113	223	7.1E-14	T	07-05-2025	IPR003812	Fido domain	-	-
HFDHAJOI_04510	d5bc399af96a7004863c74813fa59a01	357	Gene3D	G3DSA:1.10.10.10	-	296	356	6.0E-14	T	07-05-2025	IPR036388	Winged helix-like DNA-binding domain superfamily	-	-
HFDHAJOI_04510	d5bc399af96a7004863c74813fa59a01	357	Gene3D	G3DSA:1.10.3290.10	-	23	295	2.7E-62	T	07-05-2025	IPR036597	Fido-like domain superfamily	-	-
HFDHAJOI_04510	d5bc399af96a7004863c74813fa59a01	357	Coils	Coil	Coil	273	293	-	T	07-05-2025	-	-	-	-
HFDHAJOI_04510	d5bc399af96a7004863c74813fa59a01	357	PANTHER	PTHR13504	FIDO DOMAIN-CONTAINING PROTEIN DDB_G0283145	53	343	6.2E-41	T	07-05-2025	IPR040198	Fido domain-containing protein	-	-
HFDHAJOI_04547	43b08e4549978c15fba1df34cbc7a096	504	ProSitePatterns	PS00211	ABC transporters family signature.	407	421	-	T	07-05-2025	IPR017871	ABC transporter-like, conserved site	GO:0005524(InterPro)|GO:0016887(InterPro)	-
HFDHAJOI_04547	43b08e4549978c15fba1df34cbc7a096	504	Gene3D	G3DSA:3.40.50.300	-	256	502	1.2E-44	T	07-05-2025	IPR027417	P-loop containing nucleoside triphosphate hydrolase	-	-
HFDHAJOI_04547	43b08e4549978c15fba1df34cbc7a096	504	CDD	cd03215	ABC_Carb_Monos_II	266	484	5.70064E-78	T	07-05-2025	-	-	-	-
HFDHAJOI_04547	43b08e4549978c15fba1df34cbc7a096	504	ProSiteProfiles	PS50893	ATP-binding cassette, ABC transporter-type domain profile.	15	252	22.24901	T	07-05-2025	IPR003439	ABC transporter-like, ATP-binding domain	GO:0005524(InterPro)|GO:0016887(InterPro)	-
HFDHAJOI_04547	43b08e4549978c15fba1df34cbc7a096	504	ProSiteProfiles	PS50893	ATP-binding cassette, ABC transporter-type domain profile.	257	504	16.04656	T	07-05-2025	IPR003439	ABC transporter-like, ATP-binding domain	GO:0005524(InterPro)|GO:0016887(InterPro)	-
HFDHAJOI_04547	43b08e4549978c15fba1df34cbc7a096	504	SUPERFAMILY	SSF52540	P-loop containing nucleoside triphosphate hydrolases	280	490	4.71E-44	T	07-05-2025	IPR027417	P-loop containing nucleoside triphosphate hydrolase	-	-
HFDHAJOI_04547	43b08e4549978c15fba1df34cbc7a096	504	SUPERFAMILY	SSF52540	P-loop containing nucleoside triphosphate hydrolases	13	241	1.67E-55	T	07-05-2025	IPR027417	P-loop containing nucleoside triphosphate hydrolase	-	-
HFDHAJOI_04547	43b08e4549978c15fba1df34cbc7a096	504	Pfam	PF00005	ABC transporter	30	181	1.0E-26	T	07-05-2025	IPR003439	ABC transporter-like, ATP-binding domain	GO:0005524(InterPro)|GO:0016887(InterPro)	-
HFDHAJOI_04547	43b08e4549978c15fba1df34cbc7a096	504	SMART	SM00382	AAA_5	289	483	0.0025	T	07-05-2025	IPR003593	AAA+ ATPase domain	-	-
HFDHAJOI_04547	43b08e4549978c15fba1df34cbc7a096	504	SMART	SM00382	AAA_5	39	229	1.7E-11	T	07-05-2025	IPR003593	AAA+ ATPase domain	-	-
HFDHAJOI_04547	43b08e4549978c15fba1df34cbc7a096	504	CDD	cd03216	ABC_Carb_Monos_I	15	233	5.64957E-72	T	07-05-2025	-	-	-	-
HFDHAJOI_04547	43b08e4549978c15fba1df34cbc7a096	504	PANTHER	PTHR43790	CARBOHYDRATE TRANSPORT ATP-BINDING PROTEIN MG119-RELATED	12	498	1.3E-163	T	07-05-2025	IPR050107	ABC transporter carbohydrate import ATP-binding proteins	-	-
HFDHAJOI_04547	43b08e4549978c15fba1df34cbc7a096	504	Pfam	PF00005	ABC transporter	281	434	1.2E-19	T	07-05-2025	IPR003439	ABC transporter-like, ATP-binding domain	GO:0005524(InterPro)|GO:0016887(InterPro)	-
HFDHAJOI_04547	43b08e4549978c15fba1df34cbc7a096	504	Gene3D	G3DSA:3.40.50.300	-	3	255	2.5E-57	T	07-05-2025	IPR027417	P-loop containing nucleoside triphosphate hydrolase	-	-
HFDHAJOI_04630	398f25cd69eaa81e726fd51d9bbe3a76	311	CDD	cd00761	Glyco_tranf_GTA_type	14	147	1.14061E-13	T	07-05-2025	-	-	-	-
HFDHAJOI_04630	398f25cd69eaa81e726fd51d9bbe3a76	311	Pfam	PF00535	Glycosyl transferase family 2	14	168	1.1E-14	T	07-05-2025	IPR001173	Glycosyltransferase 2-like	-	-
HFDHAJOI_04630	398f25cd69eaa81e726fd51d9bbe3a76	311	SUPERFAMILY	SSF53448	Nucleotide-diphospho-sugar transferases	9	260	6.56E-29	T	07-05-2025	IPR029044	Nucleotide-diphospho-sugar transferases	-	-
HFDHAJOI_04630	398f25cd69eaa81e726fd51d9bbe3a76	311	Gene3D	G3DSA:3.90.550.10	Spore Coat Polysaccharide Biosynthesis Protein SpsA; Chain A	4	223	1.3E-24	T	07-05-2025	IPR029044	Nucleotide-diphospho-sugar transferases	-	-
HFDHAJOI_04520	6801c16eaf2ead50aa9f7b35d1e2599b	501	PRINTS	PR00035	GntR bacterial regulatory protein HTH signature	51	65	6.6E-6	T	07-05-2025	IPR000524	Transcription regulator HTH, GntR	GO:0003700(InterPro)|GO:0006355(InterPro)	-
HFDHAJOI_04520	6801c16eaf2ead50aa9f7b35d1e2599b	501	PRINTS	PR00035	GntR bacterial regulatory protein HTH signature	65	81	6.6E-6	T	07-05-2025	IPR000524	Transcription regulator HTH, GntR	GO:0003700(InterPro)|GO:0006355(InterPro)	-
HFDHAJOI_04520	6801c16eaf2ead50aa9f7b35d1e2599b	501	PANTHER	PTHR46577	HTH-TYPE TRANSCRIPTIONAL REGULATORY PROTEIN GABR	24	494	8.1E-97	T	07-05-2025	IPR051446	HTH-type transcriptional regulator with aminotransferase domain	-	-
HFDHAJOI_04520	6801c16eaf2ead50aa9f7b35d1e2599b	501	Gene3D	G3DSA:3.40.640.10	-	121	486	5.3E-87	T	07-05-2025	IPR015421	Pyridoxal phosphate-dependent transferase, major domain	-	-
HFDHAJOI_04520	6801c16eaf2ead50aa9f7b35d1e2599b	501	Gene3D	G3DSA:1.10.10.10	-	20	99	6.1E-17	T	07-05-2025	IPR036388	Winged helix-like DNA-binding domain superfamily	-	-
HFDHAJOI_04520	6801c16eaf2ead50aa9f7b35d1e2599b	501	Pfam	PF00392	Bacterial regulatory proteins, gntR family	41	91	3.8E-8	T	07-05-2025	IPR000524	Transcription regulator HTH, GntR	GO:0003700(InterPro)|GO:0006355(InterPro)	-
HFDHAJOI_04520	6801c16eaf2ead50aa9f7b35d1e2599b	501	CDD	cd07377	WHTH_GntR	27	92	1.61569E-18	T	07-05-2025	IPR000524	Transcription regulator HTH, GntR	GO:0003700(InterPro)|GO:0006355(InterPro)	-
HFDHAJOI_04520	6801c16eaf2ead50aa9f7b35d1e2599b	501	SMART	SM00345	gntr3	32	91	3.5E-11	T	07-05-2025	IPR000524	Transcription regulator HTH, GntR	GO:0003700(InterPro)|GO:0006355(InterPro)	-
HFDHAJOI_04520	6801c16eaf2ead50aa9f7b35d1e2599b	501	SUPERFAMILY	SSF46785	"Winged helix" DNA-binding domain	25	93	1.32E-16	T	07-05-2025	IPR036390	Winged helix DNA-binding domain superfamily	-	-
HFDHAJOI_04520	6801c16eaf2ead50aa9f7b35d1e2599b	501	ProSiteProfiles	PS50949	GntR-type HTH domain profile.	26	94	18.110447	T	07-05-2025	IPR000524	Transcription regulator HTH, GntR	GO:0003700(InterPro)|GO:0006355(InterPro)	-
HFDHAJOI_04520	6801c16eaf2ead50aa9f7b35d1e2599b	501	CDD	cd00609	AAT_like	135	489	8.92299E-50	T	07-05-2025	-	-	-	-
HFDHAJOI_04520	6801c16eaf2ead50aa9f7b35d1e2599b	501	Pfam	PF00155	Aminotransferase class I and II	148	473	1.6E-16	T	07-05-2025	IPR004839	Aminotransferase, class I/classII, large domain	GO:0009058(InterPro)|GO:0030170(InterPro)	-
HFDHAJOI_04520	6801c16eaf2ead50aa9f7b35d1e2599b	501	SUPERFAMILY	SSF53383	PLP-dependent transferases	129	493	2.79E-70	T	07-05-2025	IPR015424	Pyridoxal phosphate-dependent transferase	-	-
HFDHAJOI_04490	923dff8063d1867e1f2dad69fecaf9b8	817	Gene3D	G3DSA:3.55.50.10	-	113	205	4.7E-79	T	07-05-2025	-	-	-	-
HFDHAJOI_04490	923dff8063d1867e1f2dad69fecaf9b8	817	SUPERFAMILY	SSF69349	Phage fibre proteins	668	791	2.12E-7	T	07-05-2025	-	-	-	-
HFDHAJOI_04490	923dff8063d1867e1f2dad69fecaf9b8	817	NCBIfam	TIGR03361	type VI secretion system tip protein TssI/VgrG N-terminal domain	18	537	1.1E-157	T	07-05-2025	IPR017847	Type VI secretion system, RhsGE-associated Vgr family subset	-	-
HFDHAJOI_04490	923dff8063d1867e1f2dad69fecaf9b8	817	Pfam	PF04717	Type VI secretion system/phage-baseplate injector OB domain	401	468	5.3E-8	T	07-05-2025	IPR006531	Gp5/Type VI secretion system Vgr protein, OB-fold domain	-	-
HFDHAJOI_04490	923dff8063d1867e1f2dad69fecaf9b8	817	Pfam	PF22178	Bacteriophage T4 gp5 C-terminal trimerisation domain	488	567	2.1E-15	T	07-05-2025	IPR054030	Gp5/Type VI secretion system Vgr, C-terminal trimerisation domain	-	-
HFDHAJOI_04490	923dff8063d1867e1f2dad69fecaf9b8	817	SUPERFAMILY	SSF69349	Phage fibre proteins	459	568	4.24E-29	T	07-05-2025	-	-	-	-
HFDHAJOI_04490	923dff8063d1867e1f2dad69fecaf9b8	817	Pfam	PF05954	Phage tail baseplate hub (GPD)	36	348	1.9E-72	T	07-05-2025	-	-	-	-
HFDHAJOI_04490	923dff8063d1867e1f2dad69fecaf9b8	817	SUPERFAMILY	SSF69279	Phage tail proteins	222	381	3.57E-25	T	07-05-2025	-	-	-	-
HFDHAJOI_04490	923dff8063d1867e1f2dad69fecaf9b8	817	Gene3D	G3DSA:2.30.110.50	-	22	352	4.7E-79	T	07-05-2025	-	-	-	-
HFDHAJOI_04490	923dff8063d1867e1f2dad69fecaf9b8	817	Gene3D	G3DSA:2.40.50.230	-	373	473	4.8E-37	T	07-05-2025	IPR037026	Vgr protein, OB-fold domain superfamily	-	-
HFDHAJOI_04490	923dff8063d1867e1f2dad69fecaf9b8	817	SUPERFAMILY	SSF69279	Phage tail proteins	18	200	1.09E-41	T	07-05-2025	-	-	-	-
HFDHAJOI_04490	923dff8063d1867e1f2dad69fecaf9b8	817	Gene3D	G3DSA:4.10.220.110	-	241	304	4.7E-79	T	07-05-2025	-	-	-	-
HFDHAJOI_04490	923dff8063d1867e1f2dad69fecaf9b8	817	PANTHER	PTHR32305	-	213	717	2.6E-20	T	07-05-2025	IPR050708	Type VI secretion system VgrG/RHS	-	-
HFDHAJOI_04490	923dff8063d1867e1f2dad69fecaf9b8	817	SUPERFAMILY	SSF69255	gp5 N-terminal domain-like	381	469	4.97E-30	T	07-05-2025	-	-	-	-
HFDHAJOI_04490	923dff8063d1867e1f2dad69fecaf9b8	817	NCBIfam	TIGR01646	type VI secretion system tip protein VgrG	31	520	1.1E-99	T	07-05-2025	IPR006533	Type VI secretion system, RhsGE-associated Vgr protein	-	-
HFDHAJOI_04613	cefb532c72e71e595d1937982742fba4	98	Coils	Coil	Coil	5	25	-	T	07-05-2025	-	-	-	-
HFDHAJOI_04613	cefb532c72e71e595d1937982742fba4	98	Pfam	PF07820	TraC-like protein	2	72	3.6E-19	T	07-05-2025	IPR012930	TraC-like	-	-
HFDHAJOI_04613	cefb532c72e71e595d1937982742fba4	98	NCBIfam	NF043004	conjugal transfer protein TraC	1	98	7.6E-33	T	07-05-2025	IPR053443	Conjugal Transfer TraC-like	-	-
HFDHAJOI_04613	cefb532c72e71e595d1937982742fba4	98	MobiDBLite	mobidb-lite	consensus disorder prediction	62	98	-	T	07-05-2025	-	-	-	-
HFDHAJOI_04643	cc2a20ca96c1ece1b37ae6b3d2735f21	342	SUPERFAMILY	SSF53448	Nucleotide-diphospho-sugar transferases	2	263	2.63E-34	T	07-05-2025	IPR029044	Nucleotide-diphospho-sugar transferases	-	-
HFDHAJOI_04643	cc2a20ca96c1ece1b37ae6b3d2735f21	342	Gene3D	G3DSA:3.90.550.10	Spore Coat Polysaccharide Biosynthesis Protein SpsA; Chain A	1	217	4.0E-26	T	07-05-2025	IPR029044	Nucleotide-diphospho-sugar transferases	-	-
HFDHAJOI_04643	cc2a20ca96c1ece1b37ae6b3d2735f21	342	Pfam	PF00535	Glycosyl transferase family 2	9	169	1.5E-13	T	07-05-2025	IPR001173	Glycosyltransferase 2-like	-	-
HFDHAJOI_04643	cc2a20ca96c1ece1b37ae6b3d2735f21	342	PANTHER	PTHR43646	GLYCOSYLTRANSFERASE	4	220	3.5E-13	T	07-05-2025	-	-	-	-
HFDHAJOI_04643	cc2a20ca96c1ece1b37ae6b3d2735f21	342	CDD	cd02525	Succinoglycan_BP_ExoA	7	252	5.34987E-95	T	07-05-2025	-	-	-	-
HFDHAJOI_04618	d6570073729bd987ed10327636a61850	269	PANTHER	PTHR30622	UNDECAPRENYL-DIPHOSPHATASE	6	264	2.5E-75	T	07-05-2025	IPR003824	Undecaprenyl-diphosphatase UppP	GO:0016020(InterPro)|GO:0016311(InterPro)|GO:0050380(InterPro)	-
HFDHAJOI_04618	d6570073729bd987ed10327636a61850	269	NCBIfam	TIGR00753	undecaprenyl-diphosphatase UppP	10	258	2.7E-63	T	07-05-2025	IPR003824	Undecaprenyl-diphosphatase UppP	GO:0016020(InterPro)|GO:0016311(InterPro)|GO:0050380(InterPro)	-
HFDHAJOI_04618	d6570073729bd987ed10327636a61850	269	Hamap	MF_01006	Undecaprenyl-diphosphatase [uppP].	5	265	16.58745	T	07-05-2025	IPR003824	Undecaprenyl-diphosphatase UppP	GO:0016020(InterPro)|GO:0016311(InterPro)|GO:0050380(InterPro)	-
HFDHAJOI_04618	d6570073729bd987ed10327636a61850	269	Pfam	PF02673	Bacitracin resistance protein BacA	10	259	8.2E-72	T	07-05-2025	IPR003824	Undecaprenyl-diphosphatase UppP	GO:0016020(InterPro)|GO:0016311(InterPro)|GO:0050380(InterPro)	-
HFDHAJOI_04618	d6570073729bd987ed10327636a61850	269	NCBIfam	NF001389	undecaprenyl-diphosphate phosphatase	6	265	3.6E-109	T	07-05-2025	-	-	-	-
HFDHAJOI_04551	8fe3ae1da91a95a64245fa7a45ecefe6	214	Pfam	PF00485	Phosphoribulokinase / Uridine kinase family	29	166	0.015	T	07-05-2025	IPR006083	Phosphoribulokinase/uridine kinase	GO:0005524(InterPro)|GO:0016301(InterPro)	-
HFDHAJOI_04551	8fe3ae1da91a95a64245fa7a45ecefe6	214	PANTHER	PTHR10285	URIDINE KINASE	21	184	8.8E-14	T	07-05-2025	-	-	-	-
HFDHAJOI_04551	8fe3ae1da91a95a64245fa7a45ecefe6	214	SUPERFAMILY	SSF52540	P-loop containing nucleoside triphosphate hydrolases	9	203	1.04E-29	T	07-05-2025	IPR027417	P-loop containing nucleoside triphosphate hydrolase	-	-
HFDHAJOI_04551	8fe3ae1da91a95a64245fa7a45ecefe6	214	Gene3D	G3DSA:3.40.50.300	-	7	213	1.1E-49	T	07-05-2025	IPR027417	P-loop containing nucleoside triphosphate hydrolase	-	-
HFDHAJOI_04551	8fe3ae1da91a95a64245fa7a45ecefe6	214	NCBIfam	NF006746	nucleoside/nucleotide kinase family protein	7	213	1.4E-75	T	07-05-2025	-	-	-	-
HFDHAJOI_04579	7e0badc90ee2ef8ebad7ca30d03ac2d3	415	Gene3D	G3DSA:1.25.40.10	Tetratricopeptide repeat domain	63	401	9.9E-34	T	07-05-2025	IPR011990	Tetratricopeptide-like helical domain superfamily	GO:0005515(InterPro)	-
HFDHAJOI_04579	7e0badc90ee2ef8ebad7ca30d03ac2d3	415	Pfam	PF08238	Sel1 repeat	195	208	150000.0	T	07-05-2025	IPR006597	Sel1-like repeat	-	-
HFDHAJOI_04579	7e0badc90ee2ef8ebad7ca30d03ac2d3	415	Pfam	PF08238	Sel1 repeat	149	169	8800.0	T	07-05-2025	IPR006597	Sel1-like repeat	-	-
HFDHAJOI_04579	7e0badc90ee2ef8ebad7ca30d03ac2d3	415	Pfam	PF08238	Sel1 repeat	106	140	36.0	T	07-05-2025	IPR006597	Sel1-like repeat	-	-
HFDHAJOI_04579	7e0badc90ee2ef8ebad7ca30d03ac2d3	415	Pfam	PF23310	Plant tetratrico peptide repeats	333	382	0.005	T	07-05-2025	IPR057136	At2g35280-like, TPR domain	-	-
HFDHAJOI_04579	7e0badc90ee2ef8ebad7ca30d03ac2d3	415	PANTHER	PTHR11102	SEL-1-LIKE PROTEIN	96	399	7.8E-18	T	07-05-2025	IPR050767	Sel1/AlgK	-	-
HFDHAJOI_04579	7e0badc90ee2ef8ebad7ca30d03ac2d3	415	SUPERFAMILY	SSF81901	HCP-like	306	394	4.71E-6	T	07-05-2025	-	-	-	-
HFDHAJOI_04579	7e0badc90ee2ef8ebad7ca30d03ac2d3	415	SMART	SM00671	sel1	316	352	200.0	T	07-05-2025	IPR006597	Sel1-like repeat	-	-
HFDHAJOI_04579	7e0badc90ee2ef8ebad7ca30d03ac2d3	415	SMART	SM00671	sel1	243	281	280.0	T	07-05-2025	IPR006597	Sel1-like repeat	-	-
HFDHAJOI_04579	7e0badc90ee2ef8ebad7ca30d03ac2d3	415	SMART	SM00671	sel1	105	140	0.063	T	07-05-2025	IPR006597	Sel1-like repeat	-	-
HFDHAJOI_04579	7e0badc90ee2ef8ebad7ca30d03ac2d3	415	SMART	SM00671	sel1	353	388	27.0	T	07-05-2025	IPR006597	Sel1-like repeat	-	-
HFDHAJOI_04579	7e0badc90ee2ef8ebad7ca30d03ac2d3	415	SUPERFAMILY	SSF81901	HCP-like	103	282	4.38E-12	T	07-05-2025	-	-	-	-
HFDHAJOI_04621	6dddca9957c2068a854ecb98fb9f63c2	270	Pfam	PF00700	Bacterial flagellin C-terminal helical region	190	269	5.7E-12	T	07-05-2025	IPR046358	Flagellin, C-terminal domain	-	-
HFDHAJOI_04621	6dddca9957c2068a854ecb98fb9f63c2	270	SUPERFAMILY	SSF64518	Phase 1 flagellin	31	270	1.7E-22	T	07-05-2025	-	-	-	-
HFDHAJOI_04621	6dddca9957c2068a854ecb98fb9f63c2	270	Gene3D	G3DSA:1.20.1330.10	-	62	270	3.2E-18	T	07-05-2025	-	-	-	-
HFDHAJOI_04471	cbc9a35c4f019f894be23ae158e739fe	521	NCBIfam	TIGR03373	type VI secretion system-associated protein TagF	18	152	2.7E-29	T	07-05-2025	IPR017748	T6S-associated protein TagF	-	-
HFDHAJOI_04471	cbc9a35c4f019f894be23ae158e739fe	521	Gene3D	G3DSA:3.40.1730.10	pa0076 domain	15	209	6.5E-41	T	07-05-2025	IPR038225	T6S-associated protein TagF superfamily	-	-
HFDHAJOI_04471	cbc9a35c4f019f894be23ae158e739fe	521	SMART	SM00332	PP2C_4	293	516	9.3E-4	T	07-05-2025	IPR001932	PPM-type phosphatase-like domain	-	-
HFDHAJOI_04471	cbc9a35c4f019f894be23ae158e739fe	521	SMART	SM00331	PP2C_SIG_2	307	518	0.0033	T	07-05-2025	IPR001932	PPM-type phosphatase-like domain	-	-
HFDHAJOI_04471	cbc9a35c4f019f894be23ae158e739fe	521	Pfam	PF09867	TagF N-terminal domain, Type VI secretion system-associated	18	151	1.1E-32	T	07-05-2025	IPR017748	T6S-associated protein TagF	-	-
HFDHAJOI_04471	cbc9a35c4f019f894be23ae158e739fe	521	ProSiteProfiles	PS51746	PPM-type phosphatase domain profile.	303	518	16.106924	T	07-05-2025	IPR001932	PPM-type phosphatase-like domain	-	-
HFDHAJOI_04471	cbc9a35c4f019f894be23ae158e739fe	521	SUPERFAMILY	SSF81606	PP2C-like	301	519	6.8E-31	T	07-05-2025	IPR036457	PPM-type phosphatase-like domain superfamily	-	-
HFDHAJOI_04471	cbc9a35c4f019f894be23ae158e739fe	521	Gene3D	G3DSA:3.60.40.10	-	299	518	5.7E-27	T	07-05-2025	IPR036457	PPM-type phosphatase-like domain superfamily	-	-
HFDHAJOI_04592	8f4eea6f5dff39609356c623ba1c4437	596	SUPERFAMILY	SSF52540	P-loop containing nucleoside triphosphate hydrolases	323	548	2.21E-57	T	07-05-2025	IPR027417	P-loop containing nucleoside triphosphate hydrolase	-	-
HFDHAJOI_04592	8f4eea6f5dff39609356c623ba1c4437	596	ProSiteProfiles	PS50893	ATP-binding cassette, ABC transporter-type domain profile.	332	568	18.634249	T	07-05-2025	IPR003439	ABC transporter-like, ATP-binding domain	GO:0005524(InterPro)|GO:0016887(InterPro)	-
HFDHAJOI_04592	8f4eea6f5dff39609356c623ba1c4437	596	Gene3D	G3DSA:1.20.1560.10	ABC transporter type 1, transmembrane domain	13	317	1.5E-25	T	07-05-2025	IPR036640	ABC transporter type 1, transmembrane domain superfamily	GO:0005524(InterPro)|GO:0016020(InterPro)	-
HFDHAJOI_04592	8f4eea6f5dff39609356c623ba1c4437	596	SMART	SM00382	AAA_5	358	544	1.1E-10	T	07-05-2025	IPR003593	AAA+ ATPase domain	-	-
HFDHAJOI_04592	8f4eea6f5dff39609356c623ba1c4437	596	ProSiteProfiles	PS50929	ABC transporter integral membrane type-1 fused domain profile.	25	302	25.65369	T	07-05-2025	IPR011527	ABC transporter type 1, transmembrane domain	GO:0005524(InterPro)|GO:0016020(InterPro)|GO:0055085(InterPro)|GO:0140359(InterPro)	-
HFDHAJOI_04592	8f4eea6f5dff39609356c623ba1c4437	596	NCBIfam	TIGR01842	type I secretion system permease/ATPase	18	558	4.8E-197	T	07-05-2025	IPR010128	ATPase, type I secretion system, PrtD-like	GO:0005524(InterPro)|GO:0016020(InterPro)|GO:0030253(InterPro)|GO:0030256(InterPro)	-
HFDHAJOI_04592	8f4eea6f5dff39609356c623ba1c4437	596	Gene3D	G3DSA:3.40.50.300	-	324	559	4.0E-60	T	07-05-2025	IPR027417	P-loop containing nucleoside triphosphate hydrolase	-	-
HFDHAJOI_04592	8f4eea6f5dff39609356c623ba1c4437	596	PANTHER	PTHR24221	ATP-BINDING CASSETTE SUB-FAMILY B	62	545	5.7E-65	T	07-05-2025	IPR039421	Type 1 protein exporter	GO:0034040(PANTHER)|GO:0042626(PANTHER)|GO:0055085(PANTHER)	-
HFDHAJOI_04592	8f4eea6f5dff39609356c623ba1c4437	596	Pfam	PF00005	ABC transporter	351	497	1.0E-21	T	07-05-2025	IPR003439	ABC transporter-like, ATP-binding domain	GO:0005524(InterPro)|GO:0016887(InterPro)	-
HFDHAJOI_04592	8f4eea6f5dff39609356c623ba1c4437	596	Pfam	PF00664	ABC transporter transmembrane region	28	279	0.0038	T	07-05-2025	IPR011527	ABC transporter type 1, transmembrane domain	GO:0005524(InterPro)|GO:0016020(InterPro)|GO:0055085(InterPro)|GO:0140359(InterPro)	-
HFDHAJOI_04592	8f4eea6f5dff39609356c623ba1c4437	596	SUPERFAMILY	SSF90123	ABC transporter transmembrane region	14	321	9.42E-37	T	07-05-2025	IPR036640	ABC transporter type 1, transmembrane domain superfamily	GO:0005524(InterPro)|GO:0016020(InterPro)	-
HFDHAJOI_04662	35fe094f16fc2d46bcf68facf30acb55	288	Gene3D	G3DSA:3.60.130.10	-	1	288	4.9E-76	T	07-05-2025	IPR042098	Taurine dioxygenase TauD-like superfamily	-	-
HFDHAJOI_04662	35fe094f16fc2d46bcf68facf30acb55	288	Pfam	PF02668	Taurine catabolism dioxygenase TauD, TfdA family	16	281	7.3E-54	T	07-05-2025	IPR003819	TauD/TfdA-like domain	GO:0016491(InterPro)	-
HFDHAJOI_04662	35fe094f16fc2d46bcf68facf30acb55	288	SUPERFAMILY	SSF51197	Clavaminate synthase-like	12	288	1.19E-72	T	07-05-2025	-	-	-	-
HFDHAJOI_04662	35fe094f16fc2d46bcf68facf30acb55	288	PANTHER	PTHR30468	ALPHA-KETOGLUTARATE-DEPENDENT SULFONATE DIOXYGENASE	10	288	1.9E-53	T	07-05-2025	IPR051323	Alpha-ketoglutarate-dependent sulfate ester dioxygenase-like	GO:0000908(PANTHER)|GO:0005737(PANTHER)|GO:0006790(PANTHER)|GO:0016706(PANTHER)	-
HFDHAJOI_04594	53d72d5967c22396895ac630be831080	129	Pfam	PF01527	Transposase	16	94	7.0E-21	T	07-05-2025	IPR002514	Transposase IS3/IS911family	GO:0003677(InterPro)|GO:0004803(InterPro)|GO:0006313(InterPro)	-
HFDHAJOI_04594	53d72d5967c22396895ac630be831080	129	Coils	Coil	Coil	80	107	-	T	07-05-2025	-	-	-	-
HFDHAJOI_04594	53d72d5967c22396895ac630be831080	129	Gene3D	G3DSA:1.10.10.10	-	7	72	1.8E-6	T	07-05-2025	IPR036388	Winged helix-like DNA-binding domain superfamily	-	-
HFDHAJOI_04594	53d72d5967c22396895ac630be831080	129	SUPERFAMILY	SSF46689	Homeodomain-like	16	108	4.84E-14	T	07-05-2025	IPR009057	Homedomain-like superfamily	-	-
HFDHAJOI_04594	53d72d5967c22396895ac630be831080	129	PANTHER	PTHR37936	TRANSPOSASE INSC FOR INSERTION ELEMENT IS2A-RELATED	3	92	7.4E-16	T	07-05-2025	-	-	-	-
HFDHAJOI_04439	1a7be85846afaccebac3746bee2faf4e	97	PIRSF	PIRSF017854	TrbD	3	92	1.2E-29	T	07-05-2025	IPR016704	Conjugal transfer, TrbD	-	-
HFDHAJOI_04439	1a7be85846afaccebac3746bee2faf4e	97	Pfam	PF05101	Type IV secretory pathway, VirB3-like protein	9	88	4.3E-12	T	07-05-2025	IPR007792	Type IV secretion system, VirB3 / TrbD / AvhB	-	-
HFDHAJOI_04439	1a7be85846afaccebac3746bee2faf4e	97	NCBIfam	NF010395	conjugal transfer protein TrbD	8	96	5.8E-35	T	07-05-2025	-	-	-	-
HFDHAJOI_04611	5eddd38f81e71a1321f37b93ce148cf1	635	PANTHER	PTHR37937	CONJUGATIVE TRANSFER: DNA TRANSPORT	222	625	7.3E-46	T	07-05-2025	IPR051539	Type IV secretion system-coupling protein	-	-
HFDHAJOI_04611	5eddd38f81e71a1321f37b93ce148cf1	635	CDD	cd01127	TrwB_TraG_TraD_VirD4	439	542	1.06345E-12	T	07-05-2025	-	-	-	-
HFDHAJOI_04611	5eddd38f81e71a1321f37b93ce148cf1	635	Pfam	PF02534	Type IV secretory system Conjugative DNA transfer	163	632	6.2E-150	T	07-05-2025	IPR003688	Type IV secretion system protein TraG/VirD4	GO:0016020(InterPro)	-
HFDHAJOI_04611	5eddd38f81e71a1321f37b93ce148cf1	635	SUPERFAMILY	SSF52540	P-loop containing nucleoside triphosphate hydrolases	168	628	4.25E-57	T	07-05-2025	IPR027417	P-loop containing nucleoside triphosphate hydrolase	-	-
HFDHAJOI_04611	5eddd38f81e71a1321f37b93ce148cf1	635	Gene3D	G3DSA:3.40.50.300	-	405	627	7.4E-40	T	07-05-2025	IPR027417	P-loop containing nucleoside triphosphate hydrolase	-	-
HFDHAJOI_04611	5eddd38f81e71a1321f37b93ce148cf1	635	NCBIfam	NF010394	conjugal transfer coupling protein TraG	2	630	4.0E-275	T	07-05-2025	-	-	-	-
HFDHAJOI_04611	5eddd38f81e71a1321f37b93ce148cf1	635	NCBIfam	TIGR02767	Ti-type conjugative transfer system protein TraG	7	631	8.7E-241	T	07-05-2025	IPR014135	Conjugal transfer protein TraG-like	-	-
HFDHAJOI_04533	853838b0997968ceb81aee6162ce527d	196	PIRSF	PIRSF036382	RR_antiterminator	1	192	7.8E-29	T	07-05-2025	IPR008327	Signal transduction response regulator, antiterminator	-	-
HFDHAJOI_04533	853838b0997968ceb81aee6162ce527d	196	Gene3D	G3DSA:3.40.50.2300	-	7	123	4.1E-34	T	07-05-2025	-	-	-	-
HFDHAJOI_04533	853838b0997968ceb81aee6162ce527d	196	Gene3D	G3DSA:1.10.10.10	-	134	190	7.3E-10	T	07-05-2025	IPR036388	Winged helix-like DNA-binding domain superfamily	-	-
HFDHAJOI_04533	853838b0997968ceb81aee6162ce527d	196	SMART	SM01012	ANTAR_2	131	186	2.6E-8	T	07-05-2025	IPR005561	ANTAR domain	GO:0003723(InterPro)	-
HFDHAJOI_04533	853838b0997968ceb81aee6162ce527d	196	SUPERFAMILY	SSF52172	CheY-like	9	185	6.54E-31	T	07-05-2025	IPR011006	CheY-like superfamily	-	-
HFDHAJOI_04533	853838b0997968ceb81aee6162ce527d	196	ProSiteProfiles	PS50921	ANTAR domain profile.	125	186	12.562526	T	07-05-2025	IPR005561	ANTAR domain	GO:0003723(InterPro)	-
HFDHAJOI_04533	853838b0997968ceb81aee6162ce527d	196	Pfam	PF03861	ANTAR domain	134	185	3.3E-7	T	07-05-2025	IPR005561	ANTAR domain	GO:0003723(InterPro)	-
HFDHAJOI_04533	853838b0997968ceb81aee6162ce527d	196	Pfam	PF21332	AmiR, N-terminal	14	118	2.3E-5	T	07-05-2025	IPR049021	AmiR, N-terminal	-	-
HFDHAJOI_04533	853838b0997968ceb81aee6162ce527d	196	Coils	Coil	Coil	122	142	-	T	07-05-2025	-	-	-	-
HFDHAJOI_04648	aafec05fde2d74f2d49fffbe7f2c642b	478	Pfam	PF04932	O-Antigen ligase	240	386	4.2E-11	T	07-05-2025	IPR007016	O-antigen ligase-related domain	-	-
HFDHAJOI_04648	aafec05fde2d74f2d49fffbe7f2c642b	478	PANTHER	PTHR37422	TEICHURONIC ACID BIOSYNTHESIS PROTEIN TUAE	28	455	2.3E-25	T	07-05-2025	IPR051533	O-antigen ligase-like	-	-
HFDHAJOI_04519	a930a8b40cb46a0fbbbf3da294180bae	460	ProSitePatterns	PS00600	Aminotransferases class-III pyridoxal-phosphate attachment site.	256	293	-	T	07-05-2025	IPR049704	Aminotransferases class-III pyridoxal-phosphate attachment site	-	-
HFDHAJOI_04519	a930a8b40cb46a0fbbbf3da294180bae	460	Gene3D	G3DSA:3.40.640.10	-	72	347	2.3E-124	T	07-05-2025	IPR015421	Pyridoxal phosphate-dependent transferase, major domain	-	-
HFDHAJOI_04519	a930a8b40cb46a0fbbbf3da294180bae	460	Gene3D	G3DSA:3.90.1150.10	Aspartate Aminotransferase, domain 1	21	455	2.3E-124	T	07-05-2025	IPR015422	Pyridoxal phosphate-dependent transferase, small domain	-	-
HFDHAJOI_04519	a930a8b40cb46a0fbbbf3da294180bae	460	PIRSF	PIRSF000521	Transaminase_4ab_Lys_Orn	37	458	6.0E-31	T	07-05-2025	IPR005814	Aminotransferase class-III	GO:0008483(InterPro)|GO:0030170(InterPro)	-
HFDHAJOI_04519	a930a8b40cb46a0fbbbf3da294180bae	460	CDD	cd00610	OAT_like	13	455	7.08632E-127	T	07-05-2025	IPR005814	Aminotransferase class-III	GO:0008483(InterPro)|GO:0030170(InterPro)	-
HFDHAJOI_04519	a930a8b40cb46a0fbbbf3da294180bae	460	Pfam	PF00202	Aminotransferase class-III	36	455	2.5E-78	T	07-05-2025	IPR005814	Aminotransferase class-III	GO:0008483(InterPro)|GO:0030170(InterPro)	-
HFDHAJOI_04519	a930a8b40cb46a0fbbbf3da294180bae	460	SUPERFAMILY	SSF53383	PLP-dependent transferases	11	457	5.89E-109	T	07-05-2025	IPR015424	Pyridoxal phosphate-dependent transferase	-	-
HFDHAJOI_04519	a930a8b40cb46a0fbbbf3da294180bae	460	PANTHER	PTHR43094	AMINOTRANSFERASE	19	459	7.3E-106	T	07-05-2025	-	-	-	-
HFDHAJOI_04495	be403377e8d55af5062add9b54be37b8	351	NCBIfam	TIGR01646	type VI secretion system tip protein VgrG	5	253	4.4E-66	T	07-05-2025	IPR006533	Type VI secretion system, RhsGE-associated Vgr protein	-	-
HFDHAJOI_04495	be403377e8d55af5062add9b54be37b8	351	Gene3D	G3DSA:2.30.110.50	-	38	85	4.8E-12	T	07-05-2025	-	-	-	-
HFDHAJOI_04495	be403377e8d55af5062add9b54be37b8	351	SUPERFAMILY	SSF69349	Phage fibre proteins	192	304	1.73E-28	T	07-05-2025	-	-	-	-
HFDHAJOI_04495	be403377e8d55af5062add9b54be37b8	351	Pfam	PF04717	Type VI secretion system/phage-baseplate injector OB domain	134	201	1.9E-8	T	07-05-2025	IPR006531	Gp5/Type VI secretion system Vgr protein, OB-fold domain	-	-
HFDHAJOI_04495	be403377e8d55af5062add9b54be37b8	351	Pfam	PF22178	Bacteriophage T4 gp5 C-terminal trimerisation domain	220	312	1.7E-17	T	07-05-2025	IPR054030	Gp5/Type VI secretion system Vgr, C-terminal trimerisation domain	-	-
HFDHAJOI_04495	be403377e8d55af5062add9b54be37b8	351	Pfam	PF05954	Phage tail baseplate hub (GPD)	6	81	2.7E-8	T	07-05-2025	-	-	-	-
HFDHAJOI_04495	be403377e8d55af5062add9b54be37b8	351	NCBIfam	TIGR03361	type VI secretion system tip protein TssI/VgrG N-terminal domain	6	270	5.3E-99	T	07-05-2025	IPR017847	Type VI secretion system, RhsGE-associated Vgr family subset	-	-
HFDHAJOI_04495	be403377e8d55af5062add9b54be37b8	351	SUPERFAMILY	SSF69279	Phage tail proteins	7	114	1.41E-15	T	07-05-2025	-	-	-	-
HFDHAJOI_04495	be403377e8d55af5062add9b54be37b8	351	SUPERFAMILY	SSF69255	gp5 N-terminal domain-like	114	202	8.11E-31	T	07-05-2025	-	-	-	-
HFDHAJOI_04495	be403377e8d55af5062add9b54be37b8	351	Gene3D	G3DSA:4.10.220.110	-	6	37	4.8E-12	T	07-05-2025	-	-	-	-
HFDHAJOI_04495	be403377e8d55af5062add9b54be37b8	351	Gene3D	G3DSA:2.40.50.230	-	106	206	1.7E-37	T	07-05-2025	IPR037026	Vgr protein, OB-fold domain superfamily	-	-
HFDHAJOI_04495	be403377e8d55af5062add9b54be37b8	351	PANTHER	PTHR32305	-	32	311	2.5E-18	T	07-05-2025	IPR050708	Type VI secretion system VgrG/RHS	-	-
HFDHAJOI_04487	fcb9caa32320907ad2c7e42cf39de5e2	220	Pfam	PF18593	CdiI immunity protein	7	94	3.6E-12	T	07-05-2025	IPR041129	CdiI immunity protein	-	-
HFDHAJOI_04566	8e0342f6a53aa5db3ac98875829e409d	296	SUPERFAMILY	SSF46785	"Winged helix" DNA-binding domain	1	84	7.07E-22	T	07-05-2025	IPR036390	Winged helix DNA-binding domain superfamily	-	-
HFDHAJOI_04566	8e0342f6a53aa5db3ac98875829e409d	296	Gene3D	G3DSA:3.40.190.10	-	163	267	3.1E-36	T	07-05-2025	-	-	-	-
HFDHAJOI_04566	8e0342f6a53aa5db3ac98875829e409d	296	SUPERFAMILY	SSF53850	Periplasmic binding protein-like II	91	292	5.33E-33	T	07-05-2025	-	-	-	-
HFDHAJOI_04566	8e0342f6a53aa5db3ac98875829e409d	296	Gene3D	G3DSA:1.10.10.10	-	1	85	1.1E-25	T	07-05-2025	IPR036388	Winged helix-like DNA-binding domain superfamily	-	-
HFDHAJOI_04566	8e0342f6a53aa5db3ac98875829e409d	296	Pfam	PF00126	Bacterial regulatory helix-turn-helix protein, lysR family	3	62	1.7E-18	T	07-05-2025	IPR000847	LysR, HTH, N-terminal domain	GO:0003700(InterPro)|GO:0006355(InterPro)	-
HFDHAJOI_04566	8e0342f6a53aa5db3ac98875829e409d	296	ProSiteProfiles	PS50931	LysR-type HTH domain profile.	1	58	33.261238	T	07-05-2025	IPR000847	LysR, HTH, N-terminal domain	GO:0003700(InterPro)|GO:0006355(InterPro)	-
HFDHAJOI_04566	8e0342f6a53aa5db3ac98875829e409d	296	CDD	cd08414	PBP2_LTTR_aromatics_like	92	288	1.33676E-45	T	07-05-2025	-	-	-	-
HFDHAJOI_04566	8e0342f6a53aa5db3ac98875829e409d	296	PANTHER	PTHR30346	TRANSCRIPTIONAL DUAL REGULATOR HCAR-RELATED	1	290	2.9E-69	T	07-05-2025	-	-	GO:0003700(PANTHER)|GO:0006355(PANTHER)|GO:0032993(PANTHER)	-
HFDHAJOI_04566	8e0342f6a53aa5db3ac98875829e409d	296	FunFam	G3DSA:1.10.10.10:FF:000001	LysR family transcriptional regulator	1	85	2.8E-28	T	07-05-2025	-	-	-	-
HFDHAJOI_04566	8e0342f6a53aa5db3ac98875829e409d	296	Pfam	PF03466	LysR substrate binding domain	89	289	3.9E-33	T	07-05-2025	IPR005119	LysR, substrate-binding	-	-
HFDHAJOI_04566	8e0342f6a53aa5db3ac98875829e409d	296	Gene3D	G3DSA:3.40.190.10	-	94	287	3.1E-36	T	07-05-2025	-	-	-	-
HFDHAJOI_04566	8e0342f6a53aa5db3ac98875829e409d	296	PRINTS	PR00039	LysR bacterial regulatory protein HTH signature	39	50	1.1E-8	T	07-05-2025	IPR000847	LysR, HTH, N-terminal domain	GO:0003700(InterPro)|GO:0006355(InterPro)	-
HFDHAJOI_04566	8e0342f6a53aa5db3ac98875829e409d	296	PRINTS	PR00039	LysR bacterial regulatory protein HTH signature	18	29	1.1E-8	T	07-05-2025	IPR000847	LysR, HTH, N-terminal domain	GO:0003700(InterPro)|GO:0006355(InterPro)	-
HFDHAJOI_04566	8e0342f6a53aa5db3ac98875829e409d	296	PRINTS	PR00039	LysR bacterial regulatory protein HTH signature	29	39	1.1E-8	T	07-05-2025	IPR000847	LysR, HTH, N-terminal domain	GO:0003700(InterPro)|GO:0006355(InterPro)	-
HFDHAJOI_04667	3a386a1762046ea5061d31a6b1e07239	123	PIRSF	PIRSF033367	UCP033367_VanZ	1	120	7.5E-38	T	07-05-2025	IPR017015	Uncharacterised conserved protein UCP033367, VanZ, Bll3170	-	-
HFDHAJOI_04667	3a386a1762046ea5061d31a6b1e07239	123	Pfam	PF04892	VanZ like family	16	106	0.0013	T	07-05-2025	IPR006976	VanZ-like	-	-
HFDHAJOI_04571	2fec8245c9b8ed67da721859abe2c189	67	SMART	SM00357	csp_8	3	67	8.1E-20	T	07-05-2025	IPR011129	Cold-shock domain	GO:0003676(InterPro)	-
HFDHAJOI_04571	2fec8245c9b8ed67da721859abe2c189	67	CDD	cd04458	CSP_CDS	3	66	3.01539E-21	T	07-05-2025	IPR002059	Cold-shock protein Csp, DNA-binding	GO:0003676(InterPro)	-
HFDHAJOI_04571	2fec8245c9b8ed67da721859abe2c189	67	SUPERFAMILY	SSF50249	Nucleic acid-binding proteins	1	67	9.86E-20	T	07-05-2025	IPR012340	Nucleic acid-binding, OB-fold	-	-
HFDHAJOI_04571	2fec8245c9b8ed67da721859abe2c189	67	PANTHER	PTHR11544	COLD SHOCK DOMAIN CONTAINING PROTEINS	3	65	2.9E-13	T	07-05-2025	IPR050181	Cold shock domain-containing protein	-	-
HFDHAJOI_04571	2fec8245c9b8ed67da721859abe2c189	67	PIRSF	PIRSF002599	Cold_shock_A	1	67	3.7E-18	T	07-05-2025	IPR012156	Cold shock, CspA	GO:0003676(InterPro)	-
HFDHAJOI_04571	2fec8245c9b8ed67da721859abe2c189	67	Gene3D	G3DSA:2.40.50.140	-	1	67	5.6E-23	T	07-05-2025	IPR012340	Nucleic acid-binding, OB-fold	-	-
HFDHAJOI_04571	2fec8245c9b8ed67da721859abe2c189	67	ProSiteProfiles	PS51857	Cold-shock (CSD) domain profile.	1	66	29.689396	T	07-05-2025	IPR002059	Cold-shock protein Csp, DNA-binding	GO:0003676(InterPro)	-
HFDHAJOI_04571	2fec8245c9b8ed67da721859abe2c189	67	ProSitePatterns	PS00352	Cold-shock (CSD) domain signature.	15	34	-	T	07-05-2025	IPR019844	Cold-shock domain, conserved site	-	-
HFDHAJOI_04571	2fec8245c9b8ed67da721859abe2c189	67	Pfam	PF00313	'Cold-shock' DNA-binding domain	3	66	5.4E-18	T	07-05-2025	IPR002059	Cold-shock protein Csp, DNA-binding	GO:0003676(InterPro)	-
HFDHAJOI_04460	2943ee4f87c3c19212414999fddcc283	192	Pfam	PF13470	PIN domain	9	114	1.2E-6	T	07-05-2025	IPR002716	PIN domain	-	-
HFDHAJOI_04484	252cb4f1396ea1449d7417007474c0a3	926	PANTHER	PTHR11638	ATP-DEPENDENT CLP PROTEASE	100	874	9.9E-202	T	07-05-2025	IPR050130	ATP-dependent Clp protease/Chaperone ClpA/ClpB	GO:0005737(PANTHER)|GO:0016887(PANTHER)|GO:0034605(PANTHER)	-
HFDHAJOI_04484	252cb4f1396ea1449d7417007474c0a3	926	Pfam	PF10431	C-terminal, D2-small domain, of ClpB protein	791	862	2.8E-5	T	07-05-2025	IPR019489	Clp ATPase, C-terminal	-	-
HFDHAJOI_04484	252cb4f1396ea1449d7417007474c0a3	926	SMART	SM00382	AAA_5	214	359	5.9E-13	T	07-05-2025	IPR003593	AAA+ ATPase domain	-	-
HFDHAJOI_04484	252cb4f1396ea1449d7417007474c0a3	926	SMART	SM00382	AAA_5	619	762	4.6E-9	T	07-05-2025	IPR003593	AAA+ ATPase domain	-	-
HFDHAJOI_04484	252cb4f1396ea1449d7417007474c0a3	926	Pfam	PF17871	AAA lid domain	359	454	3.6E-26	T	07-05-2025	IPR041546	ClpA/ClpB, AAA lid domain	-	-
HFDHAJOI_04484	252cb4f1396ea1449d7417007474c0a3	926	CDD	cd00009	AAA	197	357	3.27098E-13	T	07-05-2025	-	-	-	-
HFDHAJOI_04484	252cb4f1396ea1449d7417007474c0a3	926	Gene3D	G3DSA:3.40.50.300	-	360	566	4.7E-39	T	07-05-2025	IPR027417	P-loop containing nucleoside triphosphate hydrolase	-	-
HFDHAJOI_04484	252cb4f1396ea1449d7417007474c0a3	926	CDD	cd19499	RecA-like_ClpB_Hsp104-like	581	747	6.52685E-78	T	07-05-2025	-	-	-	-
HFDHAJOI_04484	252cb4f1396ea1449d7417007474c0a3	926	ProSiteProfiles	PS51903	Clp repeat (R) domain profile.	10	153	14.452865	T	07-05-2025	IPR004176	Clp, repeat (R) domain	-	-
HFDHAJOI_04484	252cb4f1396ea1449d7417007474c0a3	926	Gene3D	G3DSA:1.10.1780.10	-	1	153	2.9E-21	T	07-05-2025	IPR036628	Clp, N-terminal domain superfamily	-	-
HFDHAJOI_04484	252cb4f1396ea1449d7417007474c0a3	926	PRINTS	PR00300	ATP-dependent Clp protease ATP-binding subunit signature	668	686	3.5E-27	T	07-05-2025	IPR001270	ClpA/B family	GO:0005524(InterPro)	-
HFDHAJOI_04484	252cb4f1396ea1449d7417007474c0a3	926	PRINTS	PR00300	ATP-dependent Clp protease ATP-binding subunit signature	730	744	3.5E-27	T	07-05-2025	IPR001270	ClpA/B family	GO:0005524(InterPro)	-
HFDHAJOI_04484	252cb4f1396ea1449d7417007474c0a3	926	PRINTS	PR00300	ATP-dependent Clp protease ATP-binding subunit signature	623	641	3.5E-27	T	07-05-2025	IPR001270	ClpA/B family	GO:0005524(InterPro)	-
HFDHAJOI_04484	252cb4f1396ea1449d7417007474c0a3	926	PRINTS	PR00300	ATP-dependent Clp protease ATP-binding subunit signature	697	715	3.5E-27	T	07-05-2025	IPR001270	ClpA/B family	GO:0005524(InterPro)	-
HFDHAJOI_04484	252cb4f1396ea1449d7417007474c0a3	926	ProSitePatterns	PS00870	Chaperonins clpA/B signature 1.	310	322	-	T	07-05-2025	IPR018368	ClpA/B, conserved site 1	GO:0005524(InterPro)	-
HFDHAJOI_04484	252cb4f1396ea1449d7417007474c0a3	926	Pfam	PF00004	ATPase family associated with various cellular activities (AAA)	219	352	1.1E-7	T	07-05-2025	IPR003959	ATPase, AAA-type, core	GO:0005524(InterPro)|GO:0016887(InterPro)	-
HFDHAJOI_04484	252cb4f1396ea1449d7417007474c0a3	926	SUPERFAMILY	SSF81923	Double Clp-N motif	12	120	5.1E-11	T	07-05-2025	IPR036628	Clp, N-terminal domain superfamily	-	-
HFDHAJOI_04484	252cb4f1396ea1449d7417007474c0a3	926	Gene3D	G3DSA:3.40.50.300	-	572	788	2.4E-64	T	07-05-2025	IPR027417	P-loop containing nucleoside triphosphate hydrolase	-	-
HFDHAJOI_04484	252cb4f1396ea1449d7417007474c0a3	926	SMART	SM01086	ClpB_D2_small_2	791	881	7.7E-5	T	07-05-2025	IPR019489	Clp ATPase, C-terminal	-	-
HFDHAJOI_04484	252cb4f1396ea1449d7417007474c0a3	926	Coils	Coil	Coil	458	478	-	T	07-05-2025	-	-	-	-
HFDHAJOI_04484	252cb4f1396ea1449d7417007474c0a3	926	Gene3D	G3DSA:1.10.8.60	-	791	888	1.3E-7	T	07-05-2025	-	-	-	-
HFDHAJOI_04484	252cb4f1396ea1449d7417007474c0a3	926	Gene3D	G3DSA:3.40.50.300	-	165	358	7.4E-66	T	07-05-2025	IPR027417	P-loop containing nucleoside triphosphate hydrolase	-	-
HFDHAJOI_04484	252cb4f1396ea1449d7417007474c0a3	926	Pfam	PF07724	AAA domain (Cdc48 subfamily)	618	784	1.0E-46	T	07-05-2025	IPR003959	ATPase, AAA-type, core	GO:0005524(InterPro)|GO:0016887(InterPro)	-
HFDHAJOI_04484	252cb4f1396ea1449d7417007474c0a3	926	Pfam	PF02861	Clp amino terminal domain, pathogenicity island component	26	70	0.16	T	07-05-2025	IPR004176	Clp, repeat (R) domain	-	-
HFDHAJOI_04484	252cb4f1396ea1449d7417007474c0a3	926	SUPERFAMILY	SSF52540	P-loop containing nucleoside triphosphate hydrolases	176	493	1.39E-68	T	07-05-2025	IPR027417	P-loop containing nucleoside triphosphate hydrolase	-	-
HFDHAJOI_04484	252cb4f1396ea1449d7417007474c0a3	926	NCBIfam	TIGR03345	type VI secretion system ATPase TssH	13	875	0.0	T	07-05-2025	IPR017729	AAA+ ATPase ClpV1	-	-
HFDHAJOI_04484	252cb4f1396ea1449d7417007474c0a3	926	Coils	Coil	Coil	428	448	-	T	07-05-2025	-	-	-	-
HFDHAJOI_04484	252cb4f1396ea1449d7417007474c0a3	926	SUPERFAMILY	SSF52540	P-loop containing nucleoside triphosphate hydrolases	568	858	8.36E-60	T	07-05-2025	IPR027417	P-loop containing nucleoside triphosphate hydrolase	-	-
HFDHAJOI_04484	252cb4f1396ea1449d7417007474c0a3	926	MobiDBLite	mobidb-lite	consensus disorder prediction	894	926	-	T	07-05-2025	-	-	-	-
HFDHAJOI_04500	10b3de17c7cb68e25861682657c4b70a	275	SUPERFAMILY	SSF53098	Ribonuclease H-like	112	269	9.99E-41	T	07-05-2025	IPR012337	Ribonuclease H-like superfamily	-	-
HFDHAJOI_04500	10b3de17c7cb68e25861682657c4b70a	275	Pfam	PF13683	Integrase core domain	202	267	2.6E-18	T	07-05-2025	IPR001584	Integrase, catalytic core	GO:0015074(InterPro)	-
HFDHAJOI_04500	10b3de17c7cb68e25861682657c4b70a	275	Gene3D	G3DSA:3.30.420.10	-	114	272	5.3E-30	T	07-05-2025	IPR036397	Ribonuclease H superfamily	GO:0003676(InterPro)	-
HFDHAJOI_04500	10b3de17c7cb68e25861682657c4b70a	275	NCBIfam	NF033516	IS3 family transposase	16	269	1.3E-61	T	07-05-2025	IPR048020	IS3 transposase	-	-
HFDHAJOI_04500	10b3de17c7cb68e25861682657c4b70a	275	ProSiteProfiles	PS51257	Prokaryotic membrane lipoprotein lipid attachment site profile.	1	26	7.0	T	07-05-2025	-	-	-	-
HFDHAJOI_04500	10b3de17c7cb68e25861682657c4b70a	275	ProSiteProfiles	PS50994	Integrase catalytic domain profile.	114	275	27.118896	T	07-05-2025	IPR001584	Integrase, catalytic core	GO:0015074(InterPro)	-
HFDHAJOI_04500	10b3de17c7cb68e25861682657c4b70a	275	PANTHER	PTHR47515	LOW CALCIUM RESPONSE LOCUS PROTEIN T	3	269	2.8E-90	T	07-05-2025	-	-	-	-
HFDHAJOI_04651	179f472b6529dd650ece3fbe7b2be141	760	NCBIfam	TIGR01005	exopolysaccharide transport protein family	29	759	4.3E-133	T	07-05-2025	IPR005700	Exopolysaccharide biosynthesis protein ExoP-like	-	-
HFDHAJOI_04651	179f472b6529dd650ece3fbe7b2be141	760	Coils	Coil	Coil	401	421	-	T	07-05-2025	-	-	-	-
HFDHAJOI_04651	179f472b6529dd650ece3fbe7b2be141	760	Pfam	PF13807	G-rich domain on putative tyrosine kinase	398	475	4.5E-6	T	07-05-2025	IPR032807	Tyrosine kinase, G-rich domain	-	-
HFDHAJOI_04651	179f472b6529dd650ece3fbe7b2be141	760	Pfam	PF02706	Chain length determinant protein	27	114	1.6E-4	T	07-05-2025	IPR003856	Polysaccharide chain length determinant N-terminal domain	GO:0016020(InterPro)	-
HFDHAJOI_04651	179f472b6529dd650ece3fbe7b2be141	760	PANTHER	PTHR32309	TYROSINE-PROTEIN KINASE	26	735	1.3E-103	T	07-05-2025	IPR050445	Bacterial polysaccharide biosynthesis and export	GO:0004713(PANTHER)|GO:0005886(PANTHER)	-
HFDHAJOI_04651	179f472b6529dd650ece3fbe7b2be141	760	Gene3D	G3DSA:3.40.50.300	-	471	755	3.9E-56	T	07-05-2025	IPR027417	P-loop containing nucleoside triphosphate hydrolase	-	-
HFDHAJOI_04651	179f472b6529dd650ece3fbe7b2be141	760	NCBIfam	TIGR01007	polysaccharide biosynthesis tyrosine autokinase	544	743	7.1E-29	T	07-05-2025	IPR005702	Tyrosine-protein kinase wzc-like, C-terminal domain	-	-
HFDHAJOI_04651	179f472b6529dd650ece3fbe7b2be141	760	SUPERFAMILY	SSF52540	P-loop containing nucleoside triphosphate hydrolases	558	738	1.89E-28	T	07-05-2025	IPR027417	P-loop containing nucleoside triphosphate hydrolase	-	-
HFDHAJOI_04651	179f472b6529dd650ece3fbe7b2be141	760	MobiDBLite	mobidb-lite	consensus disorder prediction	1	20	-	T	07-05-2025	-	-	-	-
HFDHAJOI_04651	179f472b6529dd650ece3fbe7b2be141	760	MobiDBLite	mobidb-lite	consensus disorder prediction	1	12	-	T	07-05-2025	-	-	-	-
HFDHAJOI_04651	179f472b6529dd650ece3fbe7b2be141	760	Coils	Coil	Coil	341	383	-	T	07-05-2025	-	-	-	-
HFDHAJOI_04651	179f472b6529dd650ece3fbe7b2be141	760	CDD	cd05387	BY-kinase	539	730	6.57842E-48	T	07-05-2025	-	-	-	-
HFDHAJOI_04651	179f472b6529dd650ece3fbe7b2be141	760	Pfam	PF13614	AAA domain	558	689	1.1E-8	T	07-05-2025	IPR025669	AAA domain	-	-
HFDHAJOI_04540	446b746b7bcf5cfb21f768c36ad7ea8b	256	PIRSF	PIRSF034405	UCP034405	1	256	4.3E-127	T	07-05-2025	IPR017027	STM3548-like	-	-
HFDHAJOI_04540	446b746b7bcf5cfb21f768c36ad7ea8b	256	Gene3D	G3DSA:3.40.50.880	-	1	254	4.0E-72	T	07-05-2025	IPR029062	Class I glutamine amidotransferase-like	-	-
HFDHAJOI_04540	446b746b7bcf5cfb21f768c36ad7ea8b	256	Pfam	PF07090	Putative glutamine amidotransferase	4	253	4.6E-125	T	07-05-2025	IPR010768	Putative glutamine amidotransferase	-	-
HFDHAJOI_04540	446b746b7bcf5cfb21f768c36ad7ea8b	256	SUPERFAMILY	SSF52317	Class I glutamine amidotransferase-like	4	254	2.75E-69	T	07-05-2025	IPR029062	Class I glutamine amidotransferase-like	-	-
HFDHAJOI_04540	446b746b7bcf5cfb21f768c36ad7ea8b	256	PANTHER	PTHR37947	BLL2462 PROTEIN	34	147	5.7E-23	T	07-05-2025	-	-	-	-
HFDHAJOI_04540	446b746b7bcf5cfb21f768c36ad7ea8b	256	CDD	cd03143	A4_beta-galactosidase_middle_domain	5	154	2.28118E-10	T	07-05-2025	-	-	-	-
HFDHAJOI_04616	7f84a46cd2ee1ee174a5aea257d1e79c	391	SUPERFAMILY	SSF56317	Carbon-nitrogen hydrolase	225	387	2.49E-11	T	07-05-2025	IPR036526	Carbon-nitrogen hydrolase superfamily	-	-
HFDHAJOI_04616	7f84a46cd2ee1ee174a5aea257d1e79c	391	Gene3D	G3DSA:3.60.110.10	-	209	390	5.1E-8	T	07-05-2025	IPR036526	Carbon-nitrogen hydrolase superfamily	-	-
HFDHAJOI_04616	7f84a46cd2ee1ee174a5aea257d1e79c	391	NCBIfam	NF010398	carbon-nitrogen hydrolase family protein	9	390	1.1E-163	T	07-05-2025	-	-	-	-
HFDHAJOI_04616	7f84a46cd2ee1ee174a5aea257d1e79c	391	Pfam	PF00795	Carbon-nitrogen hydrolase	59	377	4.4E-33	T	07-05-2025	IPR003010	Carbon-nitrogen hydrolase	-	-
HFDHAJOI_04529	6ec0baaafcadc2bfd7e9df41b3495f6d	323	ProSiteProfiles	PS50928	ABC transporter integral membrane type-1 domain profile.	97	313	14.916364	T	07-05-2025	IPR000515	ABC transporter type 1, transmembrane domain MetI-like	GO:0016020(InterPro)|GO:0055085(InterPro)	-
HFDHAJOI_04529	6ec0baaafcadc2bfd7e9df41b3495f6d	323	Pfam	PF00528	Binding-protein-dependent transport system inner membrane component	115	321	2.9E-29	T	07-05-2025	IPR000515	ABC transporter type 1, transmembrane domain MetI-like	GO:0016020(InterPro)|GO:0055085(InterPro)	-
HFDHAJOI_04529	6ec0baaafcadc2bfd7e9df41b3495f6d	323	Gene3D	G3DSA:1.10.3720.10	-	88	313	4.2E-16	T	07-05-2025	IPR035906	MetI-like superfamily	-	-
HFDHAJOI_04529	6ec0baaafcadc2bfd7e9df41b3495f6d	323	PANTHER	PTHR43163	DIPEPTIDE TRANSPORT SYSTEM PERMEASE PROTEIN DPPB-RELATED	1	321	1.4E-78	T	07-05-2025	-	-	-	-
HFDHAJOI_04529	6ec0baaafcadc2bfd7e9df41b3495f6d	323	SUPERFAMILY	SSF161098	MetI-like	93	309	2.07E-13	T	07-05-2025	IPR035906	MetI-like superfamily	-	-
HFDHAJOI_04529	6ec0baaafcadc2bfd7e9df41b3495f6d	323	Pfam	PF19300	Binding-prot-dependent transport system membrane comp, N-term	4	81	6.9E-10	T	07-05-2025	IPR045621	ABC transporter type 1, GsiC-like, N-terminal domain	-	-
HFDHAJOI_04529	6ec0baaafcadc2bfd7e9df41b3495f6d	323	CDD	cd06261	TM_PBP2	97	305	1.04758E-8	T	07-05-2025	IPR000515	ABC transporter type 1, transmembrane domain MetI-like	GO:0016020(InterPro)|GO:0055085(InterPro)	-
HFDHAJOI_04576	bbfae4dc71291f5ee7ce5a3015982074	251	Pfam	PF07812	TfuA-like protein	67	186	1.9E-36	T	07-05-2025	IPR012924	TfuA-like, core	-	-
HFDHAJOI_04576	bbfae4dc71291f5ee7ce5a3015982074	251	MobiDBLite	mobidb-lite	consensus disorder prediction	17	38	-	T	07-05-2025	-	-	-	-
HFDHAJOI_04601	8d06a87064bc1cd0fd73b45e246d2948	475	ProSiteProfiles	PS50994	Integrase catalytic domain profile.	130	316	17.490816	T	07-05-2025	IPR001584	Integrase, catalytic core	GO:0015074(InterPro)	-
HFDHAJOI_04601	8d06a87064bc1cd0fd73b45e246d2948	475	PANTHER	PTHR35004	TRANSPOSASE RV3428C-RELATED	7	372	3.8E-45	T	07-05-2025	-	-	-	-
HFDHAJOI_04601	8d06a87064bc1cd0fd73b45e246d2948	475	SUPERFAMILY	SSF46689	Homeodomain-like	13	119	2.51E-13	T	07-05-2025	IPR009057	Homedomain-like superfamily	-	-
HFDHAJOI_04601	8d06a87064bc1cd0fd73b45e246d2948	475	Gene3D	G3DSA:3.30.420.10	-	136	298	6.1E-16	T	07-05-2025	IPR036397	Ribonuclease H superfamily	GO:0003676(InterPro)	-
HFDHAJOI_04601	8d06a87064bc1cd0fd73b45e246d2948	475	SUPERFAMILY	SSF53098	Ribonuclease H-like	133	279	3.19E-19	T	07-05-2025	IPR012337	Ribonuclease H-like superfamily	-	-
HFDHAJOI_04601	8d06a87064bc1cd0fd73b45e246d2948	475	Pfam	PF13551	Winged helix-turn helix	14	75	8.1E-8	T	07-05-2025	-	-	-	-
HFDHAJOI_04601	8d06a87064bc1cd0fd73b45e246d2948	475	MobiDBLite	mobidb-lite	consensus disorder prediction	411	459	-	T	07-05-2025	-	-	-	-
HFDHAJOI_04601	8d06a87064bc1cd0fd73b45e246d2948	475	NCBIfam	NF033594	ISNCY family transposase	16	380	7.6E-148	T	07-05-2025	IPR047797	ISNCY transposase	-	-
HFDHAJOI_04632	ef3525b2b134777de3de55a5a17adcea	329	PANTHER	PTHR43685	GLYCOSYLTRANSFERASE	5	273	5.6E-20	T	07-05-2025	IPR050834	Glycosyltransferase 2 family enzymes	-	-
HFDHAJOI_04632	ef3525b2b134777de3de55a5a17adcea	329	Pfam	PF00535	Glycosyl transferase family 2	7	112	1.4E-20	T	07-05-2025	IPR001173	Glycosyltransferase 2-like	-	-
HFDHAJOI_04632	ef3525b2b134777de3de55a5a17adcea	329	SUPERFAMILY	SSF53448	Nucleotide-diphospho-sugar transferases	3	223	7.88E-31	T	07-05-2025	IPR029044	Nucleotide-diphospho-sugar transferases	-	-
HFDHAJOI_04632	ef3525b2b134777de3de55a5a17adcea	329	Gene3D	G3DSA:3.90.550.10	Spore Coat Polysaccharide Biosynthesis Protein SpsA; Chain A	2	251	1.2E-30	T	07-05-2025	IPR029044	Nucleotide-diphospho-sugar transferases	-	-
HFDHAJOI_04632	ef3525b2b134777de3de55a5a17adcea	329	CDD	cd00761	Glyco_tranf_GTA_type	8	107	4.21561E-20	T	07-05-2025	-	-	-	-
HFDHAJOI_04642	5d5d45378f6d07fb4e7d1d17ff3636a6	49	NCBIfam	NF033521	lasso RiPP family leader peptide	9	31	0.013	T	07-05-2025	-	-	-	-
HFDHAJOI_04659	22b7b37d3dd4a9358a9714436cf2b690	300	CDD	cd06261	TM_PBP2	75	275	1.83672E-8	T	07-05-2025	IPR000515	ABC transporter type 1, transmembrane domain MetI-like	GO:0016020(InterPro)|GO:0055085(InterPro)	-
HFDHAJOI_04659	22b7b37d3dd4a9358a9714436cf2b690	300	ProSiteProfiles	PS50928	ABC transporter integral membrane type-1 domain profile.	75	281	25.062723	T	07-05-2025	IPR000515	ABC transporter type 1, transmembrane domain MetI-like	GO:0016020(InterPro)|GO:0055085(InterPro)	-
HFDHAJOI_04659	22b7b37d3dd4a9358a9714436cf2b690	300	PANTHER	PTHR42929	INNER MEMBRANE ABC TRANSPORTER PERMEASE PROTEIN YDCU-RELATED-RELATED	22	289	1.9E-65	T	07-05-2025	-	-	-	-
HFDHAJOI_04659	22b7b37d3dd4a9358a9714436cf2b690	300	Gene3D	G3DSA:1.10.3720.10	-	21	289	3.5E-48	T	07-05-2025	IPR035906	MetI-like superfamily	-	-
HFDHAJOI_04659	22b7b37d3dd4a9358a9714436cf2b690	300	Pfam	PF00528	Binding-protein-dependent transport system inner membrane component	103	287	3.3E-6	T	07-05-2025	IPR000515	ABC transporter type 1, transmembrane domain MetI-like	GO:0016020(InterPro)|GO:0055085(InterPro)	-
HFDHAJOI_04659	22b7b37d3dd4a9358a9714436cf2b690	300	SUPERFAMILY	SSF161098	MetI-like	22	288	1.44E-49	T	07-05-2025	IPR035906	MetI-like superfamily	-	-
HFDHAJOI_04485	e963e3a9512bc8061da531e58909a54e	158	Gene3D	G3DSA:2.30.110.20	-	2	158	4.5E-42	T	07-05-2025	IPR036624	Hcp1-like superfamily	-	-
HFDHAJOI_04485	e963e3a9512bc8061da531e58909a54e	158	SUPERFAMILY	SSF141452	Hcp1-like	1	156	2.75E-40	T	07-05-2025	IPR036624	Hcp1-like superfamily	-	-
HFDHAJOI_04485	e963e3a9512bc8061da531e58909a54e	158	Pfam	PF05638	Type VI secretion system effector, Hcp	4	133	1.1E-33	T	07-05-2025	IPR008514	Type VI secretion system effector Hcp	-	-
HFDHAJOI_04485	e963e3a9512bc8061da531e58909a54e	158	PANTHER	PTHR36152	CYTOPLASMIC PROTEIN-RELATED	3	156	2.9E-23	T	07-05-2025	IPR053165	HSI-I assembly protein Hcp1	-	-
HFDHAJOI_04482	b73d19c167b313857d0f259f115bb290	169	Pfam	PF05591	Type VI secretion system, VipA, VC_A0107 or Hcp2	9	161	1.2E-57	T	07-05-2025	IPR008312	Type VI secretion system sheath protein TssB1	-	-
HFDHAJOI_04482	b73d19c167b313857d0f259f115bb290	169	Coils	Coil	Coil	120	140	-	T	07-05-2025	-	-	-	-
HFDHAJOI_04482	b73d19c167b313857d0f259f115bb290	169	NCBIfam	TIGR03358	type VI secretion system contractile sheath small subunit	6	163	5.0E-58	T	07-05-2025	IPR008312	Type VI secretion system sheath protein TssB1	-	-
HFDHAJOI_04482	b73d19c167b313857d0f259f115bb290	169	PANTHER	PTHR35850	CYTOPLASMIC PROTEIN-RELATED	3	166	3.0E-53	T	07-05-2025	IPR008312	Type VI secretion system sheath protein TssB1	-	-
HFDHAJOI_04482	b73d19c167b313857d0f259f115bb290	169	Coils	Coil	Coil	144	164	-	T	07-05-2025	-	-	-	-
HFDHAJOI_04482	b73d19c167b313857d0f259f115bb290	169	PIRSF	PIRSF028301	UCP028301	1	169	2.2E-65	T	07-05-2025	IPR008312	Type VI secretion system sheath protein TssB1	-	-
HFDHAJOI_04535	1bcb6a1b9be713bff1c57479258ef2f3	340	ProSiteProfiles	PS50932	LacI-type HTH domain profile.	7	61	29.90027	T	07-05-2025	IPR000843	LacI-type HTH domain	GO:0003677(InterPro)|GO:0006355(InterPro)	-
HFDHAJOI_04535	1bcb6a1b9be713bff1c57479258ef2f3	340	SUPERFAMILY	SSF47413	lambda repressor-like DNA-binding domains	7	64	1.88E-16	T	07-05-2025	IPR010982	Lambda repressor-like, DNA-binding domain superfamily	GO:0003677(InterPro)	-
HFDHAJOI_04535	1bcb6a1b9be713bff1c57479258ef2f3	340	CDD	cd06267	PBP1_LacI_sugar_binding-like	66	329	1.38129E-89	T	07-05-2025	-	-	-	-
HFDHAJOI_04535	1bcb6a1b9be713bff1c57479258ef2f3	340	Gene3D	G3DSA:3.40.50.2300	-	165	293	1.4E-71	T	07-05-2025	-	-	-	-
HFDHAJOI_04535	1bcb6a1b9be713bff1c57479258ef2f3	340	Gene3D	G3DSA:1.10.260.40	-	6	65	1.1E-20	T	07-05-2025	IPR010982	Lambda repressor-like, DNA-binding domain superfamily	GO:0003677(InterPro)	-
HFDHAJOI_04535	1bcb6a1b9be713bff1c57479258ef2f3	340	SMART	SM00354	laci3	6	76	1.5E-31	T	07-05-2025	IPR000843	LacI-type HTH domain	GO:0003677(InterPro)|GO:0006355(InterPro)	-
HFDHAJOI_04535	1bcb6a1b9be713bff1c57479258ef2f3	340	SUPERFAMILY	SSF53822	Periplasmic binding protein-like I	66	337	4.12E-70	T	07-05-2025	IPR028082	Periplasmic binding protein-like I	-	-
HFDHAJOI_04535	1bcb6a1b9be713bff1c57479258ef2f3	340	ProSitePatterns	PS00356	LacI-type HTH domain signature.	9	27	-	T	07-05-2025	-	-	-	-
HFDHAJOI_04535	1bcb6a1b9be713bff1c57479258ef2f3	340	CDD	cd01392	HTH_LacI	10	61	1.42334E-18	T	07-05-2025	IPR000843	LacI-type HTH domain	GO:0003677(InterPro)|GO:0006355(InterPro)	-
HFDHAJOI_04535	1bcb6a1b9be713bff1c57479258ef2f3	340	Pfam	PF13377	Periplasmic binding protein-like domain	174	334	9.1E-31	T	07-05-2025	IPR046335	Transcriptional regulator LacI/GalR-like, sensor domain	-	-
HFDHAJOI_04535	1bcb6a1b9be713bff1c57479258ef2f3	340	Pfam	PF00356	Bacterial regulatory proteins, lacI family	8	53	1.3E-13	T	07-05-2025	IPR000843	LacI-type HTH domain	GO:0003677(InterPro)|GO:0006355(InterPro)	-
HFDHAJOI_04535	1bcb6a1b9be713bff1c57479258ef2f3	340	PANTHER	PTHR30146	LACI-RELATED TRANSCRIPTIONAL REPRESSOR	8	335	1.1E-85	T	07-05-2025	-	-	GO:0000976(PANTHER)|GO:0003700(PANTHER)|GO:0006355(PANTHER)	-
HFDHAJOI_04535	1bcb6a1b9be713bff1c57479258ef2f3	340	PRINTS	PR00036	LacI bacterial regulatory protein HTH signature	18	28	1.3E-5	T	07-05-2025	IPR000843	LacI-type HTH domain	GO:0003677(InterPro)|GO:0006355(InterPro)	-
HFDHAJOI_04535	1bcb6a1b9be713bff1c57479258ef2f3	340	PRINTS	PR00036	LacI bacterial regulatory protein HTH signature	8	18	1.3E-5	T	07-05-2025	IPR000843	LacI-type HTH domain	GO:0003677(InterPro)|GO:0006355(InterPro)	-
HFDHAJOI_04535	1bcb6a1b9be713bff1c57479258ef2f3	340	Gene3D	G3DSA:3.40.50.2300	-	67	309	1.4E-71	T	07-05-2025	-	-	-	-
HFDHAJOI_04593	1ff23888a4d500a3d1e7c2f5e6a9b338	431	PANTHER	PTHR30386	MEMBRANE FUSION SUBUNIT OF EMRAB-TOLC MULTIDRUG EFFLUX PUMP	11	422	1.5E-61	T	07-05-2025	IPR050739	Membrane Fusion Protein	-	-
HFDHAJOI_04593	1ff23888a4d500a3d1e7c2f5e6a9b338	431	Coils	Coil	Coil	152	186	-	T	07-05-2025	-	-	-	-
HFDHAJOI_04593	1ff23888a4d500a3d1e7c2f5e6a9b338	431	SUPERFAMILY	SSF51230	Single hybrid motif	31	86	1.88E-5	T	07-05-2025	IPR011053	Single hybrid motif	-	-
HFDHAJOI_04593	1ff23888a4d500a3d1e7c2f5e6a9b338	431	Gene3D	G3DSA:2.40.30.170	-	307	405	6.7E-11	T	07-05-2025	-	-	-	-
HFDHAJOI_04593	1ff23888a4d500a3d1e7c2f5e6a9b338	431	Gene3D	G3DSA:2.40.50.100	-	56	118	1.3E-7	T	07-05-2025	-	-	-	-
HFDHAJOI_04593	1ff23888a4d500a3d1e7c2f5e6a9b338	431	Coils	Coil	Coil	261	288	-	T	07-05-2025	-	-	-	-
HFDHAJOI_04593	1ff23888a4d500a3d1e7c2f5e6a9b338	431	NCBIfam	TIGR01843	HlyD family type I secretion periplasmic adaptor subunit	18	429	6.9E-99	T	07-05-2025	IPR010129	Type I secretion membrane fusion protein, HlyD family	GO:0015031(InterPro)|GO:0016020(InterPro)	-
HFDHAJOI_04593	1ff23888a4d500a3d1e7c2f5e6a9b338	431	PRINTS	PR01490	Gram-negative bacterial RTX secretion protein D signature	332	356	4.5E-38	T	07-05-2025	-	-	-	-
HFDHAJOI_04593	1ff23888a4d500a3d1e7c2f5e6a9b338	431	PRINTS	PR01490	Gram-negative bacterial RTX secretion protein D signature	410	430	4.5E-38	T	07-05-2025	-	-	-	-
HFDHAJOI_04593	1ff23888a4d500a3d1e7c2f5e6a9b338	431	PRINTS	PR01490	Gram-negative bacterial RTX secretion protein D signature	66	86	4.5E-38	T	07-05-2025	-	-	-	-
HFDHAJOI_04593	1ff23888a4d500a3d1e7c2f5e6a9b338	431	PRINTS	PR01490	Gram-negative bacterial RTX secretion protein D signature	395	410	4.5E-38	T	07-05-2025	-	-	-	-
HFDHAJOI_04593	1ff23888a4d500a3d1e7c2f5e6a9b338	431	PRINTS	PR01490	Gram-negative bacterial RTX secretion protein D signature	299	320	4.5E-38	T	07-05-2025	-	-	-	-
HFDHAJOI_04593	1ff23888a4d500a3d1e7c2f5e6a9b338	431	Pfam	PF00364	Biotin-requiring enzyme	27	86	0.14	T	07-05-2025	IPR000089	Biotin/lipoyl attachment	-	-
HFDHAJOI_04593	1ff23888a4d500a3d1e7c2f5e6a9b338	431	Pfam	PF13437	HlyD family secretion protein	287	398	2.2E-11	T	07-05-2025	-	-	-	-
HFDHAJOI_04451	124bd418ec7b052386ac74cc36face11	934	Pfam	PF20467	MmeI, C-terminal domain	841	917	1.1E-17	T	07-05-2025	IPR046818	MmeI-like, C-terminal domain	-	-
HFDHAJOI_04451	124bd418ec7b052386ac74cc36face11	934	ProSitePatterns	PS00092	N-6 Adenine-specific DNA methylases signature.	479	485	-	T	07-05-2025	IPR002052	DNA methylase, N-6 adenine-specific, conserved site	GO:0003676(InterPro)|GO:0008168(InterPro)|GO:0032259(InterPro)	-
HFDHAJOI_04451	124bd418ec7b052386ac74cc36face11	934	Gene3D	G3DSA:3.40.50.150	Vaccinia Virus protein VP39	289	571	5.7E-27	T	07-05-2025	IPR029063	S-adenosyl-L-methionine-dependent methyltransferase superfamily	-	-
HFDHAJOI_04451	124bd418ec7b052386ac74cc36face11	934	Pfam	PF20464	MmeI, N-terminal domain	18	175	2.2E-36	T	07-05-2025	IPR046817	MmeI-like, N-terminal domain	-	-
HFDHAJOI_04451	124bd418ec7b052386ac74cc36face11	934	Pfam	PF20466	MmeI, target recognition domain	623	838	1.1E-56	T	07-05-2025	IPR046820	MmeI-like, target recognition domain	-	-
HFDHAJOI_04451	124bd418ec7b052386ac74cc36face11	934	Pfam	PF20473	MmeI, DNA-methyltransferase domain	344	589	4.9E-83	T	07-05-2025	IPR046816	MmeI-like, DNA-methyltransferase domain	-	-
HFDHAJOI_04451	124bd418ec7b052386ac74cc36face11	934	SUPERFAMILY	SSF53335	S-adenosyl-L-methionine-dependent methyltransferases	164	562	3.28E-47	T	07-05-2025	IPR029063	S-adenosyl-L-methionine-dependent methyltransferase superfamily	-	-
HFDHAJOI_04451	124bd418ec7b052386ac74cc36face11	934	PANTHER	PTHR33841	DNA METHYLTRANSFERASE YEEA-RELATED	68	901	1.0E-54	T	07-05-2025	IPR050953	N(4)/N(6)-adenine-specific DNA methyltransferase	-	-
HFDHAJOI_04451	124bd418ec7b052386ac74cc36face11	934	Pfam	PF20465	MmeI, helicase spacer domain	180	259	2.8E-22	T	07-05-2025	IPR046819	MmeI-like, helicase spacer domain	-	-
HFDHAJOI_04459	25793992df56ace9b91a65339c973f98	786	SUPERFAMILY	SSF56349	DNA breaking-rejoining enzymes	562	771	6.28E-5	T	07-05-2025	IPR011010	DNA breaking-rejoining enzyme, catalytic core	GO:0003677(InterPro)	-
HFDHAJOI_04459	25793992df56ace9b91a65339c973f98	786	MobiDBLite	mobidb-lite	consensus disorder prediction	95	159	-	T	07-05-2025	-	-	-	-
HFDHAJOI_04459	25793992df56ace9b91a65339c973f98	786	MobiDBLite	mobidb-lite	consensus disorder prediction	134	145	-	T	07-05-2025	-	-	-	-
HFDHAJOI_04459	25793992df56ace9b91a65339c973f98	786	Gene3D	G3DSA:1.10.443.10	Intergrase catalytic core	540	782	1.2E-9	T	07-05-2025	IPR013762	Integrase-like, catalytic domain superfamily	GO:0003677(InterPro)|GO:0006310(InterPro)|GO:0015074(InterPro)	-
HFDHAJOI_04546	9ffd4cc105430a1a71437b76ffcaea20	327	Pfam	PF13407	Periplasmic binding protein domain	29	285	7.2E-63	T	07-05-2025	IPR025997	Periplasmic binding protein	-	-
HFDHAJOI_04546	9ffd4cc105430a1a71437b76ffcaea20	327	Gene3D	G3DSA:3.40.50.2300	-	128	265	7.5E-90	T	07-05-2025	-	-	-	-
HFDHAJOI_04546	9ffd4cc105430a1a71437b76ffcaea20	327	PANTHER	PTHR30036	D-XYLOSE-BINDING PERIPLASMIC PROTEIN	1	320	1.3E-68	T	07-05-2025	IPR050555	Bacterial Solute-Binding Protein 2	GO:0030246(PANTHER)|GO:0030288(PANTHER)	-
HFDHAJOI_04546	9ffd4cc105430a1a71437b76ffcaea20	327	Gene3D	G3DSA:3.40.50.2300	-	29	299	7.5E-90	T	07-05-2025	-	-	-	-
HFDHAJOI_04546	9ffd4cc105430a1a71437b76ffcaea20	327	SUPERFAMILY	SSF53822	Periplasmic binding protein-like I	26	321	6.42E-65	T	07-05-2025	IPR028082	Periplasmic binding protein-like I	-	-
HFDHAJOI_04625	21dca46441f03de28b8cecf5d58d3d79	171	Gene3D	G3DSA:3.10.620.30	-	26	171	9.8E-30	T	07-05-2025	-	-	-	-
HFDHAJOI_04625	21dca46441f03de28b8cecf5d58d3d79	171	PANTHER	PTHR39327	-	16	170	1.4E-23	T	07-05-2025	IPR010319	Transglutaminase-like cysteine peptidase, predicted	-	-
HFDHAJOI_04625	21dca46441f03de28b8cecf5d58d3d79	171	Pfam	PF06035	Bacterial transglutaminase-like cysteine proteinase BTLCP	18	171	2.3E-47	T	07-05-2025	IPR010319	Transglutaminase-like cysteine peptidase, predicted	-	-
HFDHAJOI_04563	543065ec0adbc4f3e41b89bd72aa0aea	105	Gene3D	G3DSA:1.10.260.40	-	2	68	1.5E-14	T	07-05-2025	IPR010982	Lambda repressor-like, DNA-binding domain superfamily	GO:0003677(InterPro)	-
HFDHAJOI_04563	543065ec0adbc4f3e41b89bd72aa0aea	105	SUPERFAMILY	SSF47413	lambda repressor-like DNA-binding domains	7	67	2.39E-14	T	07-05-2025	IPR010982	Lambda repressor-like, DNA-binding domain superfamily	GO:0003677(InterPro)	-
HFDHAJOI_04563	543065ec0adbc4f3e41b89bd72aa0aea	105	ProSiteProfiles	PS50943	Cro/C1-type HTH domain profile.	15	69	13.1192	T	07-05-2025	IPR001387	Cro/C1-type helix-turn-helix domain	-	-
HFDHAJOI_04563	543065ec0adbc4f3e41b89bd72aa0aea	105	SMART	SM00530	mbf_short4	14	69	2.9E-11	T	07-05-2025	IPR001387	Cro/C1-type helix-turn-helix domain	-	-
HFDHAJOI_04563	543065ec0adbc4f3e41b89bd72aa0aea	105	Pfam	PF01381	Helix-turn-helix	15	66	2.1E-9	T	07-05-2025	IPR001387	Cro/C1-type helix-turn-helix domain	-	-
HFDHAJOI_04563	543065ec0adbc4f3e41b89bd72aa0aea	105	CDD	cd00093	HTH_XRE	12	66	4.37008E-12	T	07-05-2025	IPR001387	Cro/C1-type helix-turn-helix domain	-	-
HFDHAJOI_04502	dd19332cf782b01b1b60b8d29969794c	270	PANTHER	PTHR30050	CHROMOSOMAL REPLICATION INITIATOR PROTEIN DNAA	39	227	4.8E-28	T	07-05-2025	-	-	GO:0006260(PANTHER)	-
HFDHAJOI_04502	dd19332cf782b01b1b60b8d29969794c	270	PIRSF	PIRSF003073	DNAC_TnpB_IstB	3	257	3.1E-74	T	07-05-2025	IPR028350	DNA replication protein DnaC/insertion sequence IstB-like	-	-
HFDHAJOI_04502	dd19332cf782b01b1b60b8d29969794c	270	MobiDBLite	mobidb-lite	consensus disorder prediction	244	270	-	T	07-05-2025	-	-	-	-
HFDHAJOI_04502	dd19332cf782b01b1b60b8d29969794c	270	MobiDBLite	mobidb-lite	consensus disorder prediction	261	270	-	T	07-05-2025	-	-	-	-
HFDHAJOI_04502	dd19332cf782b01b1b60b8d29969794c	270	Gene3D	G3DSA:3.40.50.300	-	65	252	1.8E-41	T	07-05-2025	IPR027417	P-loop containing nucleoside triphosphate hydrolase	-	-
HFDHAJOI_04502	dd19332cf782b01b1b60b8d29969794c	270	Pfam	PF01695	IstB-like ATP binding protein	14	247	4.3E-76	T	07-05-2025	IPR002611	IstB-like ATP-binding domain	GO:0005524(InterPro)	-
HFDHAJOI_04502	dd19332cf782b01b1b60b8d29969794c	270	SMART	SM00382	AAA_5	101	238	1.6E-9	T	07-05-2025	IPR003593	AAA+ ATPase domain	-	-
HFDHAJOI_04502	dd19332cf782b01b1b60b8d29969794c	270	CDD	cd00009	AAA	86	233	1.54871E-11	T	07-05-2025	-	-	-	-
HFDHAJOI_04502	dd19332cf782b01b1b60b8d29969794c	270	NCBIfam	NF038214	IS21-like element helper ATPase IstB	14	245	3.9E-80	T	07-05-2025	IPR047661	Insertion sequence IS21-like ATPase IstB	-	-
HFDHAJOI_04502	dd19332cf782b01b1b60b8d29969794c	270	SUPERFAMILY	SSF52540	P-loop containing nucleoside triphosphate hydrolases	70	234	8.47E-24	T	07-05-2025	IPR027417	P-loop containing nucleoside triphosphate hydrolase	-	-
HFDHAJOI_04489	84b05bfa5d0e1cbc9e86d64dd92ff584	167	Gene3D	G3DSA:4.10.280.80	-	21	83	5.3E-52	T	07-05-2025	-	-	-	-
HFDHAJOI_04489	84b05bfa5d0e1cbc9e86d64dd92ff584	167	Gene3D	G3DSA:3.90.1720.80	-	84	161	5.3E-52	T	07-05-2025	-	-	-	-
HFDHAJOI_04489	84b05bfa5d0e1cbc9e86d64dd92ff584	167	Pfam	PF14113	Type VI secretion system (T6SS), amidase effector protein 4	44	159	1.3E-14	T	07-05-2025	IPR025562	Type VI secretion system (T6SS), amidase effector protein 4	-	-
HFDHAJOI_04628	ae2f90eb99318e6ba63702221ed11ba6	630	SUPERFAMILY	SSF52266	SGNH hydrolase	423	618	4.76E-5	T	07-05-2025	-	-	-	-
HFDHAJOI_04628	ae2f90eb99318e6ba63702221ed11ba6	630	PANTHER	PTHR23028	ACETYLTRANSFERASE	3	608	5.7E-83	T	07-05-2025	IPR050879	Acyltransferase 3	GO:0000271(PANTHER)|GO:0009103(PANTHER)|GO:0016020(PANTHER)	-
HFDHAJOI_04628	ae2f90eb99318e6ba63702221ed11ba6	630	Pfam	PF01757	Acyltransferase domain	7	329	9.8E-26	T	07-05-2025	IPR002656	Acyltransferase 3 domain	GO:0016747(InterPro)	-
HFDHAJOI_04628	ae2f90eb99318e6ba63702221ed11ba6	630	Pfam	PF19040	SGNH domain (fused to AT3 domains)	410	615	1.4E-32	T	07-05-2025	IPR043968	SGNH domain	-	-
HFDHAJOI_04653	09a98449bc44d23bfb2ae6e84ae64f0d	343	Gene3D	G3DSA:3.90.550.10	Spore Coat Polysaccharide Biosynthesis Protein SpsA; Chain A	2	234	3.8E-22	T	07-05-2025	IPR029044	Nucleotide-diphospho-sugar transferases	-	-
HFDHAJOI_04653	09a98449bc44d23bfb2ae6e84ae64f0d	343	CDD	cd00761	Glyco_tranf_GTA_type	10	121	4.19439E-15	T	07-05-2025	-	-	-	-
HFDHAJOI_04653	09a98449bc44d23bfb2ae6e84ae64f0d	343	PANTHER	PTHR43685	GLYCOSYLTRANSFERASE	5	226	4.8E-14	T	07-05-2025	IPR050834	Glycosyltransferase 2 family enzymes	-	-
HFDHAJOI_04653	09a98449bc44d23bfb2ae6e84ae64f0d	343	Pfam	PF00535	Glycosyl transferase family 2	10	130	4.1E-12	T	07-05-2025	IPR001173	Glycosyltransferase 2-like	-	-
HFDHAJOI_04653	09a98449bc44d23bfb2ae6e84ae64f0d	343	SUPERFAMILY	SSF53448	Nucleotide-diphospho-sugar transferases	5	229	2.91E-26	T	07-05-2025	IPR029044	Nucleotide-diphospho-sugar transferases	-	-
HFDHAJOI_04435	792d7cf91dfe0c7573193740d077518f	221	CDD	cd16425	TrbF	85	218	4.05158E-49	T	07-05-2025	IPR035658	Conjugal transfer protein TrbF	-	-
HFDHAJOI_04435	792d7cf91dfe0c7573193740d077518f	221	NCBIfam	NF010410	conjugal transfer protein TrbF	5	221	2.7E-115	T	07-05-2025	-	-	-	-
HFDHAJOI_04435	792d7cf91dfe0c7573193740d077518f	221	Gene3D	G3DSA:3.10.450.230	VirB8 protein	83	221	3.3E-11	T	07-05-2025	-	-	-	-
HFDHAJOI_04435	792d7cf91dfe0c7573193740d077518f	221	Pfam	PF04335	VirB8 protein	15	218	4.7E-36	T	07-05-2025	IPR007430	Bacterial virulence protein VirB8	GO:0016020(InterPro)	-
HFDHAJOI_04435	792d7cf91dfe0c7573193740d077518f	221	SUPERFAMILY	SSF54427	NTF2-like	85	219	1.45E-18	T	07-05-2025	IPR032710	NTF2-like domain superfamily	-	-
HFDHAJOI_04488	fc2c507ec22713f7c531fdf3b38b8aaa	165	Gene3D	G3DSA:1.10.890.40	-	61	165	2.8E-21	T	07-05-2025	-	-	-	-
HFDHAJOI_04488	fc2c507ec22713f7c531fdf3b38b8aaa	165	MobiDBLite	mobidb-lite	consensus disorder prediction	1	22	-	T	07-05-2025	-	-	-	-
HFDHAJOI_04488	fc2c507ec22713f7c531fdf3b38b8aaa	165	Pfam	PF18602	Rap1a immunity proteins	93	162	3.4E-10	T	07-05-2025	IPR041238	Rap1a immunity protein	-	-
HFDHAJOI_04638	6e419df2bf29aa8d3940f423761bcdfc	586	CDD	cd03228	ABCC_MRP_Like	365	575	9.36746E-52	T	07-05-2025	-	-	-	-
HFDHAJOI_04638	6e419df2bf29aa8d3940f423761bcdfc	586	Pfam	PF00664	ABC transporter transmembrane region	76	309	5.8E-6	T	07-05-2025	IPR011527	ABC transporter type 1, transmembrane domain	GO:0005524(InterPro)|GO:0016020(InterPro)|GO:0055085(InterPro)|GO:0140359(InterPro)	-
HFDHAJOI_04638	6e419df2bf29aa8d3940f423761bcdfc	586	SUPERFAMILY	SSF52540	P-loop containing nucleoside triphosphate hydrolases	358	577	4.96E-57	T	07-05-2025	IPR027417	P-loop containing nucleoside triphosphate hydrolase	-	-
HFDHAJOI_04638	6e419df2bf29aa8d3940f423761bcdfc	586	Pfam	PF00005	ABC transporter	380	529	1.5E-24	T	07-05-2025	IPR003439	ABC transporter-like, ATP-binding domain	GO:0005524(InterPro)|GO:0016887(InterPro)	-
HFDHAJOI_04638	6e419df2bf29aa8d3940f423761bcdfc	586	SUPERFAMILY	SSF90123	ABC transporter transmembrane region	17	326	1.96E-26	T	07-05-2025	IPR036640	ABC transporter type 1, transmembrane domain superfamily	GO:0005524(InterPro)|GO:0016020(InterPro)	-
HFDHAJOI_04638	6e419df2bf29aa8d3940f423761bcdfc	586	SMART	SM00382	AAA_5	389	575	2.9E-17	T	07-05-2025	IPR003593	AAA+ ATPase domain	-	-
HFDHAJOI_04638	6e419df2bf29aa8d3940f423761bcdfc	586	ProSiteProfiles	PS50893	ATP-binding cassette, ABC transporter-type domain profile.	365	586	20.334919	T	07-05-2025	IPR003439	ABC transporter-like, ATP-binding domain	GO:0005524(InterPro)|GO:0016887(InterPro)	-
HFDHAJOI_04638	6e419df2bf29aa8d3940f423761bcdfc	586	Gene3D	G3DSA:1.20.1560.10	ABC transporter type 1, transmembrane domain	12	331	1.0E-22	T	07-05-2025	IPR036640	ABC transporter type 1, transmembrane domain superfamily	GO:0005524(InterPro)|GO:0016020(InterPro)	-
HFDHAJOI_04638	6e419df2bf29aa8d3940f423761bcdfc	586	PANTHER	PTHR43394	ATP-DEPENDENT PERMEASE MDL1, MITOCHONDRIAL	66	575	5.0E-69	T	07-05-2025	IPR039421	Type 1 protein exporter	GO:0015421(PANTHER)	-
HFDHAJOI_04638	6e419df2bf29aa8d3940f423761bcdfc	586	ProSiteProfiles	PS50929	ABC transporter integral membrane type-1 fused domain profile.	31	328	21.799551	T	07-05-2025	IPR011527	ABC transporter type 1, transmembrane domain	GO:0005524(InterPro)|GO:0016020(InterPro)|GO:0055085(InterPro)|GO:0140359(InterPro)	-
HFDHAJOI_04638	6e419df2bf29aa8d3940f423761bcdfc	586	ProSitePatterns	PS00211	ABC transporters family signature.	501	515	-	T	07-05-2025	IPR017871	ABC transporter-like, conserved site	GO:0005524(InterPro)|GO:0016887(InterPro)	-
HFDHAJOI_04638	6e419df2bf29aa8d3940f423761bcdfc	586	Gene3D	G3DSA:3.40.50.300	-	356	584	3.7E-65	T	07-05-2025	IPR027417	P-loop containing nucleoside triphosphate hydrolase	-	-
HFDHAJOI_04494	1329766069b3b9dc383b8da7f0e28080	101	Gene3D	G3DSA:2.60.200.60	-	58	100	7.0E-6	T	07-05-2025	-	-	-	-
HFDHAJOI_04494	1329766069b3b9dc383b8da7f0e28080	101	Gene3D	G3DSA:2.60.200.60	-	1	57	1.3E-5	T	07-05-2025	-	-	-	-
HFDHAJOI_04494	1329766069b3b9dc383b8da7f0e28080	101	CDD	cd14738	PAAR_2	5	100	8.12763E-37	T	07-05-2025	-	-	-	-
HFDHAJOI_04494	1329766069b3b9dc383b8da7f0e28080	101	Pfam	PF05488	PAAR motif	21	92	1.6E-14	T	07-05-2025	IPR008727	PAAR motif	-	-
HFDHAJOI_04555	7f9b3c296aaf8a17779f1cb1cd2e9536	287	CDD	cd06127	DEDDh	35	189	8.0651E-35	T	07-05-2025	-	-	-	-
HFDHAJOI_04555	7f9b3c296aaf8a17779f1cb1cd2e9536	287	PANTHER	PTHR30231	DNA POLYMERASE III SUBUNIT EPSILON	30	209	1.2E-15	T	07-05-2025	-	-	GO:0005829(PANTHER)|GO:0008408(PANTHER)|GO:0045004(PANTHER)	-
HFDHAJOI_04555	7f9b3c296aaf8a17779f1cb1cd2e9536	287	SMART	SM00479	exoiiiendus	33	198	3.3E-15	T	07-05-2025	IPR013520	Exonuclease, RNase T/DNA polymerase III	-	-
HFDHAJOI_04555	7f9b3c296aaf8a17779f1cb1cd2e9536	287	NCBIfam	NF006615	3'-5' exonuclease	1	287	1.5E-133	T	07-05-2025	-	-	-	-
HFDHAJOI_04555	7f9b3c296aaf8a17779f1cb1cd2e9536	287	Pfam	PF00929	Exonuclease	35	189	1.5E-15	T	07-05-2025	IPR013520	Exonuclease, RNase T/DNA polymerase III	-	-
HFDHAJOI_04555	7f9b3c296aaf8a17779f1cb1cd2e9536	287	Gene3D	G3DSA:3.30.420.10	-	31	199	3.1E-28	T	07-05-2025	IPR036397	Ribonuclease H superfamily	GO:0003676(InterPro)	-
HFDHAJOI_04555	7f9b3c296aaf8a17779f1cb1cd2e9536	287	FunFam	G3DSA:3.30.420.10:FF:000045	3'-5' exonuclease DinG	32	196	4.5E-33	T	07-05-2025	-	-	-	-
HFDHAJOI_04555	7f9b3c296aaf8a17779f1cb1cd2e9536	287	SUPERFAMILY	SSF53098	Ribonuclease H-like	33	191	8.02E-36	T	07-05-2025	IPR012337	Ribonuclease H-like superfamily	-	-
HFDHAJOI_04580	2b92fbe12108b2aea42b537e06fa4d7c	919	SMART	SM00671	sel1	376	411	77.0	T	07-05-2025	IPR006597	Sel1-like repeat	-	-
HFDHAJOI_04580	2b92fbe12108b2aea42b537e06fa4d7c	919	SMART	SM00671	sel1	882	917	0.0026	T	07-05-2025	IPR006597	Sel1-like repeat	-	-
HFDHAJOI_04580	2b92fbe12108b2aea42b537e06fa4d7c	919	SMART	SM00671	sel1	812	845	28.0	T	07-05-2025	IPR006597	Sel1-like repeat	-	-
HFDHAJOI_04580	2b92fbe12108b2aea42b537e06fa4d7c	919	SMART	SM00671	sel1	746	780	120.0	T	07-05-2025	IPR006597	Sel1-like repeat	-	-
HFDHAJOI_04580	2b92fbe12108b2aea42b537e06fa4d7c	919	SMART	SM00671	sel1	269	304	0.051	T	07-05-2025	IPR006597	Sel1-like repeat	-	-
HFDHAJOI_04580	2b92fbe12108b2aea42b537e06fa4d7c	919	SMART	SM00671	sel1	846	881	0.14	T	07-05-2025	IPR006597	Sel1-like repeat	-	-
HFDHAJOI_04580	2b92fbe12108b2aea42b537e06fa4d7c	919	Pfam	PF08238	Sel1 repeat	382	405	2300.0	T	07-05-2025	IPR006597	Sel1-like repeat	-	-
HFDHAJOI_04580	2b92fbe12108b2aea42b537e06fa4d7c	919	Pfam	PF08238	Sel1 repeat	274	304	74.0	T	07-05-2025	IPR006597	Sel1-like repeat	-	-
HFDHAJOI_04580	2b92fbe12108b2aea42b537e06fa4d7c	919	Pfam	PF08238	Sel1 repeat	882	917	20.0	T	07-05-2025	IPR006597	Sel1-like repeat	-	-
HFDHAJOI_04580	2b92fbe12108b2aea42b537e06fa4d7c	919	Pfam	PF08238	Sel1 repeat	493	509	270000.0	T	07-05-2025	IPR006597	Sel1-like repeat	-	-
HFDHAJOI_04580	2b92fbe12108b2aea42b537e06fa4d7c	919	Pfam	PF08238	Sel1 repeat	748	779	62000.0	T	07-05-2025	IPR006597	Sel1-like repeat	-	-
HFDHAJOI_04580	2b92fbe12108b2aea42b537e06fa4d7c	919	Pfam	PF08238	Sel1 repeat	847	881	22000.0	T	07-05-2025	IPR006597	Sel1-like repeat	-	-
HFDHAJOI_04580	2b92fbe12108b2aea42b537e06fa4d7c	919	Pfam	PF08238	Sel1 repeat	92	109	540000.0	T	07-05-2025	IPR006597	Sel1-like repeat	-	-
HFDHAJOI_04580	2b92fbe12108b2aea42b537e06fa4d7c	919	Gene3D	G3DSA:1.25.40.10	Tetratricopeptide repeat domain	675	919	1.9E-30	T	07-05-2025	IPR011990	Tetratricopeptide-like helical domain superfamily	GO:0005515(InterPro)	-
HFDHAJOI_04580	2b92fbe12108b2aea42b537e06fa4d7c	919	Gene3D	G3DSA:1.25.40.10	Tetratricopeptide repeat domain	465	656	2.1E-13	T	07-05-2025	IPR011990	Tetratricopeptide-like helical domain superfamily	GO:0005515(InterPro)	-
HFDHAJOI_04580	2b92fbe12108b2aea42b537e06fa4d7c	919	Gene3D	G3DSA:1.25.40.10	Tetratricopeptide repeat domain	176	458	1.8E-24	T	07-05-2025	IPR011990	Tetratricopeptide-like helical domain superfamily	GO:0005515(InterPro)	-
HFDHAJOI_04580	2b92fbe12108b2aea42b537e06fa4d7c	919	PANTHER	PTHR11102	SEL-1-LIKE PROTEIN	796	918	1.8E-37	T	07-05-2025	IPR050767	Sel1/AlgK	-	-
HFDHAJOI_04580	2b92fbe12108b2aea42b537e06fa4d7c	919	SUPERFAMILY	SSF81901	HCP-like	224	452	1.4E-12	T	07-05-2025	-	-	-	-
HFDHAJOI_04580	2b92fbe12108b2aea42b537e06fa4d7c	919	SUPERFAMILY	SSF81901	HCP-like	798	917	1.09E-17	T	07-05-2025	-	-	-	-
HFDHAJOI_04523	697e994eb02071ce02dc434e28255fa1	75	Gene3D	G3DSA:1.10.260.40	-	1	75	1.2E-16	T	07-05-2025	IPR010982	Lambda repressor-like, DNA-binding domain superfamily	GO:0003677(InterPro)	-
HFDHAJOI_04523	697e994eb02071ce02dc434e28255fa1	75	CDD	cd00093	HTH_XRE	11	63	4.71997E-7	T	07-05-2025	IPR001387	Cro/C1-type helix-turn-helix domain	-	-
HFDHAJOI_04523	697e994eb02071ce02dc434e28255fa1	75	ProSiteProfiles	PS50943	Cro/C1-type HTH domain profile.	14	67	10.918895	T	07-05-2025	IPR001387	Cro/C1-type helix-turn-helix domain	-	-
HFDHAJOI_04523	697e994eb02071ce02dc434e28255fa1	75	SMART	SM00530	mbf_short4	13	68	2.3E-4	T	07-05-2025	IPR001387	Cro/C1-type helix-turn-helix domain	-	-
HFDHAJOI_04523	697e994eb02071ce02dc434e28255fa1	75	Pfam	PF01381	Helix-turn-helix	14	48	7.0E-5	T	07-05-2025	IPR001387	Cro/C1-type helix-turn-helix domain	-	-
HFDHAJOI_04523	697e994eb02071ce02dc434e28255fa1	75	SUPERFAMILY	SSF47413	lambda repressor-like DNA-binding domains	5	63	4.02E-11	T	07-05-2025	IPR010982	Lambda repressor-like, DNA-binding domain superfamily	GO:0003677(InterPro)	-
HFDHAJOI_04637	1b5fec1a6f144129ac8465fafff37846	325	PANTHER	PTHR43245	BIFUNCTIONAL POLYMYXIN RESISTANCE PROTEIN ARNA	11	248	1.3E-32	T	07-05-2025	IPR050177	Bifunctional lipid A modification and metabolic enzymes	-	-
HFDHAJOI_04637	1b5fec1a6f144129ac8465fafff37846	325	SUPERFAMILY	SSF51735	NAD(P)-binding Rossmann-fold domains	11	261	3.18E-49	T	07-05-2025	IPR036291	NAD(P)-binding domain superfamily	-	-
HFDHAJOI_04637	1b5fec1a6f144129ac8465fafff37846	325	Gene3D	G3DSA:3.40.50.720	-	10	306	1.8E-49	T	07-05-2025	-	-	-	-
HFDHAJOI_04637	1b5fec1a6f144129ac8465fafff37846	325	Pfam	PF01370	NAD dependent epimerase/dehydratase family	11	224	3.6E-28	T	07-05-2025	IPR001509	NAD-dependent epimerase/dehydratase	-	-
HFDHAJOI_04448	47d4d3b2a6a77c944644017ad00abab5	134	PANTHER	PTHR33653	RIBONUCLEASE VAPC2	1	127	2.8E-10	T	07-05-2025	IPR050556	Type II toxin-antitoxin system RNase	-	-
HFDHAJOI_04448	47d4d3b2a6a77c944644017ad00abab5	134	CDD	cd09871	PIN_MtVapC28-VapC30-like	2	126	1.02735E-48	T	07-05-2025	-	-	-	-
HFDHAJOI_04448	47d4d3b2a6a77c944644017ad00abab5	134	Gene3D	G3DSA:3.40.50.1010	-	1	128	2.0E-34	T	07-05-2025	-	-	-	-
HFDHAJOI_04448	47d4d3b2a6a77c944644017ad00abab5	134	Pfam	PF01850	PIN domain	2	124	4.5E-11	T	07-05-2025	IPR002716	PIN domain	-	-
HFDHAJOI_04448	47d4d3b2a6a77c944644017ad00abab5	134	SUPERFAMILY	SSF88723	PIN domain-like	1	128	2.16E-19	T	07-05-2025	IPR029060	PIN-like domain superfamily	-	-
HFDHAJOI_04538	144671ebf86809f3668e31b14ddefc1f	333	ProSiteProfiles	PS51257	Prokaryotic membrane lipoprotein lipid attachment site profile.	1	33	5.0	T	07-05-2025	-	-	-	-
HFDHAJOI_04538	144671ebf86809f3668e31b14ddefc1f	333	PANTHER	PTHR32196	ABC TRANSPORTER PERMEASE PROTEIN YPHD-RELATED-RELATED	19	319	1.4E-85	T	07-05-2025	-	-	GO:0005886(PANTHER)	-
HFDHAJOI_04538	144671ebf86809f3668e31b14ddefc1f	333	CDD	cd06579	TM_PBP1_transp_AraH_like	57	318	4.93946E-80	T	07-05-2025	-	-	-	-
HFDHAJOI_04538	144671ebf86809f3668e31b14ddefc1f	333	Pfam	PF02653	Branched-chain amino acid transport system / permease component	49	314	2.9E-37	T	07-05-2025	IPR001851	ABC transporter, permease	GO:0016020(InterPro)|GO:0022857(InterPro)|GO:0055085(InterPro)	-
HFDHAJOI_04559	c3151f9b3939161f5bf3e3ba9955ac98	309	PIRSF	PIRSF037112	ArdC	1	309	3.3E-114	T	07-05-2025	IPR017113	Antirestriction, ArdC	-	-
HFDHAJOI_04559	c3151f9b3939161f5bf3e3ba9955ac98	309	MobiDBLite	mobidb-lite	consensus disorder prediction	108	121	-	T	07-05-2025	-	-	-	-
HFDHAJOI_04559	c3151f9b3939161f5bf3e3ba9955ac98	309	MobiDBLite	mobidb-lite	consensus disorder prediction	101	121	-	T	07-05-2025	-	-	-	-
HFDHAJOI_04559	c3151f9b3939161f5bf3e3ba9955ac98	309	Pfam	PF18818	Zincin-like metallopeptidase	161	287	1.1E-51	T	07-05-2025	IPR041459	Polyvalent protein, metallopeptidase domain	-	-
HFDHAJOI_04559	c3151f9b3939161f5bf3e3ba9955ac98	309	Pfam	PF08401	N-terminal domain of anti-restriction factor ArdC	4	133	7.1E-37	T	07-05-2025	IPR013610	N-terminal domain of anti-restriction factor ArdC	GO:0003697(InterPro)	-
HFDHAJOI_04556	cf0eafba51ab9f22b470516ca6be1fdd	257	SMART	SM00479	exoiiiendus	13	184	9.2E-5	T	07-05-2025	IPR013520	Exonuclease, RNase T/DNA polymerase III	-	-
HFDHAJOI_04556	cf0eafba51ab9f22b470516ca6be1fdd	257	Gene3D	G3DSA:3.30.420.10	-	14	192	2.6E-27	T	07-05-2025	IPR036397	Ribonuclease H superfamily	GO:0003676(InterPro)	-
HFDHAJOI_04556	cf0eafba51ab9f22b470516ca6be1fdd	257	Pfam	PF00929	Exonuclease	16	172	0.038	T	07-05-2025	IPR013520	Exonuclease, RNase T/DNA polymerase III	-	-
HFDHAJOI_04556	cf0eafba51ab9f22b470516ca6be1fdd	257	SUPERFAMILY	SSF53098	Ribonuclease H-like	15	180	9.28E-22	T	07-05-2025	IPR012337	Ribonuclease H-like superfamily	-	-
HFDHAJOI_04556	cf0eafba51ab9f22b470516ca6be1fdd	257	PANTHER	PTHR30231	DNA POLYMERASE III SUBUNIT EPSILON	9	174	6.0E-11	T	07-05-2025	-	-	GO:0005829(PANTHER)|GO:0008408(PANTHER)|GO:0045004(PANTHER)	-
HFDHAJOI_04556	cf0eafba51ab9f22b470516ca6be1fdd	257	CDD	cd06127	DEDDh	16	176	4.12965E-30	T	07-05-2025	-	-	-	-
HFDHAJOI_04549	52e89aad017af12b53bc2fafe6d8880d	328	Pfam	PF02653	Branched-chain amino acid transport system / permease component	46	314	5.3E-27	T	07-05-2025	IPR001851	ABC transporter, permease	GO:0016020(InterPro)|GO:0022857(InterPro)|GO:0055085(InterPro)	-
HFDHAJOI_04549	52e89aad017af12b53bc2fafe6d8880d	328	PANTHER	PTHR32196	ABC TRANSPORTER PERMEASE PROTEIN YPHD-RELATED-RELATED	16	318	6.1E-65	T	07-05-2025	-	-	GO:0005886(PANTHER)	-
HFDHAJOI_04549	52e89aad017af12b53bc2fafe6d8880d	328	CDD	cd06579	TM_PBP1_transp_AraH_like	51	316	3.61162E-48	T	07-05-2025	-	-	-	-
HFDHAJOI_04623	701ca33e7de766540863b870c86ace3c	295	SUPERFAMILY	SSF53448	Nucleotide-diphospho-sugar transferases	8	279	2.48E-58	T	07-05-2025	IPR029044	Nucleotide-diphospho-sugar transferases	-	-
HFDHAJOI_04623	701ca33e7de766540863b870c86ace3c	295	NCBIfam	TIGR01099	UTP--glucose-1-phosphate uridylyltransferase GalU	7	267	5.4E-99	T	07-05-2025	IPR005771	UTP--glucose-1-phosphate uridylyltransferase, bacterial/archaeal-type	GO:0003983(InterPro)|GO:0006011(InterPro)	-
HFDHAJOI_04623	701ca33e7de766540863b870c86ace3c	295	Gene3D	G3DSA:3.90.550.10	Spore Coat Polysaccharide Biosynthesis Protein SpsA; Chain A	1	293	6.1E-80	T	07-05-2025	IPR029044	Nucleotide-diphospho-sugar transferases	-	-
HFDHAJOI_04623	701ca33e7de766540863b870c86ace3c	295	PANTHER	PTHR43197	UTP--GLUCOSE-1-PHOSPHATE URIDYLYLTRANSFERASE	6	292	6.5E-107	T	07-05-2025	IPR005771	UTP--glucose-1-phosphate uridylyltransferase, bacterial/archaeal-type	GO:0003983(InterPro)|GO:0006011(InterPro)	-
HFDHAJOI_04623	701ca33e7de766540863b870c86ace3c	295	CDD	cd02541	UGPase_prokaryotic	8	275	3.74189E-143	T	07-05-2025	IPR005771	UTP--glucose-1-phosphate uridylyltransferase, bacterial/archaeal-type	GO:0003983(InterPro)|GO:0006011(InterPro)	-
HFDHAJOI_04623	701ca33e7de766540863b870c86ace3c	295	Pfam	PF00483	Nucleotidyl transferase	14	269	9.4E-21	T	07-05-2025	IPR005835	Nucleotidyl transferase domain	GO:0009058(InterPro)	-
HFDHAJOI_04501	690067a5400d6026c333a6027e35a3ca	482	PANTHER	PTHR35004	TRANSPOSASE RV3428C-RELATED	1	382	7.3E-64	T	07-05-2025	-	-	-	-
HFDHAJOI_04501	690067a5400d6026c333a6027e35a3ca	482	Pfam	PF22483	Mu transposase, C-terminal domain	281	345	2.8E-12	T	07-05-2025	IPR054353	Transposase for insertion sequence element IS21-like, C-terminal domain	-	-
HFDHAJOI_04501	690067a5400d6026c333a6027e35a3ca	482	ProSiteProfiles	PS50531	IS21 transposase-type HTH domain profile.	1	39	14.6385	T	07-05-2025	IPR017894	HTH domain, IS21 transposase-type	-	-
HFDHAJOI_04501	690067a5400d6026c333a6027e35a3ca	482	NCBIfam	NF033546	IS21 family transposase	1	279	8.6E-87	T	07-05-2025	-	-	-	-
HFDHAJOI_04501	690067a5400d6026c333a6027e35a3ca	482	ProSiteProfiles	PS50994	Integrase catalytic domain profile.	98	273	9.146481	T	07-05-2025	IPR001584	Integrase, catalytic core	GO:0015074(InterPro)	-
HFDHAJOI_04655	e6c316321ea61c325be8194fcd6a9f6d	492	CDD	cd13127	MATE_tuaB_like	10	414	1.60011E-94	T	07-05-2025	-	-	-	-
HFDHAJOI_04655	e6c316321ea61c325be8194fcd6a9f6d	492	PANTHER	PTHR30250	PST FAMILY PREDICTED COLANIC ACID TRANSPORTER	1	467	7.8E-59	T	07-05-2025	IPR050833	Polysaccharide Biosynthesis and Transport	GO:0005886(PANTHER)	-
HFDHAJOI_04655	e6c316321ea61c325be8194fcd6a9f6d	492	Pfam	PF13440	Polysaccharide biosynthesis protein	34	325	1.2E-61	T	07-05-2025	-	-	-	-
HFDHAJOI_04629	93cf789b8d26217d99ae09bf3a668214	314	Pfam	PF00535	Glycosyl transferase family 2	9	170	1.9E-32	T	07-05-2025	IPR001173	Glycosyltransferase 2-like	-	-
HFDHAJOI_04629	93cf789b8d26217d99ae09bf3a668214	314	CDD	cd00761	Glyco_tranf_GTA_type	10	140	4.51531E-30	T	07-05-2025	-	-	-	-
HFDHAJOI_04629	93cf789b8d26217d99ae09bf3a668214	314	Gene3D	G3DSA:3.90.550.10	Spore Coat Polysaccharide Biosynthesis Protein SpsA; Chain A	2	252	2.1E-42	T	07-05-2025	IPR029044	Nucleotide-diphospho-sugar transferases	-	-
HFDHAJOI_04629	93cf789b8d26217d99ae09bf3a668214	314	PANTHER	PTHR22916	GLYCOSYLTRANSFERASE	6	224	3.5E-29	T	07-05-2025	-	-	GO:0016757(PANTHER)	-
HFDHAJOI_04629	93cf789b8d26217d99ae09bf3a668214	314	SUPERFAMILY	SSF53448	Nucleotide-diphospho-sugar transferases	7	223	7.79E-48	T	07-05-2025	IPR029044	Nucleotide-diphospho-sugar transferases	-	-
HFDHAJOI_04438	765f6aadf98d1c10c01b78ae73b363b9	824	SUPERFAMILY	SSF52540	P-loop containing nucleoside triphosphate hydrolases	433	771	1.98E-47	T	07-05-2025	IPR027417	P-loop containing nucleoside triphosphate hydrolase	-	-
HFDHAJOI_04438	765f6aadf98d1c10c01b78ae73b363b9	824	NCBIfam	NF010404	conjugal transfer protein TrbE	1	823	0.0	T	07-05-2025	-	-	-	-
HFDHAJOI_04438	765f6aadf98d1c10c01b78ae73b363b9	824	SMART	SM00382	AAA_5	455	716	1.8E-8	T	07-05-2025	IPR003593	AAA+ ATPase domain	-	-
HFDHAJOI_04438	765f6aadf98d1c10c01b78ae73b363b9	824	CDD	cd01127	TrwB_TraG_TraD_VirD4	644	725	1.14045E-6	T	07-05-2025	-	-	-	-
HFDHAJOI_04438	765f6aadf98d1c10c01b78ae73b363b9	824	Gene3D	G3DSA:3.40.50.300	-	434	520	5.9E-7	T	07-05-2025	IPR027417	P-loop containing nucleoside triphosphate hydrolase	-	-
HFDHAJOI_04438	765f6aadf98d1c10c01b78ae73b363b9	824	Pfam	PF03135	CagE, TrbE, VirB family, component of type IV transporter system	195	400	1.2E-36	T	07-05-2025	IPR018145	CagE, TrbE, VirB component of type IV transporter system, central domain	GO:0005524(InterPro)	-
HFDHAJOI_04438	765f6aadf98d1c10c01b78ae73b363b9	824	NCBIfam	TIGR00929	VirB4 family type IV secretion/conjugal transfer ATPase	7	810	8.0E-190	T	07-05-2025	IPR004346	CagE, TrbE, VirB component of type IV transporter system	GO:0005524(InterPro)	-
HFDHAJOI_04438	765f6aadf98d1c10c01b78ae73b363b9	824	CDD	cd00267	ABC_ATPase	448	477	8.31244E-5	T	07-05-2025	-	-	-	-
HFDHAJOI_04438	765f6aadf98d1c10c01b78ae73b363b9	824	PANTHER	PTHR30121	UNCHARACTERIZED PROTEIN YJGR-RELATED	334	766	7.7E-33	T	07-05-2025	IPR051162	Type IV secretion system component	-	-
HFDHAJOI_04438	765f6aadf98d1c10c01b78ae73b363b9	824	Gene3D	G3DSA:3.40.50.300	-	574	783	2.3E-21	T	07-05-2025	IPR027417	P-loop containing nucleoside triphosphate hydrolase	-	-
HFDHAJOI_04548	1267ab8c086f87aaa340385944bce7a2	343	CDD	cd06579	TM_PBP1_transp_AraH_like	45	315	1.88732E-59	T	07-05-2025	-	-	-	-
HFDHAJOI_04548	1267ab8c086f87aaa340385944bce7a2	343	Pfam	PF02653	Branched-chain amino acid transport system / permease component	38	311	4.8E-32	T	07-05-2025	IPR001851	ABC transporter, permease	GO:0016020(InterPro)|GO:0022857(InterPro)|GO:0055085(InterPro)	-
HFDHAJOI_04548	1267ab8c086f87aaa340385944bce7a2	343	PANTHER	PTHR32196	ABC TRANSPORTER PERMEASE PROTEIN YPHD-RELATED-RELATED	3	316	7.4E-67	T	07-05-2025	-	-	GO:0005886(PANTHER)	-
HFDHAJOI_04423	f367bc590fbf0daa5c2065d3f98c43fb	274	Gene3D	G3DSA:1.10.3720.10	-	7	263	1.3E-47	T	07-05-2025	IPR035906	MetI-like superfamily	-	-
HFDHAJOI_04423	f367bc590fbf0daa5c2065d3f98c43fb	274	PANTHER	PTHR43357	INNER MEMBRANE ABC TRANSPORTER PERMEASE PROTEIN YDCV	9	264	6.5E-43	T	07-05-2025	-	-	-	-
HFDHAJOI_04423	f367bc590fbf0daa5c2065d3f98c43fb	274	ProSiteProfiles	PS50928	ABC transporter integral membrane type-1 domain profile.	70	259	23.451498	T	07-05-2025	IPR000515	ABC transporter type 1, transmembrane domain MetI-like	GO:0016020(InterPro)|GO:0055085(InterPro)	-
HFDHAJOI_04423	f367bc590fbf0daa5c2065d3f98c43fb	274	CDD	cd06261	TM_PBP2	70	248	7.41324E-14	T	07-05-2025	IPR000515	ABC transporter type 1, transmembrane domain MetI-like	GO:0016020(InterPro)|GO:0055085(InterPro)	-
HFDHAJOI_04423	f367bc590fbf0daa5c2065d3f98c43fb	274	Pfam	PF00528	Binding-protein-dependent transport system inner membrane component	90	261	4.0E-11	T	07-05-2025	IPR000515	ABC transporter type 1, transmembrane domain MetI-like	GO:0016020(InterPro)|GO:0055085(InterPro)	-
HFDHAJOI_04423	f367bc590fbf0daa5c2065d3f98c43fb	274	SUPERFAMILY	SSF161098	MetI-like	16	267	6.28E-53	T	07-05-2025	IPR035906	MetI-like superfamily	-	-
HFDHAJOI_04513	8732ef2c3a022b8493252a16bdcac27e	294	ProSiteProfiles	PS50928	ABC transporter integral membrane type-1 domain profile.	74	281	19.837132	T	07-05-2025	IPR000515	ABC transporter type 1, transmembrane domain MetI-like	GO:0016020(InterPro)|GO:0055085(InterPro)	-
HFDHAJOI_04513	8732ef2c3a022b8493252a16bdcac27e	294	SUPERFAMILY	SSF161098	MetI-like	15	285	8.9E-49	T	07-05-2025	IPR035906	MetI-like superfamily	-	-
HFDHAJOI_04513	8732ef2c3a022b8493252a16bdcac27e	294	CDD	cd06261	TM_PBP2	74	274	2.95199E-11	T	07-05-2025	IPR000515	ABC transporter type 1, transmembrane domain MetI-like	GO:0016020(InterPro)|GO:0055085(InterPro)	-
HFDHAJOI_04513	8732ef2c3a022b8493252a16bdcac27e	294	Pfam	PF00528	Binding-protein-dependent transport system inner membrane component	94	286	4.3E-12	T	07-05-2025	IPR000515	ABC transporter type 1, transmembrane domain MetI-like	GO:0016020(InterPro)|GO:0055085(InterPro)	-
HFDHAJOI_04513	8732ef2c3a022b8493252a16bdcac27e	294	PANTHER	PTHR42929	INNER MEMBRANE ABC TRANSPORTER PERMEASE PROTEIN YDCU-RELATED-RELATED	12	285	2.8E-61	T	07-05-2025	-	-	-	-
HFDHAJOI_04513	8732ef2c3a022b8493252a16bdcac27e	294	Gene3D	G3DSA:1.10.3720.10	-	11	288	2.2E-43	T	07-05-2025	IPR035906	MetI-like superfamily	-	-
HFDHAJOI_04472	397cb592f3b6f86195acab29b7936163	1156	CDD	cd00882	Ras_like_GTPase	141	284	0.00153435	T	07-05-2025	-	-	-	-
HFDHAJOI_04472	397cb592f3b6f86195acab29b7936163	1156	PANTHER	PTHR36153	INNER MEMBRANE PROTEIN-RELATED	25	1154	1.1E-226	T	07-05-2025	IPR053156	Type VI secretion system TssM-like	-	-
HFDHAJOI_04472	397cb592f3b6f86195acab29b7936163	1156	Pfam	PF06761	Intracellular multiplication and human macrophage-killing	501	797	2.9E-68	T	07-05-2025	IPR009612	IcmF-related	-	-
HFDHAJOI_04472	397cb592f3b6f86195acab29b7936163	1156	Pfam	PF14331	IcmF-related N-terminal domain	208	447	2.8E-74	T	07-05-2025	IPR025743	Type VI secretion system component TssM1, N-terminal domain	-	-
HFDHAJOI_04472	397cb592f3b6f86195acab29b7936163	1156	Pfam	PF06744	Type VI secretion protein IcmF C2-like domain	1034	1136	5.6E-22	T	07-05-2025	IPR010623	Type VI secretion system IcmF, C-terminal	-	-
HFDHAJOI_04472	397cb592f3b6f86195acab29b7936163	1156	NCBIfam	TIGR03348	type VI secretion system membrane subunit TssM	28	1154	0.0	T	07-05-2025	IPR017731	Type VI secretion system protein TssM1-like	-	-
HFDHAJOI_04472	397cb592f3b6f86195acab29b7936163	1156	SUPERFAMILY	SSF52540	P-loop containing nucleoside triphosphate hydrolases	116	305	6.04E-12	T	07-05-2025	IPR027417	P-loop containing nucleoside triphosphate hydrolase	-	-
HFDHAJOI_04614	6f78ce9eec7c6fd2faf7875335d0bd11	1102	Pfam	PF01443	Viral (Superfamily 1) RNA helicase	688	736	0.0087	T	07-05-2025	IPR027351	(+) RNA virus helicase core domain	GO:0005524(InterPro)	-
HFDHAJOI_04614	6f78ce9eec7c6fd2faf7875335d0bd11	1102	Gene3D	G3DSA:3.40.50.300	-	534	743	3.0E-57	T	07-05-2025	IPR027417	P-loop containing nucleoside triphosphate hydrolase	-	-
HFDHAJOI_04614	6f78ce9eec7c6fd2faf7875335d0bd11	1102	Pfam	PF03389	MobA/MobL family	18	243	4.7E-68	T	07-05-2025	IPR005053	MobA/MobL protein	-	-
HFDHAJOI_04614	6f78ce9eec7c6fd2faf7875335d0bd11	1102	NCBIfam	TIGR02768	Ti-type conjugative transfer relaxase TraA	1	781	1.5E-299	T	07-05-2025	IPR014136	Ti-type conjugative transfer relaxase TraA	-	-
HFDHAJOI_04614	6f78ce9eec7c6fd2faf7875335d0bd11	1102	SUPERFAMILY	SSF52540	P-loop containing nucleoside triphosphate hydrolases	493	744	2.57E-40	T	07-05-2025	IPR027417	P-loop containing nucleoside triphosphate hydrolase	-	-
HFDHAJOI_04614	6f78ce9eec7c6fd2faf7875335d0bd11	1102	PANTHER	PTHR43788	DNA2/NAM7 HELICASE FAMILY MEMBER	466	735	2.3E-11	T	07-05-2025	IPR050534	Coronaviruses polyprotein 1ab	-	-
HFDHAJOI_04614	6f78ce9eec7c6fd2faf7875335d0bd11	1102	Pfam	PF13604	AAA domain	381	568	5.6E-55	T	07-05-2025	-	-	-	-
HFDHAJOI_04614	6f78ce9eec7c6fd2faf7875335d0bd11	1102	Gene3D	G3DSA:2.30.30.940	-	614	693	3.0E-57	T	07-05-2025	-	-	-	-
HFDHAJOI_04614	6f78ce9eec7c6fd2faf7875335d0bd11	1102	Gene3D	G3DSA:3.40.50.300	-	378	533	3.0E-57	T	07-05-2025	IPR027417	P-loop containing nucleoside triphosphate hydrolase	-	-
HFDHAJOI_04614	6f78ce9eec7c6fd2faf7875335d0bd11	1102	CDD	cd17933	DEXSc_RecD-like	385	533	1.40764E-40	T	07-05-2025	-	-	-	-
HFDHAJOI_04614	6f78ce9eec7c6fd2faf7875335d0bd11	1102	Pfam	PF17841	BID domain of Bartonella effector protein (Bep)	858	954	2.6E-25	T	07-05-2025	IPR041533	Bartonella effector protein, BID domain	-	-
HFDHAJOI_04614	6f78ce9eec7c6fd2faf7875335d0bd11	1102	CDD	cd18809	SF1_C_RecD	677	736	8.19049E-14	T	07-05-2025	-	-	-	-
HFDHAJOI_04614	6f78ce9eec7c6fd2faf7875335d0bd11	1102	SUPERFAMILY	SSF52540	P-loop containing nucleoside triphosphate hydrolases	286	553	4.33E-22	T	07-05-2025	IPR027417	P-loop containing nucleoside triphosphate hydrolase	-	-
HFDHAJOI_04614	6f78ce9eec7c6fd2faf7875335d0bd11	1102	Gene3D	G3DSA:3.30.930.30	-	2	221	1.6E-59	T	07-05-2025	-	-	-	-
HFDHAJOI_04614	6f78ce9eec7c6fd2faf7875335d0bd11	1102	NCBIfam	NF010402	Dtr system oriT relaxase	1	1102	0.0	T	07-05-2025	-	-	-	-
HFDHAJOI_04633	160d08f51e8f59a1b175d679cdec759e	262	Gene3D	G3DSA:3.60.21.10	-	28	261	8.9E-50	T	07-05-2025	IPR029052	Metallo-dependent phosphatase-like	-	-
HFDHAJOI_04633	160d08f51e8f59a1b175d679cdec759e	262	PANTHER	PTHR42850	METALLOPHOSPHOESTERASE	12	252	1.9E-30	T	07-05-2025	IPR050126	Diadenosine polyphosphate hydrolase	GO:0005737(PANTHER)|GO:0008803(PANTHER)|GO:0016791(PANTHER)|GO:0110154(PANTHER)	-
HFDHAJOI_04633	160d08f51e8f59a1b175d679cdec759e	262	Pfam	PF00149	Calcineurin-like phosphoesterase	33	225	1.2E-10	T	07-05-2025	IPR004843	Calcineurin-like, phosphoesterase domain	GO:0016787(InterPro)	-
HFDHAJOI_04633	160d08f51e8f59a1b175d679cdec759e	262	CDD	cd00144	MPP_PPP_family	34	250	2.80041E-24	T	07-05-2025	-	-	-	-
HFDHAJOI_04633	160d08f51e8f59a1b175d679cdec759e	262	SUPERFAMILY	SSF56300	Metallo-dependent phosphatases	27	252	1.22E-37	T	07-05-2025	IPR029052	Metallo-dependent phosphatase-like	-	-
HFDHAJOI_04673	6d21a3f970cf93ddf534cb9cfb93c30c	180	SUPERFAMILY	SSF51695	PLC-like phosphodiesterases	3	176	2.12E-9	T	07-05-2025	IPR017946	PLC-like phosphodiesterase, TIM beta/alpha-barrel domain superfamily	GO:0006629(InterPro)|GO:0008081(InterPro)	-
HFDHAJOI_04673	6d21a3f970cf93ddf534cb9cfb93c30c	180	Gene3D	G3DSA:3.20.20.190	Phosphatidylinositol (PI) phosphodiesterase	1	174	1.8E-11	T	07-05-2025	IPR017946	PLC-like phosphodiesterase, TIM beta/alpha-barrel domain superfamily	GO:0006629(InterPro)|GO:0008081(InterPro)	-
HFDHAJOI_04470	b0f28da5035ce374316dc5ab641d8076	313	Gene3D	G3DSA:3.30.200.20	Phosphorylase Kinase; domain 1	54	142	7.2E-7	T	07-05-2025	-	-	-	-
HFDHAJOI_04470	b0f28da5035ce374316dc5ab641d8076	313	PANTHER	PTHR43289	MITOGEN-ACTIVATED PROTEIN KINASE KINASE KINASE 20-RELATED	65	302	2.1E-22	T	07-05-2025	-	-	GO:0004674(PANTHER)|GO:0018105(PANTHER)	-
HFDHAJOI_04470	b0f28da5035ce374316dc5ab641d8076	313	Gene3D	G3DSA:1.10.510.10	Transferase(Phosphotransferase) domain 1	143	309	1.8E-21	T	07-05-2025	-	-	-	-
HFDHAJOI_04470	b0f28da5035ce374316dc5ab641d8076	313	SUPERFAMILY	SSF56112	Protein kinase-like (PK-like)	62	262	1.34E-31	T	07-05-2025	IPR011009	Protein kinase-like domain superfamily	-	-
HFDHAJOI_04470	b0f28da5035ce374316dc5ab641d8076	313	ProSiteProfiles	PS50011	Protein kinase domain profile.	66	313	19.326138	T	07-05-2025	IPR000719	Protein kinase domain	GO:0004672(InterPro)|GO:0005524(InterPro)|GO:0006468(InterPro)	-
HFDHAJOI_04470	b0f28da5035ce374316dc5ab641d8076	313	Pfam	PF00069	Protein kinase domain	68	262	2.8E-13	T	07-05-2025	IPR000719	Protein kinase domain	GO:0004672(InterPro)|GO:0005524(InterPro)|GO:0006468(InterPro)	-
HFDHAJOI_04425	bfb04a73d8ab4ee1fe11f9452e8ba5d3	383	PANTHER	PTHR42779	PROTEIN YNJB	134	375	1.5E-26	T	07-05-2025	-	-	-	-
HFDHAJOI_04425	bfb04a73d8ab4ee1fe11f9452e8ba5d3	383	Pfam	PF13416	Bacterial extracellular solute-binding protein	52	332	1.2E-18	T	07-05-2025	IPR006059	Bacterial-type extracellular solute-binding protein	-	-
HFDHAJOI_04425	bfb04a73d8ab4ee1fe11f9452e8ba5d3	383	Gene3D	G3DSA:3.40.190.10	-	28	378	1.1E-20	T	07-05-2025	-	-	-	-
HFDHAJOI_04425	bfb04a73d8ab4ee1fe11f9452e8ba5d3	383	SUPERFAMILY	SSF53850	Periplasmic binding protein-like II	27	373	5.43E-34	T	07-05-2025	-	-	-	-
HFDHAJOI_04666	aef2add4c22d6dc04178108307765a38	95	SUPERFAMILY	SSF47413	lambda repressor-like DNA-binding domains	5	71	3.44E-7	T	07-05-2025	IPR010982	Lambda repressor-like, DNA-binding domain superfamily	GO:0003677(InterPro)	-
HFDHAJOI_04666	aef2add4c22d6dc04178108307765a38	95	Gene3D	G3DSA:1.10.260.40	-	1	77	1.5E-8	T	07-05-2025	IPR010982	Lambda repressor-like, DNA-binding domain superfamily	GO:0003677(InterPro)	-
HFDHAJOI_04666	aef2add4c22d6dc04178108307765a38	95	CDD	cd00093	HTH_XRE	12	69	0.00192758	T	07-05-2025	IPR001387	Cro/C1-type helix-turn-helix domain	-	-
HFDHAJOI_04475	f5f578ed81df60e456686cdc1a8ed574	396	MobiDBLite	mobidb-lite	consensus disorder prediction	373	396	-	T	07-05-2025	-	-	-	-
HFDHAJOI_04475	f5f578ed81df60e456686cdc1a8ed574	396	Gene3D	G3DSA:2.60.200.20	-	5	106	1.2E-16	T	07-05-2025	-	-	-	-
HFDHAJOI_04475	f5f578ed81df60e456686cdc1a8ed574	396	ProSiteProfiles	PS50006	Forkhead-associated (FHA) domain profile.	26	76	12.273	T	07-05-2025	IPR000253	Forkhead-associated (FHA) domain	GO:0005515(InterPro)	-
HFDHAJOI_04475	f5f578ed81df60e456686cdc1a8ed574	396	SMART	SM00240	FHA_2	25	76	2.2E-5	T	07-05-2025	IPR000253	Forkhead-associated (FHA) domain	GO:0005515(InterPro)	-
HFDHAJOI_04475	f5f578ed81df60e456686cdc1a8ed574	396	Pfam	PF00498	FHA domain	27	92	1.9E-11	T	07-05-2025	IPR000253	Forkhead-associated (FHA) domain	GO:0005515(InterPro)	-
HFDHAJOI_04475	f5f578ed81df60e456686cdc1a8ed574	396	CDD	cd00060	FHA	13	99	2.34741E-16	T	07-05-2025	-	-	-	-
HFDHAJOI_04475	f5f578ed81df60e456686cdc1a8ed574	396	SUPERFAMILY	SSF49879	SMAD/FHA domain	11	110	1.4E-22	T	07-05-2025	IPR008984	SMAD/FHA domain superfamily	GO:0005515(InterPro)	-
HFDHAJOI_04447	6642144e342a75698acb80014e0e84aa	92	Pfam	PF02604	Antitoxin Phd_YefM, type II toxin-antitoxin system	2	68	8.0E-6	T	07-05-2025	IPR006442	Type II toxin-antitoxin system, antitoxin Phd/YefM	-	-
HFDHAJOI_04447	6642144e342a75698acb80014e0e84aa	92	SUPERFAMILY	SSF143120	YefM-like	2	50	4.45E-9	T	07-05-2025	IPR036165	YefM-like superfamily	-	-
HFDHAJOI_04620	1dcf8d6b915fbc81d395a583053a6505	303	Gene3D	G3DSA:1.10.3210.10	Hypothetical protein af1432	22	294	2.9E-57	T	07-05-2025	-	-	-	-
HFDHAJOI_04620	1dcf8d6b915fbc81d395a583053a6505	303	SMART	SM00471	hd_13	130	266	2.1E-5	T	07-05-2025	IPR003607	HD/PDEase domain	-	-
HFDHAJOI_04620	1dcf8d6b915fbc81d395a583053a6505	303	ProSiteProfiles	PS51832	HD-GYP domain profile.	110	303	35.423523	T	07-05-2025	IPR037522	HD-GYP domain	-	-
HFDHAJOI_04620	1dcf8d6b915fbc81d395a583053a6505	303	SUPERFAMILY	SSF109604	HD-domain/PDEase-like	125	281	1.57E-29	T	07-05-2025	-	-	-	-
HFDHAJOI_04620	1dcf8d6b915fbc81d395a583053a6505	303	CDD	cd00077	HDc	134	267	2.49074E-20	T	07-05-2025	IPR003607	HD/PDEase domain	-	-
HFDHAJOI_04620	1dcf8d6b915fbc81d395a583053a6505	303	Pfam	PF11871	Domain of unknown function (DUF3391)	3	69	2.8E-4	T	07-05-2025	IPR021812	Domain of unknown function DUF3391	-	-
HFDHAJOI_04620	1dcf8d6b915fbc81d395a583053a6505	303	PANTHER	PTHR43155	CYCLIC DI-GMP PHOSPHODIESTERASE PA4108-RELATED	93	291	8.3E-55	T	07-05-2025	-	-	-	-
HFDHAJOI_04620	1dcf8d6b915fbc81d395a583053a6505	303	Pfam	PF13487	HD domain	131	285	3.5E-22	T	07-05-2025	-	-	-	-
HFDHAJOI_04539	fd4b36f4729d0e4fff569635e793fef1	354	Gene3D	G3DSA:3.20.20.140	-	1	353	6.8E-137	T	07-05-2025	-	-	-	-
HFDHAJOI_04539	fd4b36f4729d0e4fff569635e793fef1	354	ProSiteProfiles	PS51347	Phosphotriesterase family profile.	12	354	63.82127	T	07-05-2025	IPR001559	Phosphotriesterase	GO:0008270(InterPro)|GO:0009056(InterPro)	-
HFDHAJOI_04539	fd4b36f4729d0e4fff569635e793fef1	354	Pfam	PF02126	Phosphotriesterase family	23	351	1.2E-69	T	07-05-2025	IPR001559	Phosphotriesterase	GO:0008270(InterPro)|GO:0009056(InterPro)	-
HFDHAJOI_04539	fd4b36f4729d0e4fff569635e793fef1	354	ProSitePatterns	PS01322	Phosphotriesterase family signature 1.	27	35	-	T	07-05-2025	IPR017947	Aryldialkylphosphatase, zinc-binding site	GO:0008270(InterPro)|GO:0009056(InterPro)|GO:0016788(InterPro)	-
HFDHAJOI_04539	fd4b36f4729d0e4fff569635e793fef1	354	CDD	cd00530	PTE	27	350	2.44922E-116	T	07-05-2025	IPR001559	Phosphotriesterase	GO:0008270(InterPro)|GO:0009056(InterPro)	-
HFDHAJOI_04539	fd4b36f4729d0e4fff569635e793fef1	354	PIRSF	PIRSF016839	PhP	60	354	2.0E-55	T	07-05-2025	IPR001559	Phosphotriesterase	GO:0008270(InterPro)|GO:0009056(InterPro)	-
HFDHAJOI_04539	fd4b36f4729d0e4fff569635e793fef1	354	PIRSF	PIRSF016839	PhP	12	55	0.11	T	07-05-2025	IPR001559	Phosphotriesterase	GO:0008270(InterPro)|GO:0009056(InterPro)	-
HFDHAJOI_04539	fd4b36f4729d0e4fff569635e793fef1	354	PANTHER	PTHR10819	PHOSPHOTRIESTERASE-RELATED	12	352	6.3E-100	T	07-05-2025	IPR001559	Phosphotriesterase	GO:0008270(InterPro)|GO:0009056(InterPro)	-
HFDHAJOI_04539	fd4b36f4729d0e4fff569635e793fef1	354	SUPERFAMILY	SSF51556	Metallo-dependent hydrolases	13	351	6.35E-90	T	07-05-2025	IPR032466	Metal-dependent hydrolase	-	-
HFDHAJOI_04541	e498df2ca5a914516f780cbac2c75d49	303	Hamap	MF_01987	Deoxyribokinase [deoK].	5	299	20.000679	T	07-05-2025	IPR011877	Ribokinase	GO:0004747(InterPro)|GO:0006014(InterPro)	-
HFDHAJOI_04541	e498df2ca5a914516f780cbac2c75d49	303	PANTHER	PTHR10584	SUGAR KINASE	9	301	2.3E-51	T	07-05-2025	-	-	-	-
HFDHAJOI_04541	e498df2ca5a914516f780cbac2c75d49	303	Pfam	PF00294	pfkB family carbohydrate kinase	12	292	1.2E-39	T	07-05-2025	IPR011611	Carbohydrate kinase PfkB	-	-
HFDHAJOI_04541	e498df2ca5a914516f780cbac2c75d49	303	SUPERFAMILY	SSF53613	Ribokinase-like	6	300	4.46E-60	T	07-05-2025	IPR029056	Ribokinase-like	-	-
HFDHAJOI_04541	e498df2ca5a914516f780cbac2c75d49	303	Gene3D	G3DSA:3.40.1190.20	-	6	303	1.4E-75	T	07-05-2025	IPR029056	Ribokinase-like	-	-
HFDHAJOI_04541	e498df2ca5a914516f780cbac2c75d49	303	ProSitePatterns	PS00583	pfkB family of carbohydrate kinases signature 1.	41	65	-	T	07-05-2025	IPR002173	Carbohydrate/purine kinase, PfkB, conserved site	GO:0016301(InterPro)	-
HFDHAJOI_04541	e498df2ca5a914516f780cbac2c75d49	303	PRINTS	PR00990	Ribokinase signature	9	30	1.9E-17	T	07-05-2025	IPR002139	Ribokinase/fructokinase	GO:0016301(InterPro)	-
HFDHAJOI_04541	e498df2ca5a914516f780cbac2c75d49	303	PRINTS	PR00990	Ribokinase signature	36	55	1.9E-17	T	07-05-2025	IPR002139	Ribokinase/fructokinase	GO:0016301(InterPro)	-
HFDHAJOI_04541	e498df2ca5a914516f780cbac2c75d49	303	PRINTS	PR00990	Ribokinase signature	175	190	1.9E-17	T	07-05-2025	IPR002139	Ribokinase/fructokinase	GO:0016301(InterPro)	-
HFDHAJOI_04541	e498df2ca5a914516f780cbac2c75d49	303	PRINTS	PR00990	Ribokinase signature	213	224	1.9E-17	T	07-05-2025	IPR002139	Ribokinase/fructokinase	GO:0016301(InterPro)	-
HFDHAJOI_04541	e498df2ca5a914516f780cbac2c75d49	303	PRINTS	PR00990	Ribokinase signature	107	120	1.9E-17	T	07-05-2025	IPR002139	Ribokinase/fructokinase	GO:0016301(InterPro)	-
