HFDHAJOI_04838	b4d685205fea886e9d99a8c6b966fe75	335	Gene3D	G3DSA:1.10.10.10	-	22	107	1.1E-17	T	07-05-2025	IPR036388	Winged helix-like DNA-binding domain superfamily	-	-
HFDHAJOI_04838	b4d685205fea886e9d99a8c6b966fe75	335	ProSiteProfiles	PS50931	LysR-type HTH domain profile.	28	85	24.049414	T	07-05-2025	IPR000847	LysR, HTH, N-terminal domain	GO:0003700(InterPro)|GO:0006355(InterPro)	-
HFDHAJOI_04838	b4d685205fea886e9d99a8c6b966fe75	335	SUPERFAMILY	SSF53850	Periplasmic binding protein-like II	123	306	2.17E-8	T	07-05-2025	-	-	-	-
HFDHAJOI_04838	b4d685205fea886e9d99a8c6b966fe75	335	Gene3D	G3DSA:3.40.190.10	-	186	286	8.0E-15	T	07-05-2025	-	-	-	-
HFDHAJOI_04838	b4d685205fea886e9d99a8c6b966fe75	335	PANTHER	PTHR30118	HTH-TYPE TRANSCRIPTIONAL REGULATOR LEUO-RELATED	24	310	1.7E-38	T	07-05-2025	IPR050389	LysR-type Transcriptional Regulators	GO:0006355(PANTHER)	-
HFDHAJOI_04838	b4d685205fea886e9d99a8c6b966fe75	335	Gene3D	G3DSA:3.40.190.10	-	126	299	8.0E-15	T	07-05-2025	-	-	-	-
HFDHAJOI_04838	b4d685205fea886e9d99a8c6b966fe75	335	Pfam	PF00126	Bacterial regulatory helix-turn-helix protein, lysR family	30	89	1.9E-11	T	07-05-2025	IPR000847	LysR, HTH, N-terminal domain	GO:0003700(InterPro)|GO:0006355(InterPro)	-
HFDHAJOI_04838	b4d685205fea886e9d99a8c6b966fe75	335	SUPERFAMILY	SSF46785	"Winged helix" DNA-binding domain	27	107	4.3E-17	T	07-05-2025	IPR036390	Winged helix DNA-binding domain superfamily	-	-
HFDHAJOI_04838	b4d685205fea886e9d99a8c6b966fe75	335	PRINTS	PR00039	LysR bacterial regulatory protein HTH signature	45	56	3.1E-5	T	07-05-2025	IPR000847	LysR, HTH, N-terminal domain	GO:0003700(InterPro)|GO:0006355(InterPro)	-
HFDHAJOI_04838	b4d685205fea886e9d99a8c6b966fe75	335	PRINTS	PR00039	LysR bacterial regulatory protein HTH signature	56	66	3.1E-5	T	07-05-2025	IPR000847	LysR, HTH, N-terminal domain	GO:0003700(InterPro)|GO:0006355(InterPro)	-
HFDHAJOI_04838	b4d685205fea886e9d99a8c6b966fe75	335	PRINTS	PR00039	LysR bacterial regulatory protein HTH signature	66	77	3.1E-5	T	07-05-2025	IPR000847	LysR, HTH, N-terminal domain	GO:0003700(InterPro)|GO:0006355(InterPro)	-
HFDHAJOI_04705	5f304e88d0a60ac568be9e44ade97428	170	PANTHER	PTHR37816	YALI0E33011P	5	167	1.2E-18	T	07-05-2025	IPR052922	Cytidylate Kinase Type 2	-	-
HFDHAJOI_04705	5f304e88d0a60ac568be9e44ade97428	170	Gene3D	G3DSA:3.40.50.300	-	2	169	1.3E-8	T	07-05-2025	IPR027417	P-loop containing nucleoside triphosphate hydrolase	-	-
HFDHAJOI_04705	5f304e88d0a60ac568be9e44ade97428	170	SUPERFAMILY	SSF52540	P-loop containing nucleoside triphosphate hydrolases	6	128	8.59E-13	T	07-05-2025	IPR027417	P-loop containing nucleoside triphosphate hydrolase	-	-
HFDHAJOI_04846	fabd365d257e425290bef9a72598b52f	151	Pfam	PF12957	Domain of unknown function (DUF3846)	6	92	4.1E-7	T	07-05-2025	IPR024559	Domain of unknown function DUF3846	-	-
HFDHAJOI_04684	d343c2f019fe87934c8109362f2f8cd7	695	CDD	cd01127	TrwB_TraG_TraD_VirD4	132	169	2.20836E-8	T	07-05-2025	-	-	-	-
HFDHAJOI_04684	d343c2f019fe87934c8109362f2f8cd7	695	SUPERFAMILY	SSF52540	P-loop containing nucleoside triphosphate hydrolases	112	531	1.81E-47	T	07-05-2025	IPR027417	P-loop containing nucleoside triphosphate hydrolase	-	-
HFDHAJOI_04684	d343c2f019fe87934c8109362f2f8cd7	695	MobiDBLite	mobidb-lite	consensus disorder prediction	555	654	-	T	07-05-2025	-	-	-	-
HFDHAJOI_04684	d343c2f019fe87934c8109362f2f8cd7	695	MobiDBLite	mobidb-lite	consensus disorder prediction	612	623	-	T	07-05-2025	-	-	-	-
HFDHAJOI_04684	d343c2f019fe87934c8109362f2f8cd7	695	Pfam	PF02534	Type IV secretory system Conjugative DNA transfer	107	534	1.7E-89	T	07-05-2025	IPR003688	Type IV secretion system protein TraG/VirD4	GO:0016020(InterPro)	-
HFDHAJOI_04684	d343c2f019fe87934c8109362f2f8cd7	695	PANTHER	PTHR37937	CONJUGATIVE TRANSFER: DNA TRANSPORT	111	579	2.5E-74	T	07-05-2025	IPR051539	Type IV secretion system-coupling protein	-	-
HFDHAJOI_04684	d343c2f019fe87934c8109362f2f8cd7	695	CDD	cd01127	TrwB_TraG_TraD_VirD4	358	447	5.2121E-14	T	07-05-2025	-	-	-	-
HFDHAJOI_04684	d343c2f019fe87934c8109362f2f8cd7	695	Gene3D	G3DSA:3.40.50.300	-	313	534	2.2E-41	T	07-05-2025	IPR027417	P-loop containing nucleoside triphosphate hydrolase	-	-
HFDHAJOI_04798	0b0829a6622e85863417b38e981bf77a	121	PANTHER	PTHR46564	TRANSPOSASE	3	118	4.1E-21	T	07-05-2025	-	-	-	-
HFDHAJOI_04798	0b0829a6622e85863417b38e981bf77a	121	Pfam	PF13358	DDE superfamily endonuclease	3	85	1.2E-18	T	07-05-2025	IPR038717	Tc1-like transposase, DDE domain	-	-
HFDHAJOI_04798	0b0829a6622e85863417b38e981bf77a	121	Gene3D	G3DSA:3.30.420.10	-	1	118	3.6E-23	T	07-05-2025	IPR036397	Ribonuclease H superfamily	GO:0003676(InterPro)	-
HFDHAJOI_04784	84c3f6e464745acae72a84e4c9ca2f67	512	Pfam	PF13333	Integrase core domain	452	507	1.1E-12	T	07-05-2025	IPR001584	Integrase, catalytic core	GO:0015074(InterPro)	-
HFDHAJOI_04784	84c3f6e464745acae72a84e4c9ca2f67	512	SUPERFAMILY	SSF46689	Homeodomain-like	117	212	8.6E-9	T	07-05-2025	IPR009057	Homedomain-like superfamily	-	-
HFDHAJOI_04784	84c3f6e464745acae72a84e4c9ca2f67	512	Pfam	PF13276	HTH-like domain	272	322	1.6E-10	T	07-05-2025	IPR025948	HTH-like domain	-	-
HFDHAJOI_04784	84c3f6e464745acae72a84e4c9ca2f67	512	Pfam	PF00665	Integrase core domain	346	443	7.1E-12	T	07-05-2025	IPR001584	Integrase, catalytic core	GO:0015074(InterPro)	-
HFDHAJOI_04784	84c3f6e464745acae72a84e4c9ca2f67	512	SUPERFAMILY	SSF53098	Ribonuclease H-like	340	503	3.41E-28	T	07-05-2025	IPR012337	Ribonuclease H-like superfamily	-	-
HFDHAJOI_04784	84c3f6e464745acae72a84e4c9ca2f67	512	NCBIfam	NF033516	IS3 family transposase	134	505	1.1E-111	T	07-05-2025	IPR048020	IS3 transposase	-	-
HFDHAJOI_04784	84c3f6e464745acae72a84e4c9ca2f67	512	MobiDBLite	mobidb-lite	consensus disorder prediction	163	182	-	T	07-05-2025	-	-	-	-
HFDHAJOI_04784	84c3f6e464745acae72a84e4c9ca2f67	512	Coils	Coil	Coil	172	206	-	T	07-05-2025	-	-	-	-
HFDHAJOI_04784	84c3f6e464745acae72a84e4c9ca2f67	512	ProSiteProfiles	PS50994	Integrase catalytic domain profile.	344	509	15.886137	T	07-05-2025	IPR001584	Integrase, catalytic core	GO:0015074(InterPro)	-
HFDHAJOI_04784	84c3f6e464745acae72a84e4c9ca2f67	512	Gene3D	G3DSA:1.10.10.60	-	131	200	1.5E-5	T	07-05-2025	-	-	-	-
HFDHAJOI_04784	84c3f6e464745acae72a84e4c9ca2f67	512	PANTHER	PTHR46889	TRANSPOSASE INSF FOR INSERTION SEQUENCE IS3B-RELATED	239	507	2.8E-51	T	07-05-2025	IPR050900	Transposase IS3/IS150/IS904	-	-
HFDHAJOI_04784	84c3f6e464745acae72a84e4c9ca2f67	512	Gene3D	G3DSA:3.30.420.10	-	343	507	4.7E-12	T	07-05-2025	IPR036397	Ribonuclease H superfamily	GO:0003676(InterPro)	-
HFDHAJOI_04768	84c3f6e464745acae72a84e4c9ca2f67	512	Pfam	PF13333	Integrase core domain	452	507	1.1E-12	T	07-05-2025	IPR001584	Integrase, catalytic core	GO:0015074(InterPro)	-
HFDHAJOI_04768	84c3f6e464745acae72a84e4c9ca2f67	512	SUPERFAMILY	SSF46689	Homeodomain-like	117	212	8.6E-9	T	07-05-2025	IPR009057	Homedomain-like superfamily	-	-
HFDHAJOI_04768	84c3f6e464745acae72a84e4c9ca2f67	512	Pfam	PF13276	HTH-like domain	272	322	1.6E-10	T	07-05-2025	IPR025948	HTH-like domain	-	-
HFDHAJOI_04768	84c3f6e464745acae72a84e4c9ca2f67	512	Pfam	PF00665	Integrase core domain	346	443	7.1E-12	T	07-05-2025	IPR001584	Integrase, catalytic core	GO:0015074(InterPro)	-
HFDHAJOI_04768	84c3f6e464745acae72a84e4c9ca2f67	512	SUPERFAMILY	SSF53098	Ribonuclease H-like	340	503	3.41E-28	T	07-05-2025	IPR012337	Ribonuclease H-like superfamily	-	-
HFDHAJOI_04768	84c3f6e464745acae72a84e4c9ca2f67	512	NCBIfam	NF033516	IS3 family transposase	134	505	1.1E-111	T	07-05-2025	IPR048020	IS3 transposase	-	-
HFDHAJOI_04768	84c3f6e464745acae72a84e4c9ca2f67	512	MobiDBLite	mobidb-lite	consensus disorder prediction	163	182	-	T	07-05-2025	-	-	-	-
HFDHAJOI_04768	84c3f6e464745acae72a84e4c9ca2f67	512	Coils	Coil	Coil	172	206	-	T	07-05-2025	-	-	-	-
HFDHAJOI_04768	84c3f6e464745acae72a84e4c9ca2f67	512	ProSiteProfiles	PS50994	Integrase catalytic domain profile.	344	509	15.886137	T	07-05-2025	IPR001584	Integrase, catalytic core	GO:0015074(InterPro)	-
HFDHAJOI_04768	84c3f6e464745acae72a84e4c9ca2f67	512	Gene3D	G3DSA:1.10.10.60	-	131	200	1.5E-5	T	07-05-2025	-	-	-	-
HFDHAJOI_04768	84c3f6e464745acae72a84e4c9ca2f67	512	PANTHER	PTHR46889	TRANSPOSASE INSF FOR INSERTION SEQUENCE IS3B-RELATED	239	507	2.8E-51	T	07-05-2025	IPR050900	Transposase IS3/IS150/IS904	-	-
HFDHAJOI_04768	84c3f6e464745acae72a84e4c9ca2f67	512	Gene3D	G3DSA:3.30.420.10	-	343	507	4.7E-12	T	07-05-2025	IPR036397	Ribonuclease H superfamily	GO:0003676(InterPro)	-
HFDHAJOI_04806	bc1ee537c1d48191a76fa61f216f35d1	231	PANTHER	PTHR13696	P-LOOP CONTAINING NUCLEOSIDE TRIPHOSPHATE HYDROLASE	1	49	3.2E-17	T	07-05-2025	IPR050678	DNA Partitioning ATPase	-	-
HFDHAJOI_04806	bc1ee537c1d48191a76fa61f216f35d1	231	Gene3D	G3DSA:3.40.50.300	-	1	216	1.1E-27	T	07-05-2025	IPR027417	P-loop containing nucleoside triphosphate hydrolase	-	-
HFDHAJOI_04806	bc1ee537c1d48191a76fa61f216f35d1	231	NCBIfam	NF010423	conjugal transfer ATPase VirC1	1	231	2.1E-114	T	07-05-2025	-	-	-	-
HFDHAJOI_04806	bc1ee537c1d48191a76fa61f216f35d1	231	Pfam	PF07015	VirC1 protein	1	231	2.3E-112	T	07-05-2025	IPR009744	VirC1	-	-
HFDHAJOI_04806	bc1ee537c1d48191a76fa61f216f35d1	231	SUPERFAMILY	SSF52540	P-loop containing nucleoside triphosphate hydrolases	1	187	6.97E-23	T	07-05-2025	IPR027417	P-loop containing nucleoside triphosphate hydrolase	-	-
HFDHAJOI_04806	bc1ee537c1d48191a76fa61f216f35d1	231	CDD	cd02042	ParAB_family	2	169	1.001E-21	T	07-05-2025	-	-	-	-
HFDHAJOI_04806	bc1ee537c1d48191a76fa61f216f35d1	231	PIRSF	PIRSF009320	Nuc_binding_HP_1000	1	205	1.6E-33	T	07-05-2025	-	-	-	-
HFDHAJOI_04713	a4d04b941cd5fb7c5258754c38af22b3	390	PIRSF	PIRSF006078	GlxK	3	382	5.7E-113	T	07-05-2025	IPR004381	Glycerate kinase	GO:0008887(InterPro)|GO:0031388(InterPro)	-
HFDHAJOI_04713	a4d04b941cd5fb7c5258754c38af22b3	390	Gene3D	G3DSA:3.40.50.10350	Glycerate kinase; domain 1	4	367	2.0E-124	T	07-05-2025	IPR018197	Glycerate kinase, restriction-enzyme-like fold	-	-
HFDHAJOI_04713	a4d04b941cd5fb7c5258754c38af22b3	390	SUPERFAMILY	SSF110738	Glycerate kinase I	4	379	1.03E-120	T	07-05-2025	IPR036129	Glycerate kinase superfamily	GO:0008887(InterPro)|GO:0031388(InterPro)	-
HFDHAJOI_04713	a4d04b941cd5fb7c5258754c38af22b3	390	Pfam	PF02595	Glycerate kinase family	5	377	6.9E-133	T	07-05-2025	IPR004381	Glycerate kinase	GO:0008887(InterPro)|GO:0031388(InterPro)	-
HFDHAJOI_04713	a4d04b941cd5fb7c5258754c38af22b3	390	PANTHER	PTHR21599	GLYCERATE KINASE	3	382	2.2E-117	T	07-05-2025	IPR004381	Glycerate kinase	GO:0008887(InterPro)|GO:0031388(InterPro)	-
HFDHAJOI_04713	a4d04b941cd5fb7c5258754c38af22b3	390	NCBIfam	TIGR00045	glycerate kinase	5	378	1.4E-129	T	07-05-2025	IPR004381	Glycerate kinase	GO:0008887(InterPro)|GO:0031388(InterPro)	-
HFDHAJOI_04713	a4d04b941cd5fb7c5258754c38af22b3	390	Gene3D	G3DSA:3.90.1510.10	Glycerate kinase, domain 2	44	280	2.0E-124	T	07-05-2025	IPR018193	Glycerate kinase, flavodoxin-like fold	GO:0008887(InterPro)|GO:0031388(InterPro)	-
HFDHAJOI_04758	b23027658cc30b8594cad77c17c0c308	357	SUPERFAMILY	SSF52540	P-loop containing nucleoside triphosphate hydrolases	4	242	4.6E-88	T	07-05-2025	IPR027417	P-loop containing nucleoside triphosphate hydrolase	-	-
HFDHAJOI_04758	b23027658cc30b8594cad77c17c0c308	357	SUPERFAMILY	SSF50331	MOP-like	236	355	7.05E-21	T	07-05-2025	IPR008995	Molybdate/tungstate binding, C-terminal	-	-
HFDHAJOI_04758	b23027658cc30b8594cad77c17c0c308	357	ProSiteProfiles	PS50893	ATP-binding cassette, ABC transporter-type domain profile.	4	234	32.346329	T	07-05-2025	IPR003439	ABC transporter-like, ATP-binding domain	GO:0005524(InterPro)|GO:0016887(InterPro)	-
HFDHAJOI_04758	b23027658cc30b8594cad77c17c0c308	357	NCBIfam	NF008653	sn-glycerol-3-phosphate ABC transporter ATP-binding protein UgpC	1	355	1.1E-148	T	07-05-2025	-	-	-	-
HFDHAJOI_04758	b23027658cc30b8594cad77c17c0c308	357	CDD	cd03301	ABC_MalK_N	4	216	7.45278E-125	T	07-05-2025	IPR015855	ABC transporter, maltose/maltodextrin import, MalK-like	GO:0005524(InterPro)|GO:0008643(InterPro)|GO:0140359(InterPro)	-
HFDHAJOI_04758	b23027658cc30b8594cad77c17c0c308	357	Pfam	PF00005	ABC transporter	20	161	1.1E-31	T	07-05-2025	IPR003439	ABC transporter-like, ATP-binding domain	GO:0005524(InterPro)|GO:0016887(InterPro)	-
HFDHAJOI_04758	b23027658cc30b8594cad77c17c0c308	357	SMART	SM00382	AAA_5	28	211	1.6E-15	T	07-05-2025	IPR003593	AAA+ ATPase domain	-	-
HFDHAJOI_04758	b23027658cc30b8594cad77c17c0c308	357	Gene3D	G3DSA:2.40.50.100	-	239	351	1.9E-15	T	07-05-2025	-	-	-	-
HFDHAJOI_04758	b23027658cc30b8594cad77c17c0c308	357	PANTHER	PTHR43875	MALTODEXTRIN IMPORT ATP-BINDING PROTEIN MSMX	1	355	3.3E-134	T	07-05-2025	IPR047641	ABC transporter, ATP-binding protein MalK/UgpC-like	GO:0016887(InterPro)|GO:0043190(InterPro)|GO:0055052(PANTHER)	-
HFDHAJOI_04758	b23027658cc30b8594cad77c17c0c308	357	Gene3D	G3DSA:2.40.50.140	-	294	338	1.9E-15	T	07-05-2025	IPR012340	Nucleic acid-binding, OB-fold	-	-
HFDHAJOI_04758	b23027658cc30b8594cad77c17c0c308	357	Gene3D	G3DSA:3.40.50.300	-	1	238	7.3E-78	T	07-05-2025	IPR027417	P-loop containing nucleoside triphosphate hydrolase	-	-
HFDHAJOI_04758	b23027658cc30b8594cad77c17c0c308	357	ProSitePatterns	PS00211	ABC transporters family signature.	134	148	-	T	07-05-2025	IPR017871	ABC transporter-like, conserved site	GO:0005524(InterPro)|GO:0016887(InterPro)	-
HFDHAJOI_04758	b23027658cc30b8594cad77c17c0c308	357	Pfam	PF17912	MalK OB fold domain	235	282	1.5E-6	T	07-05-2025	IPR040582	MalK-like, OB fold domain	-	-
HFDHAJOI_04758	b23027658cc30b8594cad77c17c0c308	357	FunFam	G3DSA:3.40.50.300:FF:000042	Maltose/maltodextrin ABC transporter, ATP-binding protein	1	238	9.8E-113	T	07-05-2025	-	-	-	-
HFDHAJOI_04839	08423f1fde3adf35047a44d06923dfa7	313	PANTHER	PTHR30118	HTH-TYPE TRANSCRIPTIONAL REGULATOR LEUO-RELATED	13	308	2.5E-41	T	07-05-2025	IPR050389	LysR-type Transcriptional Regulators	GO:0006355(PANTHER)	-
HFDHAJOI_04839	08423f1fde3adf35047a44d06923dfa7	313	Pfam	PF03466	LysR substrate binding domain	105	295	6.3E-9	T	07-05-2025	IPR005119	LysR, substrate-binding	-	-
HFDHAJOI_04839	08423f1fde3adf35047a44d06923dfa7	313	SUPERFAMILY	SSF53850	Periplasmic binding protein-like II	96	303	1.86E-22	T	07-05-2025	-	-	-	-
HFDHAJOI_04839	08423f1fde3adf35047a44d06923dfa7	313	CDD	cd08417	PBP2_Nitroaromatics_like	105	305	2.53342E-28	T	07-05-2025	IPR037402	HTH-type transcriptional regulator YidZ, PBP2 domain	GO:0006355(InterPro)	-
HFDHAJOI_04839	08423f1fde3adf35047a44d06923dfa7	313	Gene3D	G3DSA:3.40.190.10	-	176	277	2.3E-28	T	07-05-2025	-	-	-	-
HFDHAJOI_04839	08423f1fde3adf35047a44d06923dfa7	313	SUPERFAMILY	SSF46785	"Winged helix" DNA-binding domain	16	98	7.78E-13	T	07-05-2025	IPR036390	Winged helix DNA-binding domain superfamily	-	-
HFDHAJOI_04839	08423f1fde3adf35047a44d06923dfa7	313	Gene3D	G3DSA:3.40.190.10	-	104	299	2.3E-28	T	07-05-2025	-	-	-	-
HFDHAJOI_04839	08423f1fde3adf35047a44d06923dfa7	313	Gene3D	G3DSA:1.10.10.10	-	10	96	3.4E-13	T	07-05-2025	IPR036388	Winged helix-like DNA-binding domain superfamily	-	-
HFDHAJOI_04839	08423f1fde3adf35047a44d06923dfa7	313	ProSiteProfiles	PS50931	LysR-type HTH domain profile.	18	75	16.024141	T	07-05-2025	IPR000847	LysR, HTH, N-terminal domain	GO:0003700(InterPro)|GO:0006355(InterPro)	-
HFDHAJOI_04839	08423f1fde3adf35047a44d06923dfa7	313	Pfam	PF00126	Bacterial regulatory helix-turn-helix protein, lysR family	20	78	1.3E-6	T	07-05-2025	IPR000847	LysR, HTH, N-terminal domain	GO:0003700(InterPro)|GO:0006355(InterPro)	-
HFDHAJOI_04863	e36326bdf8c72ca93e02361753df2f6f	231	MobiDBLite	mobidb-lite	consensus disorder prediction	107	172	-	T	07-05-2025	-	-	-	-
HFDHAJOI_04863	e36326bdf8c72ca93e02361753df2f6f	231	MobiDBLite	mobidb-lite	consensus disorder prediction	191	231	-	T	07-05-2025	-	-	-	-
HFDHAJOI_04783	01ac1ed0711abcb26c4de36af160c58b	214	MobiDBLite	mobidb-lite	consensus disorder prediction	142	214	-	T	07-05-2025	-	-	-	-
HFDHAJOI_04783	01ac1ed0711abcb26c4de36af160c58b	214	MobiDBLite	mobidb-lite	consensus disorder prediction	202	214	-	T	07-05-2025	-	-	-	-
HFDHAJOI_04783	01ac1ed0711abcb26c4de36af160c58b	214	MobiDBLite	mobidb-lite	consensus disorder prediction	171	193	-	T	07-05-2025	-	-	-	-
HFDHAJOI_04859	0429d0d2c6353b81213f8e9adb8006c1	232	SUPERFAMILY	SSF110849	ParB/Sulfiredoxin	5	102	1.92E-15	T	07-05-2025	IPR036086	ParB/Sulfiredoxin superfamily	-	-
HFDHAJOI_04859	0429d0d2c6353b81213f8e9adb8006c1	232	Pfam	PF02195	ParB/Sulfiredoxin domain	7	99	7.1E-13	T	07-05-2025	IPR003115	ParB N-terminal domain	-	-
HFDHAJOI_04859	0429d0d2c6353b81213f8e9adb8006c1	232	NCBIfam	TIGR00180	ParB/RepB/Spo0J family partition protein	5	182	3.6E-18	T	07-05-2025	IPR004437	ParB/RepB/Spo0J partition protein	GO:0003677(InterPro)	-
HFDHAJOI_04859	0429d0d2c6353b81213f8e9adb8006c1	232	Gene3D	G3DSA:1.10.10.2830	-	92	197	4.5E-18	T	07-05-2025	-	-	-	-
HFDHAJOI_04859	0429d0d2c6353b81213f8e9adb8006c1	232	PANTHER	PTHR33375	CHROMOSOME-PARTITIONING PROTEIN PARB-RELATED	4	231	9.0E-49	T	07-05-2025	IPR050336	Chromosome-partitioning and nucleoid occlusion protein	GO:0005694(PANTHER)|GO:0007059(PANTHER)	-
HFDHAJOI_04859	0429d0d2c6353b81213f8e9adb8006c1	232	CDD	cd16406	ParB_N_like	23	103	1.39502E-35	T	07-05-2025	-	-	-	-
HFDHAJOI_04859	0429d0d2c6353b81213f8e9adb8006c1	232	Gene3D	G3DSA:3.90.1530.30	-	19	91	2.3E-12	T	07-05-2025	-	-	-	-
HFDHAJOI_04859	0429d0d2c6353b81213f8e9adb8006c1	232	SUPERFAMILY	SSF109709	KorB DNA-binding domain-like	93	198	1.57E-22	T	07-05-2025	-	-	-	-
HFDHAJOI_04859	0429d0d2c6353b81213f8e9adb8006c1	232	SMART	SM00470	ParB_7	5	100	1.4E-16	T	07-05-2025	IPR003115	ParB N-terminal domain	-	-
HFDHAJOI_04716	68b0b5d1988e38c77cc79bdcc156ef09	565	SUPERFAMILY	SSF58104	Methyl-accepting chemotaxis protein (MCP) signaling domain	266	547	1.57E-71	T	07-05-2025	-	-	-	-
HFDHAJOI_04716	68b0b5d1988e38c77cc79bdcc156ef09	565	Gene3D	G3DSA:1.10.287.950	-	251	547	4.4E-75	T	07-05-2025	-	-	-	-
HFDHAJOI_04716	68b0b5d1988e38c77cc79bdcc156ef09	565	ProSiteProfiles	PS50885	HAMP domain profile.	246	298	7.161743	T	07-05-2025	IPR003660	HAMP domain	GO:0007165(InterPro)|GO:0016020(InterPro)	-
HFDHAJOI_04716	68b0b5d1988e38c77cc79bdcc156ef09	565	Pfam	PF13188	PAS domain	17	59	11.0	T	07-05-2025	IPR000014	PAS domain	-	-
HFDHAJOI_04716	68b0b5d1988e38c77cc79bdcc156ef09	565	CDD	cd11386	MCP_signal	326	522	2.32858E-60	T	07-05-2025	-	-	-	-
HFDHAJOI_04716	68b0b5d1988e38c77cc79bdcc156ef09	565	ProSiteProfiles	PS50113	PAC domain profile.	205	257	9.178694	T	07-05-2025	IPR000700	PAS-associated, C-terminal	-	-
HFDHAJOI_04716	68b0b5d1988e38c77cc79bdcc156ef09	565	NCBIfam	TIGR00229	PAS domain S-box protein	140	252	1.9E-9	T	07-05-2025	IPR000014	PAS domain	-	-
HFDHAJOI_04716	68b0b5d1988e38c77cc79bdcc156ef09	565	SUPERFAMILY	SSF55785	PYP-like sensor domain (PAS domain)	143	243	1.69E-21	T	07-05-2025	IPR035965	PAS domain superfamily	-	-
HFDHAJOI_04716	68b0b5d1988e38c77cc79bdcc156ef09	565	Gene3D	G3DSA:3.30.450.20	PAS domain	14	125	9.3E-35	T	07-05-2025	-	-	-	-
HFDHAJOI_04716	68b0b5d1988e38c77cc79bdcc156ef09	565	Gene3D	G3DSA:3.30.450.20	PAS domain	131	250	7.4E-18	T	07-05-2025	-	-	-	-
HFDHAJOI_04716	68b0b5d1988e38c77cc79bdcc156ef09	565	CDD	cd00130	PAS	143	245	6.3649E-10	T	07-05-2025	IPR000014	PAS domain	-	-
HFDHAJOI_04716	68b0b5d1988e38c77cc79bdcc156ef09	565	ProSiteProfiles	PS50112	PAS repeat profile.	146	201	9.813698	T	07-05-2025	IPR000014	PAS domain	-	-
HFDHAJOI_04716	68b0b5d1988e38c77cc79bdcc156ef09	565	FunFam	G3DSA:1.10.287.950:FF:000001	Methyl-accepting chemotaxis sensory transducer	246	547	6.8E-78	T	07-05-2025	-	-	-	-
HFDHAJOI_04716	68b0b5d1988e38c77cc79bdcc156ef09	565	Pfam	PF00015	Methyl-accepting chemotaxis protein (MCP) signalling domain	358	514	1.0E-48	T	07-05-2025	IPR004089	Methyl-accepting chemotaxis protein (MCP) signalling domain	GO:0007165(InterPro)|GO:0016020(InterPro)	-
HFDHAJOI_04716	68b0b5d1988e38c77cc79bdcc156ef09	565	Coils	Coil	Coil	322	342	-	T	07-05-2025	-	-	-	-
HFDHAJOI_04716	68b0b5d1988e38c77cc79bdcc156ef09	565	Coils	Coil	Coil	433	453	-	T	07-05-2025	-	-	-	-
HFDHAJOI_04716	68b0b5d1988e38c77cc79bdcc156ef09	565	PRINTS	PR00260	Bacterial chemotaxis sensory transducer signature	474	503	1.1E-43	T	07-05-2025	IPR004090	Chemotaxis methyl-accepting receptor	GO:0004888(InterPro)|GO:0006935(InterPro)|GO:0007165(InterPro)|GO:0016020(InterPro)	-
HFDHAJOI_04716	68b0b5d1988e38c77cc79bdcc156ef09	565	PRINTS	PR00260	Bacterial chemotaxis sensory transducer signature	426	455	1.1E-43	T	07-05-2025	IPR004090	Chemotaxis methyl-accepting receptor	GO:0004888(InterPro)|GO:0006935(InterPro)|GO:0007165(InterPro)|GO:0016020(InterPro)	-
HFDHAJOI_04716	68b0b5d1988e38c77cc79bdcc156ef09	565	PRINTS	PR00260	Bacterial chemotaxis sensory transducer signature	320	349	1.1E-43	T	07-05-2025	IPR004090	Chemotaxis methyl-accepting receptor	GO:0004888(InterPro)|GO:0006935(InterPro)|GO:0007165(InterPro)|GO:0016020(InterPro)	-
HFDHAJOI_04716	68b0b5d1988e38c77cc79bdcc156ef09	565	PRINTS	PR00260	Bacterial chemotaxis sensory transducer signature	397	424	1.1E-43	T	07-05-2025	IPR004090	Chemotaxis methyl-accepting receptor	GO:0004888(InterPro)|GO:0006935(InterPro)|GO:0007165(InterPro)|GO:0016020(InterPro)	-
HFDHAJOI_04716	68b0b5d1988e38c77cc79bdcc156ef09	565	ProSiteProfiles	PS50111	Bacterial chemotaxis sensory transducers domain profile.	303	532	50.560928	T	07-05-2025	IPR004089	Methyl-accepting chemotaxis protein (MCP) signalling domain	GO:0007165(InterPro)|GO:0016020(InterPro)	-
HFDHAJOI_04716	68b0b5d1988e38c77cc79bdcc156ef09	565	Pfam	PF08447	PAS fold	157	241	1.8E-7	T	07-05-2025	IPR013655	PAS fold-3	GO:0005515(InterPro)	-
HFDHAJOI_04716	68b0b5d1988e38c77cc79bdcc156ef09	565	PANTHER	PTHR43531	PROTEIN ICFG	21	558	6.2E-102	T	07-05-2025	IPR051310	Methyl-accepting chemotaxis	-	-
HFDHAJOI_04716	68b0b5d1988e38c77cc79bdcc156ef09	565	SMART	SM00283	MA_2	299	546	6.3E-100	T	07-05-2025	IPR004089	Methyl-accepting chemotaxis protein (MCP) signalling domain	GO:0007165(InterPro)|GO:0016020(InterPro)	-
HFDHAJOI_04759	21563c627ec1b9b3a0a9aa8d666ccf71	333	Gene3D	G3DSA:3.30.420.40	-	168	252	1.1E-6	T	07-05-2025	-	-	-	-
HFDHAJOI_04759	21563c627ec1b9b3a0a9aa8d666ccf71	333	CDD	cd23763	ASKHA_ATPase_ROK	56	198	3.26241E-21	T	07-05-2025	-	-	-	-
HFDHAJOI_04759	21563c627ec1b9b3a0a9aa8d666ccf71	333	PANTHER	PTHR18964	ROK (REPRESSOR, ORF, KINASE) FAMILY	3	198	1.9E-23	T	07-05-2025	IPR000600	ROK family	-	-
HFDHAJOI_04759	21563c627ec1b9b3a0a9aa8d666ccf71	333	SUPERFAMILY	SSF53067	Actin-like ATPase domain	45	265	1.17E-22	T	07-05-2025	IPR043129	ATPase, nucleotide binding domain	-	-
HFDHAJOI_04759	21563c627ec1b9b3a0a9aa8d666ccf71	333	Pfam	PF00480	ROK family	48	199	2.9E-16	T	07-05-2025	IPR000600	ROK family	-	-
HFDHAJOI_04759	21563c627ec1b9b3a0a9aa8d666ccf71	333	Gene3D	G3DSA:3.30.420.40	-	37	167	3.9E-19	T	07-05-2025	-	-	-	-
HFDHAJOI_04805	b3f74d7f82c73770def777042a3e45b1	229	MobiDBLite	mobidb-lite	consensus disorder prediction	1	83	-	T	07-05-2025	-	-	-	-
HFDHAJOI_04805	b3f74d7f82c73770def777042a3e45b1	229	MobiDBLite	mobidb-lite	consensus disorder prediction	56	67	-	T	07-05-2025	-	-	-	-
HFDHAJOI_04805	b3f74d7f82c73770def777042a3e45b1	229	MobiDBLite	mobidb-lite	consensus disorder prediction	70	81	-	T	07-05-2025	-	-	-	-
HFDHAJOI_04805	b3f74d7f82c73770def777042a3e45b1	229	Gene3D	G3DSA:1.10.1220.190	VirC2, RHH domain	102	220	3.0E-47	T	07-05-2025	IPR038473	VirC2, C-terminal domain superfamily	-	-
HFDHAJOI_04805	b3f74d7f82c73770def777042a3e45b1	229	SUPERFAMILY	SSF47598	Ribbon-helix-helix	103	217	1.22E-42	T	07-05-2025	IPR010985	Ribbon-helix-helix	GO:0006355(InterPro)	-
HFDHAJOI_04805	b3f74d7f82c73770def777042a3e45b1	229	PIRSF	PIRSF016094	VirC2	1	222	3.6E-52	T	07-05-2025	IPR009841	VirC2	-	-
HFDHAJOI_04805	b3f74d7f82c73770def777042a3e45b1	229	Pfam	PF07181	VirC2 protein	1	218	3.7E-41	T	07-05-2025	IPR009841	VirC2	-	-
HFDHAJOI_04686	6361a9d501206736d9d31ccded157bd2	403	CDD	cd16429	VirB10	197	382	1.62153E-85	T	07-05-2025	IPR005498	Type IV secretion system, VirB10/TraB/TrbI	-	-
HFDHAJOI_04686	6361a9d501206736d9d31ccded157bd2	403	MobiDBLite	mobidb-lite	consensus disorder prediction	52	127	-	T	07-05-2025	-	-	-	-
HFDHAJOI_04686	6361a9d501206736d9d31ccded157bd2	403	MobiDBLite	mobidb-lite	consensus disorder prediction	79	102	-	T	07-05-2025	-	-	-	-
HFDHAJOI_04686	6361a9d501206736d9d31ccded157bd2	403	MobiDBLite	mobidb-lite	consensus disorder prediction	110	126	-	T	07-05-2025	-	-	-	-
HFDHAJOI_04686	6361a9d501206736d9d31ccded157bd2	403	Gene3D	G3DSA:2.40.128.260	Type IV secretion system, VirB10/TraB/TrbI	191	392	1.2E-49	T	07-05-2025	IPR042217	Type IV secretion system, VirB10/TrbI	-	-
HFDHAJOI_04686	6361a9d501206736d9d31ccded157bd2	403	Pfam	PF03743	Bacterial conjugation TrbI-like protein	196	381	3.5E-59	T	07-05-2025	IPR005498	Type IV secretion system, VirB10/TraB/TrbI	-	-
HFDHAJOI_04686	6361a9d501206736d9d31ccded157bd2	403	NCBIfam	NF038091	type IV secretion system protein VirB10	187	386	3.4E-70	T	07-05-2025	IPR047695	Type IV secretion system, VirB10/PtlG	-	-
HFDHAJOI_04813	f1f9b809ac065ecaf37a05bf57212915	397	Pfam	PF04610	TrbL/VirB6 plasmid conjugal transfer protein	50	269	5.9E-12	T	07-05-2025	IPR007688	Plasmid conjugal transfer TrbL/VirB6	GO:0030255(InterPro)	-
HFDHAJOI_04813	f1f9b809ac065ecaf37a05bf57212915	397	MobiDBLite	mobidb-lite	consensus disorder prediction	340	397	-	T	07-05-2025	-	-	-	-
HFDHAJOI_04813	f1f9b809ac065ecaf37a05bf57212915	397	MobiDBLite	mobidb-lite	consensus disorder prediction	388	397	-	T	07-05-2025	-	-	-	-
HFDHAJOI_04818	43666bb8ab65596d2ff18d9ccd13f406	218	ProSiteProfiles	PS50994	Integrase catalytic domain profile.	103	218	21.662985	T	07-05-2025	IPR001584	Integrase, catalytic core	GO:0015074(InterPro)	-
HFDHAJOI_04818	43666bb8ab65596d2ff18d9ccd13f406	218	PANTHER	PTHR47515	LOW CALCIUM RESPONSE LOCUS PROTEIN T	5	218	2.4E-65	T	07-05-2025	-	-	-	-
HFDHAJOI_04818	43666bb8ab65596d2ff18d9ccd13f406	218	Pfam	PF00665	Integrase core domain	105	202	1.6E-17	T	07-05-2025	IPR001584	Integrase, catalytic core	GO:0015074(InterPro)	-
HFDHAJOI_04818	43666bb8ab65596d2ff18d9ccd13f406	218	Gene3D	G3DSA:3.30.420.10	-	102	218	3.1E-26	T	07-05-2025	IPR036397	Ribonuclease H superfamily	GO:0003676(InterPro)	-
HFDHAJOI_04818	43666bb8ab65596d2ff18d9ccd13f406	218	SUPERFAMILY	SSF53098	Ribonuclease H-like	101	217	1.52E-31	T	07-05-2025	IPR012337	Ribonuclease H-like superfamily	-	-
HFDHAJOI_04745	79059c00f3656c6f29d053d5772d7d1b	248	SUPERFAMILY	SSF53474	alpha/beta-Hydrolases	24	238	9.53E-25	T	07-05-2025	IPR029058	Alpha/Beta hydrolase fold	-	-
HFDHAJOI_04745	79059c00f3656c6f29d053d5772d7d1b	248	Pfam	PF01738	Dienelactone hydrolase family	45	238	3.2E-6	T	07-05-2025	IPR002925	Dienelactone hydrolase	GO:0016787(InterPro)	-
HFDHAJOI_04745	79059c00f3656c6f29d053d5772d7d1b	248	Gene3D	G3DSA:3.40.50.1820	alpha/beta hydrolase	21	244	3.4E-26	T	07-05-2025	IPR029058	Alpha/Beta hydrolase fold	-	-
HFDHAJOI_04745	79059c00f3656c6f29d053d5772d7d1b	248	PANTHER	PTHR46623	CARBOXYMETHYLENEBUTENOLIDASE-RELATED	44	238	1.8E-10	T	07-05-2025	IPR051049	Dienelactone hydrolase-like enzyme	-	-
HFDHAJOI_04697	a2703d18bef835d2a0520d8ea35ff206	178	Gene3D	G3DSA:2.40.50.90	-	29	158	1.9E-9	T	07-05-2025	IPR035437	SNase-like, OB-fold superfamily	-	-
HFDHAJOI_04697	a2703d18bef835d2a0520d8ea35ff206	178	Pfam	PF00565	Staphylococcal nuclease homologue	69	154	0.92	T	07-05-2025	IPR016071	Staphylococcal nuclease (SNase-like), OB-fold	-	-
HFDHAJOI_04697	a2703d18bef835d2a0520d8ea35ff206	178	SUPERFAMILY	SSF50199	Staphylococcal nuclease	35	160	1.96E-12	T	07-05-2025	IPR035437	SNase-like, OB-fold superfamily	-	-
HFDHAJOI_04804	8fe6f31e158c7d4a2ed0f391599fa641	118	Pfam	PF13358	DDE superfamily endonuclease	4	105	1.3E-20	T	07-05-2025	IPR038717	Tc1-like transposase, DDE domain	-	-
HFDHAJOI_04804	8fe6f31e158c7d4a2ed0f391599fa641	118	PANTHER	PTHR46564	TRANSPOSASE	14	104	3.2E-19	T	07-05-2025	-	-	-	-
HFDHAJOI_04804	8fe6f31e158c7d4a2ed0f391599fa641	118	SUPERFAMILY	SSF53098	Ribonuclease H-like	18	106	9.1E-5	T	07-05-2025	IPR012337	Ribonuclease H-like superfamily	-	-
HFDHAJOI_04804	8fe6f31e158c7d4a2ed0f391599fa641	118	Gene3D	G3DSA:3.30.420.10	-	2	111	2.2E-22	T	07-05-2025	IPR036397	Ribonuclease H superfamily	GO:0003676(InterPro)	-
HFDHAJOI_04795	6c1c4d86e486190117f3499680f56208	210	SUPERFAMILY	SSF46689	Homeodomain-like	2	54	3.76E-6	T	07-05-2025	IPR009057	Homedomain-like superfamily	-	-
HFDHAJOI_04795	6c1c4d86e486190117f3499680f56208	210	Pfam	PF13276	HTH-like domain	108	164	4.0E-6	T	07-05-2025	IPR025948	HTH-like domain	-	-
HFDHAJOI_04795	6c1c4d86e486190117f3499680f56208	210	Coils	Coil	Coil	29	49	-	T	07-05-2025	-	-	-	-
HFDHAJOI_04795	6c1c4d86e486190117f3499680f56208	210	PANTHER	PTHR46889	TRANSPOSASE INSF FOR INSERTION SEQUENCE IS3B-RELATED	72	200	2.2E-21	T	07-05-2025	IPR050900	Transposase IS3/IS150/IS904	-	-
HFDHAJOI_04795	6c1c4d86e486190117f3499680f56208	210	Pfam	PF01527	Transposase	2	44	0.0079	T	07-05-2025	IPR002514	Transposase IS3/IS911family	GO:0003677(InterPro)|GO:0004803(InterPro)|GO:0006313(InterPro)	-
HFDHAJOI_04711	d7836ca109c409051c3e10307ba4b6ff	195	Gene3D	G3DSA:3.40.50.1820	alpha/beta hydrolase	20	180	3.5E-29	T	07-05-2025	IPR029058	Alpha/Beta hydrolase fold	-	-
HFDHAJOI_04711	d7836ca109c409051c3e10307ba4b6ff	195	SUPERFAMILY	SSF53474	alpha/beta-Hydrolases	25	175	5.31E-13	T	07-05-2025	IPR029058	Alpha/Beta hydrolase fold	-	-
HFDHAJOI_04740	8bad66dce09a439456c35599125f739c	269	CDD	cd03214	ABC_Iron-Siderophores_B12_Hemin	17	234	5.71157E-83	T	07-05-2025	-	-	-	-
HFDHAJOI_04740	8bad66dce09a439456c35599125f739c	269	ProSitePatterns	PS00211	ABC transporters family signature.	152	166	-	T	07-05-2025	IPR017871	ABC transporter-like, conserved site	GO:0005524(InterPro)|GO:0016887(InterPro)	-
HFDHAJOI_04740	8bad66dce09a439456c35599125f739c	269	FunFam	G3DSA:3.40.50.300:FF:000134	Iron-enterobactin ABC transporter ATP-binding protein	16	265	2.7E-81	T	07-05-2025	-	-	-	-
HFDHAJOI_04740	8bad66dce09a439456c35599125f739c	269	Gene3D	G3DSA:3.40.50.300	-	7	269	2.2E-69	T	07-05-2025	IPR027417	P-loop containing nucleoside triphosphate hydrolase	-	-
HFDHAJOI_04740	8bad66dce09a439456c35599125f739c	269	SUPERFAMILY	SSF52540	P-loop containing nucleoside triphosphate hydrolases	18	241	5.13E-62	T	07-05-2025	IPR027417	P-loop containing nucleoside triphosphate hydrolase	-	-
HFDHAJOI_04740	8bad66dce09a439456c35599125f739c	269	PANTHER	PTHR42771	IRON(3+)-HYDROXAMATE IMPORT ATP-BINDING PROTEIN FHUC	17	266	1.7E-85	T	07-05-2025	IPR051535	Bacterial siderophore ABC transporter ATP-binding	-	-
HFDHAJOI_04740	8bad66dce09a439456c35599125f739c	269	Pfam	PF00005	ABC transporter	32	180	1.3E-29	T	07-05-2025	IPR003439	ABC transporter-like, ATP-binding domain	GO:0005524(InterPro)|GO:0016887(InterPro)	-
HFDHAJOI_04740	8bad66dce09a439456c35599125f739c	269	ProSiteProfiles	PS50893	ATP-binding cassette, ABC transporter-type domain profile.	16	252	20.494982	T	07-05-2025	IPR003439	ABC transporter-like, ATP-binding domain	GO:0005524(InterPro)|GO:0016887(InterPro)	-
HFDHAJOI_04740	8bad66dce09a439456c35599125f739c	269	SMART	SM00382	AAA_5	40	229	1.1E-12	T	07-05-2025	IPR003593	AAA+ ATPase domain	-	-
HFDHAJOI_04828	2034e445ea5b7ffbad39482be3c8b795	691	MobiDBLite	mobidb-lite	consensus disorder prediction	635	657	-	T	07-05-2025	-	-	-	-
HFDHAJOI_04828	2034e445ea5b7ffbad39482be3c8b795	691	CDD	cd01127	TrwB_TraG_TraD_VirD4	326	455	3.81227E-15	T	07-05-2025	-	-	-	-
HFDHAJOI_04828	2034e445ea5b7ffbad39482be3c8b795	691	PANTHER	PTHR37937	CONJUGATIVE TRANSFER: DNA TRANSPORT	17	550	2.5E-82	T	07-05-2025	IPR051539	Type IV secretion system-coupling protein	-	-
HFDHAJOI_04828	2034e445ea5b7ffbad39482be3c8b795	691	SUPERFAMILY	SSF52540	P-loop containing nucleoside triphosphate hydrolases	131	541	9.56E-45	T	07-05-2025	IPR027417	P-loop containing nucleoside triphosphate hydrolase	-	-
HFDHAJOI_04828	2034e445ea5b7ffbad39482be3c8b795	691	Pfam	PF02534	Type IV secretory system Conjugative DNA transfer	97	543	2.9E-130	T	07-05-2025	IPR003688	Type IV secretion system protein TraG/VirD4	GO:0016020(InterPro)	-
HFDHAJOI_04828	2034e445ea5b7ffbad39482be3c8b795	691	CDD	cd01127	TrwB_TraG_TraD_VirD4	141	178	1.90392E-6	T	07-05-2025	-	-	-	-
HFDHAJOI_04828	2034e445ea5b7ffbad39482be3c8b795	691	Gene3D	G3DSA:3.40.50.300	-	311	541	5.9E-44	T	07-05-2025	IPR027417	P-loop containing nucleoside triphosphate hydrolase	-	-
HFDHAJOI_04828	2034e445ea5b7ffbad39482be3c8b795	691	NCBIfam	NF010424	type IV secretion system ATPase VirD4	7	683	2.1E-294	T	07-05-2025	-	-	-	-
HFDHAJOI_04777	2a7ac0ef5dfbebc21c3dc0c491ac5565	274	Gene3D	G3DSA:1.10.3720.10	-	59	266	2.7E-18	T	07-05-2025	IPR035906	MetI-like superfamily	-	-
HFDHAJOI_04777	2a7ac0ef5dfbebc21c3dc0c491ac5565	274	SUPERFAMILY	SSF161098	MetI-like	64	251	4.58E-24	T	07-05-2025	IPR035906	MetI-like superfamily	-	-
HFDHAJOI_04777	2a7ac0ef5dfbebc21c3dc0c491ac5565	274	PANTHER	PTHR43386	OLIGOPEPTIDE TRANSPORT SYSTEM PERMEASE PROTEIN APPC	3	270	8.9E-81	T	07-05-2025	IPR050366	Binding-protein-dependent transport system permease	-	-
HFDHAJOI_04777	2a7ac0ef5dfbebc21c3dc0c491ac5565	274	Pfam	PF00528	Binding-protein-dependent transport system inner membrane component	87	270	6.4E-24	T	07-05-2025	IPR000515	ABC transporter type 1, transmembrane domain MetI-like	GO:0016020(InterPro)|GO:0055085(InterPro)	-
HFDHAJOI_04777	2a7ac0ef5dfbebc21c3dc0c491ac5565	274	CDD	cd06261	TM_PBP2	70	235	3.65632E-13	T	07-05-2025	IPR000515	ABC transporter type 1, transmembrane domain MetI-like	GO:0016020(InterPro)|GO:0055085(InterPro)	-
HFDHAJOI_04777	2a7ac0ef5dfbebc21c3dc0c491ac5565	274	ProSiteProfiles	PS50928	ABC transporter integral membrane type-1 domain profile.	69	258	21.404808	T	07-05-2025	IPR000515	ABC transporter type 1, transmembrane domain MetI-like	GO:0016020(InterPro)|GO:0055085(InterPro)	-
HFDHAJOI_04819	be5318f35f70db514717deaa9b7126de	87	PANTHER	PTHR33609	LOW CALCIUM RESPONSE LOCUS PROTEIN S	1	87	1.3E-22	T	07-05-2025	IPR052546	Transposase_8_domain-containing_protein	-	-
HFDHAJOI_04819	be5318f35f70db514717deaa9b7126de	87	Pfam	PF01527	Transposase	1	71	4.9E-18	T	07-05-2025	IPR002514	Transposase IS3/IS911family	GO:0003677(InterPro)|GO:0004803(InterPro)|GO:0006313(InterPro)	-
HFDHAJOI_04819	be5318f35f70db514717deaa9b7126de	87	Coils	Coil	Coil	56	79	-	T	07-05-2025	-	-	-	-
HFDHAJOI_04819	be5318f35f70db514717deaa9b7126de	87	SUPERFAMILY	SSF46689	Homeodomain-like	1	74	4.3E-12	T	07-05-2025	IPR009057	Homedomain-like superfamily	-	-
HFDHAJOI_04864	b40cc6b179d98e409f1e9b01afb8ce30	110	Pfam	PF05284	Protein of unknown function (DUF736)	18	89	8.0E-7	T	07-05-2025	IPR007948	Protein of unknown function DUF736	-	-
HFDHAJOI_04717	42a5ce10b9d39ad50145d3cc92fa00b1	305	Pfam	PF13411	MerR HTH family regulatory protein	20	80	8.4E-7	T	07-05-2025	IPR000551	MerR-type HTH domain	GO:0003677(InterPro)|GO:0006355(InterPro)	-
HFDHAJOI_04717	42a5ce10b9d39ad50145d3cc92fa00b1	305	CDD	cd02065	B12-binding_like	184	272	1.53858E-6	T	07-05-2025	-	-	-	-
HFDHAJOI_04717	42a5ce10b9d39ad50145d3cc92fa00b1	305	Pfam	PF02607	B12 binding domain	103	169	0.15	T	07-05-2025	IPR003759	Cobalamin (vitamin B12)-binding module, cap domain	-	-
HFDHAJOI_04717	42a5ce10b9d39ad50145d3cc92fa00b1	305	ProSiteProfiles	PS51332	B12-binding domain profile.	182	305	15.114749	T	07-05-2025	IPR006158	Cobalamin (vitamin B12)-binding domain	GO:0031419(InterPro)|GO:0046872(InterPro)	-
HFDHAJOI_04717	42a5ce10b9d39ad50145d3cc92fa00b1	305	SUPERFAMILY	SSF52242	Cobalamin (vitamin B12)-binding domain	180	275	7.85E-12	T	07-05-2025	IPR036724	Cobalamin-binding domain superfamily	GO:0031419(InterPro)|GO:0046872(InterPro)	-
HFDHAJOI_04717	42a5ce10b9d39ad50145d3cc92fa00b1	305	Gene3D	G3DSA:1.10.1240.10	Methionine synthase domain	101	174	1.2E-10	T	07-05-2025	IPR036594	Methionine synthase domain	-	-
HFDHAJOI_04717	42a5ce10b9d39ad50145d3cc92fa00b1	305	Gene3D	G3DSA:3.40.50.280	-	180	302	8.8E-17	T	07-05-2025	-	-	-	-
HFDHAJOI_04717	42a5ce10b9d39ad50145d3cc92fa00b1	305	ProSiteProfiles	PS50937	MerR-type HTH domain profile.	26	82	13.938108	T	07-05-2025	IPR000551	MerR-type HTH domain	GO:0003677(InterPro)|GO:0006355(InterPro)	-
HFDHAJOI_04717	42a5ce10b9d39ad50145d3cc92fa00b1	305	SMART	SM00422	merrmega3	19	86	0.0029	T	07-05-2025	IPR000551	MerR-type HTH domain	GO:0003677(InterPro)|GO:0006355(InterPro)	-
HFDHAJOI_04717	42a5ce10b9d39ad50145d3cc92fa00b1	305	SUPERFAMILY	SSF46955	Putative DNA-binding domain	25	84	5.95E-10	T	07-05-2025	IPR009061	Putative DNA-binding domain superfamily	-	-
HFDHAJOI_04717	42a5ce10b9d39ad50145d3cc92fa00b1	305	Gene3D	G3DSA:1.10.1660.10	-	14	82	2.2E-10	T	07-05-2025	-	-	-	-
HFDHAJOI_04801	854a2bb0ff72f845259e28cbd82bec07	506	NCBIfam	TIGR00838	argininosuccinate lyase	45	470	1.2E-79	T	07-05-2025	IPR009049	Argininosuccinate lyase	GO:0004056(InterPro)|GO:0042450(InterPro)	-
HFDHAJOI_04801	854a2bb0ff72f845259e28cbd82bec07	506	Pfam	PF00206	Lyase	66	304	4.0E-30	T	07-05-2025	IPR022761	Fumarate lyase, N-terminal	-	-
HFDHAJOI_04801	854a2bb0ff72f845259e28cbd82bec07	506	CDD	cd01359	Argininosuccinate_lyase	39	464	4.1984E-122	T	07-05-2025	IPR009049	Argininosuccinate lyase	GO:0004056(InterPro)|GO:0042450(InterPro)	-
HFDHAJOI_04801	854a2bb0ff72f845259e28cbd82bec07	506	PRINTS	PR00149	Fumarate lyase superfamily signature	239	266	2.3E-14	T	07-05-2025	IPR000362	Fumarate lyase family	-	-
HFDHAJOI_04801	854a2bb0ff72f845259e28cbd82bec07	506	PRINTS	PR00149	Fumarate lyase superfamily signature	111	129	2.3E-14	T	07-05-2025	IPR000362	Fumarate lyase family	-	-
HFDHAJOI_04801	854a2bb0ff72f845259e28cbd82bec07	506	PRINTS	PR00149	Fumarate lyase superfamily signature	156	174	2.3E-14	T	07-05-2025	IPR000362	Fumarate lyase family	-	-
HFDHAJOI_04801	854a2bb0ff72f845259e28cbd82bec07	506	PRINTS	PR00149	Fumarate lyase superfamily signature	283	299	2.3E-14	T	07-05-2025	IPR000362	Fumarate lyase family	-	-
HFDHAJOI_04801	854a2bb0ff72f845259e28cbd82bec07	506	PANTHER	PTHR43814	ARGININOSUCCINATE LYASE	46	469	6.5E-72	T	07-05-2025	IPR009049	Argininosuccinate lyase	GO:0004056(PANTHER)|GO:0004056(InterPro)|GO:0005829(PANTHER)|GO:0042450(InterPro)|GO:0042450(PANTHER)	-
HFDHAJOI_04801	854a2bb0ff72f845259e28cbd82bec07	506	Gene3D	G3DSA:1.10.40.30	-	368	448	8.7E-100	T	07-05-2025	-	-	-	-
HFDHAJOI_04801	854a2bb0ff72f845259e28cbd82bec07	506	PRINTS	PR00145	Argininosuccinate lyase family signature	110	132	2.5E-24	T	07-05-2025	-	-	-	-
HFDHAJOI_04801	854a2bb0ff72f845259e28cbd82bec07	506	PRINTS	PR00145	Argininosuccinate lyase family signature	283	299	2.5E-24	T	07-05-2025	-	-	-	-
HFDHAJOI_04801	854a2bb0ff72f845259e28cbd82bec07	506	PRINTS	PR00145	Argininosuccinate lyase family signature	151	171	2.5E-24	T	07-05-2025	-	-	-	-
HFDHAJOI_04801	854a2bb0ff72f845259e28cbd82bec07	506	PRINTS	PR00145	Argininosuccinate lyase family signature	202	218	2.5E-24	T	07-05-2025	-	-	-	-
HFDHAJOI_04801	854a2bb0ff72f845259e28cbd82bec07	506	PRINTS	PR00145	Argininosuccinate lyase family signature	239	263	2.5E-24	T	07-05-2025	-	-	-	-
HFDHAJOI_04801	854a2bb0ff72f845259e28cbd82bec07	506	SUPERFAMILY	SSF48557	L-aspartase-like	35	468	4.24E-72	T	07-05-2025	IPR008948	L-Aspartase-like	GO:0003824(InterPro)	-
HFDHAJOI_04801	854a2bb0ff72f845259e28cbd82bec07	506	Gene3D	G3DSA:1.20.200.10	Fumarase/aspartase (Central domain)	128	461	8.7E-100	T	07-05-2025	-	-	-	-
HFDHAJOI_04801	854a2bb0ff72f845259e28cbd82bec07	506	Gene3D	G3DSA:1.10.275.10	-	44	237	8.7E-100	T	07-05-2025	IPR024083	Fumarase/histidase, N-terminal	-	-
HFDHAJOI_04755	f2b06c316151eb42a0c03b65d2539c01	175	MobiDBLite	mobidb-lite	consensus disorder prediction	43	66	-	T	07-05-2025	-	-	-	-
HFDHAJOI_04755	f2b06c316151eb42a0c03b65d2539c01	175	MobiDBLite	mobidb-lite	consensus disorder prediction	43	52	-	T	07-05-2025	-	-	-	-
HFDHAJOI_04739	7dcf7ce6ebfd9a926382bd9a3a32b276	287	PRINTS	PR01715	Ferrichrome-binding periplasmic protein signature	77	92	2.1E-5	T	07-05-2025	-	-	-	-
HFDHAJOI_04739	7dcf7ce6ebfd9a926382bd9a3a32b276	287	PRINTS	PR01715	Ferrichrome-binding periplasmic protein signature	176	191	2.1E-5	T	07-05-2025	-	-	-	-
HFDHAJOI_04739	7dcf7ce6ebfd9a926382bd9a3a32b276	287	PRINTS	PR01715	Ferrichrome-binding periplasmic protein signature	200	218	2.1E-5	T	07-05-2025	-	-	-	-
HFDHAJOI_04739	7dcf7ce6ebfd9a926382bd9a3a32b276	287	Gene3D	G3DSA:3.40.50.1980	Nitrogenase molybdenum iron protein domain	24	112	6.1E-14	T	07-05-2025	-	-	-	-
HFDHAJOI_04739	7dcf7ce6ebfd9a926382bd9a3a32b276	287	CDD	cd01146	FhuD	29	277	5.05814E-50	T	07-05-2025	-	-	-	-
HFDHAJOI_04739	7dcf7ce6ebfd9a926382bd9a3a32b276	287	ProSiteProfiles	PS50983	Iron siderophore/cobalamin periplasmic-binding domain profile.	28	287	22.852364	T	07-05-2025	IPR002491	ABC transporter periplasmic binding domain	-	-
HFDHAJOI_04739	7dcf7ce6ebfd9a926382bd9a3a32b276	287	SUPERFAMILY	SSF53807	"Helical backbone" metal receptor	27	284	7.85E-43	T	07-05-2025	-	-	-	-
HFDHAJOI_04739	7dcf7ce6ebfd9a926382bd9a3a32b276	287	PANTHER	PTHR30532	IRON III  DICITRATE-BINDING PERIPLASMIC PROTEIN	27	284	1.0E-34	T	07-05-2025	IPR051313	Bacterial iron-siderophore binding	GO:0030288(PANTHER)	-
HFDHAJOI_04739	7dcf7ce6ebfd9a926382bd9a3a32b276	287	Gene3D	G3DSA:3.40.50.1980	Nitrogenase molybdenum iron protein domain	116	285	2.4E-37	T	07-05-2025	-	-	-	-
HFDHAJOI_04739	7dcf7ce6ebfd9a926382bd9a3a32b276	287	Pfam	PF01497	Periplasmic binding protein	29	261	1.2E-13	T	07-05-2025	IPR002491	ABC transporter periplasmic binding domain	-	-
HFDHAJOI_04851	eee98331b8584d247a12f41d7b814c9f	73	MobiDBLite	mobidb-lite	consensus disorder prediction	22	50	-	T	07-05-2025	-	-	-	-
HFDHAJOI_04851	eee98331b8584d247a12f41d7b814c9f	73	MobiDBLite	mobidb-lite	consensus disorder prediction	30	46	-	T	07-05-2025	-	-	-	-
HFDHAJOI_04780	eb82a3b96716e42c8d0ce823c5d21e81	193	PANTHER	PTHR46564	TRANSPOSASE	70	193	1.1E-21	T	07-05-2025	-	-	-	-
HFDHAJOI_04780	eb82a3b96716e42c8d0ce823c5d21e81	193	Gene3D	G3DSA:3.30.420.10	-	41	193	2.1E-19	T	07-05-2025	IPR036397	Ribonuclease H superfamily	GO:0003676(InterPro)	-
HFDHAJOI_04780	eb82a3b96716e42c8d0ce823c5d21e81	193	Pfam	PF13358	DDE superfamily endonuclease	75	193	2.0E-20	T	07-05-2025	IPR038717	Tc1-like transposase, DDE domain	-	-
HFDHAJOI_04780	eb82a3b96716e42c8d0ce823c5d21e81	193	NCBIfam	NF033545	IS630 family transposase	43	193	1.0E-25	T	07-05-2025	IPR047655	Transposase IS630-like	-	-
HFDHAJOI_04690	ec167b594ee5398195f51cd62423718a	232	Pfam	PF07996	Type IV secretion system proteins	20	201	3.4E-7	T	07-05-2025	IPR014158	Type IV secretion system, VirB5	-	-
HFDHAJOI_04690	ec167b594ee5398195f51cd62423718a	232	SUPERFAMILY	SSF101082	Typo IV secretion system protein TraC	21	204	1.2E-8	T	07-05-2025	-	-	-	-
HFDHAJOI_04690	ec167b594ee5398195f51cd62423718a	232	Gene3D	G3DSA:1.20.58.430	-	21	220	3.2E-14	T	07-05-2025	IPR023220	Type IV secretion system, VirB5-domain	-	-
HFDHAJOI_04832	a75e1d2f9c42d9ea3c7426fd19285d52	146	MobiDBLite	mobidb-lite	consensus disorder prediction	123	146	-	T	07-05-2025	-	-	-	-
HFDHAJOI_04832	a75e1d2f9c42d9ea3c7426fd19285d52	146	Pfam	PF01609	Transposase DDE domain	12	97	6.7E-7	T	07-05-2025	IPR002559	Transposase IS4-like domain	GO:0003677(InterPro)|GO:0004803(InterPro)|GO:0006313(InterPro)	-
HFDHAJOI_04812	c566925bfe9e8df210d28ca60afd7397	266	SUPERFAMILY	SSF101082	Typo IV secretion system protein TraC	75	236	3.14E-9	T	07-05-2025	-	-	-	-
HFDHAJOI_04812	c566925bfe9e8df210d28ca60afd7397	266	Gene3D	G3DSA:1.20.58.430	-	48	243	4.4E-12	T	07-05-2025	IPR023220	Type IV secretion system, VirB5-domain	-	-
HFDHAJOI_04675	2efb9d5e3fb19b9574809feaefa82faa	337	Gene3D	G3DSA:3.90.1530.30	-	69	143	1.7E-9	T	07-05-2025	-	-	-	-
HFDHAJOI_04675	2efb9d5e3fb19b9574809feaefa82faa	337	SUPERFAMILY	SSF110849	ParB/Sulfiredoxin	55	159	2.09E-14	T	07-05-2025	IPR036086	ParB/Sulfiredoxin superfamily	-	-
HFDHAJOI_04675	2efb9d5e3fb19b9574809feaefa82faa	337	PANTHER	PTHR33375	CHROMOSOME-PARTITIONING PROTEIN PARB-RELATED	41	229	3.0E-20	T	07-05-2025	IPR050336	Chromosome-partitioning and nucleoid occlusion protein	GO:0005694(PANTHER)|GO:0007059(PANTHER)	-
HFDHAJOI_04675	2efb9d5e3fb19b9574809feaefa82faa	337	Gene3D	G3DSA:1.10.10.2830	-	144	288	1.0E-6	T	07-05-2025	-	-	-	-
HFDHAJOI_04675	2efb9d5e3fb19b9574809feaefa82faa	337	Pfam	PF07506	RepB plasmid partitioning protein	159	325	1.0E-6	T	07-05-2025	IPR011111	RepB plasmid partition	-	-
HFDHAJOI_04675	2efb9d5e3fb19b9574809feaefa82faa	337	Pfam	PF02195	ParB/Sulfiredoxin domain	58	156	7.4E-9	T	07-05-2025	IPR003115	ParB N-terminal domain	-	-
HFDHAJOI_04675	2efb9d5e3fb19b9574809feaefa82faa	337	NCBIfam	TIGR03454	plasmid partitioning protein RepB	3	327	1.9E-63	T	07-05-2025	IPR017819	Plasmid partitioning protein, RepB	-	-
HFDHAJOI_04675	2efb9d5e3fb19b9574809feaefa82faa	337	NCBIfam	TIGR00180	ParB/RepB/Spo0J family partition protein	53	244	1.7E-26	T	07-05-2025	IPR004437	ParB/RepB/Spo0J partition protein	GO:0003677(InterPro)	-
HFDHAJOI_04675	2efb9d5e3fb19b9574809feaefa82faa	337	SUPERFAMILY	SSF109709	KorB DNA-binding domain-like	150	217	2.62E-8	T	07-05-2025	-	-	-	-
HFDHAJOI_04675	2efb9d5e3fb19b9574809feaefa82faa	337	SMART	SM00470	ParB_7	55	157	2.4E-12	T	07-05-2025	IPR003115	ParB N-terminal domain	-	-
HFDHAJOI_04675	2efb9d5e3fb19b9574809feaefa82faa	337	CDD	cd16405	RepB_like_N	57	156	2.61819E-34	T	07-05-2025	IPR037972	RepB, N-terminal	-	-
HFDHAJOI_04675	2efb9d5e3fb19b9574809feaefa82faa	337	MobiDBLite	mobidb-lite	consensus disorder prediction	1	36	-	T	07-05-2025	-	-	-	-
HFDHAJOI_04707	48b181a56f3b58208f26441c6b397521	319	SMART	SM00342	aracneu4	224	307	1.3E-19	T	07-05-2025	IPR018060	DNA binding HTH domain, AraC-type	GO:0003700(InterPro)|GO:0006355(InterPro)|GO:0043565(InterPro)	-
HFDHAJOI_04707	48b181a56f3b58208f26441c6b397521	319	Gene3D	G3DSA:1.10.10.60	-	209	311	1.2E-25	T	07-05-2025	-	-	-	-
HFDHAJOI_04707	48b181a56f3b58208f26441c6b397521	319	ProSiteProfiles	PS01124	Bacterial regulatory proteins, araC family DNA-binding domain profile.	211	309	26.673399	T	07-05-2025	IPR018060	DNA binding HTH domain, AraC-type	GO:0003700(InterPro)|GO:0006355(InterPro)|GO:0043565(InterPro)	-
HFDHAJOI_04707	48b181a56f3b58208f26441c6b397521	319	SUPERFAMILY	SSF46689	Homeodomain-like	260	310	1.97E-8	T	07-05-2025	IPR009057	Homedomain-like superfamily	-	-
HFDHAJOI_04707	48b181a56f3b58208f26441c6b397521	319	SUPERFAMILY	SSF46689	Homeodomain-like	208	254	3.94E-8	T	07-05-2025	IPR009057	Homedomain-like superfamily	-	-
HFDHAJOI_04707	48b181a56f3b58208f26441c6b397521	319	CDD	cd03137	GATase1_AraC_1	2	187	2.21468E-76	T	07-05-2025	-	-	-	-
HFDHAJOI_04707	48b181a56f3b58208f26441c6b397521	319	Gene3D	G3DSA:3.40.50.880	-	1	198	9.3E-63	T	07-05-2025	IPR029062	Class I glutamine amidotransferase-like	-	-
HFDHAJOI_04707	48b181a56f3b58208f26441c6b397521	319	Pfam	PF01965	DJ-1/PfpI family	2	169	4.9E-16	T	07-05-2025	IPR002818	DJ-1/PfpI	-	-
HFDHAJOI_04707	48b181a56f3b58208f26441c6b397521	319	PANTHER	PTHR43130	ARAC-FAMILY TRANSCRIPTIONAL REGULATOR	2	270	6.8E-60	T	07-05-2025	IPR052158	Isonitrile Hydratase and Quaternary Amine Regulator	GO:0006355(PANTHER)	-
HFDHAJOI_04707	48b181a56f3b58208f26441c6b397521	319	Coils	Coil	Coil	262	282	-	T	07-05-2025	-	-	-	-
HFDHAJOI_04707	48b181a56f3b58208f26441c6b397521	319	SUPERFAMILY	SSF52317	Class I glutamine amidotransferase-like	2	190	5.47E-49	T	07-05-2025	IPR029062	Class I glutamine amidotransferase-like	-	-
HFDHAJOI_04707	48b181a56f3b58208f26441c6b397521	319	Pfam	PF12833	Helix-turn-helix domain	230	308	3.4E-17	T	07-05-2025	IPR018060	DNA binding HTH domain, AraC-type	GO:0003700(InterPro)|GO:0006355(InterPro)|GO:0043565(InterPro)	-
HFDHAJOI_04833	f3cf6bbfc4445bbb4f5d6ed96a1479bf	127	SUPERFAMILY	SSF46689	Homeodomain-like	1	109	2.33E-14	T	07-05-2025	IPR009057	Homedomain-like superfamily	-	-
HFDHAJOI_04803	03ae4df0e6e2707fd740bd76c8707ec3	225	MobiDBLite	mobidb-lite	consensus disorder prediction	46	57	-	T	07-05-2025	-	-	-	-
HFDHAJOI_04803	03ae4df0e6e2707fd740bd76c8707ec3	225	MobiDBLite	mobidb-lite	consensus disorder prediction	190	203	-	T	07-05-2025	-	-	-	-
HFDHAJOI_04803	03ae4df0e6e2707fd740bd76c8707ec3	225	MobiDBLite	mobidb-lite	consensus disorder prediction	1	38	-	T	07-05-2025	-	-	-	-
HFDHAJOI_04803	03ae4df0e6e2707fd740bd76c8707ec3	225	MobiDBLite	mobidb-lite	consensus disorder prediction	205	225	-	T	07-05-2025	-	-	-	-
HFDHAJOI_04803	03ae4df0e6e2707fd740bd76c8707ec3	225	MobiDBLite	mobidb-lite	consensus disorder prediction	185	225	-	T	07-05-2025	-	-	-	-
HFDHAJOI_04803	03ae4df0e6e2707fd740bd76c8707ec3	225	MobiDBLite	mobidb-lite	consensus disorder prediction	58	80	-	T	07-05-2025	-	-	-	-
HFDHAJOI_04803	03ae4df0e6e2707fd740bd76c8707ec3	225	MobiDBLite	mobidb-lite	consensus disorder prediction	1	80	-	T	07-05-2025	-	-	-	-
HFDHAJOI_04836	7e81dd7d5ba91b399daec3d774252fe4	70	PANTHER	PTHR35004	TRANSPOSASE RV3428C-RELATED	1	70	7.4E-10	T	07-05-2025	-	-	-	-
HFDHAJOI_04733	3f018da66877b57148f59d185eac36e8	373	NCBIfam	TIGR04267	aKG-HExxH-type peptide beta-hydroxylase domain	158	320	1.7E-16	T	07-05-2025	IPR026337	Alpha-ketoglutarate-HExxH-type peptide, beta-hydroxylase domain	-	-
HFDHAJOI_04811	fa0fe051af6082e963c984c3ba868e0a	786	SMART	SM00382	AAA_5	440	709	0.0074	T	07-05-2025	IPR003593	AAA+ ATPase domain	-	-
HFDHAJOI_04811	fa0fe051af6082e963c984c3ba868e0a	786	Coils	Coil	Coil	295	315	-	T	07-05-2025	-	-	-	-
HFDHAJOI_04811	fa0fe051af6082e963c984c3ba868e0a	786	PANTHER	PTHR30121	UNCHARACTERIZED PROTEIN YJGR-RELATED	280	724	8.4E-38	T	07-05-2025	IPR051162	Type IV secretion system component	-	-
HFDHAJOI_04811	fa0fe051af6082e963c984c3ba868e0a	786	Gene3D	G3DSA:3.40.50.300	-	413	556	4.6E-6	T	07-05-2025	IPR027417	P-loop containing nucleoside triphosphate hydrolase	-	-
HFDHAJOI_04811	fa0fe051af6082e963c984c3ba868e0a	786	Gene3D	G3DSA:3.40.50.300	-	574	760	5.6E-19	T	07-05-2025	IPR027417	P-loop containing nucleoside triphosphate hydrolase	-	-
HFDHAJOI_04811	fa0fe051af6082e963c984c3ba868e0a	786	SUPERFAMILY	SSF52540	P-loop containing nucleoside triphosphate hydrolases	400	707	1.89E-35	T	07-05-2025	IPR027417	P-loop containing nucleoside triphosphate hydrolase	-	-
HFDHAJOI_04811	fa0fe051af6082e963c984c3ba868e0a	786	Pfam	PF19044	TraG P-loop domain	436	703	2.4E-5	T	07-05-2025	IPR043964	TraG, P-loop domain	-	-
HFDHAJOI_04811	fa0fe051af6082e963c984c3ba868e0a	786	Pfam	PF03135	CagE, TrbE, VirB family, component of type IV transporter system	188	382	8.6E-30	T	07-05-2025	IPR018145	CagE, TrbE, VirB component of type IV transporter system, central domain	GO:0005524(InterPro)	-
HFDHAJOI_04744	438ddd3e9e0c0b6bb47c0572f0135bdf	241	Pfam	PF06059	Domain of Unknown Function (DUF930)	136	233	4.3E-26	T	07-05-2025	IPR009273	Protein of unknown function DUF930	-	-
HFDHAJOI_04744	438ddd3e9e0c0b6bb47c0572f0135bdf	241	MobiDBLite	mobidb-lite	consensus disorder prediction	54	86	-	T	07-05-2025	-	-	-	-
HFDHAJOI_04744	438ddd3e9e0c0b6bb47c0572f0135bdf	241	MobiDBLite	mobidb-lite	consensus disorder prediction	60	77	-	T	07-05-2025	-	-	-	-
HFDHAJOI_04776	382dc02487a10feb44a76d0772215ead	505	CDD	cd01359	Argininosuccinate_lyase	37	472	2.46699E-159	T	07-05-2025	IPR009049	Argininosuccinate lyase	GO:0004056(InterPro)|GO:0042450(InterPro)	-
HFDHAJOI_04776	382dc02487a10feb44a76d0772215ead	505	PRINTS	PR00149	Fumarate lyase superfamily signature	285	301	6.2E-16	T	07-05-2025	IPR000362	Fumarate lyase family	-	-
HFDHAJOI_04776	382dc02487a10feb44a76d0772215ead	505	PRINTS	PR00149	Fumarate lyase superfamily signature	158	176	6.2E-16	T	07-05-2025	IPR000362	Fumarate lyase family	-	-
HFDHAJOI_04776	382dc02487a10feb44a76d0772215ead	505	PRINTS	PR00149	Fumarate lyase superfamily signature	113	131	6.2E-16	T	07-05-2025	IPR000362	Fumarate lyase family	-	-
HFDHAJOI_04776	382dc02487a10feb44a76d0772215ead	505	PRINTS	PR00149	Fumarate lyase superfamily signature	241	268	6.2E-16	T	07-05-2025	IPR000362	Fumarate lyase family	-	-
HFDHAJOI_04776	382dc02487a10feb44a76d0772215ead	505	NCBIfam	TIGR00838	argininosuccinate lyase	15	472	1.7E-94	T	07-05-2025	IPR009049	Argininosuccinate lyase	GO:0004056(InterPro)|GO:0042450(InterPro)	-
HFDHAJOI_04776	382dc02487a10feb44a76d0772215ead	505	PRINTS	PR00145	Argininosuccinate lyase family signature	112	134	5.6E-28	T	07-05-2025	-	-	-	-
HFDHAJOI_04776	382dc02487a10feb44a76d0772215ead	505	PRINTS	PR00145	Argininosuccinate lyase family signature	153	173	5.6E-28	T	07-05-2025	-	-	-	-
HFDHAJOI_04776	382dc02487a10feb44a76d0772215ead	505	PRINTS	PR00145	Argininosuccinate lyase family signature	204	220	5.6E-28	T	07-05-2025	-	-	-	-
HFDHAJOI_04776	382dc02487a10feb44a76d0772215ead	505	PRINTS	PR00145	Argininosuccinate lyase family signature	285	301	5.6E-28	T	07-05-2025	-	-	-	-
HFDHAJOI_04776	382dc02487a10feb44a76d0772215ead	505	PRINTS	PR00145	Argininosuccinate lyase family signature	241	265	5.6E-28	T	07-05-2025	-	-	-	-
HFDHAJOI_04776	382dc02487a10feb44a76d0772215ead	505	Pfam	PF14698	Argininosuccinate lyase C-terminal	372	447	2.6E-12	T	07-05-2025	IPR029419	Argininosuccinate lyase, C-terminal	-	-
HFDHAJOI_04776	382dc02487a10feb44a76d0772215ead	505	Gene3D	G3DSA:1.20.200.10	Fumarase/aspartase (Central domain)	130	463	4.9E-118	T	07-05-2025	-	-	-	-
HFDHAJOI_04776	382dc02487a10feb44a76d0772215ead	505	Pfam	PF00206	Lyase	52	307	9.2E-35	T	07-05-2025	IPR022761	Fumarate lyase, N-terminal	-	-
HFDHAJOI_04776	382dc02487a10feb44a76d0772215ead	505	Gene3D	G3DSA:1.10.275.10	-	47	239	4.9E-118	T	07-05-2025	IPR024083	Fumarase/histidase, N-terminal	-	-
HFDHAJOI_04776	382dc02487a10feb44a76d0772215ead	505	SUPERFAMILY	SSF48557	L-aspartase-like	35	475	4.08E-90	T	07-05-2025	IPR008948	L-Aspartase-like	GO:0003824(InterPro)	-
HFDHAJOI_04776	382dc02487a10feb44a76d0772215ead	505	Gene3D	G3DSA:1.10.40.30	-	369	449	4.9E-118	T	07-05-2025	-	-	-	-
HFDHAJOI_04776	382dc02487a10feb44a76d0772215ead	505	PANTHER	PTHR43814	ARGININOSUCCINATE LYASE	34	476	1.8E-84	T	07-05-2025	IPR009049	Argininosuccinate lyase	GO:0004056(PANTHER)|GO:0004056(InterPro)|GO:0005829(PANTHER)|GO:0042450(InterPro)|GO:0042450(PANTHER)	-
HFDHAJOI_04807	a9c2ce8db8958df57315045349099af5	344	Pfam	PF01548	Transposase	6	144	1.5E-15	T	07-05-2025	IPR002525	Transposase IS110-like, N-terminal	GO:0003677(InterPro)|GO:0004803(InterPro)|GO:0006313(InterPro)	-
HFDHAJOI_04807	a9c2ce8db8958df57315045349099af5	344	Coils	Coil	Coil	180	200	-	T	07-05-2025	-	-	-	-
HFDHAJOI_04807	a9c2ce8db8958df57315045349099af5	344	Pfam	PF02371	Transposase IS116/IS110/IS902 family	212	288	4.1E-20	T	07-05-2025	IPR003346	Transposase IS116/IS110/IS902, C-terminal	GO:0003677(InterPro)|GO:0004803(InterPro)|GO:0006313(InterPro)	-
HFDHAJOI_04807	a9c2ce8db8958df57315045349099af5	344	PANTHER	PTHR33055	TRANSPOSASE FOR INSERTION SEQUENCE ELEMENT IS1111A	2	337	8.2E-78	T	07-05-2025	IPR047650	Transposase IS110-like	-	-
HFDHAJOI_04807	a9c2ce8db8958df57315045349099af5	344	NCBIfam	NF033542	IS110 family transposase	6	334	9.9E-95	T	07-05-2025	IPR047650	Transposase IS110-like	-	-
HFDHAJOI_04815	b7481cc003433cd99372984eb7f51f26	254	CDD	cd06911	VirB9_CagX_TrbG	161	238	3.75263E-23	T	07-05-2025	IPR033645	VirB9/CagX/TrbG, C-terminal	-	-
HFDHAJOI_04815	b7481cc003433cd99372984eb7f51f26	254	Pfam	PF03524	Conjugal transfer protein	32	236	9.0E-38	T	07-05-2025	IPR010258	Conjugal transfer, TrbG/VirB9/CagX	-	-
HFDHAJOI_04815	b7481cc003433cd99372984eb7f51f26	254	Gene3D	G3DSA:2.60.40.2500	-	140	248	1.1E-18	T	07-05-2025	IPR038161	VirB9/CagX/TrbG, C-terminal domain superfamily	-	-
HFDHAJOI_04824	d685541389423b08ab5a3ea374256a66	120	PANTHER	PTHR33678	BLL1576 PROTEIN	1	107	2.9E-31	T	07-05-2025	IPR052344	Transposase-related protein	-	-
HFDHAJOI_04824	d685541389423b08ab5a3ea374256a66	120	Pfam	PF03050	Transposase IS66 family	9	114	3.5E-29	T	07-05-2025	IPR004291	Transposase IS66, central domain	-	-
HFDHAJOI_04735	17883fa4109883ad8cd8613ee9328bde	92	SUPERFAMILY	SSF46689	Homeodomain-like	14	77	1.79E-9	T	07-05-2025	IPR009057	Homedomain-like superfamily	-	-
HFDHAJOI_04735	17883fa4109883ad8cd8613ee9328bde	92	Coils	Coil	Coil	53	80	-	T	07-05-2025	-	-	-	-
HFDHAJOI_04735	17883fa4109883ad8cd8613ee9328bde	92	PANTHER	PTHR33609	LOW CALCIUM RESPONSE LOCUS PROTEIN S	1	90	1.2E-10	T	07-05-2025	IPR052546	Transposase_8_domain-containing_protein	-	-
HFDHAJOI_04735	17883fa4109883ad8cd8613ee9328bde	92	Pfam	PF01527	Transposase	9	74	2.3E-7	T	07-05-2025	IPR002514	Transposase IS3/IS911family	GO:0003677(InterPro)|GO:0004803(InterPro)|GO:0006313(InterPro)	-
HFDHAJOI_04822	c61ee8566dbedce6c6c501dbe1ad80e7	400	Pfam	PF01548	Transposase	4	144	2.0E-12	T	07-05-2025	IPR002525	Transposase IS110-like, N-terminal	GO:0003677(InterPro)|GO:0004803(InterPro)|GO:0006313(InterPro)	-
HFDHAJOI_04822	c61ee8566dbedce6c6c501dbe1ad80e7	400	Pfam	PF02371	Transposase IS116/IS110/IS902 family	210	288	1.3E-18	T	07-05-2025	IPR003346	Transposase IS116/IS110/IS902, C-terminal	GO:0003677(InterPro)|GO:0004803(InterPro)|GO:0006313(InterPro)	-
HFDHAJOI_04822	c61ee8566dbedce6c6c501dbe1ad80e7	400	NCBIfam	NF033542	IS110 family transposase	3	326	2.9E-64	T	07-05-2025	IPR047650	Transposase IS110-like	-	-
HFDHAJOI_04822	c61ee8566dbedce6c6c501dbe1ad80e7	400	PANTHER	PTHR33055	TRANSPOSASE FOR INSERTION SEQUENCE ELEMENT IS1111A	2	335	2.8E-53	T	07-05-2025	IPR047650	Transposase IS110-like	-	-
HFDHAJOI_04764	f6970a26a57ac09227f47288c6860d74	545	Coils	Coil	Coil	274	294	-	T	07-05-2025	-	-	-	-
HFDHAJOI_04810	cd9f9add749445f8cf037acb4782cd17	93	Pfam	PF05101	Type IV secretory pathway, VirB3-like protein	3	79	2.4E-11	T	07-05-2025	IPR007792	Type IV secretion system, VirB3 / TrbD / AvhB	-	-
HFDHAJOI_04734	29d226225c0725a2c9de98ee2988c88d	53	MobiDBLite	mobidb-lite	consensus disorder prediction	1	23	-	T	07-05-2025	-	-	-	-
HFDHAJOI_04734	29d226225c0725a2c9de98ee2988c88d	53	MobiDBLite	mobidb-lite	consensus disorder prediction	1	14	-	T	07-05-2025	-	-	-	-
HFDHAJOI_04866	14d8aa3fdf8c78b2cb70f4d0bd5790ce	358	Gene3D	G3DSA:1.10.3290.10	-	6	246	2.4E-56	T	07-05-2025	IPR036597	Fido-like domain superfamily	-	-
HFDHAJOI_04866	14d8aa3fdf8c78b2cb70f4d0bd5790ce	358	MobiDBLite	mobidb-lite	consensus disorder prediction	313	332	-	T	07-05-2025	-	-	-	-
HFDHAJOI_04866	14d8aa3fdf8c78b2cb70f4d0bd5790ce	358	MobiDBLite	mobidb-lite	consensus disorder prediction	305	358	-	T	07-05-2025	-	-	-	-
HFDHAJOI_04866	14d8aa3fdf8c78b2cb70f4d0bd5790ce	358	MobiDBLite	mobidb-lite	consensus disorder prediction	346	358	-	T	07-05-2025	-	-	-	-
HFDHAJOI_04866	14d8aa3fdf8c78b2cb70f4d0bd5790ce	358	SUPERFAMILY	SSF140931	Fic-like	54	236	4.45E-23	T	07-05-2025	IPR036597	Fido-like domain superfamily	-	-
HFDHAJOI_04866	14d8aa3fdf8c78b2cb70f4d0bd5790ce	358	PANTHER	PTHR39560	PROTEIN ADENYLYLTRANSFERASE FIC-RELATED	25	203	9.8E-25	T	07-05-2025	-	-	GO:0051302(PANTHER)	-
HFDHAJOI_04866	14d8aa3fdf8c78b2cb70f4d0bd5790ce	358	Pfam	PF02661	Fic/DOC family	68	170	8.7E-9	T	07-05-2025	IPR003812	Fido domain	-	-
HFDHAJOI_04866	14d8aa3fdf8c78b2cb70f4d0bd5790ce	358	ProSiteProfiles	PS51459	Fido domain profile.	67	218	12.724504	T	07-05-2025	IPR003812	Fido domain	-	-
HFDHAJOI_04781	5b1250785396806f1c9ae8f2a680e8e2	521	Pfam	PF08275	DNA primase catalytic core, N-terminal domain	215	330	1.1E-14	T	07-05-2025	IPR013264	DNA primase DNAG, catalytic core, N-terminal	-	-
HFDHAJOI_04781	5b1250785396806f1c9ae8f2a680e8e2	521	SUPERFAMILY	SSF57783	Zinc beta-ribbon	60	123	1.38E-6	T	07-05-2025	-	-	-	-
HFDHAJOI_04781	5b1250785396806f1c9ae8f2a680e8e2	521	Gene3D	G3DSA:3.90.580.10	-	48	130	3.2E-7	T	07-05-2025	IPR036977	DNA Primase, CHC2-type zinc finger	GO:0003677(InterPro)|GO:0006260(InterPro)|GO:0008270(InterPro)	-
HFDHAJOI_04781	5b1250785396806f1c9ae8f2a680e8e2	521	ProSiteProfiles	PS50880	Toprim domain profile.	337	425	14.856421	T	07-05-2025	IPR006171	TOPRIM domain	-	-
HFDHAJOI_04781	5b1250785396806f1c9ae8f2a680e8e2	521	SUPERFAMILY	SSF56731	DNA primase core	188	459	2.49E-58	T	07-05-2025	-	-	-	-
HFDHAJOI_04781	5b1250785396806f1c9ae8f2a680e8e2	521	PANTHER	PTHR30313	DNA PRIMASE	70	122	3.2E-61	T	07-05-2025	IPR050219	DnaG Primase	GO:0003896(PANTHER)|GO:0005737(PANTHER)|GO:0006269(PANTHER)	-
HFDHAJOI_04781	5b1250785396806f1c9ae8f2a680e8e2	521	MobiDBLite	mobidb-lite	consensus disorder prediction	486	521	-	T	07-05-2025	-	-	-	-
HFDHAJOI_04781	5b1250785396806f1c9ae8f2a680e8e2	521	Pfam	PF13155	Toprim-like	341	434	2.6E-10	T	07-05-2025	-	-	-	-
HFDHAJOI_04781	5b1250785396806f1c9ae8f2a680e8e2	521	SMART	SM00493	toprim5	337	408	1.2E-10	T	07-05-2025	IPR006171	TOPRIM domain	-	-
HFDHAJOI_04781	5b1250785396806f1c9ae8f2a680e8e2	521	Pfam	PF01807	CHC2 zinc finger	66	125	0.0078	T	07-05-2025	IPR002694	Zinc finger, CHC2-type	GO:0003677(InterPro)|GO:0003899(InterPro)|GO:0006260(InterPro)|GO:0008270(InterPro)	-
HFDHAJOI_04781	5b1250785396806f1c9ae8f2a680e8e2	521	CDD	cd03364	TOPRIM_DnaG_primases	337	424	1.76396E-23	T	07-05-2025	IPR034151	Bacterial DnaG primase, TOPRIM domain	-	-
HFDHAJOI_04781	5b1250785396806f1c9ae8f2a680e8e2	521	Gene3D	G3DSA:3.40.1360.10	-	319	451	2.6E-33	T	07-05-2025	-	-	-	-
HFDHAJOI_04781	5b1250785396806f1c9ae8f2a680e8e2	521	Gene3D	G3DSA:3.90.980.10	-	184	318	1.0E-17	T	07-05-2025	IPR037068	DNA primase, catalytic core, N-terminal domain superfamily	-	-
HFDHAJOI_04778	d6844950ee228c9421a78e369a49a1d0	324	Pfam	PF00528	Binding-protein-dependent transport system inner membrane component	131	322	3.5E-42	T	07-05-2025	IPR000515	ABC transporter type 1, transmembrane domain MetI-like	GO:0016020(InterPro)|GO:0055085(InterPro)	-
HFDHAJOI_04778	d6844950ee228c9421a78e369a49a1d0	324	PANTHER	PTHR43163	DIPEPTIDE TRANSPORT SYSTEM PERMEASE PROTEIN DPPB-RELATED	19	324	1.1E-111	T	07-05-2025	-	-	-	-
HFDHAJOI_04778	d6844950ee228c9421a78e369a49a1d0	324	CDD	cd06261	TM_PBP2	113	312	3.36823E-20	T	07-05-2025	IPR000515	ABC transporter type 1, transmembrane domain MetI-like	GO:0016020(InterPro)|GO:0055085(InterPro)	-
HFDHAJOI_04778	d6844950ee228c9421a78e369a49a1d0	324	Pfam	PF19300	Binding-prot-dependent transport system membrane comp, N-term	21	96	1.4E-9	T	07-05-2025	IPR045621	ABC transporter type 1, GsiC-like, N-terminal domain	-	-
HFDHAJOI_04778	d6844950ee228c9421a78e369a49a1d0	324	Gene3D	G3DSA:1.10.3720.10	-	103	315	5.4E-27	T	07-05-2025	IPR035906	MetI-like superfamily	-	-
HFDHAJOI_04778	d6844950ee228c9421a78e369a49a1d0	324	ProSiteProfiles	PS50928	ABC transporter integral membrane type-1 domain profile.	113	314	21.840275	T	07-05-2025	IPR000515	ABC transporter type 1, transmembrane domain MetI-like	GO:0016020(InterPro)|GO:0055085(InterPro)	-
HFDHAJOI_04778	d6844950ee228c9421a78e369a49a1d0	324	SUPERFAMILY	SSF161098	MetI-like	108	308	1.44E-21	T	07-05-2025	IPR035906	MetI-like superfamily	-	-
HFDHAJOI_04792	37f1447310152131a7890afde6231686	395	MobiDBLite	mobidb-lite	consensus disorder prediction	1	21	-	T	07-05-2025	-	-	-	-
HFDHAJOI_04792	37f1447310152131a7890afde6231686	395	MobiDBLite	mobidb-lite	consensus disorder prediction	330	344	-	T	07-05-2025	-	-	-	-
HFDHAJOI_04792	37f1447310152131a7890afde6231686	395	MobiDBLite	mobidb-lite	consensus disorder prediction	1	15	-	T	07-05-2025	-	-	-	-
HFDHAJOI_04792	37f1447310152131a7890afde6231686	395	MobiDBLite	mobidb-lite	consensus disorder prediction	327	357	-	T	07-05-2025	-	-	-	-
HFDHAJOI_04676	d0c545933906d0e2075a49e4616a94d5	412	NCBIfam	NF040974	plasmid replication protein RepC	1	401	3.2E-163	T	07-05-2025	IPR047611	Plasmid replication protein RepC	-	-
HFDHAJOI_04676	d0c545933906d0e2075a49e4616a94d5	412	Pfam	PF11800	Replication protein C C-terminal region	302	403	1.7E-39	T	07-05-2025	IPR021760	Plasmid replication protein C, C-terminal	-	-
HFDHAJOI_04676	d0c545933906d0e2075a49e4616a94d5	412	NCBIfam	NF010396	replication protein C domain-containing protein	1	411	8.3E-181	T	07-05-2025	-	-	-	-
HFDHAJOI_04676	d0c545933906d0e2075a49e4616a94d5	412	Gene3D	G3DSA:1.10.10.10	-	45	165	3.5E-5	T	07-05-2025	IPR036388	Winged helix-like DNA-binding domain superfamily	-	-
HFDHAJOI_04676	d0c545933906d0e2075a49e4616a94d5	412	SUPERFAMILY	SSF46785	"Winged helix" DNA-binding domain	91	133	5.04E-6	T	07-05-2025	IPR036390	Winged helix DNA-binding domain superfamily	-	-
HFDHAJOI_04676	d0c545933906d0e2075a49e4616a94d5	412	Pfam	PF03428	Replication protein C N-terminal domain	13	186	2.9E-64	T	07-05-2025	IPR005090	Plasmid replication protein C, N-terminal	-	-
HFDHAJOI_04676	d0c545933906d0e2075a49e4616a94d5	412	Coils	Coil	Coil	218	238	-	T	07-05-2025	-	-	-	-
HFDHAJOI_04688	13511239c738e972cc46315a4c5b0b75	230	SUPERFAMILY	SSF54427	NTF2-like	88	224	6.57E-39	T	07-05-2025	IPR032710	NTF2-like domain superfamily	-	-
HFDHAJOI_04688	13511239c738e972cc46315a4c5b0b75	230	Gene3D	G3DSA:3.10.450.230	VirB8 protein	83	229	1.5E-38	T	07-05-2025	-	-	-	-
HFDHAJOI_04688	13511239c738e972cc46315a4c5b0b75	230	PIRSF	PIRSF003299	VirB8_PtlE	3	225	1.3E-51	T	07-05-2025	IPR026264	Type IV secretion system protein VirB8/PtlE	GO:0030255(InterPro)	-
HFDHAJOI_04688	13511239c738e972cc46315a4c5b0b75	230	CDD	cd16424	VirB8	87	221	1.26615E-39	T	07-05-2025	-	-	-	-
HFDHAJOI_04688	13511239c738e972cc46315a4c5b0b75	230	Pfam	PF04335	VirB8 protein	15	222	4.0E-49	T	07-05-2025	IPR007430	Bacterial virulence protein VirB8	GO:0016020(InterPro)	-
HFDHAJOI_04741	17b2ccf450a1ef84d4826d165a692214	678	PANTHER	PTHR32552	FERRICHROME IRON RECEPTOR-RELATED	3	678	1.6E-156	T	07-05-2025	IPR039426	TonB-dependent receptor-like	GO:0009279(PANTHER)|GO:0015344(PANTHER)	-
HFDHAJOI_04741	17b2ccf450a1ef84d4826d165a692214	678	NCBIfam	TIGR01783	TonB-dependent siderophore receptor	32	677	3.3E-108	T	07-05-2025	IPR010105	TonB-dependent siderophore receptor	GO:0009279(InterPro)|GO:0015343(InterPro)|GO:0015891(InterPro)|GO:0038023(InterPro)	-
HFDHAJOI_04741	17b2ccf450a1ef84d4826d165a692214	678	ProSiteProfiles	PS52016	TonB-dependent receptor (TBDR) proteins profile.	29	678	44.761646	T	07-05-2025	IPR039426	TonB-dependent receptor-like	-	-
HFDHAJOI_04741	17b2ccf450a1ef84d4826d165a692214	678	Gene3D	G3DSA:2.170.130.10	-	13	141	4.8E-28	T	07-05-2025	IPR037066	TonB-dependent receptor, plug domain superfamily	-	-
HFDHAJOI_04741	17b2ccf450a1ef84d4826d165a692214	678	FunFam	G3DSA:2.170.130.10:FF:000001	Catecholate siderophore TonB-dependent receptor	13	141	2.4E-39	T	07-05-2025	-	-	-	-
HFDHAJOI_04741	17b2ccf450a1ef84d4826d165a692214	678	CDD	cd01347	ligand_gated_channel	36	678	1.59071E-99	T	07-05-2025	-	-	-	-
HFDHAJOI_04741	17b2ccf450a1ef84d4826d165a692214	678	Gene3D	G3DSA:2.40.170.20	-	142	678	1.4E-122	T	07-05-2025	IPR036942	TonB-dependent receptor-like, beta-barrel domain superfamily	-	-
HFDHAJOI_04741	17b2ccf450a1ef84d4826d165a692214	678	FunFam	G3DSA:2.40.170.20:FF:000005	TonB-dependent siderophore receptor	141	678	6.1E-139	T	07-05-2025	-	-	-	-
HFDHAJOI_04741	17b2ccf450a1ef84d4826d165a692214	678	MobiDBLite	mobidb-lite	consensus disorder prediction	19	30	-	T	07-05-2025	-	-	-	-
HFDHAJOI_04741	17b2ccf450a1ef84d4826d165a692214	678	MobiDBLite	mobidb-lite	consensus disorder prediction	1	30	-	T	07-05-2025	-	-	-	-
HFDHAJOI_04741	17b2ccf450a1ef84d4826d165a692214	678	Pfam	PF00593	TonB dependent receptor-like, beta-barrel	202	649	2.2E-63	T	07-05-2025	IPR000531	TonB-dependent receptor-like, beta-barrel	-	-
HFDHAJOI_04741	17b2ccf450a1ef84d4826d165a692214	678	Pfam	PF07715	TonB-dependent Receptor Plug Domain	30	131	1.6E-16	T	07-05-2025	IPR012910	TonB-dependent receptor, plug domain	-	-
HFDHAJOI_04741	17b2ccf450a1ef84d4826d165a692214	678	SUPERFAMILY	SSF56935	Porins	20	678	1.72E-126	T	07-05-2025	-	-	-	-
HFDHAJOI_04742	5bfabf48da0a510b90689e0c2d180768	961	Pfam	PF13700	Domain of unknown function (DUF4158)	7	169	6.1E-50	T	07-05-2025	IPR025296	Domain of unknown function DUF4158	-	-
HFDHAJOI_04742	5bfabf48da0a510b90689e0c2d180768	961	Pfam	PF01526	Tn3 transposase DDE domain	570	956	7.5E-138	T	07-05-2025	IPR002513	Tn3 transposase DDE domain	GO:0004803(InterPro)|GO:0006313(InterPro)	-
HFDHAJOI_04742	5bfabf48da0a510b90689e0c2d180768	961	NCBIfam	NF033527	Tn3 family transposase	21	959	3.8E-300	T	07-05-2025	IPR047653	Tn3-like transposase	-	-
HFDHAJOI_04867	00286e2162dba42de6198e55cdbc90e2	289	PIRSF	PIRSF037112	ArdC	1	288	2.4E-103	T	07-05-2025	IPR017113	Antirestriction, ArdC	-	-
HFDHAJOI_04867	00286e2162dba42de6198e55cdbc90e2	289	Pfam	PF08401	N-terminal domain of anti-restriction factor ArdC	5	119	2.1E-36	T	07-05-2025	IPR013610	N-terminal domain of anti-restriction factor ArdC	GO:0003697(InterPro)	-
HFDHAJOI_04867	00286e2162dba42de6198e55cdbc90e2	289	Pfam	PF18818	Zincin-like metallopeptidase	147	273	3.3E-44	T	07-05-2025	IPR041459	Polyvalent protein, metallopeptidase domain	-	-
HFDHAJOI_04771	3508a8352e52c36921449171833ded2b	146	PANTHER	PTHR33217	TRANSPOSASE FOR INSERTION SEQUENCE ELEMENT IS1081	1	145	2.3E-33	T	07-05-2025	IPR001207	Transposase, mutator type	GO:0003677(InterPro)|GO:0004803(InterPro)|GO:0006313(InterPro)	-
HFDHAJOI_04771	3508a8352e52c36921449171833ded2b	146	Pfam	PF00872	Transposase, Mutator family	1	146	1.1E-37	T	07-05-2025	IPR001207	Transposase, mutator type	GO:0003677(InterPro)|GO:0004803(InterPro)|GO:0006313(InterPro)	-
HFDHAJOI_04799	3508a8352e52c36921449171833ded2b	146	PANTHER	PTHR33217	TRANSPOSASE FOR INSERTION SEQUENCE ELEMENT IS1081	1	145	2.3E-33	T	07-05-2025	IPR001207	Transposase, mutator type	GO:0003677(InterPro)|GO:0004803(InterPro)|GO:0006313(InterPro)	-
HFDHAJOI_04799	3508a8352e52c36921449171833ded2b	146	Pfam	PF00872	Transposase, Mutator family	1	146	1.1E-37	T	07-05-2025	IPR001207	Transposase, mutator type	GO:0003677(InterPro)|GO:0004803(InterPro)|GO:0006313(InterPro)	-
HFDHAJOI_04816	195fe1023875e62f4ea517e2d58ba99b	458	Coils	Coil	Coil	122	142	-	T	07-05-2025	-	-	-	-
HFDHAJOI_04816	195fe1023875e62f4ea517e2d58ba99b	458	CDD	cd16429	VirB10	278	458	2.90947E-71	T	07-05-2025	IPR005498	Type IV secretion system, VirB10/TraB/TrbI	-	-
HFDHAJOI_04816	195fe1023875e62f4ea517e2d58ba99b	458	Pfam	PF03743	Bacterial conjugation TrbI-like protein	277	457	4.5E-48	T	07-05-2025	IPR005498	Type IV secretion system, VirB10/TraB/TrbI	-	-
HFDHAJOI_04816	195fe1023875e62f4ea517e2d58ba99b	458	Coils	Coil	Coil	160	208	-	T	07-05-2025	-	-	-	-
HFDHAJOI_04816	195fe1023875e62f4ea517e2d58ba99b	458	Gene3D	G3DSA:2.40.128.260	Type IV secretion system, VirB10/TraB/TrbI	272	458	7.0E-43	T	07-05-2025	IPR042217	Type IV secretion system, VirB10/TrbI	-	-
HFDHAJOI_04816	195fe1023875e62f4ea517e2d58ba99b	458	MobiDBLite	mobidb-lite	consensus disorder prediction	1	23	-	T	07-05-2025	-	-	-	-
HFDHAJOI_04737	5b8870d2cc8664a12d258200803dd951	157	PRINTS	PR00081	Glucose/ribitol dehydrogenase family signature	80	99	3.0E-13	T	07-05-2025	IPR002347	Short-chain dehydrogenase/reductase SDR	-	-
HFDHAJOI_04737	5b8870d2cc8664a12d258200803dd951	157	PRINTS	PR00081	Glucose/ribitol dehydrogenase family signature	44	60	3.0E-13	T	07-05-2025	IPR002347	Short-chain dehydrogenase/reductase SDR	-	-
HFDHAJOI_04737	5b8870d2cc8664a12d258200803dd951	157	PRINTS	PR00081	Glucose/ribitol dehydrogenase family signature	101	118	3.0E-13	T	07-05-2025	IPR002347	Short-chain dehydrogenase/reductase SDR	-	-
HFDHAJOI_04737	5b8870d2cc8664a12d258200803dd951	157	SUPERFAMILY	SSF51735	NAD(P)-binding Rossmann-fold domains	2	154	1.74E-33	T	07-05-2025	IPR036291	NAD(P)-binding domain superfamily	-	-
HFDHAJOI_04737	5b8870d2cc8664a12d258200803dd951	157	Gene3D	G3DSA:3.40.50.720	-	3	157	1.7E-38	T	07-05-2025	-	-	-	-
HFDHAJOI_04737	5b8870d2cc8664a12d258200803dd951	157	PANTHER	PTHR45458	SHORT-CHAIN DEHYDROGENASE/REDUCTASE SDR	1	155	3.0E-26	T	07-05-2025	IPR052184	Short-chain dehydrogenases/reductases (SDR) enzymes	GO:0016616(PANTHER)	-
HFDHAJOI_04737	5b8870d2cc8664a12d258200803dd951	157	Pfam	PF00106	short chain dehydrogenase	2	120	2.1E-19	T	07-05-2025	IPR002347	Short-chain dehydrogenase/reductase SDR	-	-
HFDHAJOI_04821	979a2c5dc74e9b436880ad95fcf9fe8f	88	Pfam	PF03050	Transposase IS66 family	2	31	1.7E-6	T	07-05-2025	IPR004291	Transposase IS66, central domain	-	-
HFDHAJOI_04821	979a2c5dc74e9b436880ad95fcf9fe8f	88	Pfam	PF13817	IS66 C-terminal element	38	75	9.6E-11	T	07-05-2025	IPR039552	Transposase IS66, C-terminal	-	-
HFDHAJOI_04821	979a2c5dc74e9b436880ad95fcf9fe8f	88	PANTHER	PTHR33678	BLL1576 PROTEIN	2	62	6.7E-14	T	07-05-2025	IPR052344	Transposase-related protein	-	-
HFDHAJOI_04826	3c72390f88744db373aa75db77ec8043	115	NCBIfam	NF033819	IS66 family insertion sequence element accessory protein TnpB	10	99	2.2E-30	T	07-05-2025	IPR008878	Transposase IS66, Orf2	-	-
HFDHAJOI_04826	3c72390f88744db373aa75db77ec8043	115	Pfam	PF05717	IS66 Orf2 like protein	9	105	3.2E-33	T	07-05-2025	IPR008878	Transposase IS66, Orf2	-	-
HFDHAJOI_04826	3c72390f88744db373aa75db77ec8043	115	PANTHER	PTHR36455	-	1	106	1.3E-31	T	07-05-2025	IPR008878	Transposase IS66, Orf2	-	-
HFDHAJOI_04793	d35435155e3d548fc72ad525495fa758	847	MobiDBLite	mobidb-lite	consensus disorder prediction	21	53	-	T	07-05-2025	-	-	-	-
HFDHAJOI_04793	d35435155e3d548fc72ad525495fa758	847	MobiDBLite	mobidb-lite	consensus disorder prediction	159	191	-	T	07-05-2025	-	-	-	-
HFDHAJOI_04793	d35435155e3d548fc72ad525495fa758	847	MobiDBLite	mobidb-lite	consensus disorder prediction	317	337	-	T	07-05-2025	-	-	-	-
HFDHAJOI_04793	d35435155e3d548fc72ad525495fa758	847	MobiDBLite	mobidb-lite	consensus disorder prediction	827	847	-	T	07-05-2025	-	-	-	-
HFDHAJOI_04793	d35435155e3d548fc72ad525495fa758	847	MobiDBLite	mobidb-lite	consensus disorder prediction	100	115	-	T	07-05-2025	-	-	-	-
HFDHAJOI_04793	d35435155e3d548fc72ad525495fa758	847	MobiDBLite	mobidb-lite	consensus disorder prediction	798	812	-	T	07-05-2025	-	-	-	-
HFDHAJOI_04793	d35435155e3d548fc72ad525495fa758	847	MobiDBLite	mobidb-lite	consensus disorder prediction	227	270	-	T	07-05-2025	-	-	-	-
HFDHAJOI_04793	d35435155e3d548fc72ad525495fa758	847	MobiDBLite	mobidb-lite	consensus disorder prediction	227	269	-	T	07-05-2025	-	-	-	-
HFDHAJOI_04793	d35435155e3d548fc72ad525495fa758	847	MobiDBLite	mobidb-lite	consensus disorder prediction	131	144	-	T	07-05-2025	-	-	-	-
HFDHAJOI_04793	d35435155e3d548fc72ad525495fa758	847	MobiDBLite	mobidb-lite	consensus disorder prediction	774	813	-	T	07-05-2025	-	-	-	-
HFDHAJOI_04793	d35435155e3d548fc72ad525495fa758	847	MobiDBLite	mobidb-lite	consensus disorder prediction	97	191	-	T	07-05-2025	-	-	-	-
HFDHAJOI_04861	426366776d547a1d2a8acdf461f6b9c2	426	MobiDBLite	mobidb-lite	consensus disorder prediction	282	291	-	T	07-05-2025	-	-	-	-
HFDHAJOI_04861	426366776d547a1d2a8acdf461f6b9c2	426	MobiDBLite	mobidb-lite	consensus disorder prediction	260	306	-	T	07-05-2025	-	-	-	-
HFDHAJOI_04861	426366776d547a1d2a8acdf461f6b9c2	426	Pfam	PF11800	Replication protein C C-terminal region	318	418	3.6E-24	T	07-05-2025	IPR021760	Plasmid replication protein C, C-terminal	-	-
HFDHAJOI_04861	426366776d547a1d2a8acdf461f6b9c2	426	Pfam	PF03428	Replication protein C N-terminal domain	13	181	7.0E-41	T	07-05-2025	IPR005090	Plasmid replication protein C, N-terminal	-	-
HFDHAJOI_04861	426366776d547a1d2a8acdf461f6b9c2	426	NCBIfam	NF040974	plasmid replication protein RepC	13	416	2.0E-50	T	07-05-2025	IPR047611	Plasmid replication protein RepC	-	-
HFDHAJOI_04809	c104b40146de923d6c4c778f9e667b08	103	Pfam	PF04956	TrbC/VIRB2 pilin	1	100	2.4E-19	T	07-05-2025	IPR007039	Conjugal transfer TrbC/type IV secretion VirB2	-	-
HFDHAJOI_04842	246d30d167c0433cabd46dd5ce71c5a0	49	MobiDBLite	mobidb-lite	consensus disorder prediction	27	49	-	T	07-05-2025	-	-	-	-
HFDHAJOI_04775	ac036b1be6b8fd697b2798f0babe379b	539	ProSitePatterns	PS00211	ABC transporters family signature.	157	171	-	T	07-05-2025	IPR017871	ABC transporter-like, conserved site	GO:0005524(InterPro)|GO:0016887(InterPro)	-
HFDHAJOI_04775	ac036b1be6b8fd697b2798f0babe379b	539	Gene3D	G3DSA:3.40.50.300	-	274	534	5.3E-78	T	07-05-2025	IPR027417	P-loop containing nucleoside triphosphate hydrolase	-	-
HFDHAJOI_04775	ac036b1be6b8fd697b2798f0babe379b	539	Gene3D	G3DSA:3.40.50.300	-	7	273	6.8E-84	T	07-05-2025	IPR027417	P-loop containing nucleoside triphosphate hydrolase	-	-
HFDHAJOI_04775	ac036b1be6b8fd697b2798f0babe379b	539	CDD	cd03257	ABC_NikE_OppD_transporters	9	239	4.0353E-109	T	07-05-2025	-	-	-	-
HFDHAJOI_04775	ac036b1be6b8fd697b2798f0babe379b	539	Pfam	PF00005	ABC transporter	29	185	4.2E-28	T	07-05-2025	IPR003439	ABC transporter-like, ATP-binding domain	GO:0005524(InterPro)|GO:0016887(InterPro)	-
HFDHAJOI_04775	ac036b1be6b8fd697b2798f0babe379b	539	PANTHER	PTHR43776	TRANSPORT ATP-BINDING PROTEIN	271	531	1.2E-186	T	07-05-2025	IPR050319	ABC Transporter ATP-Binding	-	-
HFDHAJOI_04775	ac036b1be6b8fd697b2798f0babe379b	539	NCBIfam	NF007739	nickel ABC transporter ATP-binding protein NikE	294	528	1.3E-57	T	07-05-2025	-	-	-	-
HFDHAJOI_04775	ac036b1be6b8fd697b2798f0babe379b	539	NCBIfam	NF007739	nickel ABC transporter ATP-binding protein NikE	24	256	4.4E-51	T	07-05-2025	-	-	-	-
HFDHAJOI_04775	ac036b1be6b8fd697b2798f0babe379b	539	SMART	SM00382	AAA_5	36	234	9.9E-16	T	07-05-2025	IPR003593	AAA+ ATPase domain	-	-
HFDHAJOI_04775	ac036b1be6b8fd697b2798f0babe379b	539	SMART	SM00382	AAA_5	311	503	4.9E-16	T	07-05-2025	IPR003593	AAA+ ATPase domain	-	-
HFDHAJOI_04775	ac036b1be6b8fd697b2798f0babe379b	539	NCBIfam	NF008453	dipeptide ABC transporter ATP-binding protein	271	532	9.5E-81	T	07-05-2025	-	-	-	-
HFDHAJOI_04775	ac036b1be6b8fd697b2798f0babe379b	539	NCBIfam	NF008453	dipeptide ABC transporter ATP-binding protein	25	262	2.3E-61	T	07-05-2025	-	-	-	-
HFDHAJOI_04775	ac036b1be6b8fd697b2798f0babe379b	539	CDD	cd03257	ABC_NikE_OppD_transporters	275	508	8.61533E-109	T	07-05-2025	-	-	-	-
HFDHAJOI_04775	ac036b1be6b8fd697b2798f0babe379b	539	ProSiteProfiles	PS50893	ATP-binding cassette, ABC transporter-type domain profile.	10	257	23.896326	T	07-05-2025	IPR003439	ABC transporter-like, ATP-binding domain	GO:0005524(InterPro)|GO:0016887(InterPro)	-
HFDHAJOI_04775	ac036b1be6b8fd697b2798f0babe379b	539	SUPERFAMILY	SSF52540	P-loop containing nucleoside triphosphate hydrolases	276	525	1.74E-66	T	07-05-2025	IPR027417	P-loop containing nucleoside triphosphate hydrolase	-	-
HFDHAJOI_04775	ac036b1be6b8fd697b2798f0babe379b	539	SUPERFAMILY	SSF52540	P-loop containing nucleoside triphosphate hydrolases	10	256	6.88E-67	T	07-05-2025	IPR027417	P-loop containing nucleoside triphosphate hydrolase	-	-
HFDHAJOI_04775	ac036b1be6b8fd697b2798f0babe379b	539	Pfam	PF08352	Oligopeptide/dipeptide transporter, C-terminal region	505	534	75.0	T	07-05-2025	IPR013563	Oligopeptide/dipeptide ABC transporter, C-terminal	GO:0000166(InterPro)|GO:0005524(InterPro)|GO:0015833(InterPro)	-
HFDHAJOI_04775	ac036b1be6b8fd697b2798f0babe379b	539	Pfam	PF08352	Oligopeptide/dipeptide transporter, C-terminal region	236	262	0.92	T	07-05-2025	IPR013563	Oligopeptide/dipeptide ABC transporter, C-terminal	GO:0000166(InterPro)|GO:0005524(InterPro)|GO:0015833(InterPro)	-
HFDHAJOI_04775	ac036b1be6b8fd697b2798f0babe379b	539	ProSitePatterns	PS00211	ABC transporters family signature.	426	440	-	T	07-05-2025	IPR017871	ABC transporter-like, conserved site	GO:0005524(InterPro)|GO:0016887(InterPro)	-
HFDHAJOI_04775	ac036b1be6b8fd697b2798f0babe379b	539	Pfam	PF00005	ABC transporter	303	454	1.2E-27	T	07-05-2025	IPR003439	ABC transporter-like, ATP-binding domain	GO:0005524(InterPro)|GO:0016887(InterPro)	-
HFDHAJOI_04775	ac036b1be6b8fd697b2798f0babe379b	539	ProSiteProfiles	PS50893	ATP-binding cassette, ABC transporter-type domain profile.	287	526	24.2498	T	07-05-2025	IPR003439	ABC transporter-like, ATP-binding domain	GO:0005524(InterPro)|GO:0016887(InterPro)	-
HFDHAJOI_04775	ac036b1be6b8fd697b2798f0babe379b	539	FunFam	G3DSA:3.40.50.300:FF:000016	Oligopeptide ABC transporter ATP-binding component	6	271	2.7E-108	T	07-05-2025	-	-	-	-
HFDHAJOI_04865	4d51add4ebc99adc10cfdebb510a9db6	68	Gene3D	G3DSA:1.10.8.1050	-	11	68	4.8E-7	T	07-05-2025	IPR043038	Antitoxin VbhA domain superfamily	-	-
HFDHAJOI_04865	4d51add4ebc99adc10cfdebb510a9db6	68	MobiDBLite	mobidb-lite	consensus disorder prediction	1	21	-	T	07-05-2025	-	-	-	-
HFDHAJOI_04865	4d51add4ebc99adc10cfdebb510a9db6	68	CDD	cd11586	VbhA_like	12	65	3.47234E-9	T	07-05-2025	IPR033788	Antitoxin VbhA-like	GO:1900723(InterPro)	-
HFDHAJOI_04865	4d51add4ebc99adc10cfdebb510a9db6	68	Pfam	PF18495	Antitoxin VbhA	18	64	4.4E-15	T	07-05-2025	IPR041535	Antitoxin VbhA	-	-
HFDHAJOI_04865	4d51add4ebc99adc10cfdebb510a9db6	68	MobiDBLite	mobidb-lite	consensus disorder prediction	1	12	-	T	07-05-2025	-	-	-	-
HFDHAJOI_04736	fdb71e9fc0eaca4060a3b7bd480c1b61	247	Pfam	PF13276	HTH-like domain	5	52	1.2E-10	T	07-05-2025	IPR025948	HTH-like domain	-	-
HFDHAJOI_04736	fdb71e9fc0eaca4060a3b7bd480c1b61	247	NCBIfam	NF033516	IS3 family transposase	3	222	2.9E-61	T	07-05-2025	IPR048020	IS3 transposase	-	-
HFDHAJOI_04736	fdb71e9fc0eaca4060a3b7bd480c1b61	247	SUPERFAMILY	SSF53098	Ribonuclease H-like	66	223	1.77E-40	T	07-05-2025	IPR012337	Ribonuclease H-like superfamily	-	-
HFDHAJOI_04736	fdb71e9fc0eaca4060a3b7bd480c1b61	247	Gene3D	G3DSA:3.30.420.10	-	65	225	2.9E-28	T	07-05-2025	IPR036397	Ribonuclease H superfamily	GO:0003676(InterPro)	-
HFDHAJOI_04736	fdb71e9fc0eaca4060a3b7bd480c1b61	247	MobiDBLite	mobidb-lite	consensus disorder prediction	222	247	-	T	07-05-2025	-	-	-	-
HFDHAJOI_04736	fdb71e9fc0eaca4060a3b7bd480c1b61	247	ProSiteProfiles	PS50994	Integrase catalytic domain profile.	68	228	24.374893	T	07-05-2025	IPR001584	Integrase, catalytic core	GO:0015074(InterPro)	-
HFDHAJOI_04736	fdb71e9fc0eaca4060a3b7bd480c1b61	247	Pfam	PF13683	Integrase core domain	156	221	2.3E-24	T	07-05-2025	IPR001584	Integrase, catalytic core	GO:0015074(InterPro)	-
HFDHAJOI_04736	fdb71e9fc0eaca4060a3b7bd480c1b61	247	PANTHER	PTHR47515	LOW CALCIUM RESPONSE LOCUS PROTEIN T	2	230	1.9E-71	T	07-05-2025	-	-	-	-
HFDHAJOI_04853	6006d778ab5a59a5dc53e55b7333d94f	504	NCBIfam	NF047336	RcgA family putative transporter	1	504	9.8E-233	T	07-05-2025	-	-	-	-
HFDHAJOI_04841	ed13c3235829ad412c5c4478d32f1fac	367	Gene3D	G3DSA:3.40.50.410	von Willebrand factor, type A domain	79	328	4.6E-7	T	07-05-2025	IPR036465	von Willebrand factor A-like domain superfamily	-	-
HFDHAJOI_04841	ed13c3235829ad412c5c4478d32f1fac	367	SUPERFAMILY	SSF53300	vWA-like	81	303	4.93E-5	T	07-05-2025	IPR036465	von Willebrand factor A-like domain superfamily	-	-
HFDHAJOI_04773	6384207b465cae3c386c4cc2b12ff3aa	77	ProSiteProfiles	PS50994	Integrase catalytic domain profile.	1	77	11.938624	T	07-05-2025	IPR001584	Integrase, catalytic core	GO:0015074(InterPro)	-
HFDHAJOI_04773	6384207b465cae3c386c4cc2b12ff3aa	77	Pfam	PF13683	Integrase core domain	20	77	8.9E-17	T	07-05-2025	IPR001584	Integrase, catalytic core	GO:0015074(InterPro)	-
HFDHAJOI_04773	6384207b465cae3c386c4cc2b12ff3aa	77	Gene3D	G3DSA:3.30.420.10	-	1	77	1.3E-11	T	07-05-2025	IPR036397	Ribonuclease H superfamily	GO:0003676(InterPro)	-
HFDHAJOI_04773	6384207b465cae3c386c4cc2b12ff3aa	77	SUPERFAMILY	SSF53098	Ribonuclease H-like	1	77	1.52E-17	T	07-05-2025	IPR012337	Ribonuclease H-like superfamily	-	-
HFDHAJOI_04773	6384207b465cae3c386c4cc2b12ff3aa	77	PANTHER	PTHR47515	LOW CALCIUM RESPONSE LOCUS PROTEIN T	1	77	1.0E-27	T	07-05-2025	-	-	-	-
HFDHAJOI_04710	f39cd3f9774981155feaf1d6417aebad	711	ProSitePatterns	PS01156	TonB-dependent receptor (TBDR) proteins signature 2.	694	711	-	T	07-05-2025	IPR010917	TonB-dependent receptor, conserved site	-	-
HFDHAJOI_04710	f39cd3f9774981155feaf1d6417aebad	711	Pfam	PF07715	TonB-dependent Receptor Plug Domain	71	167	7.9E-14	T	07-05-2025	IPR012910	TonB-dependent receptor, plug domain	-	-
HFDHAJOI_04710	f39cd3f9774981155feaf1d6417aebad	711	Pfam	PF00593	TonB dependent receptor-like, beta-barrel	245	679	9.2E-48	T	07-05-2025	IPR000531	TonB-dependent receptor-like, beta-barrel	-	-
HFDHAJOI_04710	f39cd3f9774981155feaf1d6417aebad	711	Gene3D	G3DSA:2.40.170.20	-	183	711	9.1E-107	T	07-05-2025	IPR036942	TonB-dependent receptor-like, beta-barrel domain superfamily	-	-
HFDHAJOI_04710	f39cd3f9774981155feaf1d6417aebad	711	NCBIfam	TIGR01783	TonB-dependent siderophore receptor	73	711	5.1E-104	T	07-05-2025	IPR010105	TonB-dependent siderophore receptor	GO:0009279(InterPro)|GO:0015343(InterPro)|GO:0015891(InterPro)|GO:0038023(InterPro)	-
HFDHAJOI_04710	f39cd3f9774981155feaf1d6417aebad	711	PANTHER	PTHR32552	FERRICHROME IRON RECEPTOR-RELATED	49	711	2.0E-128	T	07-05-2025	IPR039426	TonB-dependent receptor-like	GO:0009279(PANTHER)|GO:0015344(PANTHER)	-
HFDHAJOI_04710	f39cd3f9774981155feaf1d6417aebad	711	CDD	cd01347	ligand_gated_channel	77	711	2.01655E-78	T	07-05-2025	-	-	-	-
HFDHAJOI_04710	f39cd3f9774981155feaf1d6417aebad	711	SUPERFAMILY	SSF56935	Porins	23	711	2.75E-123	T	07-05-2025	-	-	-	-
HFDHAJOI_04710	f39cd3f9774981155feaf1d6417aebad	711	Gene3D	G3DSA:2.170.130.10	-	54	182	1.8E-25	T	07-05-2025	IPR037066	TonB-dependent receptor, plug domain superfamily	-	-
HFDHAJOI_04710	f39cd3f9774981155feaf1d6417aebad	711	ProSiteProfiles	PS52016	TonB-dependent receptor (TBDR) proteins profile.	70	711	36.418449	T	07-05-2025	IPR039426	TonB-dependent receptor-like	-	-
HFDHAJOI_04760	fb7c6a6bac0717c53be02494cbbd1b47	468	Pfam	PF09992	Phosphodiester glycosidase	256	429	8.3E-11	T	07-05-2025	IPR018711	Phosphodiester glycosidase	-	-
HFDHAJOI_04843	10b3de17c7cb68e25861682657c4b70a	275	Pfam	PF13683	Integrase core domain	202	267	2.6E-18	T	07-05-2025	IPR001584	Integrase, catalytic core	GO:0015074(InterPro)	-
HFDHAJOI_04843	10b3de17c7cb68e25861682657c4b70a	275	ProSiteProfiles	PS51257	Prokaryotic membrane lipoprotein lipid attachment site profile.	1	26	7.0	T	07-05-2025	-	-	-	-
HFDHAJOI_04843	10b3de17c7cb68e25861682657c4b70a	275	ProSiteProfiles	PS50994	Integrase catalytic domain profile.	114	275	27.118896	T	07-05-2025	IPR001584	Integrase, catalytic core	GO:0015074(InterPro)	-
HFDHAJOI_04843	10b3de17c7cb68e25861682657c4b70a	275	PANTHER	PTHR47515	LOW CALCIUM RESPONSE LOCUS PROTEIN T	3	269	2.8E-90	T	07-05-2025	-	-	-	-
HFDHAJOI_04843	10b3de17c7cb68e25861682657c4b70a	275	SUPERFAMILY	SSF53098	Ribonuclease H-like	112	269	9.99E-41	T	07-05-2025	IPR012337	Ribonuclease H-like superfamily	-	-
HFDHAJOI_04843	10b3de17c7cb68e25861682657c4b70a	275	Gene3D	G3DSA:3.30.420.10	-	114	272	5.3E-30	T	07-05-2025	IPR036397	Ribonuclease H superfamily	GO:0003676(InterPro)	-
HFDHAJOI_04843	10b3de17c7cb68e25861682657c4b70a	275	NCBIfam	NF033516	IS3 family transposase	16	269	1.3E-61	T	07-05-2025	IPR048020	IS3 transposase	-	-
HFDHAJOI_04727	10b3de17c7cb68e25861682657c4b70a	275	Pfam	PF13683	Integrase core domain	202	267	2.6E-18	T	07-05-2025	IPR001584	Integrase, catalytic core	GO:0015074(InterPro)	-
HFDHAJOI_04727	10b3de17c7cb68e25861682657c4b70a	275	ProSiteProfiles	PS51257	Prokaryotic membrane lipoprotein lipid attachment site profile.	1	26	7.0	T	07-05-2025	-	-	-	-
HFDHAJOI_04727	10b3de17c7cb68e25861682657c4b70a	275	ProSiteProfiles	PS50994	Integrase catalytic domain profile.	114	275	27.118896	T	07-05-2025	IPR001584	Integrase, catalytic core	GO:0015074(InterPro)	-
HFDHAJOI_04727	10b3de17c7cb68e25861682657c4b70a	275	PANTHER	PTHR47515	LOW CALCIUM RESPONSE LOCUS PROTEIN T	3	269	2.8E-90	T	07-05-2025	-	-	-	-
HFDHAJOI_04727	10b3de17c7cb68e25861682657c4b70a	275	SUPERFAMILY	SSF53098	Ribonuclease H-like	112	269	9.99E-41	T	07-05-2025	IPR012337	Ribonuclease H-like superfamily	-	-
HFDHAJOI_04727	10b3de17c7cb68e25861682657c4b70a	275	Gene3D	G3DSA:3.30.420.10	-	114	272	5.3E-30	T	07-05-2025	IPR036397	Ribonuclease H superfamily	GO:0003676(InterPro)	-
HFDHAJOI_04727	10b3de17c7cb68e25861682657c4b70a	275	NCBIfam	NF033516	IS3 family transposase	16	269	1.3E-61	T	07-05-2025	IPR048020	IS3 transposase	-	-
HFDHAJOI_04767	3f8846c39b691f9fc396c59bf8f3f1a1	451	NCBIfam	NF033550	ISL3 family transposase	2	448	1.7E-78	T	07-05-2025	IPR047951	Transposase ISL3	-	-
HFDHAJOI_04767	3f8846c39b691f9fc396c59bf8f3f1a1	451	Pfam	PF01610	Transposase	91	187	3.2E-12	T	07-05-2025	IPR002560	Transposase IS204/IS1001/IS1096/IS1165, DDE domain	-	-
HFDHAJOI_04767	3f8846c39b691f9fc396c59bf8f3f1a1	451	Pfam	PF01610	Transposase	308	446	0.15	T	07-05-2025	IPR002560	Transposase IS204/IS1001/IS1096/IS1165, DDE domain	-	-
HFDHAJOI_04767	3f8846c39b691f9fc396c59bf8f3f1a1	451	PANTHER	PTHR33498	TRANSPOSASE FOR INSERTION SEQUENCE ELEMENT IS1557	2	448	3.5E-52	T	07-05-2025	IPR047951	Transposase ISL3	-	-
HFDHAJOI_04756	3f8846c39b691f9fc396c59bf8f3f1a1	451	NCBIfam	NF033550	ISL3 family transposase	2	448	1.7E-78	T	07-05-2025	IPR047951	Transposase ISL3	-	-
HFDHAJOI_04756	3f8846c39b691f9fc396c59bf8f3f1a1	451	Pfam	PF01610	Transposase	91	187	3.2E-12	T	07-05-2025	IPR002560	Transposase IS204/IS1001/IS1096/IS1165, DDE domain	-	-
HFDHAJOI_04756	3f8846c39b691f9fc396c59bf8f3f1a1	451	Pfam	PF01610	Transposase	308	446	0.15	T	07-05-2025	IPR002560	Transposase IS204/IS1001/IS1096/IS1165, DDE domain	-	-
HFDHAJOI_04756	3f8846c39b691f9fc396c59bf8f3f1a1	451	PANTHER	PTHR33498	TRANSPOSASE FOR INSERTION SEQUENCE ELEMENT IS1557	2	448	3.5E-52	T	07-05-2025	IPR047951	Transposase ISL3	-	-
HFDHAJOI_04790	32d9e93e06a14d5520e153fe4af50869	117	PANTHER	PTHR36455	-	1	112	2.2E-41	T	07-05-2025	IPR008878	Transposase IS66, Orf2	-	-
HFDHAJOI_04790	32d9e93e06a14d5520e153fe4af50869	117	Pfam	PF05717	IS66 Orf2 like protein	9	106	7.4E-34	T	07-05-2025	IPR008878	Transposase IS66, Orf2	-	-
HFDHAJOI_04790	32d9e93e06a14d5520e153fe4af50869	117	NCBIfam	NF033819	IS66 family insertion sequence element accessory protein TnpB	11	99	1.7E-30	T	07-05-2025	IPR008878	Transposase IS66, Orf2	-	-
HFDHAJOI_04729	67c0ab18b019aa247fe3968f06365108	260	ProSiteProfiles	PS51471	Fe(2+) 2-oxoglutarate dioxygenase domain profile.	112	252	7.935871	T	07-05-2025	IPR005123	Oxoglutarate/iron-dependent dioxygenase domain	-	-
HFDHAJOI_04729	67c0ab18b019aa247fe3968f06365108	260	SUPERFAMILY	SSF51197	Clavaminate synthase-like	140	243	1.3E-5	T	07-05-2025	-	-	-	-
HFDHAJOI_04729	67c0ab18b019aa247fe3968f06365108	260	Pfam	PF22814	Carrier-protein-independent halogenase WelO5	131	260	4.4E-6	T	07-05-2025	IPR055091	Carrier-protein-independent halogenase WelO5-like	-	-
HFDHAJOI_04729	67c0ab18b019aa247fe3968f06365108	260	Gene3D	G3DSA:2.60.120.620	q2cbj1_9rhob like domain	66	257	6.8E-16	T	07-05-2025	-	-	-	-
HFDHAJOI_04720	2beacd2c6caf15c443313d3bb783fa0c	387	MobiDBLite	mobidb-lite	consensus disorder prediction	365	387	-	T	07-05-2025	-	-	-	-
HFDHAJOI_04720	2beacd2c6caf15c443313d3bb783fa0c	387	MobiDBLite	mobidb-lite	consensus disorder prediction	365	377	-	T	07-05-2025	-	-	-	-
HFDHAJOI_04720	2beacd2c6caf15c443313d3bb783fa0c	387	Gene3D	G3DSA:1.10.443.10	Intergrase catalytic core	183	376	1.0E-39	T	07-05-2025	IPR013762	Integrase-like, catalytic domain superfamily	GO:0003677(InterPro)|GO:0006310(InterPro)|GO:0015074(InterPro)	-
HFDHAJOI_04720	2beacd2c6caf15c443313d3bb783fa0c	387	Pfam	PF00589	Phage integrase family	188	376	2.9E-11	T	07-05-2025	IPR002104	Integrase, catalytic domain	GO:0003677(InterPro)|GO:0006310(InterPro)|GO:0015074(InterPro)	-
HFDHAJOI_04720	2beacd2c6caf15c443313d3bb783fa0c	387	ProSiteProfiles	PS51898	Tyrosine recombinase domain profile.	183	387	21.461267	T	07-05-2025	IPR002104	Integrase, catalytic domain	GO:0003677(InterPro)|GO:0006310(InterPro)|GO:0015074(InterPro)	-
HFDHAJOI_04720	2beacd2c6caf15c443313d3bb783fa0c	387	CDD	cd00799	INT_Cre_C	193	386	2.08438E-53	T	07-05-2025	-	-	-	-
HFDHAJOI_04720	2beacd2c6caf15c443313d3bb783fa0c	387	SUPERFAMILY	SSF56349	DNA breaking-rejoining enzymes	181	386	1.24E-39	T	07-05-2025	IPR011010	DNA breaking-rejoining enzyme, catalytic core	GO:0003677(InterPro)	-
HFDHAJOI_04720	2beacd2c6caf15c443313d3bb783fa0c	387	Gene3D	G3DSA:1.10.150.130	-	46	181	2.2E-7	T	07-05-2025	IPR010998	Integrase/recombinase, N-terminal	-	-
HFDHAJOI_04720	2beacd2c6caf15c443313d3bb783fa0c	387	PANTHER	PTHR30349	PHAGE INTEGRASE-RELATED	116	373	1.4E-14	T	07-05-2025	IPR050090	Bacterial tyrosine recombinase XerC/XerD complex	-	-
HFDHAJOI_04852	88513132271a7ee754f4b842b8280dcf	118	MobiDBLite	mobidb-lite	consensus disorder prediction	1	20	-	T	07-05-2025	-	-	-	-
HFDHAJOI_04852	88513132271a7ee754f4b842b8280dcf	118	MobiDBLite	mobidb-lite	consensus disorder prediction	1	11	-	T	07-05-2025	-	-	-	-
HFDHAJOI_04825	4df3c153ed69a50f69ac65695a20752d	161	Coils	Coil	Coil	59	86	-	T	07-05-2025	-	-	-	-
HFDHAJOI_04825	4df3c153ed69a50f69ac65695a20752d	161	Coils	Coil	Coil	12	32	-	T	07-05-2025	-	-	-	-
HFDHAJOI_04825	4df3c153ed69a50f69ac65695a20752d	161	Pfam	PF13007	Transposase C of IS166 homeodomain	43	115	7.5E-6	T	07-05-2025	IPR024463	Transposase TnpC, homeodomain	-	-
HFDHAJOI_04779	c1ffdec491a1d322d0b7145a580ca9ce	295	Gene3D	G3DSA:1.10.10.10	-	1	89	1.9E-19	T	07-05-2025	IPR036388	Winged helix-like DNA-binding domain superfamily	-	-
HFDHAJOI_04779	c1ffdec491a1d322d0b7145a580ca9ce	295	CDD	cd08415	PBP2_LysR_opines_like	92	286	5.47699E-58	T	07-05-2025	IPR037424	Regulatory protein NocR, PBP2 domain	GO:0006355(InterPro)	-
HFDHAJOI_04779	c1ffdec491a1d322d0b7145a580ca9ce	295	PANTHER	PTHR30427	TRANSCRIPTIONAL ACTIVATOR PROTEIN LYSR	1	292	2.6E-82	T	07-05-2025	-	-	GO:0010628(PANTHER)|GO:0043565(PANTHER)	-
HFDHAJOI_04779	c1ffdec491a1d322d0b7145a580ca9ce	295	PRINTS	PR00039	LysR bacterial regulatory protein HTH signature	29	39	3.6E-7	T	07-05-2025	IPR000847	LysR, HTH, N-terminal domain	GO:0003700(InterPro)|GO:0006355(InterPro)	-
HFDHAJOI_04779	c1ffdec491a1d322d0b7145a580ca9ce	295	PRINTS	PR00039	LysR bacterial regulatory protein HTH signature	39	50	3.6E-7	T	07-05-2025	IPR000847	LysR, HTH, N-terminal domain	GO:0003700(InterPro)|GO:0006355(InterPro)	-
HFDHAJOI_04779	c1ffdec491a1d322d0b7145a580ca9ce	295	PRINTS	PR00039	LysR bacterial regulatory protein HTH signature	18	29	3.6E-7	T	07-05-2025	IPR000847	LysR, HTH, N-terminal domain	GO:0003700(InterPro)|GO:0006355(InterPro)	-
HFDHAJOI_04779	c1ffdec491a1d322d0b7145a580ca9ce	295	Pfam	PF00126	Bacterial regulatory helix-turn-helix protein, lysR family	4	60	9.7E-15	T	07-05-2025	IPR000847	LysR, HTH, N-terminal domain	GO:0003700(InterPro)|GO:0006355(InterPro)	-
HFDHAJOI_04779	c1ffdec491a1d322d0b7145a580ca9ce	295	SUPERFAMILY	SSF53850	Periplasmic binding protein-like II	91	293	2.02E-36	T	07-05-2025	-	-	-	-
HFDHAJOI_04779	c1ffdec491a1d322d0b7145a580ca9ce	295	SUPERFAMILY	SSF46785	"Winged helix" DNA-binding domain	1	109	2.29E-18	T	07-05-2025	IPR036390	Winged helix DNA-binding domain superfamily	-	-
HFDHAJOI_04779	c1ffdec491a1d322d0b7145a580ca9ce	295	ProSiteProfiles	PS50931	LysR-type HTH domain profile.	1	58	29.27899	T	07-05-2025	IPR000847	LysR, HTH, N-terminal domain	GO:0003700(InterPro)|GO:0006355(InterPro)	-
HFDHAJOI_04779	c1ffdec491a1d322d0b7145a580ca9ce	295	Pfam	PF03466	LysR substrate binding domain	88	291	1.1E-34	T	07-05-2025	IPR005119	LysR, substrate-binding	-	-
HFDHAJOI_04779	c1ffdec491a1d322d0b7145a580ca9ce	295	Gene3D	G3DSA:3.40.190.290	-	92	293	3.1E-32	T	07-05-2025	-	-	-	-
HFDHAJOI_04827	e9ac660b4798dcbf2e3577617dac5774	591	MobiDBLite	mobidb-lite	consensus disorder prediction	1	34	-	T	07-05-2025	-	-	-	-
HFDHAJOI_04827	e9ac660b4798dcbf2e3577617dac5774	591	MobiDBLite	mobidb-lite	consensus disorder prediction	563	591	-	T	07-05-2025	-	-	-	-
HFDHAJOI_04827	e9ac660b4798dcbf2e3577617dac5774	591	MobiDBLite	mobidb-lite	consensus disorder prediction	579	591	-	T	07-05-2025	-	-	-	-
HFDHAJOI_04712	144df823c20ebd9d3dbda094cabbd9af	580	MobiDBLite	mobidb-lite	consensus disorder prediction	546	557	-	T	07-05-2025	-	-	-	-
HFDHAJOI_04712	144df823c20ebd9d3dbda094cabbd9af	580	MobiDBLite	mobidb-lite	consensus disorder prediction	528	559	-	T	07-05-2025	-	-	-	-
HFDHAJOI_04712	144df823c20ebd9d3dbda094cabbd9af	580	Pfam	PF00939	Sodium:sulfate symporter transmembrane region	31	478	2.5E-20	T	07-05-2025	IPR001898	Solute carrier family 13	GO:0016020(InterPro)|GO:0022857(InterPro)|GO:0055085(InterPro)	-
HFDHAJOI_04712	144df823c20ebd9d3dbda094cabbd9af	580	PANTHER	PTHR10283	SOLUTE CARRIER FAMILY 13 MEMBER	35	471	6.4E-19	T	07-05-2025	-	-	GO:0005886(PANTHER)|GO:0022857(PANTHER)|GO:0055085(PANTHER)	-
HFDHAJOI_04731	dab8ec5ada58eaa745903cea8c788855	316	Gene3D	G3DSA:3.30.1330.230	-	113	205	3.6E-5	T	07-05-2025	-	-	-	-
HFDHAJOI_04731	dab8ec5ada58eaa745903cea8c788855	316	Pfam	PF02624	YcaO cyclodehydratase, ATP-ad Mg2+-binding	123	202	0.0083	T	07-05-2025	IPR003776	YcaO-like domain	-	-
HFDHAJOI_04858	20c2236783f93e2087bdc62bda734ad2	636	Coils	Coil	Coil	259	290	-	T	07-05-2025	-	-	-	-
HFDHAJOI_04858	20c2236783f93e2087bdc62bda734ad2	636	CDD	cd11386	MCP_signal	367	566	1.81809E-52	T	07-05-2025	-	-	-	-
HFDHAJOI_04858	20c2236783f93e2087bdc62bda734ad2	636	FunFam	G3DSA:1.10.287.950:FF:000001	Methyl-accepting chemotaxis sensory transducer	289	588	1.5E-76	T	07-05-2025	-	-	-	-
HFDHAJOI_04858	20c2236783f93e2087bdc62bda734ad2	636	Gene3D	G3DSA:1.10.287.950	-	288	589	2.8E-73	T	07-05-2025	-	-	-	-
HFDHAJOI_04858	20c2236783f93e2087bdc62bda734ad2	636	Coils	Coil	Coil	320	340	-	T	07-05-2025	-	-	-	-
HFDHAJOI_04858	20c2236783f93e2087bdc62bda734ad2	636	SUPERFAMILY	SSF158472	HAMP domain-like	206	256	2.22E-9	T	07-05-2025	-	-	-	-
HFDHAJOI_04858	20c2236783f93e2087bdc62bda734ad2	636	Pfam	PF00015	Methyl-accepting chemotaxis protein (MCP) signalling domain	400	553	9.0E-46	T	07-05-2025	IPR004089	Methyl-accepting chemotaxis protein (MCP) signalling domain	GO:0007165(InterPro)|GO:0016020(InterPro)	-
HFDHAJOI_04858	20c2236783f93e2087bdc62bda734ad2	636	MobiDBLite	mobidb-lite	consensus disorder prediction	383	412	-	T	07-05-2025	-	-	-	-
HFDHAJOI_04858	20c2236783f93e2087bdc62bda734ad2	636	Coils	Coil	Coil	363	383	-	T	07-05-2025	-	-	-	-
HFDHAJOI_04858	20c2236783f93e2087bdc62bda734ad2	636	ProSiteProfiles	PS50885	HAMP domain profile.	287	339	8.022489	T	07-05-2025	IPR003660	HAMP domain	GO:0007165(InterPro)|GO:0016020(InterPro)	-
HFDHAJOI_04858	20c2236783f93e2087bdc62bda734ad2	636	PANTHER	PTHR43531	PROTEIN ICFG	293	634	2.2E-109	T	07-05-2025	IPR051310	Methyl-accepting chemotaxis	-	-
HFDHAJOI_04858	20c2236783f93e2087bdc62bda734ad2	636	SMART	SM00283	MA_2	340	587	3.0E-98	T	07-05-2025	IPR004089	Methyl-accepting chemotaxis protein (MCP) signalling domain	GO:0007165(InterPro)|GO:0016020(InterPro)	-
HFDHAJOI_04858	20c2236783f93e2087bdc62bda734ad2	636	ProSiteProfiles	PS50885	HAMP domain profile.	206	259	9.901134	T	07-05-2025	IPR003660	HAMP domain	GO:0007165(InterPro)|GO:0016020(InterPro)	-
HFDHAJOI_04858	20c2236783f93e2087bdc62bda734ad2	636	Pfam	PF00672	HAMP domain	205	255	6.9E-5	T	07-05-2025	IPR003660	HAMP domain	GO:0007165(InterPro)|GO:0016020(InterPro)	-
HFDHAJOI_04858	20c2236783f93e2087bdc62bda734ad2	636	SUPERFAMILY	SSF58104	Methyl-accepting chemotaxis protein (MCP) signaling domain	308	588	5.23E-66	T	07-05-2025	-	-	-	-
HFDHAJOI_04858	20c2236783f93e2087bdc62bda734ad2	636	ProSiteProfiles	PS50111	Bacterial chemotaxis sensory transducers domain profile.	344	573	50.411114	T	07-05-2025	IPR004089	Methyl-accepting chemotaxis protein (MCP) signalling domain	GO:0007165(InterPro)|GO:0016020(InterPro)	-
HFDHAJOI_04858	20c2236783f93e2087bdc62bda734ad2	636	SMART	SM00304	HAMP_11	287	339	53.0	T	07-05-2025	IPR003660	HAMP domain	GO:0007165(InterPro)|GO:0016020(InterPro)	-
HFDHAJOI_04858	20c2236783f93e2087bdc62bda734ad2	636	SMART	SM00304	HAMP_11	206	259	1.6E-9	T	07-05-2025	IPR003660	HAMP domain	GO:0007165(InterPro)|GO:0016020(InterPro)	-
HFDHAJOI_04858	20c2236783f93e2087bdc62bda734ad2	636	Gene3D	G3DSA:6.10.340.10	-	169	263	8.0E-15	T	07-05-2025	-	-	-	-
HFDHAJOI_04858	20c2236783f93e2087bdc62bda734ad2	636	Pfam	PF12729	Four helix bundle sensory module for signal transduction	1	177	3.5E-11	T	07-05-2025	IPR024478	Chemotaxis methyl-accepting receptor HlyB-like, 4HB MCP domain	-	-
HFDHAJOI_04858	20c2236783f93e2087bdc62bda734ad2	636	CDD	cd06225	HAMP	209	253	5.74666E-4	T	07-05-2025	-	-	-	-
HFDHAJOI_04698	99493a40399fa03cd197ed498c0807c1	234	SMART	SM00318	SNASE_2	44	183	0.0018	T	07-05-2025	IPR016071	Staphylococcal nuclease (SNase-like), OB-fold	-	-
HFDHAJOI_04698	99493a40399fa03cd197ed498c0807c1	234	Pfam	PF00565	Staphylococcal nuclease homologue	70	181	0.41	T	07-05-2025	IPR016071	Staphylococcal nuclease (SNase-like), OB-fold	-	-
HFDHAJOI_04698	99493a40399fa03cd197ed498c0807c1	234	SUPERFAMILY	SSF50199	Staphylococcal nuclease	52	185	4.84E-21	T	07-05-2025	IPR035437	SNase-like, OB-fold superfamily	-	-
HFDHAJOI_04698	99493a40399fa03cd197ed498c0807c1	234	Gene3D	G3DSA:2.40.50.90	-	51	184	3.1E-18	T	07-05-2025	IPR035437	SNase-like, OB-fold superfamily	-	-
HFDHAJOI_04860	5ad030bfe9bd28a36d6045adf1045ad9	399	Coils	Coil	Coil	83	103	-	T	07-05-2025	-	-	-	-
HFDHAJOI_04860	5ad030bfe9bd28a36d6045adf1045ad9	399	Coils	Coil	Coil	49	76	-	T	07-05-2025	-	-	-	-
HFDHAJOI_04860	5ad030bfe9bd28a36d6045adf1045ad9	399	MobiDBLite	mobidb-lite	consensus disorder prediction	131	154	-	T	07-05-2025	-	-	-	-
HFDHAJOI_04860	5ad030bfe9bd28a36d6045adf1045ad9	399	MobiDBLite	mobidb-lite	consensus disorder prediction	379	388	-	T	07-05-2025	-	-	-	-
HFDHAJOI_04860	5ad030bfe9bd28a36d6045adf1045ad9	399	MobiDBLite	mobidb-lite	consensus disorder prediction	366	399	-	T	07-05-2025	-	-	-	-
HFDHAJOI_04706	8477e0b6e0065d134555991edddc75bd	184	PANTHER	PTHR30461	DNA-INVERTASE FROM LAMBDOID PROPHAGE	1	169	1.9E-30	T	07-05-2025	IPR050639	Site-specific recombinase resolvase	GO:0000150(PANTHER)|GO:0006310(PANTHER)	-
HFDHAJOI_04706	8477e0b6e0065d134555991edddc75bd	184	Gene3D	G3DSA:1.10.10.60	-	140	182	1.6E-12	T	07-05-2025	-	-	-	-
HFDHAJOI_04706	8477e0b6e0065d134555991edddc75bd	184	SUPERFAMILY	SSF53041	Resolvase-like	1	138	2.35E-41	T	07-05-2025	IPR036162	Resolvase-like, N-terminal catalytic domain superfamily	GO:0000150(InterPro)|GO:0003677(InterPro)|GO:0006310(InterPro)	-
HFDHAJOI_04706	8477e0b6e0065d134555991edddc75bd	184	CDD	cd03768	SR_ResInv	3	128	2.86646E-53	T	07-05-2025	-	-	-	-
HFDHAJOI_04706	8477e0b6e0065d134555991edddc75bd	184	SMART	SM00857	resolvase_6	3	138	3.7E-50	T	07-05-2025	IPR006119	Resolvase, N-terminal catalytic domain	GO:0000150(InterPro)|GO:0003677(InterPro)|GO:0006310(InterPro)	-
HFDHAJOI_04706	8477e0b6e0065d134555991edddc75bd	184	Pfam	PF00239	Resolvase, N terminal domain	3	137	2.9E-36	T	07-05-2025	IPR006119	Resolvase, N-terminal catalytic domain	GO:0000150(InterPro)|GO:0003677(InterPro)|GO:0006310(InterPro)	-
HFDHAJOI_04706	8477e0b6e0065d134555991edddc75bd	184	FunFam	G3DSA:3.40.50.1390:FF:000001	DNA recombinase	2	127	7.1E-46	T	07-05-2025	-	-	-	-
HFDHAJOI_04706	8477e0b6e0065d134555991edddc75bd	184	SUPERFAMILY	SSF46689	Homeodomain-like	140	180	6.72E-9	T	07-05-2025	IPR009057	Homedomain-like superfamily	-	-
HFDHAJOI_04706	8477e0b6e0065d134555991edddc75bd	184	ProSitePatterns	PS00398	Site-specific recombinases signature 2.	57	69	-	T	07-05-2025	IPR006118	Recombinase, conserved site	GO:0000150(InterPro)|GO:0006310(InterPro)	-
HFDHAJOI_04706	8477e0b6e0065d134555991edddc75bd	184	Gene3D	G3DSA:3.40.50.1390	-	2	139	5.5E-37	T	07-05-2025	IPR036162	Resolvase-like, N-terminal catalytic domain superfamily	GO:0000150(InterPro)|GO:0003677(InterPro)|GO:0006310(InterPro)	-
HFDHAJOI_04706	8477e0b6e0065d134555991edddc75bd	184	Pfam	PF02796	Helix-turn-helix domain of resolvase	140	179	0.012	T	07-05-2025	IPR006120	Resolvase, HTH domain	GO:0000150(InterPro)|GO:0003677(InterPro)|GO:0006310(InterPro)	-
HFDHAJOI_04706	8477e0b6e0065d134555991edddc75bd	184	ProSitePatterns	PS00397	Site-specific recombinases active site.	6	14	-	T	07-05-2025	IPR006118	Recombinase, conserved site	GO:0000150(InterPro)|GO:0006310(InterPro)	-
HFDHAJOI_04706	8477e0b6e0065d134555991edddc75bd	184	ProSiteProfiles	PS51736	Resolvase/invertase-type recombinase catalytic domain profile.	2	136	44.141819	T	07-05-2025	IPR006119	Resolvase, N-terminal catalytic domain	GO:0000150(InterPro)|GO:0003677(InterPro)|GO:0006310(InterPro)	-
HFDHAJOI_04782	21c02a0271454f51cb9b7991f3f65b07	244	MobiDBLite	mobidb-lite	consensus disorder prediction	95	160	-	T	07-05-2025	-	-	-	-
HFDHAJOI_04782	21c02a0271454f51cb9b7991f3f65b07	244	MobiDBLite	mobidb-lite	consensus disorder prediction	220	229	-	T	07-05-2025	-	-	-	-
HFDHAJOI_04782	21c02a0271454f51cb9b7991f3f65b07	244	MobiDBLite	mobidb-lite	consensus disorder prediction	1	21	-	T	07-05-2025	-	-	-	-
HFDHAJOI_04782	21c02a0271454f51cb9b7991f3f65b07	244	MobiDBLite	mobidb-lite	consensus disorder prediction	196	210	-	T	07-05-2025	-	-	-	-
HFDHAJOI_04782	21c02a0271454f51cb9b7991f3f65b07	244	MobiDBLite	mobidb-lite	consensus disorder prediction	196	244	-	T	07-05-2025	-	-	-	-
HFDHAJOI_04782	21c02a0271454f51cb9b7991f3f65b07	244	MobiDBLite	mobidb-lite	consensus disorder prediction	95	107	-	T	07-05-2025	-	-	-	-
HFDHAJOI_04757	758c9fb175e31d04212eb116cb6e01ce	547	Pfam	PF01895	PhoU domain	445	529	8.9E-4	T	07-05-2025	IPR026022	PhoU domain	-	-
HFDHAJOI_04757	758c9fb175e31d04212eb116cb6e01ce	547	Pfam	PF01895	PhoU domain	342	420	6.4E-9	T	07-05-2025	IPR026022	PhoU domain	-	-
HFDHAJOI_04757	758c9fb175e31d04212eb116cb6e01ce	547	SUPERFAMILY	SSF109755	PhoU-like	328	532	9.73E-36	T	07-05-2025	-	-	-	-
HFDHAJOI_04757	758c9fb175e31d04212eb116cb6e01ce	547	NCBIfam	NF037997	Na/Pi symporter	14	301	6.9E-24	T	07-05-2025	-	-	-	-
HFDHAJOI_04757	758c9fb175e31d04212eb116cb6e01ce	547	Gene3D	G3DSA:1.20.58.220	Phosphate transport system protein phou homolog 2; domain 2	330	533	2.1E-33	T	07-05-2025	IPR038078	PhoU-like domain superfamily	-	-
HFDHAJOI_04757	758c9fb175e31d04212eb116cb6e01ce	547	PANTHER	PTHR10010	SOLUTE CARRIER FAMILY 34  SODIUM PHOSPHATE , MEMBER 2-RELATED	130	377	5.8E-23	T	07-05-2025	IPR003841	Sodium-dependent phosphate transport protein	GO:0005436(InterPro)|GO:0016020(InterPro)|GO:0044341(InterPro)	-
HFDHAJOI_04757	758c9fb175e31d04212eb116cb6e01ce	547	Pfam	PF02690	Na+/Pi-cotransporter	16	150	1.1E-24	T	07-05-2025	IPR003841	Sodium-dependent phosphate transport protein	GO:0005436(InterPro)|GO:0016020(InterPro)|GO:0044341(InterPro)	-
HFDHAJOI_04757	758c9fb175e31d04212eb116cb6e01ce	547	NCBIfam	TIGR01013	sodium-dependent inorganic phosphate transporter	72	521	2.4E-101	T	07-05-2025	IPR003841	Sodium-dependent phosphate transport protein	GO:0005436(InterPro)|GO:0016020(InterPro)|GO:0044341(InterPro)	-
HFDHAJOI_04757	758c9fb175e31d04212eb116cb6e01ce	547	Coils	Coil	Coil	361	388	-	T	07-05-2025	-	-	-	-
HFDHAJOI_04769	1fffb43863aa7ed62de4798ca418b2bd	327	PANTHER	PTHR33055	TRANSPOSASE FOR INSERTION SEQUENCE ELEMENT IS1111A	1	281	1.8E-54	T	07-05-2025	IPR047650	Transposase IS110-like	-	-
HFDHAJOI_04769	1fffb43863aa7ed62de4798ca418b2bd	327	Pfam	PF02371	Transposase IS116/IS110/IS902 family	160	236	1.9E-18	T	07-05-2025	IPR003346	Transposase IS116/IS110/IS902, C-terminal	GO:0003677(InterPro)|GO:0004803(InterPro)|GO:0006313(InterPro)	-
HFDHAJOI_04769	1fffb43863aa7ed62de4798ca418b2bd	327	Pfam	PF01548	Transposase	6	95	2.3E-8	T	07-05-2025	IPR002525	Transposase IS110-like, N-terminal	GO:0003677(InterPro)|GO:0004803(InterPro)|GO:0006313(InterPro)	-
HFDHAJOI_04769	1fffb43863aa7ed62de4798ca418b2bd	327	NCBIfam	NF033542	IS110 family transposase	1	279	9.0E-78	T	07-05-2025	IPR047650	Transposase IS110-like	-	-
HFDHAJOI_04747	d60458c6bf82ea8ac4c0c724366e8afd	754	Coils	Coil	Coil	91	118	-	T	07-05-2025	-	-	-	-
HFDHAJOI_04747	d60458c6bf82ea8ac4c0c724366e8afd	754	Gene3D	G3DSA:3.40.50.300	-	1	200	3.6E-5	T	07-05-2025	IPR027417	P-loop containing nucleoside triphosphate hydrolase	-	-
HFDHAJOI_04747	d60458c6bf82ea8ac4c0c724366e8afd	754	Pfam	PF13166	AAA domain	10	717	3.1E-173	T	07-05-2025	IPR026866	Protein CR006, P-loop domain	-	-
HFDHAJOI_04747	d60458c6bf82ea8ac4c0c724366e8afd	754	PANTHER	PTHR32182	DNA REPLICATION AND REPAIR PROTEIN RECF	2	610	4.9E-13	T	07-05-2025	-	-	GO:0000731(PANTHER)|GO:0006302(PANTHER)	-
HFDHAJOI_04747	d60458c6bf82ea8ac4c0c724366e8afd	754	Coils	Coil	Coil	372	399	-	T	07-05-2025	-	-	-	-
HFDHAJOI_04747	d60458c6bf82ea8ac4c0c724366e8afd	754	Gene3D	G3DSA:3.40.50.300	-	266	588	5.3E-14	T	07-05-2025	IPR027417	P-loop containing nucleoside triphosphate hydrolase	-	-
HFDHAJOI_04747	d60458c6bf82ea8ac4c0c724366e8afd	754	SUPERFAMILY	SSF52540	P-loop containing nucleoside triphosphate hydrolases	1	585	1.01E-15	T	07-05-2025	IPR027417	P-loop containing nucleoside triphosphate hydrolase	-	-
HFDHAJOI_04747	d60458c6bf82ea8ac4c0c724366e8afd	754	Coils	Coil	Coil	433	453	-	T	07-05-2025	-	-	-	-
HFDHAJOI_04762	b5f35b4044f0c5252af812726c2ab617	292	PANTHER	PTHR30193	ABC TRANSPORTER PERMEASE PROTEIN	10	291	2.9E-92	T	07-05-2025	IPR051393	ABC transporter permease component	-	-
HFDHAJOI_04762	b5f35b4044f0c5252af812726c2ab617	292	CDD	cd06261	TM_PBP2	69	278	2.07067E-8	T	07-05-2025	IPR000515	ABC transporter type 1, transmembrane domain MetI-like	GO:0016020(InterPro)|GO:0055085(InterPro)	-
HFDHAJOI_04762	b5f35b4044f0c5252af812726c2ab617	292	ProSiteProfiles	PS50928	ABC transporter integral membrane type-1 domain profile.	73	282	21.012888	T	07-05-2025	IPR000515	ABC transporter type 1, transmembrane domain MetI-like	GO:0016020(InterPro)|GO:0055085(InterPro)	-
HFDHAJOI_04762	b5f35b4044f0c5252af812726c2ab617	292	Pfam	PF00528	Binding-protein-dependent transport system inner membrane component	84	280	5.0E-9	T	07-05-2025	IPR000515	ABC transporter type 1, transmembrane domain MetI-like	GO:0016020(InterPro)|GO:0055085(InterPro)	-
HFDHAJOI_04762	b5f35b4044f0c5252af812726c2ab617	292	SUPERFAMILY	SSF161098	MetI-like	53	279	3.79E-59	T	07-05-2025	IPR035906	MetI-like superfamily	-	-
HFDHAJOI_04762	b5f35b4044f0c5252af812726c2ab617	292	Gene3D	G3DSA:1.10.3720.10	-	49	291	2.0E-72	T	07-05-2025	IPR035906	MetI-like superfamily	-	-
HFDHAJOI_04831	9f818671c9e509244b9812d9b239d089	153	Pfam	PF07328	T-DNA border endonuclease VirD1	21	150	5.0E-32	T	07-05-2025	IPR009933	T-DNA border endonuclease VirD1	GO:0004519(InterPro)	-
HFDHAJOI_04708	721acd61eea54a9cd843c2aebd5d3f54	274	SUPERFAMILY	SSF52317	Class I glutamine amidotransferase-like	54	234	1.93E-45	T	07-05-2025	IPR029062	Class I glutamine amidotransferase-like	-	-
HFDHAJOI_04708	721acd61eea54a9cd843c2aebd5d3f54	274	Gene3D	G3DSA:3.40.50.880	-	30	274	1.1E-74	T	07-05-2025	IPR029062	Class I glutamine amidotransferase-like	-	-
HFDHAJOI_04708	721acd61eea54a9cd843c2aebd5d3f54	274	PANTHER	PTHR43130	ARAC-FAMILY TRANSCRIPTIONAL REGULATOR	53	267	3.3E-52	T	07-05-2025	IPR052158	Isonitrile Hydratase and Quaternary Amine Regulator	GO:0006355(PANTHER)	-
HFDHAJOI_04708	721acd61eea54a9cd843c2aebd5d3f54	274	Pfam	PF01965	DJ-1/PfpI family	54	215	7.9E-23	T	07-05-2025	IPR002818	DJ-1/PfpI	-	-
HFDHAJOI_04708	721acd61eea54a9cd843c2aebd5d3f54	274	CDD	cd03139	GATase1_PfpI_2	54	233	6.76777E-76	T	07-05-2025	-	-	-	-
HFDHAJOI_04709	3ee7b08a1682cdd5bdd52d3d62d97235	194	MobiDBLite	mobidb-lite	consensus disorder prediction	151	194	-	T	07-05-2025	-	-	-	-
HFDHAJOI_04687	260e0f0b94d5ccf1bc3d9c291e3c41cd	270	MobiDBLite	mobidb-lite	consensus disorder prediction	246	270	-	T	07-05-2025	-	-	-	-
HFDHAJOI_04687	260e0f0b94d5ccf1bc3d9c291e3c41cd	270	Pfam	PF03524	Conjugal transfer protein	33	240	1.6E-56	T	07-05-2025	IPR010258	Conjugal transfer, TrbG/VirB9/CagX	-	-
HFDHAJOI_04687	260e0f0b94d5ccf1bc3d9c291e3c41cd	270	Gene3D	G3DSA:2.60.40.2500	-	143	256	6.5E-27	T	07-05-2025	IPR038161	VirB9/CagX/TrbG, C-terminal domain superfamily	-	-
HFDHAJOI_04687	260e0f0b94d5ccf1bc3d9c291e3c41cd	270	NCBIfam	TIGR02781	P-type conjugative transfer protein VirB9	8	240	1.3E-61	T	07-05-2025	IPR014148	P-type conjugative transfer protein VirB9	-	-
HFDHAJOI_04687	260e0f0b94d5ccf1bc3d9c291e3c41cd	270	CDD	cd06911	VirB9_CagX_TrbG	158	240	3.56006E-31	T	07-05-2025	IPR033645	VirB9/CagX/TrbG, C-terminal	-	-
HFDHAJOI_04718	a057ce3b4c84c5aacb0fa68209bfdd28	76	MobiDBLite	mobidb-lite	consensus disorder prediction	63	76	-	T	07-05-2025	-	-	-	-
HFDHAJOI_04718	a057ce3b4c84c5aacb0fa68209bfdd28	76	MobiDBLite	mobidb-lite	consensus disorder prediction	54	76	-	T	07-05-2025	-	-	-	-
HFDHAJOI_04794	c08875681a2b8609f155b4e9e236c6af	518	Pfam	PF01610	Transposase	375	513	0.19	T	07-05-2025	IPR002560	Transposase IS204/IS1001/IS1096/IS1165, DDE domain	-	-
HFDHAJOI_04794	c08875681a2b8609f155b4e9e236c6af	518	Pfam	PF01610	Transposase	158	254	4.2E-12	T	07-05-2025	IPR002560	Transposase IS204/IS1001/IS1096/IS1165, DDE domain	-	-
HFDHAJOI_04794	c08875681a2b8609f155b4e9e236c6af	518	PANTHER	PTHR33498	TRANSPOSASE FOR INSERTION SEQUENCE ELEMENT IS1557	33	515	2.5E-65	T	07-05-2025	IPR047951	Transposase ISL3	-	-
HFDHAJOI_04794	c08875681a2b8609f155b4e9e236c6af	518	NCBIfam	NF033550	ISL3 family transposase	30	515	3.6E-92	T	07-05-2025	IPR047951	Transposase ISL3	-	-
HFDHAJOI_04794	c08875681a2b8609f155b4e9e236c6af	518	Pfam	PF14690	zinc-finger of transposase IS204/IS1001/IS1096/IS1165	39	81	4.6E-9	T	07-05-2025	IPR029261	Transposase IS204/IS1001/IS1096/IS1165, zinc-finger	-	-
HFDHAJOI_04785	c08875681a2b8609f155b4e9e236c6af	518	Pfam	PF01610	Transposase	375	513	0.19	T	07-05-2025	IPR002560	Transposase IS204/IS1001/IS1096/IS1165, DDE domain	-	-
HFDHAJOI_04785	c08875681a2b8609f155b4e9e236c6af	518	Pfam	PF01610	Transposase	158	254	4.2E-12	T	07-05-2025	IPR002560	Transposase IS204/IS1001/IS1096/IS1165, DDE domain	-	-
HFDHAJOI_04785	c08875681a2b8609f155b4e9e236c6af	518	PANTHER	PTHR33498	TRANSPOSASE FOR INSERTION SEQUENCE ELEMENT IS1557	33	515	2.5E-65	T	07-05-2025	IPR047951	Transposase ISL3	-	-
HFDHAJOI_04785	c08875681a2b8609f155b4e9e236c6af	518	NCBIfam	NF033550	ISL3 family transposase	30	515	3.6E-92	T	07-05-2025	IPR047951	Transposase ISL3	-	-
HFDHAJOI_04785	c08875681a2b8609f155b4e9e236c6af	518	Pfam	PF14690	zinc-finger of transposase IS204/IS1001/IS1096/IS1165	39	81	4.6E-9	T	07-05-2025	IPR029261	Transposase IS204/IS1001/IS1096/IS1165, zinc-finger	-	-
HFDHAJOI_04840	77e1e1380c6843d4f1b78eb1c6505458	383	Pfam	PF03428	Replication protein C N-terminal domain	9	178	8.0E-53	T	07-05-2025	IPR005090	Plasmid replication protein C, N-terminal	-	-
HFDHAJOI_04840	77e1e1380c6843d4f1b78eb1c6505458	383	NCBIfam	NF010396	replication protein C domain-containing protein	2	379	1.1E-130	T	07-05-2025	-	-	-	-
HFDHAJOI_04840	77e1e1380c6843d4f1b78eb1c6505458	383	Pfam	PF11800	Replication protein C C-terminal region	279	378	9.5E-32	T	07-05-2025	IPR021760	Plasmid replication protein C, C-terminal	-	-
HFDHAJOI_04840	77e1e1380c6843d4f1b78eb1c6505458	383	NCBIfam	NF040974	plasmid replication protein RepC	2	377	2.9E-115	T	07-05-2025	IPR047611	Plasmid replication protein RepC	-	-
HFDHAJOI_04682	d329c9aff3050b43777c147391fbe77a	727	Coils	Coil	Coil	707	727	-	T	07-05-2025	-	-	-	-
HFDHAJOI_04682	d329c9aff3050b43777c147391fbe77a	727	Pfam	PF03432	MobA/VirD2-like, nuclease domain	198	303	0.0057	T	07-05-2025	IPR005094	MobA/VirD2-like, nuclease domain	-	-
HFDHAJOI_04682	d329c9aff3050b43777c147391fbe77a	727	Coils	Coil	Coil	475	495	-	T	07-05-2025	-	-	-	-
HFDHAJOI_04682	d329c9aff3050b43777c147391fbe77a	727	Coils	Coil	Coil	657	677	-	T	07-05-2025	-	-	-	-
HFDHAJOI_04682	d329c9aff3050b43777c147391fbe77a	727	MobiDBLite	mobidb-lite	consensus disorder prediction	677	696	-	T	07-05-2025	-	-	-	-
HFDHAJOI_04682	d329c9aff3050b43777c147391fbe77a	727	MobiDBLite	mobidb-lite	consensus disorder prediction	640	666	-	T	07-05-2025	-	-	-	-
HFDHAJOI_04682	d329c9aff3050b43777c147391fbe77a	727	MobiDBLite	mobidb-lite	consensus disorder prediction	616	727	-	T	07-05-2025	-	-	-	-
HFDHAJOI_04682	d329c9aff3050b43777c147391fbe77a	727	MobiDBLite	mobidb-lite	consensus disorder prediction	705	727	-	T	07-05-2025	-	-	-	-
HFDHAJOI_04682	d329c9aff3050b43777c147391fbe77a	727	MobiDBLite	mobidb-lite	consensus disorder prediction	616	630	-	T	07-05-2025	-	-	-	-
HFDHAJOI_04682	d329c9aff3050b43777c147391fbe77a	727	MobiDBLite	mobidb-lite	consensus disorder prediction	494	529	-	T	07-05-2025	-	-	-	-
HFDHAJOI_04748	666ad8bd6832d3c7347846a0c2661a73	290	Pfam	PF14022	Protein of unknown function (DUF4238)	8	201	3.0E-11	T	07-05-2025	IPR025332	Protein of unknown function DUF4238	-	-
HFDHAJOI_04721	437a4045bdd95e6a125873c6cea4ede8	92	SUPERFAMILY	SSF143120	YefM-like	4	52	4.71E-11	T	07-05-2025	IPR036165	YefM-like superfamily	-	-
HFDHAJOI_04721	437a4045bdd95e6a125873c6cea4ede8	92	Pfam	PF02604	Antitoxin Phd_YefM, type II toxin-antitoxin system	3	70	1.3E-9	T	07-05-2025	IPR006442	Type II toxin-antitoxin system, antitoxin Phd/YefM	-	-
HFDHAJOI_04721	437a4045bdd95e6a125873c6cea4ede8	92	Gene3D	G3DSA:3.40.1620.10	-	7	50	1.9E-7	T	07-05-2025	-	-	-	-
HFDHAJOI_04721	437a4045bdd95e6a125873c6cea4ede8	92	NCBIfam	TIGR01552	type II toxin-antitoxin system prevent-host-death family antitoxin	5	51	8.7E-4	T	07-05-2025	-	-	-	-
HFDHAJOI_04823	4cd2d3bbb0b2b0c55230bb702923874c	87	PANTHER	PTHR33678	BLL1576 PROTEIN	1	87	3.0E-19	T	07-05-2025	IPR052344	Transposase-related protein	-	-
HFDHAJOI_04823	4cd2d3bbb0b2b0c55230bb702923874c	87	Pfam	PF03050	Transposase IS66 family	1	87	1.1E-17	T	07-05-2025	IPR004291	Transposase IS66, central domain	-	-
HFDHAJOI_04703	f8773e9b7d6b53b8b4a304807a723a21	165	SUPERFAMILY	SSF48498	Tetracyclin repressor-like, C-terminal domain	49	152	2.08E-7	T	07-05-2025	IPR036271	Tetracyclin repressor-like, C-terminal domain superfamily	-	-
HFDHAJOI_04703	f8773e9b7d6b53b8b4a304807a723a21	165	Gene3D	G3DSA:1.10.357.10	Tetracycline Repressor, domain 2	1	159	2.7E-16	T	07-05-2025	-	-	-	-
HFDHAJOI_04834	8c0d118de8cd5169dbf54713c54c8b61	141	Pfam	PF13358	DDE superfamily endonuclease	3	85	1.9E-18	T	07-05-2025	IPR038717	Tc1-like transposase, DDE domain	-	-
HFDHAJOI_04834	8c0d118de8cd5169dbf54713c54c8b61	141	Gene3D	G3DSA:3.30.420.10	-	1	119	6.1E-23	T	07-05-2025	IPR036397	Ribonuclease H superfamily	GO:0003676(InterPro)	-
HFDHAJOI_04834	8c0d118de8cd5169dbf54713c54c8b61	141	PANTHER	PTHR46564	TRANSPOSASE	3	118	4.7E-21	T	07-05-2025	-	-	-	-
HFDHAJOI_04770	02e1c2ba0b1c67634f4f9e3c1b1883da	244	Gene3D	G3DSA:6.10.250.690	-	82	118	1.4E-14	T	07-05-2025	-	-	-	-
HFDHAJOI_04770	02e1c2ba0b1c67634f4f9e3c1b1883da	244	ProSiteProfiles	PS51755	OmpR/PhoB-type DNA-binding domain profile.	129	229	28.419073	T	07-05-2025	IPR001867	OmpR/PhoB-type DNA-binding domain	GO:0000160(InterPro)|GO:0003677(InterPro)|GO:0006355(InterPro)	-
HFDHAJOI_04770	02e1c2ba0b1c67634f4f9e3c1b1883da	244	SMART	SM00862	Trans_reg_C_3	151	227	4.7E-20	T	07-05-2025	IPR001867	OmpR/PhoB-type DNA-binding domain	GO:0000160(InterPro)|GO:0003677(InterPro)|GO:0006355(InterPro)	-
HFDHAJOI_04770	02e1c2ba0b1c67634f4f9e3c1b1883da	244	FunFam	G3DSA:1.10.10.10:FF:000099	Two-component system response regulator TorR	119	230	7.1E-30	T	07-05-2025	-	-	-	-
HFDHAJOI_04770	02e1c2ba0b1c67634f4f9e3c1b1883da	244	PANTHER	PTHR48111	REGULATOR OF RPOS	1	234	2.9E-36	T	07-05-2025	IPR039420	Transcriptional regulatory protein WalR-like	GO:0000156(PANTHER)|GO:0000976(PANTHER)|GO:0005829(PANTHER)|GO:0006355(PANTHER)|GO:0032993(PANTHER)	-
HFDHAJOI_04770	02e1c2ba0b1c67634f4f9e3c1b1883da	244	CDD	cd00383	trans_reg_C	138	227	1.74648E-24	T	07-05-2025	IPR001867	OmpR/PhoB-type DNA-binding domain	GO:0000160(InterPro)|GO:0003677(InterPro)|GO:0006355(InterPro)	-
HFDHAJOI_04770	02e1c2ba0b1c67634f4f9e3c1b1883da	244	ProSiteProfiles	PS50110	Response regulatory domain profile.	3	117	30.450834	T	07-05-2025	IPR001789	Signal transduction response regulator, receiver domain	GO:0000160(InterPro)	-
HFDHAJOI_04770	02e1c2ba0b1c67634f4f9e3c1b1883da	244	Pfam	PF00072	Response regulator receiver domain	4	114	2.0E-14	T	07-05-2025	IPR001789	Signal transduction response regulator, receiver domain	GO:0000160(InterPro)	-
HFDHAJOI_04770	02e1c2ba0b1c67634f4f9e3c1b1883da	244	SUPERFAMILY	SSF46894	C-terminal effector domain of the bipartite response regulators	124	228	2.52E-22	T	07-05-2025	IPR016032	Signal transduction response regulator, C-terminal effector	GO:0003677(InterPro)|GO:0006355(InterPro)	-
HFDHAJOI_04770	02e1c2ba0b1c67634f4f9e3c1b1883da	244	Gene3D	G3DSA:1.10.10.10	-	119	231	5.7E-25	T	07-05-2025	IPR036388	Winged helix-like DNA-binding domain superfamily	-	-
HFDHAJOI_04770	02e1c2ba0b1c67634f4f9e3c1b1883da	244	SMART	SM00448	REC_2	2	113	2.3E-20	T	07-05-2025	IPR001789	Signal transduction response regulator, receiver domain	GO:0000160(InterPro)	-
HFDHAJOI_04770	02e1c2ba0b1c67634f4f9e3c1b1883da	244	SUPERFAMILY	SSF52172	CheY-like	1	126	4.27E-26	T	07-05-2025	IPR011006	CheY-like superfamily	-	-
HFDHAJOI_04770	02e1c2ba0b1c67634f4f9e3c1b1883da	244	Gene3D	G3DSA:3.40.50.2300	-	1	79	1.2E-10	T	07-05-2025	-	-	-	-
HFDHAJOI_04770	02e1c2ba0b1c67634f4f9e3c1b1883da	244	Pfam	PF00486	Transcriptional regulatory protein, C terminal	151	227	5.5E-17	T	07-05-2025	IPR001867	OmpR/PhoB-type DNA-binding domain	GO:0000160(InterPro)|GO:0003677(InterPro)|GO:0006355(InterPro)	-
HFDHAJOI_04791	a883dcb356202b7077ebd2d0c69f9a7c	507	Pfam	PF13005	zinc-finger binding domain of transposase IS66	111	151	4.0E-11	T	07-05-2025	IPR024474	Transposase IS66, zinc-finger binding domain of	-	-
HFDHAJOI_04791	a883dcb356202b7077ebd2d0c69f9a7c	507	PANTHER	PTHR33678	BLL1576 PROTEIN	6	487	1.5E-151	T	07-05-2025	IPR052344	Transposase-related protein	-	-
HFDHAJOI_04791	a883dcb356202b7077ebd2d0c69f9a7c	507	Pfam	PF03050	Transposase IS66 family	168	457	9.3E-96	T	07-05-2025	IPR004291	Transposase IS66, central domain	-	-
HFDHAJOI_04791	a883dcb356202b7077ebd2d0c69f9a7c	507	Coils	Coil	Coil	14	41	-	T	07-05-2025	-	-	-	-
HFDHAJOI_04791	a883dcb356202b7077ebd2d0c69f9a7c	507	Pfam	PF13007	Transposase C of IS166 homeodomain	30	102	1.2E-9	T	07-05-2025	IPR024463	Transposase TnpC, homeodomain	-	-
HFDHAJOI_04791	a883dcb356202b7077ebd2d0c69f9a7c	507	NCBIfam	NF033517	IS66 family transposase	90	486	1.8E-132	T	07-05-2025	-	-	-	-
HFDHAJOI_04791	a883dcb356202b7077ebd2d0c69f9a7c	507	Pfam	PF13817	IS66 C-terminal element	464	502	6.1E-13	T	07-05-2025	IPR039552	Transposase IS66, C-terminal	-	-
HFDHAJOI_04774	668f702d2ac5ab8312fd22d157fe9d51	521	Gene3D	G3DSA:3.10.105.10	-	268	494	1.6E-127	T	07-05-2025	-	-	-	-
HFDHAJOI_04774	668f702d2ac5ab8312fd22d157fe9d51	521	PIRSF	PIRSF002741	MppA	27	519	6.6E-94	T	07-05-2025	IPR030678	Peptide/nickel binding protein, MppA-type	GO:0043190(InterPro)|GO:0055085(InterPro)	-
HFDHAJOI_04774	668f702d2ac5ab8312fd22d157fe9d51	521	Pfam	PF00496	Bacterial extracellular solute-binding proteins, family 5 Middle	78	398	1.7E-81	T	07-05-2025	IPR000914	Solute-binding protein family 5 domain	-	-
HFDHAJOI_04774	668f702d2ac5ab8312fd22d157fe9d51	521	PANTHER	PTHR30290	PERIPLASMIC BINDING COMPONENT OF ABC TRANSPORTER	22	503	6.4E-90	T	07-05-2025	IPR039424	Solute-binding protein family 5	GO:0015833(PANTHER)|GO:1904680(PANTHER)	-
HFDHAJOI_04774	668f702d2ac5ab8312fd22d157fe9d51	521	SUPERFAMILY	SSF53850	Periplasmic binding protein-like II	33	518	2.53E-122	T	07-05-2025	-	-	-	-
HFDHAJOI_04774	668f702d2ac5ab8312fd22d157fe9d51	521	Gene3D	G3DSA:3.40.190.10	-	193	502	1.6E-127	T	07-05-2025	-	-	-	-
HFDHAJOI_04774	668f702d2ac5ab8312fd22d157fe9d51	521	Gene3D	G3DSA:3.90.76.10	-	42	192	1.6E-127	T	07-05-2025	-	-	-	-
HFDHAJOI_04787	011b5c6b307f158cfa5a8b3bcd7ede08	112	PANTHER	PTHR33678	BLL1576 PROTEIN	3	101	9.9E-31	T	07-05-2025	IPR052344	Transposase-related protein	-	-
HFDHAJOI_04787	011b5c6b307f158cfa5a8b3bcd7ede08	112	Pfam	PF13817	IS66 C-terminal element	76	112	2.5E-11	T	07-05-2025	IPR039552	Transposase IS66, C-terminal	-	-
HFDHAJOI_04787	011b5c6b307f158cfa5a8b3bcd7ede08	112	Pfam	PF03050	Transposase IS66 family	4	69	5.4E-17	T	07-05-2025	IPR004291	Transposase IS66, central domain	-	-
HFDHAJOI_04749	b16b211b686740b235f4be2f11a3f2b8	352	Gene3D	G3DSA:3.60.21.10	-	2	220	2.8E-22	T	07-05-2025	IPR029052	Metallo-dependent phosphatase-like	-	-
HFDHAJOI_04749	b16b211b686740b235f4be2f11a3f2b8	352	Pfam	PF00149	Calcineurin-like phosphoesterase	9	173	0.018	T	07-05-2025	IPR004843	Calcineurin-like, phosphoesterase domain	GO:0016787(InterPro)	-
HFDHAJOI_04749	b16b211b686740b235f4be2f11a3f2b8	352	PANTHER	PTHR30337	COMPONENT OF ATP-DEPENDENT DSDNA EXONUCLEASE	4	304	3.0E-26	T	07-05-2025	IPR050535	DNA Repair and Maintenance Complex Component	-	-
HFDHAJOI_04749	b16b211b686740b235f4be2f11a3f2b8	352	SUPERFAMILY	SSF56300	Metallo-dependent phosphatases	5	268	5.7E-23	T	07-05-2025	IPR029052	Metallo-dependent phosphatase-like	-	-
HFDHAJOI_04749	b16b211b686740b235f4be2f11a3f2b8	352	PIRSF	PIRSF033093	UCP_ML1119	2	350	1.3E-65	T	07-05-2025	IPR014577	Uncharacterised conserved protein UCP033093, metallophosphoesterase-type	-	-
HFDHAJOI_04817	fbf33aa7c5689ab26cbb0df1300302f2	333	Pfam	PF00437	Type II/IV secretion system protein	159	291	8.1E-28	T	07-05-2025	IPR001482	Type II/IV secretion system domain	-	-
HFDHAJOI_04817	fbf33aa7c5689ab26cbb0df1300302f2	333	SUPERFAMILY	SSF52540	P-loop containing nucleoside triphosphate hydrolases	16	287	3.51E-35	T	07-05-2025	IPR027417	P-loop containing nucleoside triphosphate hydrolase	-	-
HFDHAJOI_04817	fbf33aa7c5689ab26cbb0df1300302f2	333	PANTHER	PTHR30486	TWITCHING MOTILITY PROTEIN PILT	18	325	8.6E-49	T	07-05-2025	IPR050921	Type IV secretion system, general secretion pathway E ATPase	GO:0016887(InterPro)	-
HFDHAJOI_04817	fbf33aa7c5689ab26cbb0df1300302f2	333	NCBIfam	TIGR02788	P-type DNA transfer ATPase VirB11	23	326	1.4E-76	T	07-05-2025	IPR014155	Type IV secretion system protein VirB11	GO:0043684(InterPro)|GO:0044097(InterPro)	-
HFDHAJOI_04817	fbf33aa7c5689ab26cbb0df1300302f2	333	CDD	cd01130	VirB11-like_ATPase	159	326	2.23178E-68	T	07-05-2025	-	-	-	-
HFDHAJOI_04817	fbf33aa7c5689ab26cbb0df1300302f2	333	Gene3D	G3DSA:3.40.50.300	-	126	333	9.5E-56	T	07-05-2025	IPR027417	P-loop containing nucleoside triphosphate hydrolase	-	-
HFDHAJOI_04817	fbf33aa7c5689ab26cbb0df1300302f2	333	Gene3D	G3DSA:3.30.450.90	-	12	119	1.6E-15	T	07-05-2025	-	-	-	-
HFDHAJOI_04743	43420bdf295c3b5fe04b966305df6c28	214	FunFam	G3DSA:3.40.50.1390:FF:000001	DNA recombinase	1	132	8.5E-46	T	07-05-2025	-	-	-	-
HFDHAJOI_04743	43420bdf295c3b5fe04b966305df6c28	214	Gene3D	G3DSA:1.10.10.60	-	145	190	3.1E-5	T	07-05-2025	-	-	-	-
HFDHAJOI_04743	43420bdf295c3b5fe04b966305df6c28	214	SMART	SM00857	resolvase_6	2	143	3.9E-54	T	07-05-2025	IPR006119	Resolvase, N-terminal catalytic domain	GO:0000150(InterPro)|GO:0003677(InterPro)|GO:0006310(InterPro)	-
HFDHAJOI_04743	43420bdf295c3b5fe04b966305df6c28	214	Pfam	PF00239	Resolvase, N terminal domain	3	142	1.5E-41	T	07-05-2025	IPR006119	Resolvase, N-terminal catalytic domain	GO:0000150(InterPro)|GO:0003677(InterPro)|GO:0006310(InterPro)	-
HFDHAJOI_04743	43420bdf295c3b5fe04b966305df6c28	214	SUPERFAMILY	SSF46689	Homeodomain-like	145	187	5.84E-6	T	07-05-2025	IPR009057	Homedomain-like superfamily	-	-
HFDHAJOI_04743	43420bdf295c3b5fe04b966305df6c28	214	ProSiteProfiles	PS51736	Resolvase/invertase-type recombinase catalytic domain profile.	1	141	44.729103	T	07-05-2025	IPR006119	Resolvase, N-terminal catalytic domain	GO:0000150(InterPro)|GO:0003677(InterPro)|GO:0006310(InterPro)	-
HFDHAJOI_04743	43420bdf295c3b5fe04b966305df6c28	214	PANTHER	PTHR30461	DNA-INVERTASE FROM LAMBDOID PROPHAGE	3	181	7.2E-34	T	07-05-2025	IPR050639	Site-specific recombinase resolvase	GO:0000150(PANTHER)|GO:0006310(PANTHER)	-
HFDHAJOI_04743	43420bdf295c3b5fe04b966305df6c28	214	Coils	Coil	Coil	67	87	-	T	07-05-2025	-	-	-	-
HFDHAJOI_04743	43420bdf295c3b5fe04b966305df6c28	214	CDD	cd03768	SR_ResInv	2	130	8.89921E-52	T	07-05-2025	-	-	-	-
HFDHAJOI_04743	43420bdf295c3b5fe04b966305df6c28	214	SUPERFAMILY	SSF53041	Resolvase-like	1	142	2.88E-40	T	07-05-2025	IPR036162	Resolvase-like, N-terminal catalytic domain superfamily	GO:0000150(InterPro)|GO:0003677(InterPro)|GO:0006310(InterPro)	-
HFDHAJOI_04743	43420bdf295c3b5fe04b966305df6c28	214	Gene3D	G3DSA:3.40.50.1390	-	2	143	1.2E-37	T	07-05-2025	IPR036162	Resolvase-like, N-terminal catalytic domain superfamily	GO:0000150(InterPro)|GO:0003677(InterPro)|GO:0006310(InterPro)	-
HFDHAJOI_04797	e3fd05e3007357127d78f3d3f53ca021	99	Pfam	PF13683	Integrase core domain	23	88	3.1E-26	T	07-05-2025	IPR001584	Integrase, catalytic core	GO:0015074(InterPro)	-
HFDHAJOI_04797	e3fd05e3007357127d78f3d3f53ca021	99	Gene3D	G3DSA:3.30.420.10	-	2	96	2.3E-16	T	07-05-2025	IPR036397	Ribonuclease H superfamily	GO:0003676(InterPro)	-
HFDHAJOI_04797	e3fd05e3007357127d78f3d3f53ca021	99	SUPERFAMILY	SSF53098	Ribonuclease H-like	3	92	9.41E-22	T	07-05-2025	IPR012337	Ribonuclease H-like superfamily	-	-
HFDHAJOI_04797	e3fd05e3007357127d78f3d3f53ca021	99	PANTHER	PTHR47515	LOW CALCIUM RESPONSE LOCUS PROTEIN T	4	91	3.4E-27	T	07-05-2025	-	-	-	-
HFDHAJOI_04797	e3fd05e3007357127d78f3d3f53ca021	99	ProSiteProfiles	PS50994	Integrase catalytic domain profile.	1	96	13.254461	T	07-05-2025	IPR001584	Integrase, catalytic core	GO:0015074(InterPro)	-
HFDHAJOI_04844	489af7cbff040929a751c62500ae6fd3	87	SUPERFAMILY	SSF46689	Homeodomain-like	1	75	6.99E-15	T	07-05-2025	IPR009057	Homedomain-like superfamily	-	-
HFDHAJOI_04844	489af7cbff040929a751c62500ae6fd3	87	Coils	Coil	Coil	56	83	-	T	07-05-2025	-	-	-	-
HFDHAJOI_04844	489af7cbff040929a751c62500ae6fd3	87	PANTHER	PTHR33609	LOW CALCIUM RESPONSE LOCUS PROTEIN S	1	87	1.8E-25	T	07-05-2025	IPR052546	Transposase_8_domain-containing_protein	-	-
HFDHAJOI_04844	489af7cbff040929a751c62500ae6fd3	87	Pfam	PF01527	Transposase	1	71	1.6E-20	T	07-05-2025	IPR002514	Transposase IS3/IS911family	GO:0003677(InterPro)|GO:0004803(InterPro)|GO:0006313(InterPro)	-
HFDHAJOI_04726	489af7cbff040929a751c62500ae6fd3	87	SUPERFAMILY	SSF46689	Homeodomain-like	1	75	6.99E-15	T	07-05-2025	IPR009057	Homedomain-like superfamily	-	-
HFDHAJOI_04726	489af7cbff040929a751c62500ae6fd3	87	Coils	Coil	Coil	56	83	-	T	07-05-2025	-	-	-	-
HFDHAJOI_04726	489af7cbff040929a751c62500ae6fd3	87	PANTHER	PTHR33609	LOW CALCIUM RESPONSE LOCUS PROTEIN S	1	87	1.8E-25	T	07-05-2025	IPR052546	Transposase_8_domain-containing_protein	-	-
HFDHAJOI_04726	489af7cbff040929a751c62500ae6fd3	87	Pfam	PF01527	Transposase	1	71	1.6E-20	T	07-05-2025	IPR002514	Transposase IS3/IS911family	GO:0003677(InterPro)|GO:0004803(InterPro)|GO:0006313(InterPro)	-
HFDHAJOI_04862	9cce4fe4d6c2362b98d16bd20fde2cd3	64	SUPERFAMILY	SSF50199	Staphylococcal nuclease	30	57	6.67E-5	T	07-05-2025	IPR035437	SNase-like, OB-fold superfamily	-	-
HFDHAJOI_04862	9cce4fe4d6c2362b98d16bd20fde2cd3	64	Gene3D	G3DSA:2.40.50.90	-	22	62	3.1E-5	T	07-05-2025	IPR035437	SNase-like, OB-fold superfamily	-	-
HFDHAJOI_04723	664bdd84a7364f8df923fa18d2682d9d	377	Pfam	PF07756	Protein of unknown function (DUF1612)	189	315	7.7E-46	T	07-05-2025	IPR011670	Domain of unknown function DUF1612	-	-
HFDHAJOI_04723	664bdd84a7364f8df923fa18d2682d9d	377	Pfam	PF11972	HTH DNA binding domain	324	377	1.5E-23	T	07-05-2025	IPR021068	HTH DNA binding domain	-	-
HFDHAJOI_04723	664bdd84a7364f8df923fa18d2682d9d	377	NCBIfam	NF040876	RHE_PE00001 family protein	3	377	1.3E-160	T	07-05-2025	IPR048017	Uncharacterized protein y4cF-like	-	-
HFDHAJOI_04723	664bdd84a7364f8df923fa18d2682d9d	377	MobiDBLite	mobidb-lite	consensus disorder prediction	115	141	-	T	07-05-2025	-	-	-	-
HFDHAJOI_04689	fd29df3262fb21bf8248130bc202d34b	341	Pfam	PF04610	TrbL/VirB6 plasmid conjugal transfer protein	39	258	1.9E-42	T	07-05-2025	IPR007688	Plasmid conjugal transfer TrbL/VirB6	GO:0030255(InterPro)	-
HFDHAJOI_04789	87ac8fa7c2a3bd900ffb34cc279b58a8	109	Pfam	PF01527	Transposase	14	64	0.012	T	07-05-2025	IPR002514	Transposase IS3/IS911family	GO:0003677(InterPro)|GO:0004803(InterPro)|GO:0006313(InterPro)	-
HFDHAJOI_04674	4ab21924795ceaaa05fee484b528b8c4	375	CDD	cd02042	ParAB_family	91	303	4.2729E-29	T	07-05-2025	-	-	-	-
HFDHAJOI_04674	4ab21924795ceaaa05fee484b528b8c4	375	NCBIfam	TIGR03453	plasmid partitioning protein RepA	2	373	0.0	T	07-05-2025	IPR017818	Plasmid partitioning protein, RepA	-	-
HFDHAJOI_04674	4ab21924795ceaaa05fee484b528b8c4	375	PANTHER	PTHR13696	P-LOOP CONTAINING NUCLEOSIDE TRIPHOSPHATE HYDROLASE	84	366	1.7E-46	T	07-05-2025	IPR050678	DNA Partitioning ATPase	-	-
HFDHAJOI_04674	4ab21924795ceaaa05fee484b528b8c4	375	Pfam	PF13614	AAA domain	90	272	4.3E-31	T	07-05-2025	IPR025669	AAA domain	-	-
HFDHAJOI_04674	4ab21924795ceaaa05fee484b528b8c4	375	Gene3D	G3DSA:3.40.50.300	-	90	371	3.6E-60	T	07-05-2025	IPR027417	P-loop containing nucleoside triphosphate hydrolase	-	-
HFDHAJOI_04674	4ab21924795ceaaa05fee484b528b8c4	375	Gene3D	G3DSA:1.10.1660.10	-	9	73	2.1E-5	T	07-05-2025	-	-	-	-
HFDHAJOI_04674	4ab21924795ceaaa05fee484b528b8c4	375	SUPERFAMILY	SSF52540	P-loop containing nucleoside triphosphate hydrolases	90	354	1.39E-42	T	07-05-2025	IPR027417	P-loop containing nucleoside triphosphate hydrolase	-	-
HFDHAJOI_04674	4ab21924795ceaaa05fee484b528b8c4	375	NCBIfam	NF010443	plasmid-partitioning protein RepA	1	373	0.0	T	07-05-2025	-	-	-	-
HFDHAJOI_04691	d47e3113d67c894dc6119a231ab30477	363	SUPERFAMILY	SSF53955	Lysozyme-like	80	199	2.64E-42	T	07-05-2025	IPR023346	Lysozyme-like domain superfamily	-	-
HFDHAJOI_04691	d47e3113d67c894dc6119a231ab30477	363	MobiDBLite	mobidb-lite	consensus disorder prediction	305	327	-	T	07-05-2025	-	-	-	-
HFDHAJOI_04691	d47e3113d67c894dc6119a231ab30477	363	Gene3D	G3DSA:1.10.530.10	-	81	205	3.2E-39	T	07-05-2025	-	-	-	-
HFDHAJOI_04691	d47e3113d67c894dc6119a231ab30477	363	Pfam	PF01464	Transglycosylase SLT domain	89	191	5.1E-22	T	07-05-2025	IPR008258	Transglycosylase SLT domain 1	-	-
HFDHAJOI_04691	d47e3113d67c894dc6119a231ab30477	363	CDD	cd00254	LT-like	99	202	7.34265E-48	T	07-05-2025	-	-	-	-
HFDHAJOI_04691	d47e3113d67c894dc6119a231ab30477	363	PANTHER	PTHR37423	SOLUBLE LYTIC MUREIN TRANSGLYCOSYLASE-RELATED	82	202	1.7E-32	T	07-05-2025	-	-	-	-
HFDHAJOI_04796	860d958958f98537352f192a2f023138	407	MobiDBLite	mobidb-lite	consensus disorder prediction	33	68	-	T	07-05-2025	-	-	-	-
HFDHAJOI_04763	60b5d2a201f47f148a20f943d09fac54	426	SUPERFAMILY	SSF53850	Periplasmic binding protein-like II	23	424	9.32E-63	T	07-05-2025	-	-	-	-
HFDHAJOI_04763	60b5d2a201f47f148a20f943d09fac54	426	PANTHER	PTHR43649	ARABINOSE-BINDING PROTEIN-RELATED	1	345	6.8E-44	T	07-05-2025	IPR050490	Bacterial solute-binding protein 1	-	-
HFDHAJOI_04763	60b5d2a201f47f148a20f943d09fac54	426	CDD	cd13585	PBP2_TMBP_like	27	414	2.2734E-69	T	07-05-2025	-	-	-	-
HFDHAJOI_04763	60b5d2a201f47f148a20f943d09fac54	426	Gene3D	G3DSA:3.40.190.10	-	18	424	3.1E-75	T	07-05-2025	-	-	-	-
HFDHAJOI_04763	60b5d2a201f47f148a20f943d09fac54	426	Pfam	PF01547	Bacterial extracellular solute-binding protein	42	326	2.2E-32	T	07-05-2025	IPR006059	Bacterial-type extracellular solute-binding protein	-	-
HFDHAJOI_04728	4c22747c37445489d8b370a424f1ab82	62	SUPERFAMILY	SSF46689	Homeodomain-like	14	57	9.32E-5	T	07-05-2025	IPR009057	Homedomain-like superfamily	-	-
HFDHAJOI_04750	40d542fb520723beaf904b1f9d4e4325	874	Coils	Coil	Coil	506	526	-	T	07-05-2025	-	-	-	-
HFDHAJOI_04750	40d542fb520723beaf904b1f9d4e4325	874	Coils	Coil	Coil	663	697	-	T	07-05-2025	-	-	-	-
HFDHAJOI_04750	40d542fb520723beaf904b1f9d4e4325	874	Coils	Coil	Coil	258	361	-	T	07-05-2025	-	-	-	-
HFDHAJOI_04750	40d542fb520723beaf904b1f9d4e4325	874	Gene3D	G3DSA:3.40.50.300	-	478	873	7.1E-17	T	07-05-2025	IPR027417	P-loop containing nucleoside triphosphate hydrolase	-	-
HFDHAJOI_04750	40d542fb520723beaf904b1f9d4e4325	874	PANTHER	PTHR41259	DOUBLE-STRAND BREAK REPAIR RAD50 ATPASE, PUTATIVE-RELATED	568	858	2.8E-32	T	07-05-2025	-	-	-	-
HFDHAJOI_04750	40d542fb520723beaf904b1f9d4e4325	874	Gene3D	G3DSA:3.40.50.300	-	1	336	9.4E-12	T	07-05-2025	IPR027417	P-loop containing nucleoside triphosphate hydrolase	-	-
HFDHAJOI_04750	40d542fb520723beaf904b1f9d4e4325	874	SUPERFAMILY	SSF52540	P-loop containing nucleoside triphosphate hydrolases	24	870	3.04E-16	T	07-05-2025	IPR027417	P-loop containing nucleoside triphosphate hydrolase	-	-
HFDHAJOI_04750	40d542fb520723beaf904b1f9d4e4325	874	Coils	Coil	Coil	364	394	-	T	07-05-2025	-	-	-	-
HFDHAJOI_04750	40d542fb520723beaf904b1f9d4e4325	874	Coils	Coil	Coil	214	234	-	T	07-05-2025	-	-	-	-
HFDHAJOI_04857	55e6fffbd26b8db5eabc04742f7aa7fa	583	ProSiteProfiles	PS50885	HAMP domain profile.	77	129	9.919666	T	07-05-2025	IPR003660	HAMP domain	GO:0007165(InterPro)|GO:0016020(InterPro)	-
HFDHAJOI_04857	55e6fffbd26b8db5eabc04742f7aa7fa	583	Gene3D	G3DSA:6.10.340.10	-	44	131	1.1E-13	T	07-05-2025	-	-	-	-
HFDHAJOI_04857	55e6fffbd26b8db5eabc04742f7aa7fa	583	SUPERFAMILY	SSF55073	Nucleotide cyclase	141	194	3.53E-13	T	07-05-2025	IPR029787	Nucleotide cyclase	-	-
HFDHAJOI_04857	55e6fffbd26b8db5eabc04742f7aa7fa	583	ProSiteProfiles	PS50883	EAL domain profile.	322	575	66.571884	T	07-05-2025	IPR001633	EAL domain	-	-
HFDHAJOI_04857	55e6fffbd26b8db5eabc04742f7aa7fa	583	ProSiteProfiles	PS50887	GGDEF domain profile.	159	313	26.209164	T	07-05-2025	IPR000160	GGDEF domain	-	-
HFDHAJOI_04857	55e6fffbd26b8db5eabc04742f7aa7fa	583	SMART	SM00267	duf1_3	124	311	1.1E-33	T	07-05-2025	IPR000160	GGDEF domain	-	-
HFDHAJOI_04857	55e6fffbd26b8db5eabc04742f7aa7fa	583	Pfam	PF00990	Diguanylate cyclase, GGDEF domain	135	194	1.3E-10	T	07-05-2025	IPR000160	GGDEF domain	-	-
HFDHAJOI_04857	55e6fffbd26b8db5eabc04742f7aa7fa	583	Pfam	PF00990	Diguanylate cyclase, GGDEF domain	224	306	1.5E-11	T	07-05-2025	IPR000160	GGDEF domain	-	-
HFDHAJOI_04857	55e6fffbd26b8db5eabc04742f7aa7fa	583	CDD	cd01948	EAL	327	564	8.29736E-91	T	07-05-2025	IPR001633	EAL domain	-	-
HFDHAJOI_04857	55e6fffbd26b8db5eabc04742f7aa7fa	583	Gene3D	G3DSA:3.30.70.270	-	132	323	8.6E-46	T	07-05-2025	IPR043128	Reverse transcriptase/Diguanylate cyclase domain	-	-
HFDHAJOI_04857	55e6fffbd26b8db5eabc04742f7aa7fa	583	SMART	SM00052	duf2_2	321	566	1.8E-84	T	07-05-2025	IPR001633	EAL domain	-	-
HFDHAJOI_04857	55e6fffbd26b8db5eabc04742f7aa7fa	583	CDD	cd06225	HAMP	80	124	6.96992E-10	T	07-05-2025	-	-	-	-
HFDHAJOI_04857	55e6fffbd26b8db5eabc04742f7aa7fa	583	PANTHER	PTHR44757	DIGUANYLATE CYCLASE DGCP	92	572	3.5E-132	T	07-05-2025	IPR052155	Bacterial biofilm regulation/maintenance	-	-
HFDHAJOI_04857	55e6fffbd26b8db5eabc04742f7aa7fa	583	SMART	SM00304	HAMP_11	77	129	5.1E-9	T	07-05-2025	IPR003660	HAMP domain	GO:0007165(InterPro)|GO:0016020(InterPro)	-
HFDHAJOI_04857	55e6fffbd26b8db5eabc04742f7aa7fa	583	SUPERFAMILY	SSF158472	HAMP domain-like	78	126	7.59E-8	T	07-05-2025	-	-	-	-
HFDHAJOI_04857	55e6fffbd26b8db5eabc04742f7aa7fa	583	Pfam	PF00672	HAMP domain	75	126	2.9E-5	T	07-05-2025	IPR003660	HAMP domain	GO:0007165(InterPro)|GO:0016020(InterPro)	-
HFDHAJOI_04857	55e6fffbd26b8db5eabc04742f7aa7fa	583	CDD	cd01949	GGDEF	136	309	4.35556E-43	T	07-05-2025	IPR000160	GGDEF domain	-	-
HFDHAJOI_04857	55e6fffbd26b8db5eabc04742f7aa7fa	583	Pfam	PF00563	EAL domain	327	559	8.3E-60	T	07-05-2025	IPR001633	EAL domain	-	-
HFDHAJOI_04857	55e6fffbd26b8db5eabc04742f7aa7fa	583	NCBIfam	TIGR00254	diguanylate cyclase (GGDEF) domain	132	194	5.6E-10	T	07-05-2025	IPR000160	GGDEF domain	-	-
HFDHAJOI_04857	55e6fffbd26b8db5eabc04742f7aa7fa	583	NCBIfam	TIGR00254	diguanylate cyclase (GGDEF) domain	225	309	1.0E-7	T	07-05-2025	IPR000160	GGDEF domain	-	-
HFDHAJOI_04857	55e6fffbd26b8db5eabc04742f7aa7fa	583	Gene3D	G3DSA:3.20.20.450	EAL domain	324	578	1.6E-80	T	07-05-2025	IPR035919	EAL domain superfamily	-	-
HFDHAJOI_04857	55e6fffbd26b8db5eabc04742f7aa7fa	583	SUPERFAMILY	SSF141868	EAL domain-like	326	569	1.11E-76	T	07-05-2025	IPR035919	EAL domain superfamily	-	-
HFDHAJOI_04857	55e6fffbd26b8db5eabc04742f7aa7fa	583	SUPERFAMILY	SSF55073	Nucleotide cyclase	223	313	7.53E-20	T	07-05-2025	IPR029787	Nucleotide cyclase	-	-
HFDHAJOI_04677	cf0e3c76b85f7a1275f485b931eac692	207	MobiDBLite	mobidb-lite	consensus disorder prediction	176	198	-	T	07-05-2025	-	-	-	-
HFDHAJOI_04677	cf0e3c76b85f7a1275f485b931eac692	207	SUPERFAMILY	SSF47413	lambda repressor-like DNA-binding domains	43	100	1.38E-7	T	07-05-2025	IPR010982	Lambda repressor-like, DNA-binding domain superfamily	GO:0003677(InterPro)	-
HFDHAJOI_04677	cf0e3c76b85f7a1275f485b931eac692	207	MobiDBLite	mobidb-lite	consensus disorder prediction	161	207	-	T	07-05-2025	-	-	-	-
HFDHAJOI_04677	cf0e3c76b85f7a1275f485b931eac692	207	Pfam	PF01381	Helix-turn-helix	54	99	0.0013	T	07-05-2025	IPR001387	Cro/C1-type helix-turn-helix domain	-	-
HFDHAJOI_04677	cf0e3c76b85f7a1275f485b931eac692	207	Coils	Coil	Coil	154	186	-	T	07-05-2025	-	-	-	-
HFDHAJOI_04677	cf0e3c76b85f7a1275f485b931eac692	207	Gene3D	G3DSA:1.10.260.40	-	41	114	1.4E-6	T	07-05-2025	IPR010982	Lambda repressor-like, DNA-binding domain superfamily	GO:0003677(InterPro)	-
HFDHAJOI_04677	cf0e3c76b85f7a1275f485b931eac692	207	ProSiteProfiles	PS50943	Cro/C1-type HTH domain profile.	51	106	10.945366	T	07-05-2025	IPR001387	Cro/C1-type helix-turn-helix domain	-	-
HFDHAJOI_04677	cf0e3c76b85f7a1275f485b931eac692	207	CDD	cd00093	HTH_XRE	55	99	4.39414E-6	T	07-05-2025	IPR001387	Cro/C1-type helix-turn-helix domain	-	-
HFDHAJOI_04694	f62627874921c8300b3114e3b8706af9	115	Pfam	PF04956	TrbC/VIRB2 pilin	12	106	8.5E-18	T	07-05-2025	IPR007039	Conjugal transfer TrbC/type IV secretion VirB2	-	-
HFDHAJOI_04681	0715fc0507baa85295fededd6d593ee0	133	Pfam	PF21983	Mobilization protein NikA	14	87	7.7E-12	T	07-05-2025	IPR053842	Mobilization protein NikA-like	-	-
HFDHAJOI_04693	dad878f4b60a8717ec93be141cd539e6	99	Pfam	PF05101	Type IV secretory pathway, VirB3-like protein	12	93	1.5E-18	T	07-05-2025	IPR007792	Type IV secretion system, VirB3 / TrbD / AvhB	-	-
HFDHAJOI_04714	3d1899e0c7ca7d69acd9b98339db551e	172	Pfam	PF04542	Sigma-70 region 2	17	78	8.0E-9	T	07-05-2025	IPR007627	RNA polymerase sigma-70 region 2	GO:0003700(InterPro)|GO:0006352(InterPro)|GO:0006355(InterPro)	-
HFDHAJOI_04714	3d1899e0c7ca7d69acd9b98339db551e	172	SUPERFAMILY	SSF88946	Sigma2 domain of RNA polymerase sigma factors	6	92	7.46E-18	T	07-05-2025	IPR013325	RNA polymerase sigma factor, region 2	GO:0003700(InterPro)|GO:0006352(InterPro)|GO:0006355(InterPro)	-
HFDHAJOI_04714	3d1899e0c7ca7d69acd9b98339db551e	172	Gene3D	G3DSA:1.10.1740.10	-	1	95	2.0E-16	T	07-05-2025	-	-	-	-
HFDHAJOI_04714	3d1899e0c7ca7d69acd9b98339db551e	172	CDD	cd06171	Sigma70_r4	107	160	5.06419E-11	T	07-05-2025	-	-	-	-
HFDHAJOI_04714	3d1899e0c7ca7d69acd9b98339db551e	172	PANTHER	PTHR43133	RNA POLYMERASE ECF-TYPE SIGMA FACTO	5	166	6.6E-27	T	07-05-2025	IPR039425	RNA polymerase sigma-70-like	GO:0006355(PANTHER)|GO:0016987(PANTHER)	-
HFDHAJOI_04714	3d1899e0c7ca7d69acd9b98339db551e	172	Gene3D	G3DSA:1.10.10.10	-	104	168	2.3E-21	T	07-05-2025	IPR036388	Winged helix-like DNA-binding domain superfamily	-	-
HFDHAJOI_04714	3d1899e0c7ca7d69acd9b98339db551e	172	Pfam	PF08281	Sigma-70, region 4	108	160	2.1E-11	T	07-05-2025	IPR013249	RNA polymerase sigma factor 70, region 4 type 2	GO:0003677(InterPro)|GO:0003700(InterPro)|GO:0006352(InterPro)|GO:0006355(InterPro)|GO:0016987(InterPro)	-
HFDHAJOI_04714	3d1899e0c7ca7d69acd9b98339db551e	172	NCBIfam	TIGR02937	sigma-70 family RNA polymerase sigma factor	7	163	8.6E-17	T	07-05-2025	IPR014284	RNA polymerase sigma-70-like domain	GO:0003700(InterPro)|GO:0006352(InterPro)|GO:0006355(InterPro)	-
HFDHAJOI_04714	3d1899e0c7ca7d69acd9b98339db551e	172	SUPERFAMILY	SSF88659	Sigma3 and sigma4 domains of RNA polymerase sigma factors	102	164	1.94E-15	T	07-05-2025	IPR013324	RNA polymerase sigma factor, region 3/4-like	-	-
HFDHAJOI_04692	2464d92de723fbfb6deb71c418a32a0f	819	Gene3D	G3DSA:3.40.50.300	-	586	780	2.7E-19	T	07-05-2025	IPR027417	P-loop containing nucleoside triphosphate hydrolase	-	-
HFDHAJOI_04692	2464d92de723fbfb6deb71c418a32a0f	819	Pfam	PF03135	CagE, TrbE, VirB family, component of type IV transporter system	212	407	5.3E-32	T	07-05-2025	IPR018145	CagE, TrbE, VirB component of type IV transporter system, central domain	GO:0005524(InterPro)	-
HFDHAJOI_04692	2464d92de723fbfb6deb71c418a32a0f	819	NCBIfam	TIGR00929	VirB4 family type IV secretion/conjugal transfer ATPase	17	813	6.2E-201	T	07-05-2025	IPR004346	CagE, TrbE, VirB component of type IV transporter system	GO:0005524(InterPro)	-
HFDHAJOI_04692	2464d92de723fbfb6deb71c418a32a0f	819	Coils	Coil	Coil	151	171	-	T	07-05-2025	-	-	-	-
HFDHAJOI_04692	2464d92de723fbfb6deb71c418a32a0f	819	SUPERFAMILY	SSF52540	P-loop containing nucleoside triphosphate hydrolases	424	772	5.05E-44	T	07-05-2025	IPR027417	P-loop containing nucleoside triphosphate hydrolase	-	-
HFDHAJOI_04692	2464d92de723fbfb6deb71c418a32a0f	819	PANTHER	PTHR30121	UNCHARACTERIZED PROTEIN YJGR-RELATED	305	746	1.5E-38	T	07-05-2025	IPR051162	Type IV secretion system component	-	-
HFDHAJOI_04692	2464d92de723fbfb6deb71c418a32a0f	819	Pfam	PF19044	TraG P-loop domain	463	724	0.0013	T	07-05-2025	IPR043964	TraG, P-loop domain	-	-
HFDHAJOI_04692	2464d92de723fbfb6deb71c418a32a0f	819	Gene3D	G3DSA:3.40.50.300	-	416	581	2.5E-6	T	07-05-2025	IPR027417	P-loop containing nucleoside triphosphate hydrolase	-	-
HFDHAJOI_04738	0e9f3d54fdba30087f3b89d6daf7235b	655	NCBIfam	NF007866	Fe(3+)-hydroxamate ABC transporter permease FhuB	18	655	7.8E-206	T	07-05-2025	-	-	-	-
HFDHAJOI_04738	0e9f3d54fdba30087f3b89d6daf7235b	655	Gene3D	G3DSA:1.10.3470.10	ABC transporter involved in vitamin B12 uptake, BtuC	3	325	5.9E-66	T	07-05-2025	IPR037294	ABC transporter, BtuC-like	-	-
HFDHAJOI_04738	0e9f3d54fdba30087f3b89d6daf7235b	655	Gene3D	G3DSA:1.10.3470.10	ABC transporter involved in vitamin B12 uptake, BtuC	334	655	4.5E-70	T	07-05-2025	IPR037294	ABC transporter, BtuC-like	-	-
HFDHAJOI_04738	0e9f3d54fdba30087f3b89d6daf7235b	655	Pfam	PF01032	FecCD transport family	358	654	1.4E-62	T	07-05-2025	IPR000522	ABC transporter, permease protein, BtuC-like	GO:0016020(InterPro)|GO:0022857(InterPro)	-
HFDHAJOI_04738	0e9f3d54fdba30087f3b89d6daf7235b	655	Pfam	PF01032	FecCD transport family	37	322	1.0E-60	T	07-05-2025	IPR000522	ABC transporter, permease protein, BtuC-like	GO:0016020(InterPro)|GO:0022857(InterPro)	-
HFDHAJOI_04738	0e9f3d54fdba30087f3b89d6daf7235b	655	SUPERFAMILY	SSF81345	ABC transporter involved in vitamin B12 uptake, BtuC	18	324	1.57E-57	T	07-05-2025	IPR037294	ABC transporter, BtuC-like	-	-
HFDHAJOI_04738	0e9f3d54fdba30087f3b89d6daf7235b	655	CDD	cd06550	TM_ABC_iron-siderophores_like	76	311	5.74647E-25	T	07-05-2025	-	-	-	-
HFDHAJOI_04738	0e9f3d54fdba30087f3b89d6daf7235b	655	PANTHER	PTHR30472	FERRIC ENTEROBACTIN TRANSPORT SYSTEM PERMEASE PROTEIN	342	654	9.5E-128	T	07-05-2025	IPR000522	ABC transporter, permease protein, BtuC-like	GO:0005886(PANTHER)|GO:0016020(InterPro)|GO:0022857(PANTHER)|GO:0022857(InterPro)|GO:0033214(PANTHER)	-
HFDHAJOI_04738	0e9f3d54fdba30087f3b89d6daf7235b	655	SUPERFAMILY	SSF81345	ABC transporter involved in vitamin B12 uptake, BtuC	337	654	4.18E-61	T	07-05-2025	IPR037294	ABC transporter, BtuC-like	-	-
HFDHAJOI_04738	0e9f3d54fdba30087f3b89d6daf7235b	655	CDD	cd06550	TM_ABC_iron-siderophores_like	391	652	8.29677E-37	T	07-05-2025	-	-	-	-
HFDHAJOI_04754	99f016585784c185942d810a87d3f06e	176	Coils	Coil	Coil	137	167	-	T	07-05-2025	-	-	-	-
HFDHAJOI_04754	99f016585784c185942d810a87d3f06e	176	MobiDBLite	mobidb-lite	consensus disorder prediction	46	126	-	T	07-05-2025	-	-	-	-
HFDHAJOI_04732	5aabdcd206416217f7434fd7d34ac9ec	229	SUPERFAMILY	SSF51197	Clavaminate synthase-like	11	214	6.87E-14	T	07-05-2025	-	-	-	-
HFDHAJOI_04732	5aabdcd206416217f7434fd7d34ac9ec	229	Gene3D	G3DSA:3.60.130.10	-	47	222	1.3E-13	T	07-05-2025	IPR042098	Taurine dioxygenase TauD-like superfamily	-	-
HFDHAJOI_04679	614f25e259663337c8330a0e81a715e5	148	MobiDBLite	mobidb-lite	consensus disorder prediction	73	91	-	T	07-05-2025	-	-	-	-
HFDHAJOI_04679	614f25e259663337c8330a0e81a715e5	148	MobiDBLite	mobidb-lite	consensus disorder prediction	1	42	-	T	07-05-2025	-	-	-	-
HFDHAJOI_04679	614f25e259663337c8330a0e81a715e5	148	MobiDBLite	mobidb-lite	consensus disorder prediction	56	91	-	T	07-05-2025	-	-	-	-
HFDHAJOI_04679	614f25e259663337c8330a0e81a715e5	148	Gene3D	G3DSA:1.10.1220.10	-	93	147	3.4E-6	T	07-05-2025	IPR013321	Arc-type ribbon-helix-helix	GO:0006355(InterPro)	-
HFDHAJOI_04845	3c8bed6bd53fb58e672b03e6c66b5075	132	Gene3D	G3DSA:1.10.260.40	-	36	107	1.4E-14	T	07-05-2025	IPR010982	Lambda repressor-like, DNA-binding domain superfamily	GO:0003677(InterPro)	-
HFDHAJOI_04845	3c8bed6bd53fb58e672b03e6c66b5075	132	Pfam	PF13560	Helix-turn-helix domain	47	103	9.7E-5	T	07-05-2025	-	-	-	-
HFDHAJOI_04845	3c8bed6bd53fb58e672b03e6c66b5075	132	SUPERFAMILY	SSF47413	lambda repressor-like DNA-binding domains	43	110	1.25E-13	T	07-05-2025	IPR010982	Lambda repressor-like, DNA-binding domain superfamily	GO:0003677(InterPro)	-
HFDHAJOI_04845	3c8bed6bd53fb58e672b03e6c66b5075	132	CDD	cd00093	HTH_XRE	47	104	1.65159E-11	T	07-05-2025	IPR001387	Cro/C1-type helix-turn-helix domain	-	-
HFDHAJOI_04845	3c8bed6bd53fb58e672b03e6c66b5075	132	ProSiteProfiles	PS50943	Cro/C1-type HTH domain profile.	50	104	12.134859	T	07-05-2025	IPR001387	Cro/C1-type helix-turn-helix domain	-	-
HFDHAJOI_04845	3c8bed6bd53fb58e672b03e6c66b5075	132	MobiDBLite	mobidb-lite	consensus disorder prediction	108	132	-	T	07-05-2025	-	-	-	-
HFDHAJOI_04845	3c8bed6bd53fb58e672b03e6c66b5075	132	MobiDBLite	mobidb-lite	consensus disorder prediction	121	132	-	T	07-05-2025	-	-	-	-
HFDHAJOI_04845	3c8bed6bd53fb58e672b03e6c66b5075	132	SMART	SM00530	mbf_short4	49	104	1.9E-8	T	07-05-2025	IPR001387	Cro/C1-type helix-turn-helix domain	-	-
HFDHAJOI_04814	f416eb867b217c6e0801c3da3256cef7	224	SUPERFAMILY	SSF54427	NTF2-like	79	222	1.75E-29	T	07-05-2025	IPR032710	NTF2-like domain superfamily	-	-
HFDHAJOI_04814	f416eb867b217c6e0801c3da3256cef7	224	Pfam	PF04335	VirB8 protein	9	221	1.7E-46	T	07-05-2025	IPR007430	Bacterial virulence protein VirB8	GO:0016020(InterPro)	-
HFDHAJOI_04814	f416eb867b217c6e0801c3da3256cef7	224	CDD	cd16424	VirB8	78	219	1.06715E-23	T	07-05-2025	-	-	-	-
HFDHAJOI_04814	f416eb867b217c6e0801c3da3256cef7	224	Gene3D	G3DSA:3.10.450.230	VirB8 protein	75	224	5.0E-30	T	07-05-2025	-	-	-	-
HFDHAJOI_04680	d46335bf5622d286c1fed55199de69ee	237	Pfam	PF07015	VirC1 protein	5	113	1.3E-11	T	07-05-2025	IPR009744	VirC1	-	-
HFDHAJOI_04680	d46335bf5622d286c1fed55199de69ee	237	Gene3D	G3DSA:3.40.50.300	-	4	234	1.3E-29	T	07-05-2025	IPR027417	P-loop containing nucleoside triphosphate hydrolase	-	-
HFDHAJOI_04680	d46335bf5622d286c1fed55199de69ee	237	CDD	cd02042	ParAB_family	5	133	3.16552E-21	T	07-05-2025	-	-	-	-
HFDHAJOI_04680	d46335bf5622d286c1fed55199de69ee	237	SUPERFAMILY	SSF52540	P-loop containing nucleoside triphosphate hydrolases	1	133	3.66E-23	T	07-05-2025	IPR027417	P-loop containing nucleoside triphosphate hydrolase	-	-
HFDHAJOI_04680	d46335bf5622d286c1fed55199de69ee	237	PANTHER	PTHR13696	P-LOOP CONTAINING NUCLEOSIDE TRIPHOSPHATE HYDROLASE	3	55	2.7E-17	T	07-05-2025	IPR050678	DNA Partitioning ATPase	-	-
HFDHAJOI_04680	d46335bf5622d286c1fed55199de69ee	237	PIRSF	PIRSF009320	Nuc_binding_HP_1000	2	236	6.9E-37	T	07-05-2025	-	-	-	-
HFDHAJOI_04772	053679561f62dd23ccb0a03dad6a0f86	88	Pfam	PF01527	Transposase	1	70	2.7E-17	T	07-05-2025	IPR002514	Transposase IS3/IS911family	GO:0003677(InterPro)|GO:0004803(InterPro)|GO:0006313(InterPro)	-
HFDHAJOI_04772	053679561f62dd23ccb0a03dad6a0f86	88	Coils	Coil	Coil	49	76	-	T	07-05-2025	-	-	-	-
HFDHAJOI_04772	053679561f62dd23ccb0a03dad6a0f86	88	SUPERFAMILY	SSF46689	Homeodomain-like	1	73	1.33E-13	T	07-05-2025	IPR009057	Homedomain-like superfamily	-	-
HFDHAJOI_04772	053679561f62dd23ccb0a03dad6a0f86	88	PANTHER	PTHR33609	LOW CALCIUM RESPONSE LOCUS PROTEIN S	1	86	5.0E-22	T	07-05-2025	IPR052546	Transposase_8_domain-containing_protein	-	-
HFDHAJOI_04724	7f1bcad75afdbc1bed34bd9385e2bf20	765	Gene3D	G3DSA:1.10.357.140	UbiA prenyltransferase	509	653	4.3E-14	T	07-05-2025	IPR044878	UbiA prenyltransferase superfamily	-	-
HFDHAJOI_04724	7f1bcad75afdbc1bed34bd9385e2bf20	765	Pfam	PF01040	UbiA prenyltransferase family	520	743	4.0E-19	T	07-05-2025	IPR000537	UbiA prenyltransferase	GO:0016020(InterPro)|GO:0016765(InterPro)	-
HFDHAJOI_04808	2b60494c95ce11c3058b0df57dc7d3df	268	CDD	cd00254	LT-like	108	209	5.22544E-41	T	07-05-2025	-	-	-	-
HFDHAJOI_04808	2b60494c95ce11c3058b0df57dc7d3df	268	Gene3D	G3DSA:1.10.530.10	-	89	220	1.5E-30	T	07-05-2025	-	-	-	-
HFDHAJOI_04808	2b60494c95ce11c3058b0df57dc7d3df	268	SUPERFAMILY	SSF53955	Lysozyme-like	107	208	1.2E-34	T	07-05-2025	IPR023346	Lysozyme-like domain superfamily	-	-
HFDHAJOI_04808	2b60494c95ce11c3058b0df57dc7d3df	268	PANTHER	PTHR37423	SOLUBLE LYTIC MUREIN TRANSGLYCOSYLASE-RELATED	88	212	6.5E-26	T	07-05-2025	-	-	-	-
HFDHAJOI_04808	2b60494c95ce11c3058b0df57dc7d3df	268	Pfam	PF01464	Transglycosylase SLT domain	108	202	2.4E-18	T	07-05-2025	IPR008258	Transglycosylase SLT domain 1	-	-
HFDHAJOI_04685	5aacfca612e266a7ea905dfc806abcb2	340	NCBIfam	TIGR02788	P-type DNA transfer ATPase VirB11	27	335	2.7E-106	T	07-05-2025	IPR014155	Type IV secretion system protein VirB11	GO:0043684(InterPro)|GO:0044097(InterPro)	-
HFDHAJOI_04685	5aacfca612e266a7ea905dfc806abcb2	340	SUPERFAMILY	SSF52540	P-loop containing nucleoside triphosphate hydrolases	19	324	2.0E-45	T	07-05-2025	IPR027417	P-loop containing nucleoside triphosphate hydrolase	-	-
HFDHAJOI_04685	5aacfca612e266a7ea905dfc806abcb2	340	Pfam	PF00437	Type II/IV secretion system protein	20	306	7.3E-34	T	07-05-2025	IPR001482	Type II/IV secretion system domain	-	-
HFDHAJOI_04685	5aacfca612e266a7ea905dfc806abcb2	340	Gene3D	G3DSA:3.40.50.300	-	125	340	1.5E-63	T	07-05-2025	IPR027417	P-loop containing nucleoside triphosphate hydrolase	-	-
HFDHAJOI_04685	5aacfca612e266a7ea905dfc806abcb2	340	Gene3D	G3DSA:3.30.450.90	-	17	121	4.8E-30	T	07-05-2025	-	-	-	-
HFDHAJOI_04685	5aacfca612e266a7ea905dfc806abcb2	340	CDD	cd01130	VirB11-like_ATPase	160	336	9.35752E-79	T	07-05-2025	-	-	-	-
HFDHAJOI_04685	5aacfca612e266a7ea905dfc806abcb2	340	PANTHER	PTHR30486	TWITCHING MOTILITY PROTEIN PILT	15	336	5.2E-61	T	07-05-2025	IPR050921	Type IV secretion system, general secretion pathway E ATPase	GO:0016887(InterPro)	-
HFDHAJOI_04695	4a790bf4a5430e66d1262526d48615de	324	PANTHER	PTHR37423	SOLUBLE LYTIC MUREIN TRANSGLYCOSYLASE-RELATED	157	280	6.4E-26	T	07-05-2025	-	-	-	-
HFDHAJOI_04695	4a790bf4a5430e66d1262526d48615de	324	SUPERFAMILY	SSF53955	Lysozyme-like	157	278	4.76E-36	T	07-05-2025	IPR023346	Lysozyme-like domain superfamily	-	-
HFDHAJOI_04695	4a790bf4a5430e66d1262526d48615de	324	Pfam	PF01464	Transglycosylase SLT domain	166	259	5.3E-18	T	07-05-2025	IPR008258	Transglycosylase SLT domain 1	-	-
HFDHAJOI_04695	4a790bf4a5430e66d1262526d48615de	324	CDD	cd00254	LT-like	181	275	2.20725E-36	T	07-05-2025	-	-	-	-
HFDHAJOI_04695	4a790bf4a5430e66d1262526d48615de	324	Gene3D	G3DSA:1.10.530.10	-	156	283	7.1E-33	T	07-05-2025	-	-	-	-
HFDHAJOI_04835	2d32c5cfb7abb616b9cf151d4252656d	120	PANTHER	PTHR35004	TRANSPOSASE RV3428C-RELATED	2	106	5.4E-13	T	07-05-2025	-	-	-	-
HFDHAJOI_04835	2d32c5cfb7abb616b9cf151d4252656d	120	ProSiteProfiles	PS50531	IS21 transposase-type HTH domain profile.	1	49	15.426	T	07-05-2025	IPR017894	HTH domain, IS21 transposase-type	-	-
HFDHAJOI_04854	85470024fb74a06755e0d16f771ccab2	340	Gene3D	G3DSA:3.40.50.1820	alpha/beta hydrolase	91	324	1.7E-17	T	07-05-2025	IPR029058	Alpha/Beta hydrolase fold	-	-
HFDHAJOI_04854	85470024fb74a06755e0d16f771ccab2	340	NCBIfam	NF047337	RcgR family putative quorum lactone hydrolase	1	331	3.0E-174	T	07-05-2025	-	-	-	-
HFDHAJOI_04854	85470024fb74a06755e0d16f771ccab2	340	SUPERFAMILY	SSF53474	alpha/beta-Hydrolases	101	312	7.87E-19	T	07-05-2025	IPR029058	Alpha/Beta hydrolase fold	-	-
HFDHAJOI_04761	35465556c60ffd9bd6f803b852bc4b2a	277	Gene3D	G3DSA:1.10.3720.10	-	1	269	3.5E-64	T	07-05-2025	IPR035906	MetI-like superfamily	-	-
HFDHAJOI_04761	35465556c60ffd9bd6f803b852bc4b2a	277	ProSiteProfiles	PS50928	ABC transporter integral membrane type-1 domain profile.	73	263	21.949141	T	07-05-2025	IPR000515	ABC transporter type 1, transmembrane domain MetI-like	GO:0016020(InterPro)|GO:0055085(InterPro)	-
HFDHAJOI_04761	35465556c60ffd9bd6f803b852bc4b2a	277	CDD	cd06261	TM_PBP2	73	255	3.8042E-15	T	07-05-2025	IPR000515	ABC transporter type 1, transmembrane domain MetI-like	GO:0016020(InterPro)|GO:0055085(InterPro)	-
HFDHAJOI_04761	35465556c60ffd9bd6f803b852bc4b2a	277	PANTHER	PTHR43744	ABC TRANSPORTER PERMEASE PROTEIN MG189-RELATED-RELATED	8	277	4.6E-85	T	07-05-2025	-	-	-	-
HFDHAJOI_04761	35465556c60ffd9bd6f803b852bc4b2a	277	Pfam	PF00528	Binding-protein-dependent transport system inner membrane component	93	269	2.1E-15	T	07-05-2025	IPR000515	ABC transporter type 1, transmembrane domain MetI-like	GO:0016020(InterPro)|GO:0055085(InterPro)	-
HFDHAJOI_04761	35465556c60ffd9bd6f803b852bc4b2a	277	SUPERFAMILY	SSF161098	MetI-like	2	277	5.36E-67	T	07-05-2025	IPR035906	MetI-like superfamily	-	-
HFDHAJOI_04704	f6b0f3aebeba828ba325ec189625e285	230	PANTHER	PTHR33835	YALI0C07656P	7	153	2.4E-31	T	07-05-2025	IPR025638	Protein of unknown function DUF4336	-	-
HFDHAJOI_04704	f6b0f3aebeba828ba325ec189625e285	230	Pfam	PF14234	Domain of unknown function (DUF4336)	25	152	1.6E-7	T	07-05-2025	IPR025638	Protein of unknown function DUF4336	-	-
HFDHAJOI_04704	f6b0f3aebeba828ba325ec189625e285	230	SUPERFAMILY	SSF56281	Metallo-hydrolase/oxidoreductase	20	228	6.09E-16	T	07-05-2025	IPR036866	Ribonuclease Z/Hydroxyacylglutathione hydrolase-like	-	-
