Column1,Column2,Column7,Column8,Column21
query,seed_ortholog,COG_category,Description,PFAMs
cluster_001_consensus_2,1156935.QWE_21037,C,FAD FMN-containing dehydrogenases,"FAD-oxidase_C,FAD_binding_4"
cluster_001_consensus_3,1156935.QWE_21032,K,FCD,"FCD,GntR"
cluster_001_consensus_4,1156935.QWE_21027,S,Fumarylacetoacetate (FAA) hydrolase family,FAA_hydrolase
cluster_001_consensus_5,1156935.QWE_21022,G,"TRAP-type C4-dicarboxylate transport system, small permease component",DctQ
cluster_001_consensus_6,1156935.QWE_21017,G,Permease,DctM
cluster_001_consensus_7,1156935.QWE_21012,G,"TRAP-type C4-dicarboxylate transport system, periplasmic component",DctP
cluster_001_consensus_8,1156935.QWE_21007,EG,Permeases of the drug metabolite transporter (DMT) superfamily,EamA
cluster_001_consensus_10,1156935.QWE_21002,G,Sugar (pentulose and hexulose) kinases,FGGY_N
cluster_001_consensus_11,1156935.QWE_20997,G,Involved in the anomeric conversion of L-rhamnose,rhaM
cluster_001_consensus_12,1156935.QWE_20992,G,Belongs to the binding-protein-dependent transport system permease family,BPD_transp_2
cluster_001_consensus_13,1156935.QWE_20987,G,Belongs to the binding-protein-dependent transport system permease family,BPD_transp_2
cluster_001_consensus_14,1156935.QWE_20982,G,Part of the ABC transporter complex RbsABC involved in ribose import. Responsible for energy coupling to the transport system,ABC_tran
cluster_001_consensus_15,1156935.QWE_20977,G,ABC transporter,Peripla_BP_4
cluster_001_consensus_16,1156935.QWE_20972,K,Transcriptional regulators of sugar metabolism,"DeoRC,HTH_DeoR"
cluster_001_consensus_17,1156935.QWE_20967,IQ,Short chain dehydrogenase,"Aldolase_II,adh_short_C2"
cluster_001_consensus_18,1156935.QWE_20962,S,homolog of Blt101,Pmp3
cluster_001_consensus_19,1156935.QWE_20957,M,sugar isomerase,AP_endonuc_2
cluster_001_consensus_20,1156935.QWE_20952,S,Belongs to the BI1 family,Bax1-I
cluster_001_consensus_21,1156935.QWE_20947,K,AntiSigma factor,zf-HC2
cluster_001_consensus_22,1156935.QWE_20942,K,Belongs to the sigma-70 factor family. ECF subfamily,"Sigma70_r2,Sigma70_r4_2"
cluster_001_consensus_23,1156935.QWE_20937,S,"Exopolysaccharide synthesis, ExoD",ExoD
cluster_001_consensus_24,1532558.JL39_11120,-,-,-
cluster_001_consensus_25,1156935.QWE_20922,S,protein conserved in bacteria,DUF475
cluster_001_consensus_26,1156935.QWE_20912,O,"redox protein, regulator of disulfide bond formation",OsmC
cluster_001_consensus_27,1156935.QWE_20907,T,sh3 domain protein,-
cluster_001_consensus_28,1156935.QWE_20902,M,penicillin-binding protein,"BiPBP_C,Transgly,Transpeptidase"
cluster_001_consensus_29,1156935.QWE_20897,S,Large extracellular alpha-helical protein,"A2M,A2M_N,A2M_N_2,MG1,PAN_1,Thiol-ester_cl"
cluster_001_consensus_30,1156935.QWE_20892,K,Transcriptional regulator,"HTH_1,LysR_substrate"
cluster_001_consensus_31,1156935.QWE_20887,I,acyl-CoA dehydrogenase,"Acyl-CoA_dh_1,Acyl-CoA_dh_M,Acyl-CoA_dh_N"
cluster_001_consensus_32,1156935.QWE_20882,T,diguanylate cyclase activity,-
cluster_001_consensus_33,1156935.QWE_20877,G,Belongs to the glycosyl hydrolase 13 family,"Alpha-amylase,CBM_48"
cluster_001_consensus_34,1156935.QWE_20872,S,Protein of unknwon function (DUF3008),DUF3008
cluster_001_consensus_35,1156935.QWE_20867,IQ,Dehydrogenases with different specificities (related to short-chain alcohol dehydrogenases),adh_short_C2
cluster_001_consensus_36,1156935.QWE_20862,S,MgtC family,MgtC
cluster_001_consensus_37,1156935.QWE_20857,-,-,-
cluster_001_consensus_38,1336235.JAEG01000012_gene4135,T,"Response regulator, receiver",Response_reg
cluster_001_consensus_39,1156935.QWE_20847,H,"riboflavin synthase, alpha",Lum_binding
cluster_001_consensus_40,1156935.QWE_20842,H,Belongs to the carbohydrate kinase PfkB family,PfkB
cluster_001_consensus_41,1156935.QWE_20837,U,Biopolymer transport proteins,MotA_ExbB
cluster_001_consensus_42,1156935.QWE_20832,U,Biopolymer transport protein,ExbD
cluster_001_consensus_43,1156935.QWE_20827,U,"Interacts with outer membrane receptor proteins that carry out high-affinity binding and energy dependent uptake into the periplasmic space of specific substrates. It could act to transduce energy from the cytoplasmic membrane to specific energy- requiring processes in the outer membrane, resulting in the release into the periplasm of ligands bound by these outer membrane proteins","TonB_2,TonB_C"
cluster_001_consensus_44,1156935.QWE_20817,C,Belongs to the aldehyde dehydrogenase family,Aldedh
cluster_001_consensus_45,1156935.QWE_20812,E,Oxidoreductase,DAO
cluster_001_consensus_46,1156935.QWE_21641,K,Transcriptional regulator,"HTH_1,LysR_substrate"
cluster_001_consensus_47,1156935.QWE_21636,S,Protein of unknown function (DUF3307),DUF3307
cluster_001_consensus_48,1156935.QWE_21631,E,Aminotransferase,"APH,Aminotran_3"
cluster_001_consensus_49,1156935.QWE_21626,F,Catalyzes the hydrolysis of 10-formyltetrahydrofolate (formyl-FH4) to formate and tetrahydrofolate (FH4),"ACT,ACT_6,Formyl_trans_N"
cluster_001_consensus_50,1336235.JAEG01000012_gene4158,M,Glycosyl transferase 4-like domain,"Glyco_trans_4_4,Glyco_transf_4,Glycos_transf_1"
cluster_001_consensus_51,1336235.JAEG01000012_gene4159,M,"transferase activity, transferring glycosyl groups","Glyco_transf_4,Glycos_transf_1"
cluster_001_consensus_52,1336235.JAEG01000012_gene4162,G,beta-mannosidase,-
cluster_001_consensus_53,1336235.JAEG01000012_gene4163,S,Domain of unknown function (DUF1839),DUF1839
cluster_001_consensus_54,1500306.JQLA01000007_gene6206,J,serine--tRNA ligase,tRNA-synt_2b
cluster_001_consensus_55,1336235.JAEG01000012_gene4165,I,acyl-CoA dehydrogenase,"Acyl-CoA_dh_1,Acyl-CoA_dh_N"
cluster_001_consensus_56,1370122.JHXQ01000026_gene142,IQ,acyl carrier protein,PP-binding
cluster_001_consensus_57,1156935.QWE_21556,C,"lysine 2,3-aminomutase","Fer4_12,Fer4_14,LAM_C,Radical_SAM"
cluster_001_consensus_58,1156935.QWE_21551,J,"COG2269 Truncated, possibly inactive, lysyl-tRNA synthetase (class II)",tRNA-synt_2
cluster_001_consensus_59,1156935.QWE_21546,J,"Involved in peptide bond synthesis. Stimulates efficient translation and peptide-bond synthesis on native or reconstituted 70S ribosomes in vitro. Probably functions indirectly by altering the affinity of the ribosome for aminoacyl-tRNA, thus increasing their reactivity as acceptors for peptidyl transferase","EFP,EFP_N,Elong-fact-P_C"
cluster_001_consensus_60,1156935.QWE_21541,S,small protein,DUF465
cluster_001_consensus_61,1156935.QWE_21536,K,LysR substrate binding domain,"HTH_1,LysR_substrate"
cluster_001_consensus_62,1156935.QWE_21531,C,Belongs to the aldehyde dehydrogenase family,Aldedh
cluster_001_consensus_63,1156935.QWE_21526,E,Belongs to the class-III pyridoxal-phosphate-dependent aminotransferase family,Aminotran_3
cluster_001_consensus_64,1156935.QWE_21521,K,Transcriptional regulator,"Cupin_2,HTH_31,MerR_1"
cluster_001_consensus_65,1156935.QWE_21516,MU,Outer membrane efflux protein,OEP
cluster_001_consensus_66,1156935.QWE_21511,V,efflux pump,ACR_tran
cluster_001_consensus_67,1156935.QWE_21506,M,Belongs to the membrane fusion protein (MFP) (TC 8.A.1) family,"HlyD,HlyD_D23"
cluster_001_consensus_68,1156935.QWE_21501,K,transcriptional regulator,TetR_N
cluster_001_consensus_69,1156935.QWE_21496,F,Belongs to the SAICAR synthetase family,SAICAR_synt
cluster_001_consensus_70,1156935.QWE_21491,P,Cobalt uptake substrate-specific transmembrane region,CbiM
cluster_001_consensus_71,1156935.QWE_21486,-,-,-
cluster_001_consensus_72,1122214.AQWH01000064_gene1877,L,Transposase,HTH_Tnp_1
cluster_001_consensus_73,1122214.AQWH01000064_gene1876,L,Integrase core domain,"HTH_21,rve,rve_3"
cluster_001_consensus_74,1370122.JHXQ01000004_gene2541,-,-,STAS_2
cluster_001_consensus_75,1336249.JADW01000009_gene1477,T,response regulator,Response_reg
cluster_001_consensus_76,311402.Avi_4316,NT,Histidine kinase,"CheW,H-kinase_dim,HATPase_c,Hpt,Response_reg"
cluster_001_consensus_77,1509405.GV67_19620,NT,Chemotaxis signal transduction protein,CheW
cluster_001_consensus_78,311402.Avi_7320,NT,chemotaxis protein,"4HB_MCP_1,HAMP,MCPsignal"
cluster_001_consensus_79,311402.Avi_7320,NT,chemotaxis protein,"4HB_MCP_1,HAMP,MCPsignal"
cluster_001_consensus_80,347834.RHE_CH03517,NT,Two component signalling adaptor domain,CheW
cluster_001_consensus_81,1370122.JHXQ01000004_gene2547,NT,Methylation of the membrane-bound methyl-accepting chemotaxis proteins (MCP) to form gamma-glutamyl methyl ester residues in MCP,"CheR,CheR_N"
cluster_001_consensus_82,861208.AGROH133_08629,NT,catalyzes the demethylation of specific methylglutamate residues introduced into the chemoreceptors (methyl-accepting chemotaxis proteins) by CheR,"CheB_methylest,Response_reg"
cluster_001_consensus_83,1144310.PMI07_004116,NT,transmembrane signaling receptor activity,-
cluster_001_consensus_84,366394.Smed_6028,T,Histidine kinase,"2CSK_N,HATPase_c,HisKA"
cluster_001_consensus_85,366394.Smed_6029,T,"Transcriptional regulatory protein, C terminal","Response_reg,Trans_reg_C"
cluster_001_consensus_86,366394.Smed_6036,S,Peptidase propeptide and YPEB domain,PepSY_2
cluster_001_consensus_87,366394.Smed_6037,C,Prokaryotic cytochrome b561,Ni_hydr_CYTB
cluster_001_consensus_88,366394.Smed_6033,S,"membrane-associated, metal-dependent hydrolase","DUF1705,Sulfatase"
cluster_001_consensus_89,411684.HPDFL43_13058,T,Putative diguanylate phosphodiesterase,"EAL,GGDEF,MHYT,PAS_7"
cluster_001_consensus_90,1336235.JAEG01000015_gene4443,P,"Part of the high-affinity ATP-driven potassium transport (or Kdp) system, which catalyzes the hydrolysis of ATP coupled with the electrogenic transport of potassium into the cytoplasm. This subunit binds and transports the potassium across the cytoplasmic membrane",KdpA
cluster_001_consensus_91,1509405.GV67_01370,P,"Part of the high-affinity ATP-driven potassium transport (or Kdp) system, which catalyzes the hydrolysis of ATP coupled with the electrogenic transport of potassium into the cytoplasm. This subunit is responsible for energy coupling to the transport system","E1-E2_ATPase,Hydrolase"
cluster_001_consensus_92,1509405.GV67_01365,P,"Part of the high-affinity ATP-driven potassium transport (or Kdp) system, which catalyzes the hydrolysis of ATP coupled with the electrogenic transport of potassium into the cytoplasm. This subunit acts as a catalytic chaperone that increases the ATP- binding affinity of the ATP-hydrolyzing subunit KdpB by the formation of a transient KdpB KdpC ATP ternary complex",KdpC
cluster_001_consensus_93,1509405.GV67_01360,T,Histidine kinase,"DUF4118,GAF_3,HATPase_c,HisKA,KdpD,Usp"
cluster_001_consensus_94,1336235.JAEG01000015_gene4439,T,Response regulators consisting of a CheY-like receiver domain and a winged-helix DNA-binding domain,"Response_reg,Trans_reg_C"
cluster_001_consensus_95,1156935.QWE_07311,G,Dihydroxyacetone kinase,"Dak1,Dak2"
cluster_001_consensus_96,1156935.QWE_07306,E,Belongs to the ABC transporter superfamily,"ABC_tran,TOBE_2"
cluster_001_consensus_97,1156935.QWE_07301,E,Belongs to the ABC transporter superfamily,"ABC_tran,TOBE_2"
cluster_001_consensus_98,1041147.AUFB01000007_gene462,-,-,-
cluster_001_consensus_99,1156935.QWE_07291,G,"ABC-type sugar transport system, permease component",BPD_transp_1
cluster_001_consensus_100,1156935.QWE_07286,G,"ABC-type sugar transport systems, permease components",BPD_transp_1
cluster_001_consensus_101,1156935.QWE_07281,G,ABC transporter substrate-binding protein,"SBP_bac_1,SBP_bac_8"
cluster_001_consensus_102,1156935.QWE_07276,K,helix_turn _helix lactose operon repressor,"LacI,Peripla_BP_4"
cluster_001_consensus_103,1156935.QWE_19093,V,efflux pump,ACR_tran
cluster_001_consensus_104,1156935.QWE_19088,M,Belongs to the membrane fusion protein (MFP) (TC 8.A.1) family,"Biotin_lipoyl_2,HlyD_3,HlyD_D23"
cluster_001_consensus_105,1156935.QWE_19083,I,Esterase,Abhydrolase_3
cluster_001_consensus_106,1156935.QWE_19078,K,transcriptional regulator,"HTH_1,LysR_substrate"
cluster_001_consensus_107,311402.Avi_7242,E,Gamma-glutamyltranspeptidase,G_glu_transpept
cluster_001_consensus_108,311402.Avi_7241,E,Binding-protein-dependent transport system inner membrane component,BPD_transp_1
cluster_001_consensus_109,311402.Avi_7240,E,ABC transporter (Permease,BPD_transp_1
cluster_001_consensus_110,311402.Avi_7239,ET,Bacterial periplasmic substrate-binding proteins,SBP_bac_3
cluster_001_consensus_111,311402.Avi_7238,K,Transcriptional regulator,"FCD,GntR"
cluster_001_consensus_112,1156935.QWE_07031,K,Transcriptional regulator,"HTH_1,LysR_substrate"
cluster_001_consensus_113,1156935.QWE_07036,S,Bile acid,SBF_like
cluster_001_consensus_114,1500257.JQNM01000012_gene5804,-,-,-
cluster_001_consensus_115,1500257.JQNM01000012_gene5803,S,Tetratricopeptide repeat,-
cluster_001_consensus_116,1500257.JQNM01000012_gene5802,S,Bacterial cellulose synthase subunit,BcsB
cluster_001_consensus_117,1410620.SHLA_33c000540,M,Glycosyl transferase family 21,"Cellulose_synt,Glycos_transf_2,PilZ"
cluster_001_consensus_118,1028800.RG540_PA04210,K,LysR substrate binding domain,"HTH_1,LysR_substrate"
cluster_001_consensus_119,1041138.KB890257_gene2492,O,DSBA-like thioredoxin domain,DSBA
cluster_001_consensus_120,1079460.ATTQ01000001_gene5693,S,Metallo-beta-lactamase superfamily,Lactamase_B
cluster_001_consensus_121,1028801.RG1141_PA04440,S,SnoaL-like domain,SnoaL_2
cluster_001_consensus_122,1156935.QWE_21621,G,Belongs to the glycosyl hydrolase 5 (cellulase A) family,Cellulase
cluster_001_consensus_123,1123319.AUBE01000010_gene4290,K,Transcriptional regulator containing an amidase domain and an AraC-type DNA-binding HTH domain,"DJ-1_PfpI,HTH_18"
cluster_001_consensus_124,314231.FP2506_04521,M,Cellulose synthase,"Cellulose_synt,Glyco_tranf_2_3,Glycos_transf_2,PilZ"
cluster_001_consensus_125,314231.FP2506_04526,S,Bacterial cellulose synthase subunit,BcsB
cluster_001_consensus_126,426355.Mrad2831_4797,G,PFAM glycoside hydrolase family 8,Glyco_hydro_8
cluster_001_consensus_127,314231.FP2506_04536,S,Tetratricopeptide repeat,TPR_16
cluster_001_consensus_128,861208.AGROH133_14472,S,protein conserved in bacteria,DUF892
cluster_001_consensus_129,861208.AGROH133_09495,P,serves to protect cells from the toxic effects of hydrogen peroxide,"Catalase,Catalase-rel"
cluster_001_consensus_130,311402.Avi_1195,T,cheY-homologous receiver domain,Response_reg
cluster_001_consensus_131,311402.Avi_1193,T,Histidine kinase,"HATPase_c,HATPase_c_2,HisKA_2,PAS_4"
cluster_001_consensus_132,216596.RL1165,-,-,PepSY_2
cluster_001_consensus_133,1144310.PMI07_006363,S,Cation transport regulator,-
cluster_001_consensus_134,1509405.GV67_01410,Q,de-polymerase,Esterase_phd
cluster_001_consensus_135,311402.Avi_7275,-,-,-
cluster_001_consensus_136,1461694.ATO9_09390,S,CAAX protease self-immunity,Abi
cluster_001_consensus_137,288000.BBta_3181,S,CAAX protease self-immunity,Abi
cluster_001_consensus_138,288000.BBta_3181,S,CAAX protease self-immunity,Abi
cluster_001_consensus_139,1461694.ATO9_09380,G,Alpha beta hydrolase,"Abhydrolase_1,Abhydrolase_4"
cluster_001_consensus_140,1156935.QWE_12613,-,-,-
cluster_001_consensus_141,1156935.QWE_12618,O,"peptidase, M13","Peptidase_M13,Peptidase_M13_N"
cluster_001_consensus_142,1156935.QWE_12623,-,-,-
cluster_001_consensus_143,1156935.QWE_12628,T,sh3 domain protein,SH3_3
cluster_001_consensus_144,1156935.QWE_12633,K,LysR substrate binding domain,"HTH_1,LysR_substrate"
cluster_001_consensus_145,1156935.QWE_12638,M,protein conserved in bacteria,YkuD
cluster_001_consensus_146,1156935.QWE_24220,M,secretion protein,"Biotin_lipoyl_2,HlyD,HlyD_3"
cluster_001_consensus_147,1156935.QWE_24135,Q,COG2931 RTX toxins and related Ca2 -binding proteins,"CAP,HemolysinCabind,Peptidase_M10_C"
cluster_001_consensus_148,1156935.QWE_24130,V,"ABC-type protease lipase transport system, ATPase and permease components","ABC_membrane,ABC_tran"
cluster_001_consensus_149,1156935.QWE_21911,Q,COG2931 RTX toxins and related Ca2 -binding proteins,"An_peroxidase,HemolysinCabind,Peptidase_S8,W_rich_C"
cluster_001_consensus_150,1156935.QWE_21916,T,Histidine kinase,"HATPase_c,HATPase_c_2,HisKA_3"
cluster_001_consensus_151,1156935.QWE_21921,T,"helix_turn_helix, Lux Regulon","GerE,Response_reg"
cluster_001_consensus_152,1156935.QWE_04543,Q,"protocatechuate 3,4-dioxygenase, beta subunit","Dioxygenase_C,Dioxygenase_N"
cluster_001_consensus_153,1156935.QWE_04538,CH,FAD binding domain,FAD_binding_3
cluster_001_consensus_154,1156935.QWE_04533,E,Belongs to the binding-protein-dependent transport system permease family,BPD_transp_2
cluster_001_consensus_155,1156935.QWE_04528,E,Belongs to the binding-protein-dependent transport system permease family,BPD_transp_2
cluster_001_consensus_156,1156935.QWE_04523,E,Branched-chain amino acid transport,ABC_tran
cluster_001_consensus_157,1156935.QWE_04518,E,ATPases associated with a variety of cellular activities,"ABC_tran,BCA_ABC_TP_C"
cluster_001_consensus_158,1156935.QWE_04513,E,ABC transporter substrate-binding protein,"Peripla_BP_6,TAT_signal"
cluster_001_consensus_159,1156935.QWE_04508,C,"Alcohol dehydrogenase, class IV",Fe-ADH
cluster_001_consensus_160,1156935.QWE_04503,Q,Catechol dioxygenase N terminus,"Dioxygenase_C,Dioxygenase_N"
cluster_001_consensus_161,1156935.QWE_04498,K,Transcriptional regulator,"HTH_1,LysR_substrate"
cluster_001_consensus_162,1156935.QWE_04493,E,ABC transporter substrate-binding protein,Peripla_BP_6
cluster_001_consensus_163,1156935.QWE_04488,S,Phospholipase/Carboxylesterase,Abhydrolase_2
cluster_001_consensus_164,1156935.QWE_04483,E,Glyoxalase/Bleomycin resistance protein/Dioxygenase superfamily,Glyoxalase
cluster_001_consensus_165,1156935.QWE_04478,K,Transcriptional regulator,"HTH_1,LysR_substrate"
cluster_001_consensus_166,1156935.QWE_04428,G,"ABC-type sugar transport system, periplasmic component","SBP_bac_1,SBP_bac_8"
cluster_001_consensus_167,1156935.QWE_04423,G,Binding-protein-dependent transport system inner membrane component,BPD_transp_1
cluster_001_consensus_168,1156935.QWE_04418,G,Binding-protein-dependent transport system inner membrane component,BPD_transp_1
cluster_001_consensus_169,1156935.QWE_04413,E,Belongs to the ABC transporter superfamily,"ABC_tran,TOBE_2"
cluster_001_consensus_170,1156935.QWE_04408,G,Alpha-L-arabinofuranosidase C-terminus,Alpha-L-AF_C
cluster_001_consensus_171,1156935.QWE_04403,K,transcriptional regulator,"HTH_20,HTH_5"
cluster_001_consensus_172,1156935.QWE_04398,P,"COG4638 Phenylpropionate dioxygenase and related ring-hydroxylating dioxygenases, large terminal subunit","PaO,Rieske,Ring_hydroxyl_A"
cluster_001_consensus_173,1156935.QWE_04393,K,FCD,"FCD,GntR"
cluster_001_consensus_174,1156935.QWE_04388,C,Oxidoreductase NAD-binding domain,"FAD_binding_6,Fer2,NAD_binding_1"
cluster_001_consensus_175,1156935.QWE_04383,K,Transcriptional,"LacI,Peripla_BP_3"
cluster_001_consensus_176,1156935.QWE_04378,S,oxidoreductase,"GFO_IDH_MocA,GFO_IDH_MocA_C"
cluster_001_consensus_177,1156935.QWE_04373,G,Xylose isomerase-like TIM barrel,AP_endonuc_2
cluster_001_consensus_178,1156935.QWE_04368,G,"ABC-type sugar transport system, periplasmic component","SBP_bac_1,SBP_bac_8"
cluster_001_consensus_179,1156935.QWE_04363,G,permease,BPD_transp_1
cluster_001_consensus_180,1156935.QWE_04358,G,"ABC-type sugar transport system, permease component",BPD_transp_1
cluster_001_consensus_181,1156935.QWE_04353,E,Belongs to the ABC transporter superfamily,"ABC_tran,TOBE_2"
cluster_001_consensus_182,1156935.QWE_04348,E,glutamine synthetase,Gln-synt_C
cluster_001_consensus_183,1156935.QWE_04343,E,Belongs to the glutamate synthase family,Glu_synthase
cluster_001_consensus_184,1156935.QWE_04338,C,GXGXG motif,GXGXG
cluster_001_consensus_185,1156935.QWE_04333,F,Glutamine amidotransferase domain,GATase_6
cluster_001_consensus_186,1156935.QWE_04328,K,Cro/C1-type HTH DNA-binding domain,"Cupin_2,HTH_3"
cluster_001_consensus_187,1156935.QWE_04323,S,Conserved hypothetical protein 698,Cons_hypoth698
cluster_001_consensus_188,1156935.QWE_04318,G,"TRAP-type C4-dicarboxylate transport system, periplasmic component",DctP
cluster_001_consensus_189,1156935.QWE_04313,G,"Tripartite ATP-independent periplasmic transporter, DctM component",DctM
cluster_001_consensus_190,1156935.QWE_04308,G,COG3090 TRAP-type C4-dicarboxylate transport system small permease component,DctQ
cluster_001_consensus_191,1156935.QWE_04303,K,"Conserved protein domain typically associated with flavoprotein oxygenases, DIM6 NTAB family",Flavin_Reduct
cluster_001_consensus_192,1156935.QWE_04298,S,Aldo/keto reductase family,Aldo_ket_red
cluster_001_consensus_193,1156935.QWE_04293,C,Catalyzes the desulfonation of aliphatic sulfonates,Bac_luciferase
cluster_001_consensus_194,1156935.QWE_04288,K,UTRA,"GntR,UTRA"
cluster_001_consensus_195,1156935.QWE_04283,S,Oxidoreductase,"GFO_IDH_MocA,GFO_IDH_MocA_C"
cluster_001_consensus_196,1156935.QWE_04278,G,Domain of unknown function (DUF3459),"Alpha-amylase,CBM_48,DUF3459,Glyco_hydro_77"
cluster_001_consensus_197,1156935.QWE_04273,S,B12-binding,B12-binding
cluster_001_consensus_198,1156935.QWE_04268,H,Catalyzes the acyloin condensation reaction between C atoms 2 and 3 of pyruvate and glyceraldehyde 3-phosphate to yield 1-deoxy-D-xylulose-5-phosphate (DXP),"DXP_synthase_N,Transket_pyr,Transketolase_C"
cluster_001_consensus_199,1156935.QWE_04263,C,cytochrome,Cytochrom_C
cluster_001_consensus_200,1156935.QWE_04258,T,TspO/MBR family,TspO_MBR
cluster_001_consensus_201,1156935.QWE_04253,-,-,-
cluster_001_consensus_202,1156935.QWE_04248,C,geranylgeranyl reductase,"FAD_binding_3,Lycopene_cycl,NAD_binding_8,Pyr_redox_2"
cluster_001_consensus_203,1156935.QWE_04243,G,Major Facilitator,PUCC
cluster_001_consensus_204,1156935.QWE_04238,H,Bacteriochlorophyll chlorophyll,UbiA
cluster_001_consensus_205,1156935.QWE_04233,T,Transcriptional regulator,"HTH_8,PAS,PAS_4,PAS_8,PAS_9"
cluster_001_consensus_206,1156935.QWE_04228,S,cobalamin binding,-
cluster_001_consensus_207,1156935.QWE_04223,S,2-vinyl bacteriochlorophyllide hydratase,BCHF
cluster_001_consensus_208,1156935.QWE_04218,C,Component of the dark-operative protochlorophyllide reductase (DPOR) that uses Mg-ATP and reduced ferredoxin to reduce ring D of protochlorophyllide (Pchlide) to form chlorophyllide a (Chlide). This reaction is light-independent. The NB-protein (BchN-BchB) is the catalytic component of the complex,Oxidored_nitro
cluster_001_consensus_209,1156935.QWE_04213,C,Component of the dark-operative protochlorophyllide reductase (DPOR) that uses Mg-ATP and reduced ferredoxin to reduce ring D of protochlorophyllide (Pchlide) to form chlorophyllide a (Chlide). This reaction is light-independent. The NB-protein (BchN-BchB) is the catalytic component of the complex,"Oxidored_nitro,PCP_red"
cluster_001_consensus_210,1156935.QWE_04208,H,Cobalamin biosynthesis protein CobN and related Mg-chelatases,"CobN-Mg_chel,DUF3479"
cluster_001_consensus_211,1156935.QWE_04203,D,"The key enzymatic reactions in nitrogen fixation are catalyzed by the nitrogenase complex, which has 2 components the iron protein and the molybdenum-iron protein",Fer4_NifH
cluster_001_consensus_212,1156935.QWE_04198,H,Magnesium-protoporphyrin IX methyltransferase domain protein,"MTS,Mg-por_mtran_C,PrmA"
cluster_001_consensus_213,1156935.QWE_04193,EGP,Major facilitator superfamily,PUCC
cluster_001_consensus_214,1156935.QWE_04188,S,photosynthetic reaction center H subunit,"PRC,PRCH"
cluster_001_consensus_215,1156935.QWE_04183,S,Bacterial PH domain,bPH_2
cluster_001_consensus_216,1156935.QWE_04178,S,Photosynthetic complex assembly protein,-
cluster_001_consensus_217,1156935.QWE_04173,-,-,-
cluster_001_consensus_218,1156935.QWE_04168,H,"Catalyzes the formation of the isocyclic ring in chlorophyll biosynthesis. Mediates the cyclase reaction, which results in the formation of divinylprotochlorophyllide (Pchlide) characteristic of all chlorophylls from magnesium-protoporphyrin IX 13-monomethyl ester (MgPMME)",Rubrerythrin
cluster_001_consensus_219,1156935.QWE_04163,S,Photosynthetic complex assembly protein 2,DUF3623
cluster_001_consensus_220,1156935.QWE_04158,E,5-aminolevulinic acid synthase,Aminotran_1_2
cluster_001_consensus_221,1156935.QWE_04153,I,"Catalyzes the 1,3-allylic rearrangement of the homoallylic substrate isopentenyl (IPP) to its highly electrophilic allylic isomer, dimethylallyl diphosphate (DMAPP)",NUDIX
cluster_001_consensus_222,1156935.QWE_04148,C,The reaction center of purple bacteria contains a tightly bound cytochrome molecule which re-reduces the photo oxidized primary electron donor,CytoC_RC
cluster_001_consensus_223,1156935.QWE_04143,C,The reaction center is a membrane-bound complex that mediates the initial photochemical event in the electron transfer process of photosynthesis,Photo_RC
cluster_001_consensus_224,1156935.QWE_04138,S,photosynthetic reaction center L subunit,Photo_RC
cluster_001_consensus_225,1156935.QWE_04133,C,"Antenna complexes are light-harvesting systems, which transfer the excitation energy to the reaction centers",LHC
cluster_001_consensus_226,1156935.QWE_04128,C,"Antenna complexes are light-harvesting systems, which transfer the excitation energy to the reaction centers",LHC
cluster_001_consensus_228,1156935.QWE_04118,C,chlorophyllide reductase subunit Z,"Oxidored_nitro,PCP_red"
cluster_001_consensus_229,1156935.QWE_04113,C,Chlorophyllide reductase subunit Y,Oxidored_nitro
cluster_001_consensus_230,1156935.QWE_04108,D,"The key enzymatic reactions in nitrogen fixation are catalyzed by the nitrogenase complex, which has 2 components the iron protein and the molybdenum-iron protein",Fer4_NifH
cluster_001_consensus_231,1156935.QWE_04103,E,Dehydrogenase,ADH_N
cluster_001_consensus_232,1156935.QWE_04098,Q,O-methyltransferase,"Dimerisation2,Methyltransf_2"
cluster_001_consensus_233,1156935.QWE_04093,H,Belongs to the FPP GGPP synthase family,polyprenyl_synt
cluster_001_consensus_234,1156935.QWE_04088,Q,COG1233 Phytoene dehydrogenase and related proteins,Amino_oxidase
cluster_001_consensus_235,1156935.QWE_04083,S,hydroxyneurosporene synthase,-
cluster_001_consensus_237,1156935.QWE_04078,I,Squalene/phytoene synthase,SQS_PSY
cluster_001_consensus_238,1156935.QWE_04073,Q,Flavin containing amine oxidoreductase,Amino_oxidase
cluster_001_consensus_239,1156935.QWE_04068,I,Alpha beta hydrolase,"Abhydrolase_1,Abhydrolase_6"
cluster_001_consensus_240,1156935.QWE_04063,H,introduces a magnesium ion into protoporphyrin IX to yield Mg-protoporphyrin IX,"VWA,VWA_2"
cluster_001_consensus_241,1156935.QWE_04058,H,introduces a magnesium ion into protoporphyrin IX to yield Mg-protoporphyrin IX,Mg_chelatase
cluster_001_consensus_242,1156935.QWE_04053,V,Belongs to the resistance-nodulation-cell division (RND) (TC 2.A.6) family,ACR_tran
cluster_001_consensus_243,1156935.QWE_04048,M,Belongs to the membrane fusion protein (MFP) (TC 8.A.1) family,"Biotin_lipoyl_2,HlyD_3,HlyD_D23"
cluster_001_consensus_244,1156935.QWE_04043,P,Protein of unknown function (DUF2892),DUF2892
cluster_001_consensus_245,1156935.QWE_04038,K,"helix_turn_helix, Arsenical Resistance Operon Repressor","HTH_20,HTH_5"
cluster_001_consensus_246,1156935.QWE_04033,S,Putative phosphatase (DUF442),DUF442
cluster_001_consensus_247,1156935.QWE_04028,-,-,-
cluster_001_consensus_248,1156935.QWE_04023,NT,Two component signalling adaptor domain,CheW
cluster_001_consensus_250,1156935.QWE_04013,M,Alginate lyase,Alginate_lyase
cluster_001_consensus_251,1156935.QWE_04008,S,Sel1-like repeats.,Sel1
cluster_001_consensus_252,1156935.QWE_04003,S,Alginate O-acetyl transferase AlgF,AlgF
cluster_001_consensus_253,1156935.QWE_03998,M,"SGNH hydrolase-like domain, acetyltransferase AlgX",ALGX
cluster_001_consensus_254,1156935.QWE_03993,-,-,-
cluster_001_consensus_255,1156935.QWE_03988,S,"SGNH hydrolase-like domain, acetyltransferase AlgX",ALGX
cluster_001_consensus_256,1156935.QWE_03983,M,"Membrane bound O-acyl transferase, MBOAT family protein",MBOAT
cluster_001_consensus_257,1156935.QWE_03978,P,Periplasmic copper-binding protein (NosD),Beta_helix
cluster_001_consensus_258,1156935.QWE_03973,M,Mannose-6-phosphate isomerase,"MannoseP_isomer,NTP_transferase"
cluster_001_consensus_259,1156935.QWE_03968,-,-,-
cluster_001_consensus_260,1156935.QWE_03963,M,Glycosyltransferase like family 2,Glyco_tranf_2_3
cluster_001_consensus_261,1156935.QWE_03958,M,Belongs to the UDP-glucose GDP-mannose dehydrogenase family,"UDPG_MGDP_dh,UDPG_MGDP_dh_C,UDPG_MGDP_dh_N"
cluster_001_consensus_262,1156935.QWE_03953,K,COG2197 Response regulator containing a CheY-like receiver domain and an HTH DNA-binding domain,GerE
cluster_001_consensus_263,1156935.QWE_03948,D,"Cobyrinic acid a,c-diamide synthase","AAA_31,CbiA,VirC1"
cluster_001_consensus_264,1156935.QWE_03943,G,ABC transporter,Peripla_BP_4
cluster_001_consensus_265,1156935.QWE_03938,G,ABC transporter,ABC_tran
cluster_001_consensus_266,1156935.QWE_03933,G,Belongs to the binding-protein-dependent transport system permease family,BPD_transp_2
cluster_001_consensus_267,1156935.QWE_03928,G,Belongs to the binding-protein-dependent transport system permease family,BPD_transp_2
cluster_001_consensus_268,1156935.QWE_03923,K,transcriptional,"FCD,GntR"
cluster_001_consensus_269,1156935.QWE_03918,K,gntR family,"FCD,GntR"
cluster_001_consensus_270,1156935.QWE_03913,E,Belongs to the ABC transporter superfamily,"ABC_tran,TOBE_2"
cluster_001_consensus_271,1156935.QWE_03908,E,ABC transporter substrate-binding protein,SBP_bac_8
cluster_001_consensus_272,1156935.QWE_03903,E,"ABC-type spermidine putrescine transport system, permease component I",BPD_transp_1
cluster_001_consensus_273,1156935.QWE_03898,E,"ABC-type spermidine putrescine transport system, permease component II",BPD_transp_1
cluster_001_consensus_274,1156935.QWE_03893,E,Hydantoin racemase,Asp_Glu_race
cluster_001_consensus_275,1156935.QWE_03888,K,Acetyltransferase,"Acetyltransf_1,Acetyltransf_10"
cluster_001_consensus_276,1156935.QWE_03883,S,acetyltransferase,Acetyltransf_1
cluster_001_consensus_277,1156935.QWE_03878,GK,ROK family,ROK
cluster_001_consensus_278,1156935.QWE_03873,G,Belongs to the metallo-dependent hydrolases superfamily. NagA family,Amidohydro_1
cluster_001_consensus_279,1156935.QWE_03868,M,glucosamine-fructose-6-phosphate aminotransferase,SIS
cluster_001_consensus_280,1156935.QWE_03863,K,transcriptional,"GntR,UTRA"
cluster_001_consensus_281,1156935.QWE_03858,S,Oxidoreductase,"GFO_IDH_MocA,GFO_IDH_MocA_C"
cluster_001_consensus_282,1156935.QWE_03853,G,"ABC-type sugar transport systems, permease components",BPD_transp_1
cluster_001_consensus_283,1156935.QWE_03848,G,"ABC-type sugar transport system, permease component",BPD_transp_1
cluster_001_consensus_284,1156935.QWE_03843,G,"ABC-type sugar transport system, periplasmic component","SBP_bac_1,SBP_bac_8"
cluster_001_consensus_285,1156935.QWE_03838,E,Belongs to the ABC transporter superfamily,"ABC_tran,TOBE_2"
cluster_001_consensus_286,1156935.QWE_03833,S,Glutathione-dependent formaldehyde-activating enzyme,GFA
cluster_001_consensus_287,1156935.QWE_03818,E,amino acid aldolase or racemase,"Ala_racemase_N,D-ser_dehydrat"
cluster_001_consensus_288,1156935.QWE_03813,S,Involved in peptidolytic degradation of cyclic heptapeptide hepatotoxin microcystin (MC),"DUF1485,MlrC_C"
cluster_001_consensus_289,1156935.QWE_03808,-,-,-
cluster_001_consensus_290,1156935.QWE_03803,J,Endoribonuclease L-PSP,Ribonuc_L-PSP
cluster_001_consensus_291,1156935.QWE_03798,K,"Helix-turn-helix domain, rpiR family","HTH_6,SIS"
cluster_001_consensus_292,1156935.QWE_03793,IQ,Dehydrogenases with different specificities (related to short-chain alcohol dehydrogenases),adh_short_C2
cluster_001_consensus_293,1156935.QWE_03788,G,beta-N-acetylhexosaminidase,"Glyco_hydro_20,Glyco_hydro_20b"
cluster_001_consensus_294,1156935.QWE_03783,S,Involved in peptidolytic degradation of cyclic heptapeptide hepatotoxin microcystin (MC),"DUF1485,MlrC_C"
cluster_001_consensus_295,1156935.QWE_03778,G,Permeases of the major facilitator superfamily,"MFS_1,MFS_2"
cluster_001_consensus_296,1156935.QWE_03773,P,Participates in the control of copper homeostasis,CutC
cluster_001_consensus_297,1156935.QWE_03768,T,"signal transduction protein containing a membrane domain, an EAL and a GGDEF domain","EAL,GGDEF"
cluster_001_consensus_298,1156935.QWE_03763,O,Bacterial protein of unknown function (DUF922),DUF922
cluster_001_consensus_299,1156935.QWE_03758,I,Belongs to the thiolase family,"Thiolase_C,Thiolase_N"
cluster_001_consensus_300,1156935.QWE_03753,I,"Acyl CoA acetate 3-ketoacid CoA transferase, beta subunit",CoA_trans
cluster_001_consensus_301,1156935.QWE_03748,I,"Acyl CoA acetate 3-ketoacid CoA transferase, alpha subunit",CoA_trans
cluster_001_consensus_302,1156935.QWE_03743,K,Transcriptional regulator,"HTH_IclR,IclR"
cluster_001_consensus_303,1156935.QWE_03738,K,Transcriptional regulator,"HTH_1,LysR_substrate"
cluster_001_consensus_304,1156935.QWE_03733,I,hydrolases or acyltransferases (alpha beta hydrolase superfamily),"Abhydrolase_1,Abhydrolase_6,CMD"
cluster_001_consensus_305,1156935.QWE_03728,S,decarboxylase,CMD
cluster_001_consensus_306,1156935.QWE_03723,Q,"protocatechuate 3,4-dioxygenase","Dioxygenase_C,PCDO_beta_N"
cluster_001_consensus_307,1156935.QWE_03718,Q,"protocatechuate 3,4-dioxygenase",Dioxygenase_C
cluster_001_consensus_308,1156935.QWE_03713,F,"3-carboxy-cis,cis-muconate cycloisomerase","ADSL_C,Lyase_1"
cluster_001_consensus_309,1156935.QWE_03708,S,Transmembrane anti-sigma factor,zf-HC2
cluster_001_consensus_310,1156935.QWE_03703,K,Belongs to the sigma-70 factor family. ECF subfamily,"Sigma70_r2,Sigma70_r4_2"
cluster_001_consensus_311,1156935.QWE_03698,S,Protein of unknown function (DUF3429),DUF3429
cluster_001_consensus_312,1156935.QWE_03693,S,NAD FAD-dependent oxidoreductase,"Amino_oxidase,NAD_binding_8"
cluster_001_consensus_313,1156935.QWE_03688,K,"Transcriptional regulator, LysR family","HTH_1,LysR_substrate"
cluster_001_consensus_314,1156935.QWE_03683,CP,"NADH ubiquinone oxidoreductase subunit 5 (chain L) Multisubunit Na H antiporter, MnhA subunit","Proton_antipo_M,Proton_antipo_N"
cluster_001_consensus_315,1156935.QWE_03678,S,Belongs to the UPF0753 family,DUF2309
cluster_001_consensus_316,1156935.QWE_03673,S,"unsaturated glucuronyl hydrolase involved in regulation of bacterial surface properties, and related proteins",Glyco_hydro_88
cluster_001_consensus_317,1156935.QWE_03668,G,Belongs to the glycosyl hydrolase 28 family,Glyco_hydro_28
cluster_001_consensus_318,1156935.QWE_03663,G,"ABC-type sugar transport system, periplasmic component","SBP_bac_1,SBP_bac_8"
cluster_001_consensus_319,1156935.QWE_03658,P,Belongs to the ABC transporter superfamily,"ABC_tran,TOBE_2"
cluster_001_consensus_320,1156935.QWE_03653,P,"ABC-type sugar transport system, permease component",BPD_transp_1
cluster_001_consensus_321,1156935.QWE_03648,G,"ABC-type sugar transport systems, permease components",BPD_transp_1
cluster_001_consensus_322,1156935.QWE_03643,G,melibiose metabolic process,"Glyco_hydro_4,Glyco_hydro_4C"
cluster_001_consensus_323,1156935.QWE_03638,K,AraC-type DNA-binding domain-containing proteins,"AraC_binding,HTH_18"
cluster_001_consensus_324,1156935.QWE_03633,G,"Catalyzes the isomerization of 5-dehydro-4-deoxy-D- glucuronate to 3-deoxy-D-glycero-2,5-hexodiulosonate",KduI
cluster_001_consensus_325,1156935.QWE_03628,T,methyl-accepting chemotaxis protein,"HAMP,MCPsignal"
cluster_001_consensus_326,1156935.QWE_03623,T,Signal transduction histidine kinase regulating C4-dicarboxylate transport system,"HATPase_c,HisKA,dCache_1"
cluster_001_consensus_327,1156935.QWE_03618,T,"Response regulator containing CheY-like receiver, AAA-type ATPase, and DNA-binding domains","HTH_8,Response_reg,Sigma54_activat"
cluster_001_consensus_328,1500301.JQMF01000004_gene3411,S,protein conserved in bacteria,TctC
cluster_001_consensus_329,1500304.JQKY01000003_gene201,S,Tripartite tricarboxylate transporter TctB family,TctB
cluster_001_consensus_330,1082932.ATCR1_16398,S,protein conserved in bacteria,TctA
cluster_001_consensus_331,1156935.QWE_03603,P,Bacterial extracellular solute-binding protein,"SBP_bac_1,SBP_bac_11,SBP_bac_6"
cluster_001_consensus_332,1156935.QWE_03598,T,Two-component sensor kinase N-terminal,"2CSK_N,HATPase_c,HisKA,SBP_bac_11"
cluster_001_consensus_333,1156935.QWE_03593,T,Response regulators consisting of a CheY-like receiver domain and a winged-helix DNA-binding domain,"Response_reg,Trans_reg_C"
cluster_001_consensus_334,311403.Arad_3072,M,TupA-like ATPgrasp,ATPgrasp_TupA
cluster_001_consensus_335,1156935.QWE_03588,-,-,-
cluster_001_consensus_336,1156935.QWE_03583,T,Putative diguanylate phosphodiesterase,EAL
cluster_001_consensus_337,1156935.QWE_03563,G,"Alpha amylase, catalytic domain",Alpha-amylase
cluster_001_consensus_338,1156935.QWE_03558,S,Protein of unknown function (DUF982),DUF982
cluster_001_consensus_339,1156935.QWE_03553,G,pfkB family carbohydrate kinase,PfkB
cluster_001_consensus_340,1156935.QWE_03548,K,transcriptional,"LacI,Peripla_BP_1,Peripla_BP_3"
cluster_001_consensus_341,1156935.QWE_03543,G,Trehalose utilization protein,ThuA
cluster_001_consensus_342,1156935.QWE_03538,S,Oxidoreductase,"GFO_IDH_MocA,GFO_IDH_MocA_C"
cluster_001_consensus_343,1156935.QWE_03533,S,2-dehydrogenase,"GFO_IDH_MocA,GFO_IDH_MocA_C"
cluster_001_consensus_345,1156935.QWE_03528,K,Transcriptional regulator,"HTH_6,SIS"
cluster_001_consensus_346,1156935.QWE_03523,G,Uncharacterized protein conserved in bacteria (DUF2090),"DUF2090,PfkB"
cluster_001_consensus_347,1156935.QWE_03518,E,Belongs to the TPP enzyme family,"TPP_enzyme_C,TPP_enzyme_M,TPP_enzyme_N"
cluster_001_consensus_348,1156935.QWE_03513,G,Sugar phosphate isomerases epimerases,AP_endonuc_2
cluster_001_consensus_349,1336235.JAEG01000015_gene4493,-,-,-
cluster_001_consensus_350,1156935.QWE_03503,G,enzyme involved in inositol metabolism,KduI
cluster_001_consensus_351,1156935.QWE_03498,S,Protein of unknown function (DUF3833),DUF3833
cluster_001_consensus_352,1156935.QWE_03493,S,HI0933-like protein,HI0933_like
cluster_001_consensus_353,1156935.QWE_03488,E,Aspartate tyrosine aromatic aminotransferase,Aminotran_1_2
cluster_001_consensus_354,1156935.QWE_03483,K,LysR substrate binding domain,"HTH_1,LysR_substrate"
cluster_001_consensus_355,1156935.QWE_03478,E,Belongs to the arginase family,Arginase
cluster_001_consensus_356,1156935.QWE_03473,E,Bacterial extracellular solute-binding protein,SBP_bac_8
cluster_001_consensus_357,1156935.QWE_03458,E,Part of the ABC transporter complex potABCD involved in spermidine putrescine import. Responsible for energy coupling to the transport system,"ABC_tran,TOBE_2"
cluster_001_consensus_358,1156935.QWE_03453,E,Binding-protein-dependent transport system inner membrane component,BPD_transp_1
cluster_001_consensus_359,1156935.QWE_03448,E,Binding-protein-dependent transport system inner membrane component,BPD_transp_1
cluster_001_consensus_360,1156935.QWE_03443,E,Belongs to the GMC oxidoreductase family,"GMC_oxred_C,GMC_oxred_N"
cluster_001_consensus_361,1156935.QWE_03438,I,Methylmalonyl-CoA mutase,"B12-binding,MM_CoA_mutase"
cluster_001_consensus_362,1156935.QWE_03433,K,transcriptional regulators containing the CopG Arc MetJ DNA-binding domain,ParD_antitoxin
cluster_001_consensus_363,1156935.QWE_03428,S,Plasmid stabilization system,-
cluster_001_consensus_364,1156935.QWE_03423,I,propionyl-CoA carboxylase,"Biotin_carb_C,Biotin_carb_N,Biotin_lipoyl,CPSase_L_D2"
cluster_001_consensus_365,1156935.QWE_03413,-,-,-
cluster_001_consensus_366,492774.JQMB01000003_gene2921,-,-,-
cluster_001_consensus_367,1156935.QWE_03403,O,Glutathione S-transferase,"GST_C,GST_C_2,GST_N"
cluster_001_consensus_368,1156935.QWE_03388,I,"Acetyl-CoA carboxylase, carboxyltransferase component (subunits alpha and beta)",Carboxyl_trans
cluster_001_consensus_369,1156935.QWE_03383,K,transcriptional,"DUF2083,HTH_3,HTH_31,Peptidase_M78"
cluster_001_consensus_370,1122963.AUHB01000011_gene1381,S,Protein  of unknown function (DUF3018),DUF3018
cluster_001_consensus_371,1122963.AUHB01000011_gene1382,T,"PemK-like, MazF-like toxin of type II toxin-antitoxin system",PemK_toxin
cluster_001_consensus_372,1156935.QWE_03373,I,enoyl-CoA hydratase,ECH_2
cluster_001_consensus_373,1156935.QWE_03368,CH,D-isomer specific 2-hydroxyacid dehydrogenase,"2-Hacid_dh,2-Hacid_dh_C"
cluster_001_consensus_374,1156935.QWE_03363,O,"Glutathione S-transferase, N-terminal domain","GST_C,GST_N_3"
cluster_001_consensus_375,1156935.QWE_03358,P,Rieske [2Fe-2S] domain,Rieske
cluster_001_consensus_376,1500301.JQMF01000022_gene5637,-,-,-
cluster_001_consensus_377,1156935.QWE_03348,P,Rieske (2fe-2S),-
cluster_001_consensus_378,1156935.QWE_03343,S,Belongs to the UPF0337 (CsbD) family,CsbD
cluster_001_consensus_379,1156935.QWE_03338,S,Bacterial protein of unknown function (DUF883),DUF883
cluster_001_consensus_380,311402.Avi_6003,-,-,-
cluster_001_consensus_381,1156935.QWE_03328,-,-,-
cluster_001_consensus_382,1156935.QWE_03323,T,response regulator,"Response_reg,Sigma70_r4_2"
cluster_001_consensus_383,1156935.QWE_03318,T,Histidine kinase,"HWE_HK,PAS_4"
cluster_001_consensus_384,1156935.QWE_03313,S,protein conserved in bacteria,"Peptidase_Mx,zinc-ribbon_6"
cluster_001_consensus_385,1156935.QWE_03308,-,-,-
cluster_001_consensus_388,861208.AGROH133_13039,-,-,-
cluster_001_consensus_389,1156935.QWE_03288,K,Belongs to the sigma-70 factor family. ECF subfamily,"Sigma70_r2,Sigma70_r4_2"
cluster_001_consensus_390,1336235.JAEG01000021_gene3409,S,cheY-homologous receiver domain,-
cluster_001_consensus_391,1156935.QWE_03278,K,cAMP-binding proteins - catabolite gene activator and regulatory subunit of cAMP-dependent protein kinases,"HTH_Crp_2,cNMP_binding"
cluster_001_consensus_393,1156935.QWE_03268,C,The transhydrogenation between NADH and NADP is coupled to respiration and ATP hydrolysis and functions as a proton pump across the membrane,"AlaDh_PNT_C,AlaDh_PNT_N,PNTB_4TM"
cluster_001_consensus_394,1156935.QWE_03263,C,The transhydrogenation between NADH and NADP is coupled to respiration and ATP hydrolysis and functions as a proton pump across the membrane,PNTB
cluster_001_consensus_395,1381123.AYOD01000021_gene1968,M,Outer membrane protein beta-barrel domain,OMP_b-brl
cluster_001_consensus_396,1156935.QWE_03248,Q,"COG0179 2-keto-4-pentenoate hydratase 2-oxohepta-3-ene-1,7-dioic acid hydratase (catechol pathway)",FAA_hydrolase
cluster_001_consensus_397,1156935.QWE_03243,IQ,Dehydrogenases with different specificities (related to short-chain alcohol dehydrogenases),adh_short_C2
cluster_001_consensus_398,1156935.QWE_03238,K,transcriptional regulator,"HTH_IclR,IclR"
cluster_001_consensus_399,1156935.QWE_03233,S,metal-dependent hydrolase of the TIM-barrel fold,Amidohydro_2
cluster_001_consensus_400,1156935.QWE_03228,K,"Bacterial regulatory proteins, tetR family",TetR_N
cluster_001_consensus_401,1156935.QWE_03223,S,Amidohydrolase family,Amidohydro_3
cluster_001_consensus_402,1156935.QWE_03218,S,Amidohydrolase family,Amidohydro_3
cluster_001_consensus_403,1156935.QWE_03213,V,Beta-lactamase,Beta-lactamase
cluster_001_consensus_404,1156935.QWE_03208,E,Bacterial extracellular solute-binding protein,SBP_bac_8
cluster_001_consensus_405,1156935.QWE_03203,E,Binding-protein-dependent transport system inner membrane component,BPD_transp_1
cluster_001_consensus_406,1410620.SHLA_38c000200,E,Binding-protein-dependent transport system inner membrane component,BPD_transp_1
cluster_001_consensus_407,1156935.QWE_15237,E,Part of the ABC transporter complex PotABCD involved in spermidine putrescine import. Responsible for energy coupling to the transport system,"ABC_tran,TOBE_2"
cluster_001_consensus_408,1156935.QWE_15232,J,Amidase,Amidase
cluster_001_consensus_409,1156935.QWE_15227,E,"Zn-dependent dipeptidase, microsomal dipeptidase",Peptidase_M19
cluster_001_consensus_410,1156935.QWE_15222,P,Phosphonate metabolism,"Amidohydro_1,Amidohydro_3"
cluster_001_consensus_411,1156935.QWE_15217,C,Catalyzes the formation of acetyl phosphate from acetate and ATP. Can also catalyze the reverse reaction,Acetate_kinase
cluster_001_consensus_412,1156935.QWE_15212,CI,Phosphate acetyl/butaryl transferase,"MaoC_dehydratas,PTA_PTB"
cluster_001_consensus_413,1156935.QWE_15207,EQ,peptidase,Peptidase_S58
cluster_001_consensus_414,1156935.QWE_15202,I,Acid phosphatase homologues,PAP2
cluster_001_consensus_415,1156935.QWE_15192,EP,"ABC-type dipeptide oligopeptide nickel transport systems, permease components","BPD_transp_1,OppC_N"
cluster_001_consensus_416,1156935.QWE_15187,EP,"ABC-type dipeptide oligopeptide nickel transport systems, permease components",BPD_transp_1
cluster_001_consensus_417,1156935.QWE_15182,E,"ABC-type dipeptide transport system, periplasmic component",SBP_bac_5
cluster_001_consensus_418,1156935.QWE_15177,S,Peptidase dimerisation domain,"M20_dimer,Peptidase_M20"
cluster_001_consensus_419,1156935.QWE_15172,P,Belongs to the ABC transporter superfamily,"ABC_tran,oligo_HPY"
cluster_001_consensus_420,1156935.QWE_15167,-,-,-
cluster_001_consensus_421,1156935.QWE_15162,S,Carbon-nitrogen hydrolase,CN_hydrolase
cluster_001_consensus_422,1156935.QWE_15157,E,protein involved in cysteine,EI24
cluster_001_consensus_423,1156935.QWE_15152,L,"DNA repair enzyme that has both DNA N-glycosylase activity and AP-lyase activity. The DNA N-glycosylase activity releases various damaged pyrimidines from DNA by cleaving the N- glycosidic bond, leaving an AP (apurinic apyrimidinic) site. The AP-lyase activity cleaves the phosphodiester bond 3' to the AP site by a beta-elimination, leaving a 3'-terminal unsaturated sugar and a product with a terminal 5'-phosphate","EndIII_4Fe-2S,HhH-GPD"
cluster_001_consensus_424,1156935.QWE_15147,S,integral membrane protein,DUF2244
cluster_001_consensus_425,1156935.QWE_15142,KL,Methyltransferase,"DNA_binding_1,HTH_18"
cluster_001_consensus_426,1281779.H009_17813,K,Bacterial antitoxin of ParD toxin-antitoxin type II system and RHH,ParD_antitoxin
cluster_001_consensus_427,1281779.H009_17818,S,COG3668 Plasmid stabilization system protein,ParE_toxin
cluster_001_consensus_428,1156935.QWE_15127,K,transcriptional regulator,"HTH_23,Sugar-bind"
cluster_001_consensus_429,1156935.QWE_15122,G,Transaldolase is important for the balance of metabolites in the pentose-phosphate pathway,TAL_FSA
cluster_001_consensus_430,384765.SIAM614_09823,S,Glutathione-dependent formaldehyde-activating,GFA
cluster_001_consensus_432,1156935.QWE_15112,-,-,-
cluster_001_consensus_433,1156935.QWE_15107,C,Belongs to the aldehyde dehydrogenase family,Aldedh
cluster_001_consensus_434,1156935.QWE_15102,E,ABC transporter permease,BPD_transp_1
cluster_001_consensus_435,1156935.QWE_15097,E,spermidine putrescine,BPD_transp_1
cluster_001_consensus_436,1156935.QWE_15092,P,Belongs to the ABC transporter superfamily,"ABC_tran,TOBE_2"
cluster_001_consensus_437,1156935.QWE_15087,E,Spermidine putrescine ABC transporter substrate-binding protein,SBP_bac_8
cluster_001_consensus_438,1156935.QWE_15082,K,transcriptional regulator,"HTH_1,LysR_substrate"
cluster_001_consensus_439,1156935.QWE_15077,EG,Permeases of the drug metabolite transporter (DMT) superfamily,EamA
cluster_001_consensus_440,1156935.QWE_15072,P,Anion-transporting ATPase,"ArsA_ATPase,CbiA"
cluster_001_consensus_441,1156935.QWE_15067,P,"ABC-type Mn2 Zn2 transport systems, permease components",ABC-3
cluster_001_consensus_442,1156935.QWE_15062,P,"ABC-type Mn2 Zn2 transport systems, permease components",ABC-3
cluster_001_consensus_443,1156935.QWE_15057,P,"ABC-type Mn Zn transport systems, ATPase component",ABC_tran
cluster_001_consensus_444,1156935.QWE_15052,P,Belongs to the bacterial solute-binding protein 9 family,ZnuA
cluster_001_consensus_445,1156935.QWE_15047,-,-,-
cluster_001_consensus_446,1279038.KB907337_gene122,K,transcriptional regulator,"HTH_1,LysR_substrate"
cluster_001_consensus_447,1279038.KB907337_gene123,S,4-oxalocrotonate tautomerase,Tautomerase_2
cluster_001_consensus_448,1156935.QWE_15042,J,Belongs to the class-II aminoacyl-tRNA synthetase family,"tRNA-synt_2,tRNA_anti-codon"
cluster_001_consensus_449,1156935.QWE_15037,J,Catalyzes the attachment of glutamate to tRNA(Glu) in a two-step reaction glutamate is first activated by ATP to form Glu-AMP and then transferred to the acceptor end of tRNA(Glu),tRNA-synt_1c
cluster_001_consensus_450,1156935.QWE_15032,P,Di- and tricarboxylate transporters,"CitMHS,Na_sulph_symp,TrkA_C"
cluster_001_consensus_451,1156935.QWE_15027,P,"Membrane protein TerC, possibly involved in tellurium resistance",TerC
cluster_001_consensus_452,1156935.QWE_15022,K,Transcriptional regulator,"TetR_C_7,TetR_N"
cluster_001_consensus_453,1156935.QWE_15017,V,Multidrug resistance efflux pump,"Biotin_lipoyl_2,HlyD,HlyD_3,HlyD_D23"
cluster_001_consensus_454,1156935.QWE_15012,EGP,Major facilitator superfamily,MFS_1
cluster_001_consensus_455,1156935.QWE_15007,K,LacI family,"LacI,Peripla_BP_4"
cluster_001_consensus_456,1156935.QWE_15002,G,Xylulose kinase,"FGGY_C,FGGY_N"
cluster_001_consensus_457,1156935.QWE_14997,G,Belongs to the xylose isomerase family,-
cluster_001_consensus_458,1156935.QWE_14992,K,Transcription elongation factor,GreA_GreB
cluster_001_consensus_459,1156935.QWE_14987,K,transcriptional,"LacI,Peripla_BP_3"
cluster_001_consensus_460,1156935.QWE_14982,G,ABC transporter,ABC_tran
cluster_001_consensus_461,1156935.QWE_14977,G,Belongs to the binding-protein-dependent transport system permease family,BPD_transp_2
cluster_001_consensus_462,1156935.QWE_14972,G,ABC transporter substrate-binding protein,Peripla_BP_4
cluster_001_consensus_463,1156935.QWE_14967,G,Sugar phosphate isomerases epimerases,"AP_endonuc_2,AP_endonuc_2_N"
cluster_001_consensus_464,1156935.QWE_14962,S,COG0110 Acetyltransferase (isoleucine patch superfamily),Hexapep
cluster_001_consensus_465,1156935.QWE_14957,S,oxidoreductase,"GFO_IDH_MocA,GFO_IDH_MocA_C"
cluster_001_consensus_466,1156935.QWE_14952,G,beta-glucosidase,Glyco_hydro_1
cluster_001_consensus_467,1156935.QWE_14947,K,HxlR-like helix-turn-helix,HxlR
cluster_001_consensus_468,1156935.QWE_14942,C,Nitroreductase family,Nitroreductase
cluster_001_consensus_469,1156935.QWE_14937,T,GGDEF domain,"CHASE4,EAL,GGDEF"
cluster_001_consensus_470,1156935.QWE_14927,S,Belongs to the UPF0176 family,Rhodanese
cluster_001_consensus_471,1156935.QWE_14922,E,"ABC-type dipeptide transport system, periplasmic component",SBP_bac_5
cluster_001_consensus_472,1156935.QWE_14917,EP,Binding-protein-dependent transport system inner membrane component,BPD_transp_1
cluster_001_consensus_473,1156935.QWE_14912,EP,Binding-protein-dependent transport system inner membrane component,BPD_transp_1
cluster_001_consensus_474,1156935.QWE_14907,P,ATPases associated with a variety of cellular activities,ABC_tran
cluster_001_consensus_475,1156935.QWE_14902,S,CHAD,CHAD
cluster_001_consensus_476,1156935.QWE_14897,S,CYTH,CYTH
cluster_001_consensus_477,1156935.QWE_14892,G,Aldolase,Aldolase
cluster_001_consensus_478,1156935.QWE_14887,S,protein conserved in bacteria,DUF533
cluster_001_consensus_479,1156935.QWE_14882,J,Acetyltransferase (GNAT) domain,Acetyltransf_3
cluster_001_consensus_480,1500259.JQLD01000007_gene2611,-,-,-
cluster_001_consensus_481,1156935.QWE_14872,P,Belongs to the NiCoT transporter (TC 2.A.52) family,NicO
cluster_001_consensus_482,1156935.QWE_14867,S,"transport system, periplasmic component",DUF1007
cluster_001_consensus_483,1156935.QWE_14862,K,transcriptional regulator,"HTH_1,LysR_substrate"
cluster_001_consensus_484,1156935.QWE_14857,E,Belongs to the Orn Lys Arg decarboxylase class-II family,"Orn_Arg_deC_N,Orn_DAP_Arg_deC"
cluster_001_consensus_485,1156935.QWE_14852,S,-acetyltransferase,Acetyltransf_1
cluster_001_consensus_486,1156935.QWE_14847,M,Outer membrane protein W,OmpW
cluster_001_consensus_487,1156935.QWE_14837,M,Outer membrane protein beta-barrel domain,OMP_b-brl
cluster_001_consensus_488,1156935.QWE_14832,NT,chemotaxis protein,"HAMP,MCPsignal"
cluster_001_consensus_489,1156935.QWE_14827,U,FOG WD40 repeat,"ANAPC4_WD40,PD40,WD40"
cluster_001_consensus_490,1156935.QWE_14822,S,cobalamin synthesis protein,"CobW_C,cobW"
cluster_001_consensus_491,1156935.QWE_14817,S,Toxic component of a toxin-antitoxin (TA) module. An RNase,PIN
cluster_001_consensus_492,1156935.QWE_14812,D,positive regulation of growth,PhdYeFM_antitox
cluster_001_consensus_493,1156935.QWE_14807,S,Creatinine amidohydrolase,Creatininase
cluster_001_consensus_494,1156935.QWE_14802,K,transcriptional regulator,"MarR,MarR_2"
cluster_001_consensus_495,1156935.QWE_14797,K,transcriptional,"LacI,Peripla_BP_3"
cluster_001_consensus_496,1156935.QWE_14792,CH,Belongs to the D-isomer specific 2-hydroxyacid dehydrogenase family,"2-Hacid_dh,2-Hacid_dh_C"
cluster_001_consensus_497,1156935.QWE_14787,-,-,-
cluster_001_consensus_498,1156935.QWE_14782,Q,Part of the tripartite ATP-independent periplasmic (TRAP) transport system,DctP
cluster_001_consensus_499,1156935.QWE_14777,Q,"TRAP-type mannitol chloroaromatic compound transport system, large permease component",DctM
cluster_001_consensus_500,1156935.QWE_14772,U,"Tripartite ATP-independent periplasmic transporters, DctQ component",DctQ
cluster_001_consensus_501,1156935.QWE_14767,T,"signal transduction protein containing a membrane domain, an EAL and a GGDEF domain","EAL,GGDEF,PAS_7"
cluster_001_consensus_502,1156935.QWE_14762,QT,Acyl-homoserine-lactone synthase,-
cluster_001_consensus_503,1156935.QWE_14757,S,aa3 type cytochrome c oxidase subunit IV,COX4_pro_2
cluster_001_consensus_504,1156935.QWE_14752,S,GlcNAc transferase,"TPR_1,TPR_11,TPR_2,TPR_8"
cluster_001_consensus_505,1028800.RG540_CH31330,J,Belongs to the bacterial ribosomal protein bS21 family,Ribosomal_S21
cluster_001_consensus_506,1156935.QWE_14742,E,sarcosine oxidase,DAO
cluster_001_consensus_507,1156935.QWE_14737,E,"Sarcosine oxidase, delta subunit",SoxD
cluster_001_consensus_508,1156935.QWE_14732,E,Belongs to the GcvT family,"Fer2_4,GCV_T,GCV_T_C,Pyr_redox_2"
cluster_001_consensus_509,1156935.QWE_14727,E,"Sarcosine oxidase, gamma subunit",SoxG
cluster_001_consensus_510,1280944.HY17_15195,-,-,-
cluster_001_consensus_511,1156935.QWE_14712,S,protein conserved in bacteria,DUF2332
cluster_001_consensus_512,1156935.QWE_14707,I,nodulation protein,MaoC_dehydratas
cluster_001_consensus_513,1156935.QWE_14702,G,Belongs to the glycosyl hydrolase 13 family,"Alpha-amylase,CBM_48"
cluster_001_consensus_514,1156935.QWE_14697,S,Arsenical resistance protein,FMN_red
cluster_001_consensus_515,1156935.QWE_14692,P,arsenate reductase,ArsC
cluster_001_consensus_516,690585.JNNU01000009_gene692,G,Belongs to the MIP aquaporin (TC 1.A.8) family,MIP
cluster_001_consensus_517,1156935.QWE_14682,T,Belongs to the low molecular weight phosphotyrosine protein phosphatase family,"HTH_20,LMWPc"
cluster_001_consensus_518,1156935.QWE_14677,K,Helix-turn-helix domain,HTH_20
cluster_001_consensus_519,1156935.QWE_14672,G,Phosphoglucomutase,"PGM_PMM_I,PGM_PMM_II,PGM_PMM_III,PGM_PMM_IV"
cluster_001_consensus_520,1156935.QWE_14667,G,"Synthesizes alpha-1,4-glucan chains using ADP-glucose","Glyco_transf_5,Glycos_transf_1"
cluster_001_consensus_521,1156935.QWE_14662,H,"Catalyzes the synthesis of ADP-glucose, a sugar donor used in elongation reactions on alpha-glucans",NTP_transferase
cluster_001_consensus_522,1156935.QWE_14657,G,"Catalyzes the formation of the alpha-1,6-glucosidic linkages in glycogen by scission of a 1,4-alpha-linked oligosaccharide from growing alpha-1,4-glucan chains and the subsequent attachment of the oligosaccharide to the alpha-1,6 position","Alpha-amylase,Alpha-amylase_C,CBM_48"
cluster_001_consensus_523,1156935.QWE_14652,G,"Phosphorylase is an important allosteric enzyme in carbohydrate metabolism. Enzymes from different sources differ in their regulatory mechanisms and in their natural substrates. However, all known phosphorylases share catalytic and structural properties",Phosphorylase
cluster_001_consensus_524,1156935.QWE_14647,U,Von Willebrand factor type A,"Tad,VWA"
cluster_001_consensus_525,1156935.QWE_14642,E,Transglutaminase-like,"Bact_transglu_N,Transglut_core"
cluster_001_consensus_526,1156935.QWE_14637,S,Circularly permuted ATP-grasp type 2,"Alpha-E,CP_ATPgrasp_2"
cluster_001_consensus_527,1156935.QWE_14632,E,Transglutaminase-like,"Bact_transglu_N,DUF2126,Transglut_core"
cluster_001_consensus_528,1156935.QWE_14627,GM,Belongs to the mannose-6-phosphate isomerase type 2 family,"MannoseP_isomer,NTP_transferase"
cluster_001_consensus_529,1156935.QWE_14622,Q,"2-keto-4-pentenoate hydratase 2-oxohepta-3-ene-1,7-dioic acid hydratase (catechol pathway)",FAA_hydrolase
cluster_001_consensus_530,1156935.QWE_14617,S,PFAM Uncharacterised protein family (UPF0153),-
cluster_001_consensus_531,316055.RPE_2598,S,BrnA antitoxin of type II toxin-antitoxin system,BrnA_antitoxin
cluster_001_consensus_532,1535287.JP74_10540,S,"Ribonuclease toxin, BrnT, of type II toxin-antitoxin system",BrnT_toxin
cluster_001_consensus_533,1156935.QWE_14612,T,response regulator,Response_reg
cluster_001_consensus_534,1156935.QWE_14607,E,N-formylglutamate amidohydrolase,FGase
cluster_001_consensus_535,1156935.QWE_14602,G,inositol mono-phosphatase,Inositol_P
cluster_001_consensus_536,1156935.QWE_14597,I,Lysophospholipase,Hydrolase_4
cluster_001_consensus_537,1156935.QWE_14592,O,Belongs to the small heat shock protein (HSP20) family,HSP20
cluster_001_consensus_538,1156935.QWE_14587,S,membrane,DoxX
cluster_001_consensus_539,1156935.QWE_14582,S,Putative DNA-binding domain,DUF2063
cluster_001_consensus_540,1156935.QWE_14577,S,Belongs to the UPF0276 family,DUF692
cluster_001_consensus_541,1156935.QWE_14572,S,Predicted integral membrane protein (DUF2282),DUF2282
cluster_001_consensus_542,1156935.QWE_14567,E,Catalyzes the cleavage of L-allo-threonine and L- threonine to glycine and acetaldehyde,Beta_elim_lyase
cluster_001_consensus_543,1156935.QWE_14562,E,glutamate synthase,"GATase_2,GXGXG,Glu_syn_central,Glu_synthase"
cluster_001_consensus_544,1041139.KB902691_gene864,-,-,-
cluster_001_consensus_545,1156935.QWE_14552,E,glutamate synthase,"Fer4_20,Pyr_redox_2"
cluster_001_consensus_546,1156935.QWE_14547,S,protein conserved in bacteria,DUF459
cluster_001_consensus_547,1156935.QWE_14542,M,Lytic murein transglycosylase,"PG_binding_1,SLT_2"
cluster_001_consensus_548,1156935.QWE_14537,M,UTP-glucose-1-phosphate uridylyltransferase,NTP_transferase
cluster_001_consensus_549,1156935.QWE_14532,S,Putative beta-barrel porin 2,BBP2_2
cluster_001_consensus_550,1156935.QWE_14527,M,Belongs to the SIS family. GutQ KpsF subfamily,"CBS,SIS"
cluster_001_consensus_551,1287116.X734_00540,S,"ParE toxin of type II toxin-antitoxin system, parDE",ParE_toxin
cluster_001_consensus_552,1287116.X734_00535,K,".,Oxidizes proline to glutamate for use as a carbon and nitrogen source",-
cluster_001_consensus_553,1156935.QWE_14522,OU,Membrane protein implicated in regulation of membrane protease activity,NfeD
cluster_001_consensus_554,1156935.QWE_14517,O,"Membrane protease subunits, stomatin prohibitin homologs","Band_7,Band_7_C"
cluster_001_consensus_555,1156935.QWE_14512,NT,chemotaxis protein,"4HB_MCP_1,CHASE3,HAMP,MCPsignal"
cluster_001_consensus_556,1156935.QWE_14507,ET,ABC-type amino acid transport signal transduction systems periplasmic component domain,-
cluster_001_consensus_557,1156935.QWE_14502,H,Catalyzes the ferrous insertion into protoporphyrin IX,Ferrochelatase
cluster_001_consensus_558,1156935.QWE_14497,F,Belongs to the 5'-nucleotidase family,"5_nucleotid_C,LysM,Metallophos"
cluster_001_consensus_559,1156935.QWE_14492,-,-,-
cluster_001_consensus_560,1156935.QWE_14487,Q,Homospermidine synthase,"Sacchrp_dh_C,Sacchrp_dh_NADP"
cluster_001_consensus_561,1156935.QWE_14482,S,Protein of unknown function (DUF3445),DUF3445
cluster_001_consensus_562,395492.Rleg2_4060,S,HicB_like antitoxin of bacterial toxin-antitoxin system,HicB_lk_antitox
cluster_001_consensus_563,1112212.JH584235_gene758,N,"HicA toxin of bacterial toxin-antitoxin,",HicA_toxin
cluster_001_consensus_564,1336235.JAEG01000006_gene865,S,YCII-related domain,YCII
cluster_001_consensus_565,1211777.BN77_p10413,-,-,-
cluster_001_consensus_566,1156935.QWE_14462,EH,Branched-chain amino acid aminotransferase 4-amino-4-deoxychorismate lyase,Aminotran_4
cluster_001_consensus_567,1156935.QWE_14457,EH,component I,"Aminotran_4,Chorismate_bind"
cluster_001_consensus_568,1156935.QWE_14452,E,Oligoendopeptidase F,"Peptidase_M3,Peptidase_M3_N"
cluster_001_consensus_569,1156935.QWE_14447,T,"Response regulator containing CheY-like receiver, AAA-type ATPase, and DNA-binding domains","HTH_8,Response_reg,Sigma54_activ_2,Sigma54_activat"
cluster_001_consensus_570,1156935.QWE_14442,NU,protein conserved in bacteria,Peptidase_M15_2
cluster_001_consensus_571,1156935.QWE_14437,S,Belongs to the UPF0335 family,DUF2312
cluster_001_consensus_572,1156935.QWE_14432,S,protein conserved in bacteria,DUF1244
cluster_001_consensus_573,1156935.QWE_14427,E,N-formylglutamate amidohydrolase,FGase
cluster_001_consensus_574,1156935.QWE_14422,S,integral membrane protein,DUF1036
cluster_001_consensus_575,1156935.QWE_14417,G,Belongs to the pyruvate kinase family,"PK,PK_C"
cluster_001_consensus_576,1156935.QWE_14412,S,Alpha beta hydrolase,"Abhydrolase_1,Abhydrolase_6"
cluster_001_consensus_577,1156935.QWE_14397,S,FOG TPR repeat,"TPR_16,TPR_2,TPR_6,TPR_8"
cluster_001_consensus_578,1156935.QWE_14392,J,Belongs to the bacterial ribosomal protein bL36 family,Ribosomal_L36
cluster_001_consensus_579,1156935.QWE_14387,F,Catalyzes the ATP-dependent conversion of 5- aminoimidazole ribonucleotide (AIR) and HCO(3)(-) to N5- carboxyaminoimidazole ribonucleotide (N5-CAIR),ATP-grasp
cluster_001_consensus_580,1156935.QWE_14382,F,Catalyzes the conversion of N5-carboxyaminoimidazole ribonucleotide (N5-CAIR) to 4-carboxy-5-aminoimidazole ribonucleotide (CAIR),AIRC
cluster_001_consensus_581,1156935.QWE_14377,S,Protein of unknown function (DUF465),DUF465
cluster_001_consensus_582,1156935.QWE_14372,S,Protein of unknown function (DUF465),DUF465
cluster_001_consensus_583,1156935.QWE_14367,K,Transcriptional regulator,"HTH_20,HTH_5"
cluster_001_consensus_584,1156935.QWE_14362,S,membrane transporter protein,TauE
cluster_001_consensus_585,1156935.QWE_14357,H,Thiamine monophosphate,TMP-TENI
cluster_001_consensus_586,1156935.QWE_14352,S,"FOG TPR repeat, SEL1 subfamily",Sel1
cluster_001_consensus_587,1156935.QWE_14347,S,Domain of unknown function (DUF4010),"DUF4010,MgtC"
cluster_001_consensus_588,1156935.QWE_14342,G,"Archaeal fructose-1,6-bisphosphatase and related enzymes of inositol monophosphatase family",Inositol_P
cluster_001_consensus_589,1156935.QWE_14337,S,MotA TolQ ExbB proton channel family,MotA_ExbB
cluster_001_consensus_590,1156935.QWE_14332,N,flagellar motor protein,OmpA
cluster_001_consensus_591,1156935.QWE_14327,S,dehydrogenase,FAD_binding_2
cluster_001_consensus_592,216596.RL4019,S,protein conserved in bacteria,TctC
cluster_001_consensus_593,1156935.QWE_14322,V,"ABC-type multidrug transport system, ATPase and permease components","ABC_membrane,ABC_tran"
cluster_001_consensus_594,1156935.QWE_14317,J,50S ribosomal protein L31,Ribosomal_L31
cluster_001_consensus_595,1156935.QWE_14307,S,Protein of unknown function (DUF1465),DUF1465
cluster_001_consensus_596,1336235.JAEG01000006_gene836,S,Protein of unknown function (DUF1192),DUF1192
cluster_001_consensus_597,1156935.QWE_14297,EGP,Major facilitator superfamily,"MFS_1,Sugar_tr"
cluster_001_consensus_598,1156935.QWE_14292,-,-,-
cluster_001_consensus_599,1156935.QWE_14287,S,membrane,BTP
cluster_001_consensus_600,1156935.QWE_14282,S,phenazine biosynthesis protein,PhzC-PhzF
cluster_001_consensus_601,1156935.QWE_14277,G,"Catalyzes the formation of glycerone phosphate and D-glyceraldehyde 3-phosphate from D-fructose 1,6-bisphosphate in glycolysis",Glycolytic
cluster_001_consensus_602,1156935.QWE_14272,F,Belongs to the phosphoglycerate kinase family,PGK
cluster_001_consensus_603,1156935.QWE_14267,P,NhaP-type Na H and K H antiporters with a unique C-terminal domain,"CorC_HlyC,Na_H_Exchanger"
cluster_001_consensus_604,1156935.QWE_14262,M,Belongs to the BCCT transporter (TC 2.A.15) family,BCCT
cluster_001_consensus_605,1156935.QWE_14257,G,Belongs to the glyceraldehyde-3-phosphate dehydrogenase family,"Gp_dh_C,Gp_dh_N"
cluster_001_consensus_606,1156935.QWE_14252,G,"Catalyzes the transfer of a two-carbon ketol group from a ketose donor to an aldose acceptor, via a covalent intermediate with the cofactor thiamine pyrophosphate","Transket_pyr,Transketolase_C,Transketolase_N"
cluster_001_consensus_607,1156935.QWE_14247,S,Domain of unknown function (DUF4164),DUF4164
cluster_001_consensus_608,1156935.QWE_14242,D,"Activator of cell division through the inhibition of FtsZ GTPase activity, therefore promoting FtsZ assembly into bundles of protofilaments necessary for the formation of the division Z ring. It is recruited early at mid-cell but it is not essential for cell division",ZapA
cluster_001_consensus_609,1156935.QWE_14237,NT,chemotaxis protein,"Cache_3-Cache_2,HAMP,MCPsignal,sCache_3_3"
cluster_001_consensus_610,1156935.QWE_14232,H,Belongs to the 5-formyltetrahydrofolate cyclo-ligase family,5-FTHF_cyc-lig
cluster_001_consensus_611,1156935.QWE_14227,S,protein conserved in bacteria,YmdB
cluster_001_consensus_612,1156935.QWE_14217,S,Zn-dependent hydrolases of the beta-lactamase fold,Lactamase_B_3
cluster_001_consensus_613,1156935.QWE_14212,S,stress protein (general stress protein 26),Pyrid_ox_like
cluster_001_consensus_614,1156935.QWE_14207,K,transcriptional regulatory protein,Transcrip_reg
cluster_001_consensus_615,1156935.QWE_14202,G,Catalyzes the conversion of glucosamine-6-phosphate to glucosamine-1-phosphate,"PGM_PMM_I,PGM_PMM_II,PGM_PMM_III,PGM_PMM_IV"
cluster_001_consensus_616,1156935.QWE_14197,O,"Acts as a processive, ATP-dependent zinc metallopeptidase for both cytoplasmic and membrane proteins. Plays a role in the quality control of integral membrane proteins","AAA,FtsH_ext,Peptidase_M41"
cluster_001_consensus_617,1156935.QWE_14192,D,"Ligates lysine onto the cytidine present at position 34 of the AUA codon-specific tRNA(Ile) that contains the anticodon CAU, in an ATP-dependent manner. Cytidine is converted to lysidine, thus changing the amino acid specificity of the tRNA from methionine to isoleucine",ATP_bind_3
cluster_001_consensus_618,1156935.QWE_14187,D,Mediates coordination of peptidoglycan synthesis and outer membrane constriction during cell division,"TPR_16,TPR_6,TolA_bind_tri"
cluster_001_consensus_619,1156935.QWE_14182,M,Belongs to the ompA family,OmpA
cluster_001_consensus_620,1156935.QWE_14177,U,Involved in the TonB-independent uptake of proteins,"PD40,TolB_N"
cluster_001_consensus_621,1156935.QWE_14172,S,"domain, Protein",-
cluster_001_consensus_622,1156935.QWE_14167,U,Biopolymer transport protein,ExbD
cluster_001_consensus_623,1156935.QWE_14162,U,Biopolymer transport proteins,MotA_ExbB
cluster_001_consensus_624,1156935.QWE_14157,S,thioesterase,4HBT
cluster_001_consensus_625,1144312.PMI09_03559,-,-,-
cluster_001_consensus_626,1156935.QWE_14152,S,protein conserved in bacteria,DinB
cluster_001_consensus_627,1156935.QWE_14147,F,Belongs to the Nudix hydrolase family,NUDIX
cluster_001_consensus_628,1156935.QWE_14142,L,"The RuvA-RuvB complex in the presence of ATP renatures cruciform structure in supercoiled DNA with palindromic sequence, indicating that it may promote strand exchange reactions in homologous recombination. RuvAB is a helicase that mediates the Holliday junction migration by localized denaturation and reannealing","RuvB_C,RuvB_N"
cluster_001_consensus_629,1336235.JAEG01000006_gene797,S,PIN domain,PIN
cluster_001_consensus_630,1336235.JAEG01000006_gene796,K,SpoVT / AbrB like domain,MazE_antitoxin
cluster_001_consensus_631,1156935.QWE_14127,L,"The RuvA-RuvB complex in the presence of ATP renatures cruciform structure in supercoiled DNA with palindromic sequence, indicating that it may promote strand exchange reactions in homologous recombination. RuvAB is a helicase that mediates the Holliday junction migration by localized denaturation and reannealing. RuvA stimulates, in the presence of DNA, the weak ATPase activity of RuvB","HHH_5,RuvA_C,RuvA_N"
cluster_001_consensus_632,1156935.QWE_14122,S,PIN domain,PIN
cluster_001_consensus_633,1156935.QWE_14117,K,SpoVT / AbrB like domain,MazE_antitoxin
cluster_001_consensus_634,1156935.QWE_14112,L,Nuclease that resolves Holliday junction intermediates in genetic recombination. Cleaves the cruciform structure in supercoiled DNA by nicking to strands with the same polarity at sites symmetrically opposed at the junction in the homologous arms and leaves a 5'-terminal phosphate and a 3'-terminal hydroxyl group,RuvC
cluster_001_consensus_635,1156935.QWE_14107,C,"Coenzyme F420-dependent N5,N10-methylene tetrahydromethanopterin reductase and related flavin-dependent oxidoreductases",Bac_luciferase
cluster_001_consensus_636,1156935.QWE_14102,NT,methyl-accepting chemotaxis protein,"4HB_MCP_1,HAMP,MCPsignal"
cluster_001_consensus_637,1156935.QWE_14097,M,Opacity protein and related surface antigens,OMP_b-brl
cluster_001_consensus_638,1336235.JAEG01000007_gene1558,P,transporter,CorA
cluster_001_consensus_639,1156935.QWE_14092,E,Catalyzes the reversible conversion of 3- phosphohydroxypyruvate to phosphoserine and of 3-hydroxy-2-oxo-4- phosphonooxybutanoate to phosphohydroxythreonine,Aminotran_5
cluster_001_consensus_640,1156935.QWE_14087,E,Belongs to the D-isomer specific 2-hydroxyacid dehydrogenase family,"2-Hacid_dh,2-Hacid_dh_C,ACT"
cluster_001_consensus_641,1156935.QWE_14082,C,"oxidase, subunit",Cyt_bd_oxida_I
cluster_001_consensus_642,1156935.QWE_14077,C,"oxidase, subunit",Cyt_bd_oxida_II
cluster_001_consensus_643,1500301.JQMF01000001_gene281,-,-,-
cluster_001_consensus_644,1156935.QWE_14072,S,import inner membrane translocase,Tim44
cluster_001_consensus_645,1156935.QWE_14062,S,protein conserved in bacteria,SLT
cluster_001_consensus_646,1156935.QWE_14057,S,oxidoreductase,GFO_IDH_MocA
cluster_001_consensus_647,1156935.QWE_14057,S,oxidoreductase,GFO_IDH_MocA
cluster_001_consensus_648,1156935.QWE_14052,S,protein conserved in bacteria,ThuA
cluster_001_consensus_649,107635.AZUO01000001_gene1447,-,-,-
cluster_001_consensus_650,178901.AmDm5_0695,-,-,-
cluster_001_consensus_651,1156935.QWE_14042,J,"Catalyzes the 2-thiolation of uridine at the wobble position (U34) of tRNA, leading to the formation of s(2)U34",tRNA_Me_trans
cluster_001_consensus_652,1156935.QWE_14037,M,Belongs to the mandelate racemase muconate lactonizing enzyme family,"MR_MLE_C,MR_MLE_N"
cluster_001_consensus_653,1156935.QWE_14032,S,Spermidine synthase,Spermine_synth
cluster_001_consensus_654,1156935.QWE_14027,G,Belongs to the HpcH HpaI aldolase family,HpcH_HpaI
cluster_001_consensus_655,1156935.QWE_14017,T,"Response regulator containing CheY-like receiver, AAA-type ATPase, and DNA-binding domains","HTH_8,Response_reg,Sigma54_activat"
cluster_001_consensus_656,1156935.QWE_14012,T,Signal transduction histidine kinase regulating C4-dicarboxylate transport system,"HATPase_c,HisKA,dCache_1"
cluster_001_consensus_657,1156935.QWE_14007,C,"Responsible for the transport of dicarboxylates such as succinate, fumarate, and malate",SDF
cluster_001_consensus_658,1156935.QWE_14002,S,Ribbon-helix-helix domain,RHH_4
cluster_001_consensus_659,1156935.QWE_13997,E,Lactoylglutathione lyase,Glyoxalase
cluster_001_consensus_660,1156935.QWE_13992,S,(twin-arginine translocation) pathway signal,-
cluster_001_consensus_661,1156935.QWE_13987,E,GMC oxidoreductase,"GMC_oxred_C,GMC_oxred_N"
cluster_001_consensus_662,1156935.QWE_13982,M,"Glycosyltransferases, probably involved in cell wall biogenesis",Glyco_transf_21
cluster_001_consensus_663,1156935.QWE_13977,S,SNARE associated Golgi protein,SNARE_assoc
cluster_001_consensus_664,1156935.QWE_13972,-,-,-
cluster_001_consensus_665,1156935.QWE_09416,L,Excises uracil residues from the DNA which can arise as a result of misincorporation of dUMP residues by DNA polymerase or due to deamination of cytosine,UDG
cluster_001_consensus_666,1156935.QWE_09411,E,FAD dependent oxidoreductase,DAO
cluster_001_consensus_667,1156935.QWE_09406,C,Aldehyde dehydrogenase,Aldedh
cluster_001_consensus_668,1156935.QWE_09401,T,Protein of unknown function (DUF1236),DUF1236
cluster_001_consensus_669,1156935.QWE_09396,-,-,-
cluster_001_consensus_670,1156935.QWE_09391,T,Serine threonine protein,Metallophos
cluster_001_consensus_671,1156935.QWE_09386,EG,EamA-like transporter family,EamA
cluster_001_consensus_672,1156935.QWE_09381,F,Plays an important role in the de novo pathway of purine nucleotide biosynthesis. Catalyzes the first committed step in the biosynthesis of AMP from IMP,Adenylsucc_synt
cluster_001_consensus_673,1156935.QWE_09376,C,membrane,-
cluster_001_consensus_674,1156935.QWE_09371,V,ATPases associated with a variety of cellular activities,ABC_tran
cluster_001_consensus_675,1156935.QWE_09366,-,-,-
cluster_001_consensus_676,1156935.QWE_09361,K,RNA polymerase sigma,"Sigma70_r1_2,Sigma70_r2,Sigma70_r4"
cluster_001_consensus_677,1532558.JL39_10085,EG,EamA-like transporter family,EamA
cluster_001_consensus_678,1156935.QWE_09356,J,Responsible for synthesis of pseudouridine from uracil,"PseudoU_synth_2,S4"
cluster_001_consensus_679,1156935.QWE_09351,-,-,-
cluster_001_consensus_680,1156935.QWE_09346,J,"tRNA rRNA methyltransferase, SpoU",SpoU_methylase
cluster_001_consensus_681,1156935.QWE_09341,S,Transposase,-
cluster_001_consensus_682,1156935.QWE_09336,S,Protein of unknown function (DUF1134),DUF1134
cluster_001_consensus_683,1156935.QWE_09331,S,Histidine phosphotransferase C-terminal domain,HPTransfase
cluster_001_consensus_684,1156935.QWE_09326,T,Response regulator receiver domain,Response_reg
cluster_001_consensus_685,1370122.JHXQ01000020_gene322,K,Response regulators consisting of a CheY-like receiver domain and a winged-helix DNA-binding domain,"Response_reg,Trans_reg_C"
cluster_001_consensus_686,1156935.QWE_09316,S,flagellar export protein FliJ,FliJ
cluster_001_consensus_687,1156935.QWE_09311,S,Acetyltransferase,Acetyltransf_CG
cluster_001_consensus_688,1156935.QWE_09306,S,paraquat-inducible protein A,PqiA
cluster_001_consensus_689,1156935.QWE_09301,S,Protein of unknown function (DUF1153),DUF1153
cluster_001_consensus_690,1156935.QWE_09296,K,Autoinducer binding domain,"Autoind_bind,GerE"
cluster_001_consensus_691,1156935.QWE_09291,S,Protein of unknown function (DUF2793),DUF2793
cluster_001_consensus_692,1156935.QWE_09286,P,"3'(2'),5'-bisphosphate nucleotidase",Inositol_P
cluster_001_consensus_693,1156935.QWE_09281,E,Sarcosine oxidase subunit beta,DAO
cluster_001_consensus_694,1156935.QWE_09276,E,sarcosine oxidase,SoxD
cluster_001_consensus_695,1156935.QWE_09271,E,Belongs to the GcvT family,"FAD_oxidored,Fer2_4,GCV_T,GCV_T_C,Pyr_redox_2"
cluster_001_consensus_696,1156935.QWE_09266,E,"Sarcosine oxidase, gamma subunit family",SoxG
cluster_001_consensus_697,1156935.QWE_09261,S,Calcineurin-like phosphoesterase,Metallophos
cluster_001_consensus_698,1156935.QWE_09256,EGP,Sugar (and other) transporter,MFS_1
cluster_001_consensus_699,1156935.QWE_09251,K,"Bacterial regulatory proteins, tetR family","TetR_C_7,TetR_N"
cluster_001_consensus_700,1156935.QWE_09246,T,Sensory methylation accepting chemotaxis protein,"MCPsignal,PAS_3,PAS_4,PAS_9"
cluster_001_consensus_701,1156935.QWE_09241,E,Belongs to the GcvT family,"DAO,FAO_M,GCV_T,GCV_T_C"
cluster_001_consensus_702,1156935.QWE_09236,E,Belongs to the binding-protein-dependent transport system permease family,BPD_transp_2
cluster_001_consensus_703,1156935.QWE_09231,E,Belongs to the binding-protein-dependent transport system permease family,"BPD_transp_2,DUF3382"
cluster_001_consensus_704,1156935.QWE_09226,E,"ABC-type branched-chain amino acid transport systems, ATPase component","ABC_tran,BCA_ABC_TP_C"
cluster_001_consensus_705,1156935.QWE_09221,E,ABC transporter,ABC_tran
cluster_001_consensus_706,1156935.QWE_09216,-,-,-
cluster_001_consensus_707,1156935.QWE_09211,E,"ABC-type branched-chain amino acid transport systems, periplasmic component",Peripla_BP_6
cluster_001_consensus_708,1156935.QWE_09206,T,Response regulators consisting of a CheY-like receiver domain and a winged-helix DNA-binding domain,"GerE,Response_reg"
cluster_001_consensus_709,1156935.QWE_09201,T,His Kinase A (phosphoacceptor) domain,"HATPase_c,HisKA,PAS_3,Response_reg"
cluster_001_consensus_710,1156935.QWE_09196,-,-,-
cluster_001_consensus_711,1156935.QWE_11182,IU,oxidoreductase activity,"Big_2,VWA,VWA_2"
cluster_001_consensus_712,1156935.QWE_11177,K,"Transcriptional regulatory protein, C terminal",Trans_reg_C
cluster_001_consensus_713,1156935.QWE_09191,T,Bacteriophytochrome (light-regulated signal transduction histidine kinase),"GAF,HWE_HK,PAS_2,PAS_3,PHY,Response_reg"
cluster_001_consensus_714,1156935.QWE_09186,P,heme oxygenase,-
cluster_001_consensus_715,1156935.QWE_09181,E,ABC transporter substrate-binding protein,Peripla_BP_5
cluster_001_consensus_716,1156935.QWE_09176,E,Belongs to the binding-protein-dependent transport system permease family,BPD_transp_2
cluster_001_consensus_717,1156935.QWE_09171,E,Belongs to the binding-protein-dependent transport system permease family,BPD_transp_2
cluster_001_consensus_718,1156935.QWE_09166,S,"ABC transporter, ATP-binding protein","ABC_tran,BCA_ABC_TP_C"
cluster_001_consensus_719,1156935.QWE_09161,E,"ABC transporter, ATP-binding protein",ABC_tran
cluster_001_consensus_720,1156935.QWE_09156,Q,depolymerase,Esterase_phd
cluster_001_consensus_721,1156935.QWE_09151,O,Required for maturation of urease via the functional incorporation of the urease nickel metallocenter,UreD
cluster_001_consensus_722,1156935.QWE_09146,E,Belongs to the urease gamma subunit family,"Urease_beta,Urease_gamma"
cluster_001_consensus_723,1156935.QWE_09141,S,protein conserved in bacteria,DUF1272
cluster_001_consensus_724,1156935.QWE_09136,E,Belongs to the urease beta subunit family,Urease_beta
cluster_001_consensus_725,1156935.QWE_09131,S,Lysozyme inhibitor LprI,LprI
cluster_001_consensus_726,1156935.QWE_09121,E,Belongs to the metallo-dependent hydrolases superfamily. Urease alpha subunit family,"Amidohydro_1,Urease_alpha"
cluster_001_consensus_727,1123368.AUIS01000030_gene1241,-,-,-
cluster_001_consensus_728,1156935.QWE_09116,S,Protein of unknown function (DUF2459),DUF2459
cluster_001_consensus_729,1156935.QWE_09111,T,GGDEF domain,GGDEF
cluster_001_consensus_730,1156935.QWE_09106,O,Involved in urease metallocenter assembly. Binds nickel. Probably functions as a nickel donor during metallocenter assembly,"UreE_C,UreE_N"
cluster_001_consensus_731,1156935.QWE_09101,O,Required for maturation of urease via the functional incorporation of the urease nickel metallocenter,UreF
cluster_001_consensus_732,1156935.QWE_09096,KO,"Facilitates the functional incorporation of the urease nickel metallocenter. This process requires GTP hydrolysis, probably effectuated by UreG",cobW
cluster_001_consensus_733,1156935.QWE_09091,K,cAMP-binding proteins - catabolite gene activator and regulatory subunit of cAMP-dependent protein kinases,"HTH_Crp_2,cNMP_binding"
cluster_001_consensus_734,176299.Atu2159,M,Outer membrane protein beta-barrel domain,OMP_b-brl
cluster_001_consensus_735,1156935.QWE_09086,V,Belongs to the resistance-nodulation-cell division (RND) (TC 2.A.6) family,ACR_tran
cluster_001_consensus_736,1156935.QWE_09081,M,Belongs to the membrane fusion protein (MFP) (TC 8.A.1) family,"HlyD_3,HlyD_D23"
cluster_001_consensus_737,1156935.QWE_09076,P,"ABC-type nitrate sulfonate bicarbonate transport systems, periplasmic components",NMT1
cluster_001_consensus_738,1156935.QWE_09071,P,"ABC-type nitrate sulfonate bicarbonate transport system, permease component",BPD_transp_1
cluster_001_consensus_739,1156935.QWE_09066,P,"ABC-type nitrate sulfonate bicarbonate transport system, permease component",BPD_transp_1
cluster_001_consensus_740,1156935.QWE_09061,-,-,-
cluster_001_consensus_741,1156935.QWE_09056,P,ABC transporter,ABC_tran
cluster_001_consensus_742,1156935.QWE_09051,G,Cupin,Cupin_2
cluster_001_consensus_744,1156935.QWE_09041,F,Dihydroorotase and related cyclic amidohydrolases,Amidohydro_1
cluster_001_consensus_745,1028801.RG1141_CH27110,T,Growth inhibitor,PemK_toxin
cluster_001_consensus_746,1028801.RG1141_CH27100,S,Protein  of unknown function (DUF3018),DUF3018
cluster_001_consensus_747,1156935.QWE_09026,E,the allantoate amidohydrolase from Escherichia coli forms a dimer and binds zinc ions for catalytic activity and catalyzes the conversion of allantoate to (S)-ureidoglycolate and ammonia,"M20_dimer,Peptidase_M20,Peptidase_M28"
cluster_001_consensus_748,1156935.QWE_09021,K,transcriptional regulator,"TetR_C_3,TetR_N"
cluster_001_consensus_749,1156935.QWE_09016,EG,EamA-like transporter family,EamA
cluster_001_consensus_750,1156935.QWE_09011,S,"ABC-type transport system, permease components",ExoD
cluster_001_consensus_751,1156935.QWE_09006,T,Diguanylate cyclase,"CHASE,EAL,GGDEF,PAS_3"
cluster_001_consensus_752,1156935.QWE_09001,C,Dehydrogenase,"DHO_dh,Fer4_21,Fer4_4,Fer4_6"
cluster_001_consensus_753,1156935.QWE_08996,E,dihydropyrimidine dehydrogenase,"Fer4_20,Pyr_redox_2"
cluster_001_consensus_754,1156935.QWE_08991,M,Uncharacterized protein conserved in bacteria (DUF2325),DUF2325
cluster_001_consensus_756,1156935.QWE_08981,E,Bleomycin resistance protein,Glyoxalase
cluster_001_consensus_757,1156935.QWE_08976,S,small membrane protein,DUF423
cluster_001_consensus_758,1156935.QWE_08971,S,Bacterial-like globin,Bac_globin
cluster_001_consensus_759,1156935.QWE_08966,S,ATPase components of ABC transporters with duplicated ATPase domains,"ABC_tran,ABC_tran_Xtn"
cluster_001_consensus_760,1156935.QWE_08956,M,UDP-glucose 4-epimerase,"Epimerase,GDP_Man_Dehyd"
cluster_001_consensus_761,1156935.QWE_08951,M,UDP-galactopyranose mutase,"GLF,NAD_binding_8"
cluster_001_consensus_762,1156935.QWE_08941,O,Glycosyl transferase family 41,"Glyco_transf_41,TPR_16,TPR_8"
cluster_001_consensus_764,1156935.QWE_08931,S,Bile acid,SBF
cluster_001_consensus_765,1156935.QWE_08926,IQ,Acyl-CoA synthetases (AMP-forming) AMP-acid ligases II,"AMP-binding,AMP-binding_C"
cluster_001_consensus_766,1156935.QWE_08911,K,"Transcriptional regulator, MarR family protein","MarR,MarR_2"
cluster_001_consensus_767,1156935.QWE_08906,-,-,-
cluster_001_consensus_768,1156935.QWE_08901,E,Transglutaminase-like,"Bact_transglu_N,Transglut_core"
cluster_001_consensus_769,1156935.QWE_08896,S,protein conserved in bacteria,Alpha-E
cluster_001_consensus_770,1156935.QWE_08891,S,Circularly permuted ATP-grasp type 2,CP_ATPgrasp_2
cluster_001_consensus_771,1156935.QWE_08886,EG,of the drug metabolite transporter (DMT) superfamily,EamA
cluster_001_consensus_772,1156935.QWE_08881,L,RNA helicase,"DEAD,Helicase_C"
cluster_001_consensus_773,1041139.KB902690_gene668,S,Peptidase propeptide and YPEB domain,PepSY_2
cluster_001_consensus_774,1156935.QWE_08871,L,DNA alkylation repair,DNA_alkylation
cluster_001_consensus_775,1156935.QWE_08866,-,-,-
cluster_001_consensus_776,1156935.QWE_08861,K,WYL domain,"HTH_11,WYL"
cluster_001_consensus_777,1156935.QWE_08856,H,Trimethylamine methyltransferase (MTTB),MTTB
cluster_001_consensus_778,1156935.QWE_08851,T,PAS fold,"HATPase_c,HisKA,PAS_4,PAS_7,PAS_8,Response_reg"
cluster_001_consensus_779,1156935.QWE_08846,J,S-adenosyl-L-methionine-dependent methyltransferase,"DAO,Methyltransf_30"
cluster_001_consensus_780,1156935.QWE_08841,E,D-amino acid,DAO
cluster_001_consensus_781,1156935.QWE_08836,P,Protein of unknown function (DUF1045),DUF1045
cluster_001_consensus_782,1156935.QWE_08831,G,deacetylase,"OHCU_decarbox,Polysacc_deac_1"
cluster_001_consensus_784,1156935.QWE_08826,K,Transcriptional regulator,"HTH_1,LysR_substrate"
cluster_001_consensus_785,1156935.QWE_08821,S,Domain of unknown function (DUF1989),DUF1989
cluster_001_consensus_786,1156935.QWE_08816,S,alcohol dehydrogenase,"ADH_N,ADH_zinc_N"
cluster_001_consensus_787,1156935.QWE_08811,S,OHCU decarboxylase,OHCU_decarbox
cluster_001_consensus_788,1156935.QWE_08806,F,Belongs to the allantoicase family,Allantoicase
cluster_001_consensus_789,1156935.QWE_08801,S,Protein of unknown function (DUF2735),DUF2735
cluster_001_consensus_790,1156935.QWE_08796,E,glutamine synthetase,"Gln-synt_C,Gln-synt_N"
cluster_001_consensus_791,492774.JQMB01000009_gene3450,S,Nucleotidyltransferase domain,NTP_transf_2
cluster_001_consensus_792,1500304.JQKY01000006_gene2481,S,Protein of unknown function DUF86,DUF86
cluster_001_consensus_793,1156935.QWE_08781,F,"Catalyzes the catabolism of the allantoin degradation intermediate (S)-ureidoglycolate, generating urea and glyoxylate. Involved in the utilization of allantoin as nitrogen source",Ureidogly_lyase
cluster_001_consensus_794,1156935.QWE_08776,S,Belongs to the transthyretin family. 5-hydroxyisourate hydrolase subfamily,Transthyretin
cluster_001_consensus_795,1156935.QWE_08771,T,Diadenosine tetraphosphatase and related serine threonine protein phosphatases,Metallophos_2
cluster_001_consensus_796,1156935.QWE_08766,C,L-lactate dehydrogenase,FMN_dh
cluster_001_consensus_797,1156935.QWE_08761,P,Ion channel,Ion_trans_2
cluster_001_consensus_798,492774.JQMB01000004_gene2268,-,-,DUF3052
cluster_001_consensus_799,1415630.U771_08510,S,Tetratricopeptide repeat,TPR_16
cluster_001_consensus_800,1156935.QWE_08756,F,Guanine deaminase,Amidohydro_1
cluster_001_consensus_801,1156935.QWE_08751,S,Urate oxidase N-terminal,Urate_ox_N
cluster_001_consensus_802,394.NGR_c23910,K,Transcriptional regulator,"HTH_1,LysR_substrate"
cluster_001_consensus_804,1156935.QWE_08736,O,"Xanthine and CO dehydrogenases maturation factor, XdhC CoxF family","XdhC_C,XdhC_CoxI"
cluster_001_consensus_805,1156935.QWE_08731,-,-,-
cluster_001_consensus_806,1156935.QWE_08726,F,Xanthine dehydrogenase,"Ald_Xan_dh_C,Ald_Xan_dh_C2"
cluster_001_consensus_807,1156935.QWE_08721,F,Xanthine dehydrogenase,"CO_deh_flav_C,FAD_binding_5,Fer2,Fer2_2"
cluster_001_consensus_808,1156935.QWE_08716,IQ,Dehydrogenases with different specificities (related to short-chain alcohol dehydrogenases),"adh_short,adh_short_C2"
cluster_001_consensus_809,1156935.QWE_08711,C,"Coenzyme F420-dependent N5,N10-methylene tetrahydromethanopterin reductase and related",Bac_luciferase
cluster_001_consensus_810,1156935.QWE_08706,E,Methionine aminopeptidase,Peptidase_M24
cluster_001_consensus_811,1156935.QWE_08701,-,-,-
cluster_001_consensus_812,1220582.RRU01S_02_01420,K,Transcriptional regulator,-
cluster_001_consensus_813,1156935.QWE_08696,I,"ABC-type long-chain fatty acid transport system, fused permease and ATPase",SbmA_BacA
cluster_001_consensus_815,1156935.QWE_08691,G,polysaccharide deacetylase,Polysacc_deac_1
cluster_001_consensus_816,1156935.QWE_08686,S,NnrU protein,NnrU
cluster_001_consensus_817,1156935.QWE_08681,S,protein conserved in bacteria,TPR_21
cluster_001_consensus_818,1156935.QWE_08676,S,GTPase that plays an essential role in the late steps of ribosome biogenesis,"KH_dom-like,MMR_HSR1"
cluster_001_consensus_819,1156935.QWE_08671,M,Glycosyltransferase Family 4,"Glyco_trans_1_4,Glyco_transf_4,Glycos_transf_1"
cluster_001_consensus_820,1156935.QWE_08666,G,alpha-glucosidase,"Alpha-amylase,DUF3459,Malt_amylase_C"
cluster_001_consensus_821,190650.CC_3561,K,Catalyzes the transfer of an acetyl group from acetyl- CoA to the 6'-amino group of aminoglycoside molecules conferring resistance to antibiotics containing the purpurosamine ring,Acetyltransf_1
cluster_001_consensus_822,1156935.QWE_08656,P,Ion channel,Ion_trans_2
cluster_001_consensus_823,1156935.QWE_08641,F,Belongs to the metallo-dependent hydrolases superfamily. Adenine deaminase family,"Adenine_deam_C,Amidohydro_1"
cluster_001_consensus_824,1156935.QWE_08626,G,Aldose 1-epimerase,Aldose_epim
cluster_001_consensus_825,1156935.QWE_08621,-,-,-
cluster_001_consensus_826,1156935.QWE_08616,P,Rhodanese Homology Domain,Rhodanese
cluster_001_consensus_827,1156935.QWE_08611,S,protein conserved in bacteria,DUF393
cluster_001_consensus_828,1156935.QWE_08606,IQ,COG1028 Dehydrogenases with different specificities (related to short-chain alcohol dehydrogenases),adh_short_C2
cluster_001_consensus_829,1156935.QWE_08591,E,"ABC-type branched-chain amino acid transport systems, periplasmic component",Peripla_BP_6
cluster_001_consensus_831,1156935.QWE_08581,E,Belongs to the class-III pyridoxal-phosphate-dependent aminotransferase family,Aminotran_3
cluster_001_consensus_832,1156935.QWE_08576,K,transcriptional,HTH_5
cluster_001_consensus_833,1156935.QWE_08571,P,Heme iron utilization protein,"DUF2470,Putative_PNPOx,Pyrid_oxidase_2"
cluster_001_consensus_834,1156935.QWE_08566,E,"ABC-type proline glycine betaine transport system, ATPase component",ABC_tran
cluster_001_consensus_835,1156935.QWE_08561,P,"ABC-type proline glycine betaine transport system, permease component",BPD_transp_1
cluster_001_consensus_836,1156935.QWE_08556,E,"ABC-type proline glycine betaine transport systems, periplasmic components",OpuAC
cluster_001_consensus_838,1156935.QWE_08551,C,Cytochrome c,Cytochrom_C
cluster_001_consensus_839,1156935.QWE_08546,-,-,-
cluster_001_consensus_840,1156935.QWE_08541,-,-,-
cluster_001_consensus_841,1156935.QWE_08536,O,ATPase family associated with various cellular activities (AAA),AAA
cluster_001_consensus_842,1410620.SHLA_32c000130,S,protein conserved in bacteria,DUF559
cluster_001_consensus_843,1156935.QWE_08521,-,-,-
cluster_001_consensus_844,1156935.QWE_08516,S,protein conserved in bacteria,DUF2333
cluster_001_consensus_845,1041142.ATTP01000035_gene340,S,Pyridoxamine 5'-phosphate oxidase,Putative_PNPOx
cluster_001_consensus_846,1156935.QWE_08511,K,luxR family,"Autoind_bind,GerE"
cluster_001_consensus_847,1156935.QWE_08506,K,Lrp/AsnC ligand binding domain,"AsnC_trans_reg,HTH_24,HTH_AsnC-type"
cluster_001_consensus_848,1156935.QWE_08501,CE,Oxidizes proline to glutamate for use as a carbon and nitrogen source,"Aldedh,Pro_dh,Pro_dh-DNA_bdg"
cluster_001_consensus_849,1336235.JAEG01000006_gene589,S,"Uncharacterized protein family, UPF0114",UPF0114
cluster_001_consensus_850,1156935.QWE_08491,F,Belongs to the formate--tetrahydrofolate ligase family,FTHFS
cluster_001_consensus_851,1246459.KB898354_gene4876,P,"Outer membrane receptor proteins, mostly Fe transport","Plug,TonB_dep_Rec"
cluster_001_consensus_852,1156935.QWE_08481,S,protein conserved in bacteria,Extensin-like_C
cluster_001_consensus_853,1156935.QWE_08476,EH,component I,"Anth_synt_I_N,Chorismate_bind,GATase"
cluster_001_consensus_854,1530186.JQEY01000027_gene1866,K,".,Oxidizes proline to glutamate for use as a carbon and nitrogen source",RHH_1
cluster_001_consensus_855,1144310.PMI07_002838,D,Plasmid stabilization system,ParE_toxin
cluster_001_consensus_856,1156935.QWE_08446,P,Belongs to the cation diffusion facilitator (CDF) transporter (TC 2.A.4) family,"Cation_efflux,ZT_dimer"
cluster_001_consensus_857,1156935.QWE_08441,S,Catalyzes the NADPH-dependent reduction of 7-cyano-7- deazaguanine (preQ0) to 7-aminomethyl-7-deazaguanine (preQ1),QueF
cluster_001_consensus_858,1156935.QWE_08436,-,-,YCII
cluster_001_consensus_859,1028801.RG1141_PA12970,NT,methyl-accepting chemotaxis protein,"HAMP,MCPsignal"
cluster_001_consensus_860,384765.SIAM614_17509,E,ABC-type polar amino acid transport system ATPase component,ABC_tran
cluster_001_consensus_861,1220582.RRU01S_07_02700,P,ABC transporter,BPD_transp_1
cluster_001_consensus_862,1082932.ATCR1_15011,ET,belongs to the bacterial solute-binding protein 3 family,SBP_bac_3
cluster_001_consensus_863,1336235.JAEG01000001_gene2613,O,HupE / UreJ protein,HupE_UreJ
cluster_001_consensus_868,1333998.M2A_2538,M,Curli production assembly/transport component CsgG,CsgG
cluster_001_consensus_869,1336235.JAEG01000001_gene2612,-,-,-
cluster_001_consensus_870,1156935.QWE_08426,S,Belongs to the UPF0061 (SELO) family,UPF0061
cluster_001_consensus_871,1163408.UU9_05104,GM,NAD(P)H-binding,Epimerase
cluster_001_consensus_872,1380350.JIAP01000011_gene6235,K,Transcriptional regulator,HTH_31
cluster_001_consensus_873,1156935.QWE_08421,V,ABC transporter transmembrane region,"ABC_membrane,ABC_tran"
cluster_001_consensus_874,1156935.QWE_08416,S,Protein of unknown function (DUF992),DUF992
cluster_001_consensus_875,1156935.QWE_08411,S,pyridoxamine 5-phosphate,Pyrid_ox_like
cluster_001_consensus_876,1156935.QWE_08406,E,Belongs to the GcvT family,"DAO,FAO_M,GCV_T,GCV_T_C"
cluster_001_consensus_878,114615.BRADO5248,K,addiction module antidote protein,HTH_3
cluster_001_consensus_879,1156935.QWE_08396,C,belongs to the aldehyde dehydrogenase family,Aldedh
cluster_001_consensus_880,1156935.QWE_08391,T,Putative diguanylate phosphodiesterase,EAL
cluster_001_consensus_881,1156935.QWE_08386,E,Saccharopine dehydrogenase,"Sacchrp_dh_C,Sacchrp_dh_NADP"
cluster_001_consensus_882,1156935.QWE_08381,K,Transcriptional regulator,"AsnC_trans_reg,HTH_24,HTH_AsnC-type"
cluster_001_consensus_883,391937.NA2_13225,S,Avidin family,Avidin
cluster_001_consensus_884,1156935.QWE_08366,T,HD domain,"HD,HD_5"
cluster_001_consensus_885,1156935.QWE_08361,OU,Cleaves peptides in various proteins in a process that requires ATP hydrolysis. Has a chymotrypsin-like activity. Plays a major role in the degradation of misfolded proteins,CLP_protease
cluster_001_consensus_886,1156935.QWE_08356,-,-,-
cluster_001_consensus_887,1156935.QWE_08351,-,-,-
cluster_001_consensus_888,1156935.QWE_08346,D,positive regulation of growth,PhdYeFM_antitox
cluster_001_consensus_889,1547437.LL06_18215,S,Toxic component of a toxin-antitoxin (TA) module. An RNase,PIN
cluster_001_consensus_891,1532558.JL39_30515,Q,Isochorismatase family,Isochorismatase
cluster_001_consensus_892,1156935.QWE_08331,E,Saccharopine dehydrogenase and related proteins,"Sacchrp_dh_C,Sacchrp_dh_NADP"
cluster_001_consensus_893,1156935.QWE_08326,E,Belongs to the Orn Lys Arg decarboxylase class-II family. NspC subfamily,Orn_DAP_Arg_deC
cluster_001_consensus_894,1156935.QWE_08321,T,diguanylate cyclase,GGDEF
cluster_001_consensus_895,1156935.QWE_08316,Q,benzoate transporter,BenE
cluster_001_consensus_896,1156935.QWE_08306,S,"Ribonuclease toxin, BrnT, of type II toxin-antitoxin system",BrnT_toxin
cluster_001_consensus_897,1156935.QWE_08301,S,copG family,CopG_antitoxin
cluster_001_consensus_898,1156935.QWE_08296,E,Catalyzes the condensation of the acetyl group of acetyl-CoA with 3-methyl-2-oxobutanoate (2-oxoisovalerate) to form 3-carboxy-3-hydroxy-4-methylpentanoate (2-isopropylmalate),"HMGL-like,LeuA_dimer"
cluster_001_consensus_899,1156935.QWE_08291,C,alpha/beta hydrolase fold,"Abhydrolase_1,Abhydrolase_6,Biotin_lipoyl"
cluster_001_consensus_900,1156935.QWE_08286,S,Calcineurin-like phosphoesterase superfamily domain,Metallophos
cluster_001_consensus_901,1156935.QWE_08281,F,"Hydrolase protein, MutT nudix family",NUDIX
cluster_001_consensus_902,1156935.QWE_08276,O,Glutathione S-transferase,"GST_C_2,GST_N_2"
cluster_001_consensus_903,1156935.QWE_08271,S,-acetyltransferase,Acetyltransf_1
cluster_001_consensus_904,1156935.QWE_08266,K,Histone acetyltransferase HPA2 and related acetyltransferases,"Acetyltransf_1,Acetyltransf_10"
cluster_001_consensus_905,1156935.QWE_08241,J,"Acetyltransferases, including N-acetylases of ribosomal proteins",Acetyltransf_3
cluster_001_consensus_906,1156935.QWE_08236,S,membrane,GATase1_like
cluster_001_consensus_907,1156935.QWE_08231,S,Aerotolerance regulator N-terminal,"BatA,DUF4159"
cluster_001_consensus_908,1156935.QWE_08226,S,conserved protein (some members contain a von Willebrand factor type A (vWA) domain),DUF58
cluster_001_consensus_909,1156935.QWE_08221,S,ATPase associated with various cellular activities,AAA_3
cluster_001_consensus_910,1336235.JAEG01000001_gene2583,S,protein conserved in bacteria,DUF1285
cluster_001_consensus_911,1156935.QWE_08206,L,NTP pyrophosphohydrolases including oxidative damage repair enzymes,NUDIX
cluster_001_consensus_912,1156935.QWE_08201,J,PolyA polymerase,"PolyA_pol,PolyA_pol_RNAbd"
cluster_001_consensus_913,1156935.QWE_08196,M,"Four repeated domains in the Fasciclin I family of proteins, present in many other contexts.",Fasciclin
cluster_001_consensus_914,1156935.QWE_08191,S,small metal-binding protein,DUF1059
cluster_001_consensus_915,1156935.QWE_08186,-,-,-
cluster_001_consensus_916,1156935.QWE_08181,H,Involved in the heme biosynthesis. Catalyzes the aerobic oxidative decarboxylation of propionate groups of rings A and B of coproporphyrinogen-III to yield the vinyl groups in protoporphyrinogen-IX,Coprogen_oxidas
cluster_001_consensus_917,1156935.QWE_08176,-,-,-
cluster_001_consensus_918,1156935.QWE_08171,N,Flagellin is the subunit protein which polymerizes to form the filaments of bacterial flagella,"Flagellin_C,Flagellin_N"
cluster_001_consensus_919,1156935.QWE_08166,-,-,-
cluster_001_consensus_920,1156935.QWE_08161,J,Methylates the ribose at the nucleotide 34 wobble position in the two leucyl isoacceptors tRNA(Leu)(CmAA) and tRNA(Leu)(cmnm5UmAA). Catalyzes the methyl transfer from S- adenosyl-L-methionine to the 2'-OH of the wobble nucleotide,SpoU_methylase
cluster_001_consensus_921,1156935.QWE_08156,V,ABC transporter,"ABC_membrane,ABC_tran"
cluster_001_consensus_922,1156935.QWE_08151,NT,methyl-accepting chemotaxis protein,"4HB_MCP_1,HAMP,MCPsignal,PAS_9"
cluster_001_consensus_923,1156935.QWE_08146,NT,methyl-accepting chemotaxis protein,"4HB_MCP_1,HAMP,MCPsignal,PAS_9"
cluster_001_consensus_924,1156935.QWE_08141,S,protein conserved in bacteria,DMT_YdcZ
cluster_001_consensus_925,1156935.QWE_08136,S,"Putative inner membrane exporter, YdcZ",DMT_YdcZ
cluster_001_consensus_926,1082932.ATCR1_00425,T,GGDEF domain,"GGDEF,HAMP"
cluster_001_consensus_927,1156935.QWE_08126,V,ABC transporter,"ABC_membrane,ABC_tran"
cluster_001_consensus_928,1156935.QWE_08121,C,"Component of the ubiquinol-cytochrome c reductase complex (complex III or cytochrome b-c1 complex), which is a respiratory chain that generates an electrochemical potential coupled to ATP synthesis","Rieske,UCR_Fe-S_N"
cluster_001_consensus_929,1156935.QWE_08116,C,"Component of the ubiquinol-cytochrome c reductase complex (complex III or cytochrome b-c1 complex), which is a respiratory chain that generates an electrochemical potential coupled to ATP synthesis","Cytochrom_B_C,Cytochrom_C1,Cytochrome_B"
cluster_001_consensus_930,1156935.QWE_08111,C,Cytochrome c1,Cytochrom_C1
cluster_001_consensus_931,1156935.QWE_08106,F,"Catalyzes a salvage reaction resulting in the formation of AMP, that is energically less costly than de novo synthesis",Pribosyltran
cluster_001_consensus_932,1336235.JAEG01000001_gene2563,E,LysE type translocator,LysE
cluster_001_consensus_933,1336235.JAEG01000001_gene2562,K,AraC-like ligand binding domain,"AraC_binding,HTH_18"
cluster_001_consensus_934,1156935.QWE_08101,O,Belongs to the glutathione peroxidase family,GSHPx
cluster_001_consensus_935,1156935.QWE_08096,I,MaoC like domain,MaoC_dehydratas
cluster_001_consensus_936,1156935.QWE_08091,I,dehydratase,MaoC_dehydratas
cluster_001_consensus_937,1156935.QWE_08086,K,Cyclic nucleotide-monophosphate binding domain,"HTH_Crp_2,cNMP_binding"
cluster_001_consensus_938,1156935.QWE_08081,S,Protein of unknown function (DUF2892),DUF2892
cluster_001_consensus_939,1156935.QWE_08076,J,ATPase that binds to both the 70S ribosome and the 50S ribosomal subunit in a nucleotide-independent manner,"MMR_HSR1,YchF-GTPase_C"
cluster_001_consensus_940,1156935.QWE_08071,S,Involved in the modulation of the specificity of the ClpAP-mediated ATP-dependent protein degradation,ClpS
cluster_001_consensus_941,1156935.QWE_08061,J,Translation initiation inhibitor,Ribonuc_L-PSP
cluster_001_consensus_942,1156935.QWE_08056,K,Transcriptional regulator,TetR_N
cluster_001_consensus_943,1079460.ATTQ01000004_gene1793,-,-,-
cluster_001_consensus_944,1156935.QWE_08051,J,Belongs to the protein N5-glutamine methyltransferase family,MTS
cluster_001_consensus_945,1156935.QWE_08046,J,The natural substrate for this enzyme may be peptidyl- tRNAs which drop off the ribosome during protein synthesis,Pept_tRNA_hydro
cluster_001_consensus_946,1156935.QWE_08041,ET,"ABC-type amino acid transport signal transduction systems, periplasmic component domain",SBP_bac_3
cluster_001_consensus_947,1156935.QWE_08036,T,GGDEF domain,"EAL,GGDEF,HAMP,PAS,PAS_9"
cluster_001_consensus_948,1156935.QWE_08031,J,This is one of the proteins that binds to the 5S RNA in the ribosome where it forms part of the central protuberance,"Ribosomal_L25p,Ribosomal_TL5_C"
cluster_001_consensus_950,1156935.QWE_08026,T,Diguanylate cyclase,"EAL,GGDEF,MHYT"
cluster_001_consensus_951,1156935.QWE_08021,KQ,Transcriptional activator of acetoin glycerol metabolism,"GAF,HTH_8"
cluster_001_consensus_952,1156935.QWE_08016,C,belongs to the aldehyde dehydrogenase family,Aldedh
cluster_001_consensus_953,1156935.QWE_08011,S,Protein of unknown function (DUF779),DUF779
cluster_001_consensus_954,1156935.QWE_08006,-,-,-
cluster_001_consensus_955,1156935.QWE_08001,F,Involved in the biosynthesis of the central metabolite phospho-alpha-D-ribosyl-1-pyrophosphate (PRPP) via the transfer of pyrophosphoryl group from ATP to 1-hydroxyl of ribose-5-phosphate (Rib-5-P),"Pribosyl_synth,Pribosyltran,Pribosyltran_N"
cluster_001_consensus_956,1156935.QWE_07996,-,-,-
cluster_001_consensus_957,1156935.QWE_07991,E,Xaa-Pro dipeptidase,"Creatinase_N,Peptidase_M24"
cluster_001_consensus_958,1156935.QWE_07986,S,Belongs to the multicopper oxidase YfiH RL5 family,Cu-oxidase_4
cluster_001_consensus_959,1156935.QWE_07981,S,Putative S-adenosyl-L-methionine-dependent methyltransferase,Methyltransf_28
cluster_001_consensus_960,1156935.QWE_07976,M,Transfers the N-acyl diglyceride group on what will become the N-terminal cysteine of membrane lipoproteins,LGT
cluster_001_consensus_961,1156935.QWE_07971,S,protein conserved in bacteria,BMFP
cluster_001_consensus_962,1156935.QWE_07966,S,Putative bacterial sensory transduction regulator,YbjN
cluster_001_consensus_963,1156935.QWE_07961,E,Catalyzes the reduction of 1-pyrroline-5-carboxylate (PCA) to L-proline,"F420_oxidored,P5CR_dimer"
cluster_001_consensus_964,1156935.QWE_07956,J,tRNA-binding protein,tRNA_bind
cluster_001_consensus_965,1156935.QWE_07951,T,Signal transduction histidine kinase,"HAMP,HATPase_c,HisKA"
cluster_001_consensus_966,1156935.QWE_07946,T,Response regulators consisting of a CheY-like receiver domain and a winged-helix DNA-binding domain,"Response_reg,Trans_reg_C"
cluster_001_consensus_967,1156935.QWE_07941,K,Transcriptional regulator,MarR_2
cluster_001_consensus_969,1156935.QWE_07936,S,"Zn-dependent hydrolases, including glyoxylases",Lactamase_B
cluster_001_consensus_970,1156935.QWE_07931,S,BA14K-like protein,BA14K
cluster_001_consensus_971,1156935.QWE_07926,K,Cold shock,CSD
cluster_001_consensus_972,1156935.QWE_07921,G,Glucose sorbosone,GSDH
cluster_001_consensus_973,1336235.JAEG01000018_gene3334,S,Pyridine nucleotide-disulphide oxidoreductase,Pyr_redox_2
cluster_001_consensus_975,1156935.QWE_07911,E,Aminotransferase,Aminotran_1_2
cluster_001_consensus_976,1028800.RG540_CH24900,D,Antitoxin component of a toxin-antitoxin (TA) module,PhdYeFM_antitox
cluster_001_consensus_977,1156935.QWE_07896,S,PIN domain,PIN
cluster_001_consensus_978,1156935.QWE_07891,G,Glucose sorbosone,GSDH
cluster_001_consensus_979,1156935.QWE_07886,S,protein conserved in bacteria,OpgC_C
cluster_001_consensus_980,1156935.QWE_07881,P,Ca2 H antiporter,Na_Ca_ex
cluster_001_consensus_981,1156935.QWE_07876,S,Uncharacterized protein conserved in bacteria (DUF2188),DUF2188
cluster_001_consensus_982,1156935.QWE_07871,K,Transcriptional regulator,"HTH_1,LysR_substrate"
cluster_001_consensus_983,1156935.QWE_07866,GM,NmrA-like family,"Epimerase,NAD_binding_10"
cluster_001_consensus_984,1156935.QWE_07861,-,-,-
cluster_001_consensus_985,1156935.QWE_07856,C,"NADH flavin oxidoreductases, Old Yellow Enzyme family",Oxidored_FMN
cluster_001_consensus_986,1156935.QWE_07851,K,transcriptional regulators,HTH_20
cluster_001_consensus_987,1156935.QWE_07846,K,Transcriptional regulator,"HTH_1,LysR_substrate"
cluster_001_consensus_988,1156935.QWE_07841,C,Belongs to the class-II pyridine nucleotide-disulfide oxidoreductase family,Pyr_redox_2
cluster_001_consensus_989,1156935.QWE_07836,K,transcriptional,"AsnC_trans_reg,HTH_24"
cluster_001_consensus_990,1156935.QWE_07831,M,Glycosyl transferases group 1,Glycos_transf_1
cluster_001_consensus_991,1156935.QWE_07826,M,Lipopolysaccharide core biosynthesis mannosyltransferase,Glycos_transf_1
cluster_001_consensus_992,1336235.JAEG01000001_gene2505,K,"Necessary for efficient RNA polymerase transcription elongation past template-encoded arresting sites. The arresting sites in DNA have the property of trapping a certain fraction of elongating RNA polymerases that pass through, resulting in locked ternary complexes. Cleavage of the nascent transcript by cleavage factors such as GreA or GreB allows the resumption of elongation from the new 3'terminus. GreA releases sequences of 2 to 3 nucleotides","GreA_GreB,GreA_GreB_N"
cluster_001_consensus_993,1156935.QWE_07816,S,DNA-binding protein with the Helix-hairpin-helix motif,Radical_SAM
cluster_001_consensus_994,1156935.QWE_07811,L,uracil-DNA glycosylase,"DUF4130,UDG"
cluster_001_consensus_995,1156935.QWE_07806,EGP,Major Facilitator Superfamily,MFS_1
cluster_001_consensus_996,1532558.JL39_07860,S,Uncharacterized alpha/beta hydrolase domain (DUF2235),DUF2235
cluster_001_consensus_997,1156935.QWE_07796,EG,COG0697 Permeases of the drug metabolite transporter (DMT) superfamily,EamA
cluster_001_consensus_998,1336235.JAEG01000001_gene2501,S,Activator of Hsp90 ATPase homolog 1-like protein,AHSA1
cluster_001_consensus_999,1156935.QWE_07801,S,Activator of Hsp90 ATPase homolog 1-like protein,AHSA1
cluster_001_consensus_1000,1122214.AQWH01000004_gene948,K,"transcriptional regulator, ArsR family",HTH_20
cluster_001_consensus_1001,1156935.QWE_07791,-,-,-
cluster_001_consensus_1002,1156935.QWE_07786,EF,Belongs to the CarB family,"CPSase_L_D2,CPSase_L_D3,MGS"
cluster_001_consensus_1003,1156935.QWE_07781,S,Domain of unknown function (DUF1868),2H-phosphodiest
cluster_001_consensus_1004,1336235.JAEG01000001_gene2495,NT,methyl-accepting chemotaxis protein,"HAMP,MCPsignal,dCache_1"
cluster_001_consensus_1005,1156935.QWE_07766,J,Belongs to the amidase family,Amidase
cluster_001_consensus_1006,1156935.QWE_07761,E,Zinc-binding dehydrogenase,"ADH_N,ADH_zinc_N"
cluster_001_consensus_1007,1156935.QWE_07756,O,"Glutathione S-transferase, C-terminal domain","GST_C,GST_C_2,GST_C_3,GST_N"
cluster_001_consensus_1008,1156935.QWE_07751,S,zinc protease,Zn_peptidase
cluster_001_consensus_1009,1156935.QWE_07746,S,Protein of unknown function (DUF2938),DUF2938
cluster_001_consensus_1010,1156935.QWE_07741,V,multidrug efflux,MatE
cluster_001_consensus_1011,1156935.QWE_07736,F,Belongs to the CarA family,"CPSase_sm_chain,GATase"
cluster_001_consensus_1012,1156935.QWE_07731,S,Yqey-like protein,YqeY
cluster_001_consensus_1013,1156935.QWE_07726,S,protein conserved in bacteria,BrnA_antitoxin
cluster_001_consensus_1014,1156935.QWE_07721,S,"Ribonuclease toxin, BrnT, of type II toxin-antitoxin system",BrnT_toxin
cluster_001_consensus_1015,1156935.QWE_07716,L,RNA polymerase that catalyzes the synthesis of short RNA molecules used as primers for DNA polymerase during DNA replication,"DnaB_bind,Toprim_4,Toprim_N,zf-CHC2"
cluster_001_consensus_1016,1156935.QWE_07711,T,"Adenylyl- / guanylyl cyclase, catalytic domain","GAF,Guanylate_cyc,HAMP"
cluster_001_consensus_1017,1156935.QWE_07706,K,Sigma factors are initiation factors that promote the attachment of RNA polymerase to specific initiation sites and are then released. This sigma factor is the primary sigma factor during exponential growth,"Sigma70_ner,Sigma70_r1_1,Sigma70_r1_2,Sigma70_r2,Sigma70_r3,Sigma70_r4"
cluster_001_consensus_1018,196367.JNFG01000202_gene2625,K,toxin-antitoxin pair type II binding,-
cluster_001_consensus_1019,1096546.WYO_2286,S,PIN domain,PIN
cluster_001_consensus_1020,1156935.QWE_07691,M,Domain of Unknown Function (DUF930),DUF930
cluster_001_consensus_1021,1156935.QWE_07686,S,COG1473 Metal-dependent amidase aminoacylase carboxypeptidase,"M20_dimer,Peptidase_M20"
cluster_001_consensus_1022,1156935.QWE_07681,S,Lysine exporter protein (LYSE YGGA),LysE
cluster_001_consensus_1023,1156935.QWE_07676,K,transcriptional regulator,"HTH_1,LysR_substrate"
cluster_001_consensus_1024,1156935.QWE_07671,S,SnoaL-like polyketide cyclase,SnoaL_2
cluster_001_consensus_1025,1156935.QWE_07666,S,Belongs to the UPF0303 family,Haem_degrading
cluster_001_consensus_1026,1156935.QWE_07661,S,Uncharacterised protein family UPF0047,UPF0047
cluster_001_consensus_1027,1156935.QWE_07656,-,-,-
cluster_001_consensus_1028,1156935.QWE_07651,-,-,-
cluster_001_consensus_1029,1156935.QWE_07646,S,Domain of unknown function (DUF1476),DUF1476
cluster_001_consensus_1030,1156935.QWE_07641,-,-,-
cluster_001_consensus_1031,491916.RHECIAT_PC0000306,-,-,-
cluster_001_consensus_1032,1079460.ATTQ01000003_gene1657,C,[2Fe-2S] binding domain,"Fer2,Fer2_2"
cluster_001_consensus_1033,216596.pRL120301,C,Molybdopterin dehydrogenase,"CO_deh_flav_C,FAD_binding_5"
cluster_001_consensus_1034,1156935.QWE_21332,C,"Aerobic-type carbon monoxide dehydrogenase, large subunit CoxL","Ald_Xan_dh_C,Ald_Xan_dh_C2"
cluster_001_consensus_1035,1144310.PMI07_004344,L,viral genome integration into host DNA,-
cluster_001_consensus_1036,1547437.LL06_18795,-,-,-
cluster_001_consensus_1038,1281779.H009_22093,O,Peptidase family M41,Peptidase_M41
cluster_001_consensus_1039,1500304.JQKY01000004_gene1750,O,AAA domain (Cdc48 subfamily),"AAA,Peptidase_M41"
cluster_001_consensus_1040,1281779.H009_22108,-,-,-
cluster_001_consensus_1041,1500304.JQKY01000004_gene1752,-,-,-
cluster_001_consensus_1042,1500304.JQKY01000003_gene364,GM,Polysaccharide biosynthesis protein,"CoA_binding_3,Polysacc_synt_2"
cluster_001_consensus_1043,89187.ISM_03600,M,Belongs to the UDP-glucose GDP-mannose dehydrogenase family,"UDPG_MGDP_dh,UDPG_MGDP_dh_C,UDPG_MGDP_dh_N"
cluster_001_consensus_1044,89187.ISM_03595,S,"Oxidoreductase family, C-terminal alpha/beta domain","GFO_IDH_MocA,GFO_IDH_MocA_C"
cluster_001_consensus_1045,89187.ISM_03590,S,Bacterial transferase hexapeptide (six repeats),"GFO_IDH_MocA,Hexapep,Hexapep_2"
cluster_001_consensus_1046,89187.ISM_03585,E,Belongs to the DegT DnrJ EryC1 family,DegT_DnrJ_EryC1
cluster_001_consensus_1047,443143.GM18_1442,E,"IGPS catalyzes the conversion of PRFAR and glutamine to IGP, AICAR and glutamate. The HisH subunit provides the glutamine amidotransferase activity that produces the ammonia necessary to HisF for the synthesis of IGP and AICAR",GATase
cluster_001_consensus_1048,1317122.ATO12_22850,E,Histidine biosynthesis protein,His_biosynth
cluster_001_consensus_1049,1173024.KI912149_gene5418,E,asparagine synthase,"Asn_synthase,GATase_7"
cluster_001_consensus_1050,1122211.JMLW01000017_gene1552,S,Polysaccharide biosynthesis protein,Polysacc_synt_3
cluster_001_consensus_1051,1267005.KB911257_gene652,D,ATPase of the PP-loop superfamily implicated in cell cycle control,"Asn_synthase,NAD_synthase,PAPS_reduct"
cluster_001_consensus_1052,123899.JPQP01000021_gene3661,M,Glycosyl transferases group 1,"Glyco_trans_1_4,Glyco_transf_4,Glycos_transf_1"
cluster_001_consensus_1053,314225.ELI_13315,D,ATPase of the PP-loop superfamily implicated in cell cycle control,-
cluster_001_consensus_1054,314225.ELI_13320,M,Glycosyl transferase group 1,"Glyco_trans_1_4,Glyco_trans_4_4,Glyco_transf_4,Glycos_transf_1"
cluster_001_consensus_1055,930169.B5T_01717,M,Glycosyl transferase 4-like domain,"Glyco_trans_1_4,Glyco_trans_4_4,Glycos_transf_1"
cluster_001_consensus_1056,89187.ISM_03530,M,Sugar transferase,Bac_transf
cluster_001_consensus_1057,1458427.BAWN01000027_gene1595,S,Bacterial transferase hexapeptide (six repeats),Hexapep
cluster_001_consensus_1058,89187.ISM_03520,E,Belongs to the DegT DnrJ EryC1 family,"CBS,DegT_DnrJ_EryC1"
cluster_001_consensus_1060,1267005.KB911257_gene647,I,Acyl-transferase,Acyl_transf_3
cluster_001_consensus_1061,794846.AJQU01000219_gene2997,L,Transposase,HTH_Tnp_1
cluster_001_consensus_1062,1367847.JCM7686_0277,L,Integrase core domain,"rve,rve_3"
cluster_001_consensus_1063,1267005.KB911261_gene2184,-,-,-
cluster_001_consensus_1064,1156935.QWE_21666,M,glycosyl transferase group 1,"Glyco_trans_1_4,Glycos_transf_1"
cluster_001_consensus_1065,1156935.QWE_21671,C,O-antigen ligase like membrane protein,Wzy_C
cluster_001_consensus_1066,1156935.QWE_21676,M,Glycosyltransferase family 25 (LPS biosynthesis protein),"Glyco_transf_25,Wzy_C"
cluster_001_consensus_1067,216596.RL0235,-,-,-
cluster_001_consensus_1068,536019.Mesop_0088,M,Sulfatase,Sulfatase
cluster_001_consensus_1069,1132836.RCCGE510_23454,G,Belongs to the glycosyl hydrolase 5 (cellulase A) family,Cellulase
cluster_001_consensus_1070,1500306.JQLA01000013_gene5818,M,G-rich domain on putative tyrosine kinase,"GNVR,Wzz"
cluster_001_consensus_1071,1156935.QWE_09660,S,Protein of unknown function (DUF541),SIMPL
cluster_001_consensus_1072,1156935.QWE_09665,G,2-epimerase,GlcNAc_2-epim
cluster_001_consensus_1073,311402.Avi_2966,E,Methionine synthase,"B12-binding,B12-binding_2,Met_synt_B12,Pterin_bind,S-methyl_trans"
cluster_001_consensus_1074,1156935.QWE_23961,T,protein serine/threonine phosphatase activity,PP2C_2
cluster_001_consensus_1075,1156935.QWE_23956,E,Bacterial extracellular solute-binding protein,"SBP_bac_8,TAT_signal"
cluster_001_consensus_1076,1156935.QWE_23951,S,alcohol dehydrogenase,"ADH_N,ADH_zinc_N"
cluster_001_consensus_1077,1156935.QWE_23946,E,Belongs to the ABC transporter superfamily,"ABC_tran,TOBE_2"
cluster_001_consensus_1078,1057002.KB905370_gene558,P,"ABC-type spermidine putrescine transport system, permease component II",BPD_transp_1
cluster_001_consensus_1079,1156935.QWE_23936,P,transport system permease,BPD_transp_1
cluster_001_consensus_1080,1156935.QWE_23931,P,"ABC-type Fe3 transport system, periplasmic component",SBP_bac_6
cluster_001_consensus_1081,1156935.QWE_23926,K,transcriptional regulator,"HTH_6,SIS"
cluster_001_consensus_1082,1156935.QWE_23921,E,N-formylglutamate amidohydrolase,FGase
cluster_001_consensus_1083,1156935.QWE_21751,Q,"Tripartite ATP-independent periplasmic transporters, DctQ component",DctQ
cluster_001_consensus_1084,1156935.QWE_21756,Q,"Tripartite ATP-independent periplasmic transporter, DctM component",DctM
cluster_001_consensus_1085,1156935.QWE_21761,Q,"Bacterial extracellular solute-binding protein, family 7",DctP
cluster_001_consensus_1086,1156935.QWE_21766,E,glutamine synthetase,Gln-synt_C
cluster_001_consensus_1087,1156935.QWE_21771,C,belongs to the aldehyde dehydrogenase family,Aldedh
cluster_001_consensus_1088,1156935.QWE_21776,C,alcohol dehydrogenase,Fe-ADH
cluster_001_consensus_1089,1156935.QWE_21781,D,"Cobyrinic acid a,c-diamide synthase","AAA_31,CbiA,VirC1"
cluster_001_consensus_1090,1156935.QWE_21791,M,ErfK YbiS YcfS YnhG family protein,"PG_binding_1,YkuD"
cluster_001_consensus_1091,1156935.QWE_21796,K,helix_turn_helix multiple antibiotic resistance protein,"MarR,MarR_2"
cluster_001_consensus_1092,1156935.QWE_21801,G,Domain of unknown function (DUF4432),DUF4432
cluster_001_consensus_1093,1156935.QWE_21806,S,protein conserved in bacteria,DUF442
cluster_001_consensus_1094,1156935.QWE_21811,J,"Translation initiation inhibitor, yjgF family",Ribonuc_L-PSP
cluster_001_consensus_1095,1156935.QWE_21816,EG,Permeases of the drug metabolite transporter (DMT) superfamily,EamA
cluster_001_consensus_1096,1156935.QWE_21821,K,regulatory protein,"Ada_Zn_binding,AlkA_N,HTH_18"
cluster_001_consensus_1097,1156935.QWE_21826,EH,Belongs to the TPP enzyme family,"TPP_enzyme_C,TPP_enzyme_M,TPP_enzyme_N"
cluster_001_consensus_1098,1156935.QWE_21831,C,carnitine dehydratase,CoA_transf_3
cluster_001_consensus_1099,1156935.QWE_21836,I,"Serine aminopeptidase, S33",Hydrolase_4
cluster_001_consensus_1100,1500259.JQLD01000001_gene4407,S,oligosaccharyl transferase activity,-
cluster_001_consensus_1101,1156935.QWE_21841,S,ATPase components of ABC transporters with duplicated ATPase domains,"ABC_tran,ABC_tran_Xtn"
cluster_001_consensus_1102,935557.ATYB01000010_gene202,NT,chemotaxis protein,"HAMP,MCPsignal,NIT"
cluster_001_consensus_1103,1156935.QWE_21851,KQ,arsR family,"HTH_20,HTH_5,Methyltransf_11,Methyltransf_31"
cluster_001_consensus_1104,1156935.QWE_21856,E,Methylenetetrahydrofolate reductase,MTHFR
cluster_001_consensus_1105,1156935.QWE_21861,M,Lytic murein transglycosylase,"PG_binding_1,SLT_2"
cluster_001_consensus_1106,1156935.QWE_21866,M,Hydrolase,Glyco_hydro_25
cluster_001_consensus_1107,1156935.QWE_21871,Q,Methyltransferase,"Methyltransf_23,Methyltransf_25"
cluster_001_consensus_1108,1156935.QWE_21876,I,S-adenosylmethionine diacylglycerol 3-amino-3-carboxypropyl transferase,DUF3419
cluster_001_consensus_1109,1156935.QWE_21876,I,S-adenosylmethionine diacylglycerol 3-amino-3-carboxypropyl transferase,DUF3419
cluster_001_consensus_1110,1156935.QWE_21881,T,Putative diguanylate phosphodiesterase,"EAL,GGDEF"
cluster_001_consensus_1111,1156935.QWE_21886,V,Beta-lactamase class C and other penicillin binding proteins,Beta-lactamase
cluster_001_consensus_1112,1156935.QWE_21891,M,Soluble lytic murein transglycosylase and related regulatory proteins (some contain LysM invasin domains),SLT
cluster_001_consensus_1113,1156935.QWE_21896,E,efflux protein,LysE
cluster_001_consensus_1114,1156935.QWE_21901,G,"Catalyzes the phosphorylation of D-fructose 6-phosphate, the first committing step of glycolysis. Uses inorganic phosphate (PPi) as phosphoryl donor instead of ATP like common ATP-dependent phosphofructokinases (ATP-PFKs), which renders the reaction reversible, and can thus function both in glycolysis and gluconeogenesis. Consistently, PPi-PFK can replace the enzymes of both the forward (ATP-PFK) and reverse (fructose-bisphosphatase (FBPase)) reactions",PFK
cluster_001_consensus_1115,1336235.JAEG01000001_gene2424,O,molecular chaperone,"DnaJ,TerB"
cluster_001_consensus_1116,1156935.QWE_09682,V,N-acetylmuramoyl-L-alanine amidase,"Amidase_2,PG_binding_1"
cluster_001_consensus_1117,1156935.QWE_09687,M,Soluble lytic murein transglycosylase and related regulatory proteins (some contain LysM invasin domains),SLT
cluster_001_consensus_1118,1156935.QWE_09692,E,Glycine D-amino acid oxidases (deaminating),DAO
cluster_001_consensus_1119,1156935.QWE_09697,K,Belongs to the MraZ family,MraZ
cluster_001_consensus_1120,1156935.QWE_09702,J,Specifically methylates the N4 position of cytidine in position 1402 (C1402) of 16S rRNA,Methyltransf_5
cluster_001_consensus_1121,1156935.QWE_09707,S,secreted (periplasmic) protein,-
cluster_001_consensus_1122,1156935.QWE_09712,M,Cell division protein FtsI penicillin-binding protein 2,"PBP_dimer,Transpeptidase"
cluster_001_consensus_1123,1156935.QWE_09717,M,Catalyzes the addition of meso-diaminopimelic acid to the nucleotide precursor UDP-N-acetylmuramoyl-L-alanyl-D-glutamate (UMAG) in the biosynthesis of bacterial cell-wall peptidoglycan,"Mur_ligase,Mur_ligase_C,Mur_ligase_M"
cluster_001_consensus_1124,1156935.QWE_09722,M,"Involved in cell wall formation. Catalyzes the final step in the synthesis of UDP-N-acetylmuramoyl-pentapeptide, the precursor of murein","Mur_ligase,Mur_ligase_C,Mur_ligase_M"
cluster_001_consensus_1125,1156935.QWE_09727,M,First step of the lipid cycle reactions in the biosynthesis of the cell wall peptidoglycan,"Glycos_transf_4,MraY_sig1"
cluster_001_consensus_1126,1156935.QWE_09732,M,Cell wall formation. Catalyzes the addition of glutamate to the nucleotide precursor UDP-N-acetylmuramoyl-L-alanine (UMA),"Mur_ligase_C,Mur_ligase_M"
cluster_001_consensus_1127,1156935.QWE_09737,D,Belongs to the SEDS family,FTSW_RODA_SPOVE
cluster_001_consensus_1128,1156935.QWE_09742,M,Cell wall formation. Catalyzes the transfer of a GlcNAc subunit on undecaprenyl-pyrophosphoryl-MurNAc-pentapeptide (lipid intermediate I) to form undecaprenyl-pyrophosphoryl-MurNAc- (pentapeptide)GlcNAc (lipid intermediate II),"Glyco_tran_28_C,Glyco_transf_28"
cluster_001_consensus_1129,1156935.QWE_09747,M,Belongs to the MurCDEF family,"Mur_ligase,Mur_ligase_C,Mur_ligase_M"
cluster_001_consensus_1130,1156935.QWE_09752,M,Cell wall formation,"FAD_binding_4,MurB_C"
cluster_001_consensus_1131,1156935.QWE_09757,T,GGDEF domain,GGDEF
cluster_001_consensus_1132,1156935.QWE_09762,M,Belongs to the D-alanine--D-alanine ligase family,"Dala_Dala_lig_C,Dala_Dala_lig_N"
cluster_001_consensus_1133,1156935.QWE_09767,D,Cell division protein FtsQ,"FtsQ,POTRA_1"
cluster_001_consensus_1134,1156935.QWE_09772,D,Cell division protein that is involved in the assembly of the Z ring. May serve as a membrane anchor for the Z ring,"FtsA,SHS2_FTSA"
cluster_001_consensus_1135,1156935.QWE_09777,D,Essential cell division protein that forms a contractile ring structure (Z ring) at the future cell division site. The regulation of the ring assembly controls the timing and the location of cell division. One of the functions of the FtsZ ring is to recruit other cell division proteins to the septum to produce a new cell wall between the dividing cells. Binds GTP and shows GTPase activity,"FtsZ_C,Tubulin"
cluster_001_consensus_1136,1156935.QWE_09782,M,"Catalyzes the hydrolysis of UDP-3-O-myristoyl-N- acetylglucosamine to form UDP-3-O-myristoylglucosamine and acetate, the committed step in lipid A biosynthesis",LpxC
cluster_001_consensus_1137,1156935.QWE_09787,M,"Part of the outer membrane protein assembly complex, which is involved in assembly and insertion of beta-barrel proteins into the outer membrane",YfiO
cluster_001_consensus_1138,1156935.QWE_09792,L,May be involved in recombinational repair of damaged DNA,SMC_N
cluster_001_consensus_1139,1156935.QWE_09797,I,Cardiolipin,"PLDc_2,PLDc_N"
cluster_001_consensus_1140,1156935.QWE_09802,L,Endonuclease/Exonuclease/phosphatase family,Exo_endo_phos
cluster_001_consensus_1141,311402.Avi_2876,L,DNA ligase that catalyzes the formation of phosphodiester linkages between 5'-phosphoryl and 3'-hydroxyl groups in double-stranded DNA using NAD as a coenzyme and as the energy source for the reaction. It is essential for DNA replication and repair of damaged DNA,"BRCT,DNA_ligase_OB,DNA_ligase_ZBD,DNA_ligase_aden,HHH_2"
cluster_001_consensus_1142,1156935.QWE_09812,T,GGDEF domain,GGDEF
cluster_001_consensus_1143,1156935.QWE_09817,NU,bacterial-type flagellum-dependent cell motility,-
cluster_001_consensus_1144,1156935.QWE_09822,S,membrane,DUF2391
cluster_001_consensus_1145,1156935.QWE_09827,L,Belongs to the DEAD box helicase family,"DEAD,DbpA,Helicase_C"
cluster_001_consensus_1146,1156935.QWE_09837,L,dna polymerase iii,RNase_T
cluster_001_consensus_1147,1156935.QWE_09842,S,CreA protein,CreA
cluster_001_consensus_1148,1156935.QWE_09847,-,-,-
cluster_001_consensus_1149,1156935.QWE_09852,NT,Chemotaxis signal transduction protein,CheW
cluster_001_consensus_1150,1156935.QWE_09857,NT,methyl-accepting chemotaxis protein,"HAMP,MCPsignal"
cluster_001_consensus_1151,1156935.QWE_09862,S,Predicted integral membrane protein (DUF2189),DUF2189
cluster_001_consensus_1152,1500301.JQMF01000004_gene3517,-,-,-
cluster_001_consensus_1153,1156935.QWE_09867,S,"protein SCO1 SenC PrrC, involved in biogenesis of respiratory and photosynthetic systems",SCO1-SenC
cluster_001_consensus_1154,1156935.QWE_09872,J,Methylates ribosomal protein L11,PrmA
cluster_001_consensus_1155,1082932.ATCR1_07336,-,-,-
cluster_001_consensus_1156,1156935.QWE_09882,E,aminopeptidase,"Creatinase_N,Creatinase_N_2,Peptidase_M24,Peptidase_M24_C"
cluster_001_consensus_1157,1156935.QWE_09887,S,Branched-chain amino acid transport protein (AzlD),AzlD
cluster_001_consensus_1158,1156935.QWE_09892,E,branched-chain amino acid permease (azaleucine resistance),AzlC
cluster_001_consensus_1159,311402.Avi_2851,S,Uncharacterized conserved protein (DUF2164),DUF2164
cluster_001_consensus_1160,1156935.QWE_09902,H,"Catalyzes the reversible reaction in which hydroxymethyl group from 5,10-methylenetetrahydrofolate is transferred onto alpha-ketoisovalerate to form ketopantoate",Pantoate_transf
cluster_001_consensus_1161,1156935.QWE_09907,H,Catalyzes the condensation of pantoate with beta-alanine in an ATP-dependent reaction via a pantoyl-adenylate intermediate,Pantoate_ligase
cluster_001_consensus_1162,1156935.QWE_09912,Q,Nicotinamidase,Isochorismatase
cluster_001_consensus_1163,1156935.QWE_09917,G,Glucose dehydrogenase,"PQQ,PQQ_2"
cluster_001_consensus_1164,1156935.QWE_09922,-,-,-
cluster_001_consensus_1165,1156935.QWE_09932,M,Glycosyltransferase involved in LPS biosynthesis,Glyco_transf_25
cluster_001_consensus_1166,1156935.QWE_09927,F,thymidine kinase,TK
cluster_001_consensus_1167,1156935.QWE_09937,L,DNA helicase,"UvrD-helicase,UvrD_C"
cluster_001_consensus_1168,1156935.QWE_09942,M,Belongs to the membrane fusion protein (MFP) (TC 8.A.1) family,HlyD_D23
cluster_001_consensus_1169,1156935.QWE_09947,V,Belongs to the resistance-nodulation-cell division (RND) (TC 2.A.6) family,ACR_tran
cluster_001_consensus_1170,1156935.QWE_09952,C,Dehydrogenase,"FAD-oxidase_C,FAD_binding_4"
cluster_001_consensus_1171,1156935.QWE_09957,M,AsmA family,"AsmA,AsmA_2"
cluster_001_consensus_1173,1156935.QWE_09962,O,Ribbon-helix-helix domain,RHH_4
cluster_001_consensus_1174,1156935.QWE_09967,S,Domain of unknown function (DUF4169),DUF4169
cluster_001_consensus_1175,1156935.QWE_09972,S,protein conserved in bacteria,SspB
cluster_001_consensus_1176,1156935.QWE_09977,F,"Catalyzes the reductive methylation of 2'-deoxyuridine- 5'-monophosphate (dUMP) to 2'-deoxythymidine-5'-monophosphate (dTMP) while utilizing 5,10-methylenetetrahydrofolate (mTHF) as the methyl donor and reductant in the reaction, yielding dihydrofolate (DHF) as a by-product. This enzymatic reaction provides an intracellular de novo source of dTMP, an essential precursor for DNA biosynthesis",Thymidylat_synt
cluster_001_consensus_1177,1156935.QWE_09982,H,"Key enzyme in folate metabolism. Catalyzes an essential reaction for de novo glycine and purine synthesis, and for DNA precursor synthesis",DHFR_1
cluster_001_consensus_1178,1156935.QWE_09987,O,HflC and HflK could encode or regulate a protease,"Band_7,HflK_N"
cluster_001_consensus_1179,1156935.QWE_09992,O,HflC and HflK could regulate a protease,Band_7
cluster_001_consensus_1180,1156935.QWE_09997,S,Uncharacterized protein conserved in bacteria (DUF2065),DUF2065
cluster_001_consensus_1181,1156935.QWE_10002,M,Belongs to the peptidase S1C family,"PDZ,PDZ_2,Trypsin_2"
cluster_001_consensus_1182,1156935.QWE_10007,T,Diguanylate cyclase,"EAL,GGDEF,PAS_4"
cluster_001_consensus_1183,1156935.QWE_10012,J,"Acetyltransferases, including N-acetylases of ribosomal proteins",Acetyltransf_3
cluster_001_consensus_1184,1156935.QWE_10017,E,phosphoserine phosphatase,HAD
cluster_001_consensus_1185,1156935.QWE_10022,J,"Catalyzes the transfer of a dimethylallyl group onto the adenine at position 37 in tRNAs that read codons beginning with uridine, leading to the formation of N6-(dimethylallyl)adenosine (i(6)A)",IPPT
cluster_001_consensus_1186,1156935.QWE_10027,S,Domain of unknown function DUF87,DUF87
cluster_001_consensus_1187,1156935.QWE_10032,E,acetolactate synthase,"TPP_enzyme_C,TPP_enzyme_M,TPP_enzyme_N"
cluster_001_consensus_1188,1156935.QWE_10037,E,acetolactate synthase,"ACT,ACT_5,ALS_ss_C"
cluster_001_consensus_1189,1156935.QWE_10042,K,DNA-binding transcription factor activity,"HTH_20,HTH_5"
cluster_001_consensus_1190,1156935.QWE_10047,S,"Aldo keto reductases, related to diketogulonate reductase",Aldo_ket_red
cluster_001_consensus_1191,1156935.QWE_10052,E,Lysine exporter protein,LysE
cluster_001_consensus_1192,1156935.QWE_10057,S,Nitrile hydratase,NHase_alpha
cluster_001_consensus_1193,1156935.QWE_10062,E,NHase catalyzes the hydration of various nitrile compounds to the corresponding amides,NHase_beta
cluster_001_consensus_1194,1156935.QWE_10067,S,Nitrile hydratase beta subunit,NHase_beta
cluster_001_consensus_1195,1156935.QWE_10072,L,"ATP-dependent exoDNAse (exonuclease V), alpha subunit - helicase superfamily I member","AAA_30,UvrD_C_2"
cluster_001_consensus_1196,1156935.QWE_10077,S,Domain of unknown function (DUF4405),DUF4405
cluster_001_consensus_1197,1156935.QWE_10082,K,transcriptional,"GerE,MerR_1"
cluster_001_consensus_1198,1156935.QWE_10087,S,Adenylate cyclase,-
cluster_001_consensus_1199,1156935.QWE_10092,H,Catalyzes the complicated ring closure reaction between the two acyclic compounds 1-deoxy-D-xylulose-5-phosphate (DXP) and 3-amino-2-oxopropyl phosphate (1-amino-acetone-3-phosphate or AAP) to form pyridoxine 5'-phosphate (PNP) and inorganic phosphate,PdxJ
cluster_001_consensus_1200,1156935.QWE_10097,M,aspartate racemase,Asp_Glu_race
cluster_001_consensus_1201,1156935.QWE_10102,K,Transcriptional,"AsnC_trans_reg,HTH_24"
cluster_001_consensus_1202,1336235.JAEG01000001_gene2311,-,-,-
cluster_001_consensus_1203,1336235.JAEG01000001_gene2311,-,-,-
cluster_001_consensus_1204,1336235.JAEG01000001_gene2311,-,-,-
cluster_001_consensus_1205,1336235.JAEG01000001_gene2311,-,-,-
cluster_001_consensus_1206,1336235.JAEG01000001_gene2311,-,-,-
cluster_001_consensus_1207,1336235.JAEG01000001_gene2311,-,-,-
cluster_001_consensus_1208,1156935.QWE_10127,K,Transcriptional regulator,"TetR_C_7,TetR_N"
cluster_001_consensus_1209,1156935.QWE_10132,EH,"Involved in the biosynthesis of branched-chain amino acids (BCAA). Catalyzes an alkyl-migration followed by a ketol- acid reduction of (S)-2-acetolactate (S2AL) to yield (R)-2,3- dihydroxy-isovalerate. In the isomerase reaction, S2AL is rearranged via a Mg-dependent methyl migration to produce 3- hydroxy-3-methyl-2-ketobutyrate (HMKB). In the reductase reaction, this 2-ketoacid undergoes a metal-dependent reduction by NADPH to yield (R)-2,3-dihydroxy-isovalerate","IlvC,IlvN"
cluster_001_consensus_1210,1156935.QWE_10137,T,GGDEF domain,GGDEF
cluster_001_consensus_1211,1156935.QWE_10142,E,COG1167 Transcriptional regulators containing a DNA-binding HTH domain and an aminotransferase domain (MocR family) and their eukaryotic orthologs,Aminotran_1_2
cluster_001_consensus_1212,1156935.QWE_10147,L,endonuclease exonuclease phosphatase,Exo_endo_phos
cluster_001_consensus_1213,1156935.QWE_10152,L,nUDIX hydrolase,-
cluster_001_consensus_1214,1156935.QWE_10157,S,Phenazine biosynthesis protein PhzF,PhzC-PhzF
cluster_001_consensus_1215,395492.Rleg2_2475,L,Belongs to the 'phage' integrase family,Phage_integrase
cluster_001_consensus_1224,366394.Smed_1927,-,-,-
cluster_001_consensus_1228,744980.TRICHSKD4_3713,S,RecT family,RecT
cluster_001_consensus_1229,472175.EL18_01405,L,PDDEXK-like domain of unknown function (DUF3799),DUF3799
cluster_001_consensus_1230,446471.Xcel_0567,KT,response regulator,HNH_3
cluster_001_consensus_1231,1522072.IL54_3079,-,-,-
cluster_001_consensus_1233,1185766.DL1_08580,-,-,-
cluster_001_consensus_1234,1122139.KB907875_gene2543,T,"RNA chaperone with significant RNA binding, RNA strand exchange and RNA duplexing activities",ProQ
cluster_001_consensus_1235,366394.Smed_1921,S,Protein of unknown function (DUF5131),DUF5131
cluster_001_consensus_1236,640081.Dsui_1083,IQ,Short-chain dehydrogenase reductase Sdr,-
cluster_001_consensus_1238,472175.EL18_01397,K,Peptidase S24-like,Peptidase_S24
cluster_001_consensus_1240,266779.Meso_0214,-,-,-
cluster_001_consensus_1241,472175.EL18_01390,-,-,-
cluster_001_consensus_1242,196490.AUEZ01000004_gene3954,-,-,-
cluster_001_consensus_1243,472175.EL18_01388,KT,MT-A70,MT-A70
cluster_001_consensus_1244,1231190.NA8A_18187,L,Nuclease that resolves Holliday junction intermediates in genetic recombination. Cleaves the cruciform structure in supercoiled DNA by nicking to strands with the same polarity at sites symmetrically opposed at the junction in the homologous arms and leaves a 5'-terminal phosphate and a 3'-terminal hydroxyl group,-
cluster_001_consensus_1245,990285.RGCCGE502_22860,L,Belongs to the class I-like SAM-binding methyltransferase superfamily. C5-methyltransferase family,DNA_methylase
cluster_001_consensus_1246,439375.Oant_0226,K,"Represses a number of genes involved in the response to DNA damage (SOS response), including recA and lexA. In the presence of single-stranded DNA, RecA interacts with LexA causing an autocatalytic cleavage which disrupts the DNA-binding part of LexA, leading to derepression of the SOS regulon and eventually DNA repair","LexA_DNA_bind,Peptidase_S24"
cluster_001_consensus_1247,608538.HTH_0001,L,it binds specifically double-stranded DNA at a 9 bp consensus (dnaA box) 5'-TTATC CA A CA A-3'. DnaA binds to ATP and to acidic phospholipids,"Bac_DnaA,Bac_DnaA_C,DnaA_N"
cluster_001_consensus_1248,266779.Meso_1204,L,DnaB-like helicase N terminal domain,"DnaB,DnaB_C"
cluster_001_consensus_1249,1116369.KB890024_gene2544,-,-,-
cluster_001_consensus_1252,311403.Arad_3647,S,Bacterial protein of unknown function (DUF853),DUF853
cluster_001_consensus_1254,1449049.JONW01000008_gene433,-,-,-
cluster_001_consensus_1256,1206777.B195_06760,S,Arc-like DNA binding domain,Arc
cluster_001_consensus_1257,252305.OB2597_14781,-,-,-
cluster_001_consensus_1263,1038867.AXAY01000025_gene2069,-,-,-
cluster_001_consensus_1269,666686.B1NLA3E_01205,-,-,-
cluster_001_consensus_1271,311403.Arad_3650,L,transposase activity,"DUF1441,HTH_17,N6_Mtase,Phage_Nu1"
cluster_001_consensus_1272,46429.BV95_01661,S,Phage terminase large subunit (GpA),Terminase_GpA
cluster_001_consensus_1273,460265.Mnod_2462,S,"TIGRFAM phage portal protein, lambda family",Phage_portal_2
cluster_001_consensus_1274,460265.Mnod_2461,-,-,-
cluster_001_consensus_1275,311403.Arad_3631,OU,COG0616 periplasmic serine proteases (ClpP class),Peptidase_S49
cluster_001_consensus_1276,1123247.AUIJ01000002_gene2221,S,Bacteriophage lambda head decoration protein D,HDPD
cluster_001_consensus_1277,536019.Mesop_3749,S,Phage major capsid protein E,Phage_cap_E
cluster_001_consensus_1279,595536.ADVE02000001_gene3091,-,-,-
cluster_001_consensus_1280,439375.Oant_1500,S,"Type VI secretion system, phage-baseplate injector",Phage_base_V
cluster_001_consensus_1282,595536.ADVE02000001_gene3089,S,Gene 25-like lysozyme,GPW_gp25
cluster_001_consensus_1283,1028801.RG1141_CH24220,S,Baseplate J-like protein,Baseplate_J
cluster_001_consensus_1284,1144310.PMI07_000883,S,Phage tail protein (Tail_P2_I),Tail_P2_I
cluster_001_consensus_1286,1227453.C444_19682,S,Fibronectin type III domain protein,-
cluster_001_consensus_1287,670292.JH26_02265,I,Acyltransferase family,"Acyl_transf_3,Glyco_hydro_16"
cluster_001_consensus_1288,1028801.RG1141_CH01910,L,Phage integrase family,Phage_integrase
cluster_001_consensus_1289,1028801.RG1141_CH24240,S,Domain of unknown function (DUF4815),DUF4815
cluster_001_consensus_1290,1140.Synpcc7942_0745,S,tail collar domain protein,-
cluster_001_consensus_1291,1121406.JAEX01000012_gene656,S,Phage tail assembly chaperone protein,Phage_tail_APC
cluster_001_consensus_1292,439375.Oant_1491,S,Phage tail sheath protein subtilisin-like domain,"Phage_sheath_1,Phage_sheath_1C"
cluster_001_consensus_1293,107636.JQNK01000009_gene1619,S,Phage tail tube protein FII,Phage_tube
cluster_001_consensus_1294,460265.Mnod_0577,S,"Phage tail assembly chaperone proteins, E, or 41 or 14",Phage_TAC_7
cluster_001_consensus_1295,311403.Arad_3651,M,Peptidoglycan-binding domain 1 protein,-
cluster_001_consensus_1296,439375.Oant_1487,S,Phage P2 GpU,Phage_P2_GpU
cluster_001_consensus_1297,439375.Oant_2290,U,Tail protein,Phage_tail_X
cluster_001_consensus_1298,504832.OCAR_5598,S,late control,Phage_GPD
cluster_001_consensus_1299,1041146.ATZB01000002_gene5274,M,Putative peptidoglycan binding domain,PG_binding_1
cluster_001_consensus_1300,1547437.LL06_00670,-,-,-
cluster_001_consensus_1305,639283.Snov_1296,-,-,-
cluster_001_consensus_1306,1156935.QWE_10162,P,Part of the ABC transporter complex HmuTUV involved in hemin import. Responsible for energy coupling to the transport system,ABC_tran
cluster_001_consensus_1307,1156935.QWE_10167,P,Belongs to the binding-protein-dependent transport system permease family. FecCD subfamily,FecCD
cluster_001_consensus_1308,1156935.QWE_10172,P,"ABC-type hemin transport system, periplasmic component",Peripla_BP_2
cluster_001_consensus_1309,1156935.QWE_10177,S,Antibiotic biosynthesis monooxygenase,ABM
cluster_001_consensus_1310,1156935.QWE_10182,P,utilization protein,ChuX_HutX
cluster_001_consensus_1311,1156935.QWE_10187,M,mechanosensitive ion channel,"DUF3772,MS_channel"
cluster_001_consensus_1312,1156935.QWE_10192,-,-,-
cluster_001_consensus_1313,1156935.QWE_10197,T,response regulator,Response_reg
cluster_001_consensus_1314,1156935.QWE_10202,T,Response regulator containing a CheY-like receiver domain and a GGDEF domain,"GGDEF,Response_reg"
cluster_001_consensus_1315,1156935.QWE_10207,V,"ABC transporter, ATP-binding protein",ABC_tran
cluster_001_consensus_1316,1156935.QWE_10212,V,Transport permease protein,ABC2_membrane
cluster_001_consensus_1317,1156935.QWE_10217,S,protease,"Asp_protease_2,gag-asp_proteas"
cluster_001_consensus_1318,1156935.QWE_10222,S,Protein of unknown function (DUF1289),DUF1289
cluster_001_consensus_1319,1156935.QWE_10227,H,Joins adenosylcobinamide-GDP and alpha-ribazole to generate adenosylcobalamin (Ado-cobalamin). Also synthesizes adenosylcobalamin 5'-phosphate from adenosylcobinamide-GDP and alpha-ribazole 5'-phosphate,CobS
cluster_001_consensus_1320,1156935.QWE_10232,F,"Catalyzes the synthesis of alpha-ribazole-5'-phosphate from nicotinate mononucleotide (NAMN) and 5,6- dimethylbenzimidazole (DMB)",DBI_PRT
cluster_001_consensus_1321,1156935.QWE_10237,M,Recycling of diacylglycerol produced during the turnover of membrane phospholipid,DAGK_prokar
cluster_001_consensus_1322,1156935.QWE_10242,T,Histidine kinase,"HATPase_c,HisKA"
cluster_001_consensus_1323,1156935.QWE_10247,L,biosynthesis protein,SNase
cluster_001_consensus_1324,1156935.QWE_10252,L,Uracil-DNA glycosylase,UDG
cluster_001_consensus_1325,1156935.QWE_10257,K,transcriptional,"AsnC_trans_reg,HTH_24"
cluster_001_consensus_1326,1156935.QWE_10267,I,Dehydrogenase,"NAD_binding_11,NAD_binding_2"
cluster_001_consensus_1327,990285.RGCCGE502_10921,-,-,-
cluster_001_consensus_1328,1156935.QWE_10277,S,Methyltransferase,"Methyltransf_11,Methyltransf_23,Methyltransf_31,TPR_1,TPR_2"
cluster_001_consensus_1329,1156935.QWE_10282,S,Predicted integral membrane protein (DUF2270),DUF2270
cluster_001_consensus_1330,1156935.QWE_10287,E,Usg protein,Usg
cluster_001_consensus_1331,1156935.QWE_10292,P,amino acid ABC transporter,BPD_transp_1
cluster_001_consensus_1332,1156935.QWE_10297,P,"ABC-type arginine transport system, permease component",BPD_transp_1
cluster_001_consensus_1333,1156935.QWE_10302,ET,Belongs to the bacterial solute-binding protein 3 family,SBP_bac_3
cluster_001_consensus_1334,1156935.QWE_10307,M,Belongs to the ompA family,OmpA
cluster_001_consensus_1335,1156935.QWE_10312,H,molybdopterin-guanine dinucleotide biosynthesis protein,MobB
cluster_001_consensus_1336,1156935.QWE_10317,H,Transfers a GMP moiety from GTP to Mo-molybdopterin (Mo- MPT) cofactor (Moco or molybdenum cofactor) to form Mo- molybdopterin guanine dinucleotide (Mo-MGD) cofactor,NTP_transf_3
cluster_001_consensus_1337,1156935.QWE_10322,EGP,Major facilitator superfamily,MFS_1
cluster_001_consensus_1338,1156935.QWE_10327,EG,Permeases of the drug metabolite transporter (DMT) superfamily,EamA
cluster_001_consensus_1339,1156935.QWE_10332,T,chemotaxis protein,"HAMP,MCPsignal,Protoglobin"
cluster_001_consensus_1340,1156935.QWE_10337,H,"Catalyzes the cyclization of GTP to (8S)-3',8-cyclo-7,8- dihydroguanosine 5'-triphosphate","Fer4_12,Mob_synth_C,Radical_SAM"
cluster_001_consensus_1341,1156935.QWE_10342,S,protein conserved in bacteria,DUF971
cluster_001_consensus_1342,1156935.QWE_10347,K,helix_turn_helix multiple antibiotic resistance protein,"MarR,MarR_2"
cluster_001_consensus_1343,1156935.QWE_10352,S,Alpha/beta hydrolase family,"Abhydrolase_6,Hydrolase_4"
cluster_001_consensus_1344,1156935.QWE_10357,S,flavin-nucleotide-binding protein structurally related to pyridoxine 5'-phosphate oxidase,Putative_PNPOx
cluster_001_consensus_1345,1156935.QWE_10362,T,GGDEF domain,GGDEF
cluster_001_consensus_1346,1156935.QWE_10367,C,Catalyzes the reversible hydration of fumarate to (S)- malate,"Fumerase,Fumerase_C"
cluster_001_consensus_1347,1156935.QWE_10372,T,"Diguanylate cyclase, GGDEF domain",GGDEF
cluster_001_consensus_1348,1156935.QWE_10377,C,Involved in the TCA cycle. Catalyzes the stereospecific interconversion of fumarate to L-malate,"FumaraseC_C,Lyase_1"
cluster_001_consensus_1349,1156935.QWE_10382,S,protein conserved in bacteria,"PG_binding_1,YkuD"
cluster_001_consensus_1350,1156935.QWE_10387,G,Phosphoglycolate phosphatase,HAD_2
cluster_001_consensus_1351,1156935.QWE_10392,G,Catalyzes the reversible conversion of ribose-5- phosphate to ribulose 5-phosphate,Rib_5-P_isom_A
cluster_001_consensus_1352,1156935.QWE_10397,S,protein conserved in bacteria,DUF2059
cluster_001_consensus_1353,1156935.QWE_10402,C,Belongs to the class-I pyridine nucleotide-disulfide oxidoreductase family,"Pyr_redox_2,Pyr_redox_dim"
cluster_001_consensus_1354,1156935.QWE_10407,S,Alpha beta hydrolase,"Abhydrolase_6,Hydrolase_4"
cluster_001_consensus_1355,1156935.QWE_10412,E,phospho-2-dehydro-3-deoxyheptonate aldolase,DAHP_synth_2
cluster_001_consensus_1356,1156935.QWE_10417,S,Glutathione-dependent formaldehyde-activating enzyme,GFA
cluster_001_consensus_1357,1156935.QWE_10422,-,-,-
cluster_001_consensus_1358,1156935.QWE_10427,M,"Phosphoglycerol transferase and related proteins, alkaline phosphatase superfamily",Sulfatase
cluster_001_consensus_1359,1156935.QWE_10432,H,Catalyzes the ATP-dependent amidation of deamido-NAD to form NAD. Uses L-glutamine as a nitrogen source,"CN_hydrolase,NAD_synthase"
cluster_001_consensus_1360,1057002.KB905370_gene5677,-,-,-
cluster_001_consensus_1361,1156935.QWE_10442,U,Periplasmic component of the Tol biopolymer transport system,"Amidohydro_1,PD40"
cluster_001_consensus_1362,1156935.QWE_10447,C,"Cob(II)yrinic acid a,c-diamide reductase",Nitroreductase
cluster_001_consensus_1363,1156935.QWE_10452,S,Protein of unknown function (DUF2865),DUF2865
cluster_001_consensus_1364,1156935.QWE_10457,QT,Autoinducer synthase,Autoind_synth
cluster_001_consensus_1365,1156935.QWE_10462,K,response regulator,"Autoind_bind,GerE"
cluster_001_consensus_1366,1156935.QWE_10467,C,malic enzyme,"Malic_M,PTA_PTB,malic"
cluster_001_consensus_1367,1156935.QWE_10472,S,protein conserved in bacteria,"Metallophos,Metallophos_2"
cluster_001_consensus_1368,1156935.QWE_10477,Q,"ABC-type transport system involved in resistance to organic solvents, permease component","MlaE,STAS,STAS_2"
cluster_001_consensus_1369,1156935.QWE_10482,Q,"ABC-type transport system involved in resistance to organic solvents, ATPase component",ABC_tran
cluster_001_consensus_1370,1156935.QWE_10487,Q,"ABC-type transport system involved in resistance to organic solvents, periplasmic component",MlaD
cluster_001_consensus_1371,1156935.QWE_10492,S,"transport system, auxiliary component",ABC_trans_aux
cluster_001_consensus_1372,1156935.QWE_10497,D,Apolipoprotein A1/A4/E domain,Apolipoprotein
cluster_001_consensus_1373,1156935.QWE_10502,T,Histidine Phosphotransfer domain,Hpt
cluster_001_consensus_1374,1156935.QWE_10507,C,Ferredoxin,Fer2
cluster_001_consensus_1375,1156935.QWE_10512,O,secreted Zn-dependent protease,DUF922
cluster_001_consensus_1376,1156935.QWE_10517,H,"Catalyzes the condensation of para-aminobenzoate (pABA) with 6-hydroxymethyl-7,8-dihydropterin diphosphate (DHPt-PP) to form 7,8-dihydropteroate (H2Pte), the immediate precursor of folate derivatives",Pterin_bind
cluster_001_consensus_1377,1156935.QWE_10522,H,"Catalyzes the conversion of 7,8-dihydroneopterin to 6- hydroxymethyl-7,8-dihydropterin",FolB
cluster_001_consensus_1378,1156935.QWE_10527,H,"7,8-dihydro-6-hydroxymethylpterin-pyrophosphokinase (HPPK)",HPPK
cluster_001_consensus_1379,1156935.QWE_10532,-,-,-
cluster_001_consensus_1380,1156935.QWE_10537,S,UPF0283 membrane protein,DUF697
cluster_001_consensus_1381,1156935.QWE_10542,S,Amino acid regulated cytosolic protein,DUF463
cluster_001_consensus_1382,1156935.QWE_10547,T,phosphohistidine phosphatase,His_Phos_1
cluster_001_consensus_1383,1370122.JHXQ01000012_gene3577,T,Transcription factor that acts by binding directly to the RNA polymerase (RNAP). Required for negative regulation of rRNA expression and positive regulation of several amino acid biosynthesis promoters,zf-dskA_traR
cluster_001_consensus_1384,1156935.QWE_10557,D,"Flagellar biosynthesis protein, FliO",FliO
cluster_001_consensus_1385,1156935.QWE_10567,T,Histidine kinase,"HATPase_c,HisKA,PAS,PAS_4,PAS_8,PAS_9,Response_reg"
cluster_001_consensus_1386,1156935.QWE_10572,Q,"Catalyzes the reversible cleavage of pseudouridine 5'- phosphate (PsiMP) to ribose 5-phosphate and uracil. Functions biologically in the cleavage direction, as part of a pseudouridine degradation pathway",Indigoidine_A
cluster_001_consensus_1387,1156935.QWE_10577,G,"Sugar kinases, ribokinase family",PfkB
cluster_001_consensus_1388,1156935.QWE_10582,L,"Can catalyze the hydrolysis of ATP in the presence of single-stranded DNA, the ATP-dependent uptake of single-stranded DNA by duplex DNA, and the ATP-dependent hybridization of homologous single-stranded DNAs. It interacts with LexA causing its activation and leading to its autocatalytic cleavage",RecA
cluster_001_consensus_1389,1156935.QWE_10587,J,Catalyzes the attachment of alanine to tRNA(Ala) in a two-step reaction alanine is first activated by ATP to form Ala- AMP and then transferred to the acceptor end of tRNA(Ala). Also edits incorrectly charged Ser-tRNA(Ala) and Gly-tRNA(Ala) via its editing domain,"DHHA1,tRNA-synt_2c,tRNA_SAD"
cluster_001_consensus_1390,1156935.QWE_10592,T,FOG GGDEF domain,GGDEF
cluster_001_consensus_1391,1156935.QWE_10597,P,STAS domain,"STAS,Sulfate_transp"
cluster_001_consensus_1393,1156935.QWE_10607,C,Belongs to the isocitrate and isopropylmalate dehydrogenases family,Iso_dh
cluster_001_consensus_1394,1156935.QWE_10612,-,-,-
cluster_001_consensus_1395,1156935.QWE_10622,J,Catalyzes the formation of 2'O-methylated cytidine (Cm32) or 2'O-methylated uridine (Um32) at position 32 in tRNA,"DUF559,SpoU_methylase"
cluster_001_consensus_1396,1156935.QWE_10627,M,Provides the (R)-glutamate required for cell wall biosynthesis,Asp_Glu_race
cluster_001_consensus_1397,1156935.QWE_10632,S,Hemolysins and related proteins containing CBS domains,"CBS,CorC_HlyC,DUF21"
cluster_001_consensus_1398,1156935.QWE_10642,G,Major facilitator superfamily,MFS_1
cluster_001_consensus_1399,1156935.QWE_10647,S,Domain of unknown function DUF87,DUF87
cluster_001_consensus_1400,1410620.SHLA_12c000340,NT,methyl-accepting chemotaxis protein,"4HB_MCP_1,HAMP,MCPsignal,dCache_1"
cluster_001_consensus_1401,1156935.QWE_10652,E,M42 glutamyl aminopeptidase,"M20_dimer,Peptidase_M20,Peptidase_M42"
cluster_001_consensus_1402,1156935.QWE_10657,M,Belongs to the peptidase S11 family,"Peptidase_S11,SPOR"
cluster_001_consensus_1403,1380367.JIBC01000003_gene4117,L,Endonuclease Exonuclease phosphatase,Exo_endo_phos
cluster_001_consensus_1404,1156935.QWE_10662,J,"One of the primary rRNA binding proteins, it binds directly to 16S rRNA where it nucleates assembly of the body of the 30S subunit","Ribosomal_S4,S4"
cluster_001_consensus_1405,1156935.QWE_10667,E,Belongs to the glutaminase family,Glutaminase
cluster_001_consensus_1406,1156935.QWE_10672,J,"Catalyzes the ATP-dependent 2-thiolation of cytidine in position 32 of tRNA, to form 2-thiocytidine (s(2)C32). The sulfur atoms are provided by the cysteine cysteine desulfurase (IscS) system",ATP_bind_3
cluster_001_consensus_1407,1156935.QWE_10682,S,Alpha beta hydrolase,-
cluster_001_consensus_1408,1156935.QWE_10687,O,Isoprenylcysteine carboxyl methyltransferase (ICMT) family,"ICMT,PEMT"
cluster_001_consensus_1409,1156935.QWE_10692,Q,amino acid activation for nonribosomal peptide biosynthetic process,Thioesterase
cluster_001_consensus_1410,1156935.QWE_10697,G,inositol mono-phosphatase,Inositol_P
cluster_001_consensus_1411,1156935.QWE_10702,EGP,Major facilitator superfamily,MFS_1
cluster_001_consensus_1412,1156935.QWE_10707,O,Belongs to the glutaredoxin family. Monothiol subfamily,Glutaredoxin
cluster_001_consensus_1413,1041138.KB890222_gene302,-,-,-
cluster_001_consensus_1414,1156935.QWE_10717,S,Alpha beta hydrolase,-
cluster_001_consensus_1415,1156935.QWE_10722,T,Belongs to the BolA IbaG family,BolA
cluster_001_consensus_1416,1156935.QWE_10727,F,Part of the phosphoribosylformylglycinamidine synthase complex involved in the purines biosynthetic pathway. Catalyzes the ATP-dependent conversion of formylglycinamide ribonucleotide (FGAR) and glutamine to yield formylglycinamidine ribonucleotide (FGAM) and glutamate. The FGAM synthase complex is composed of three subunits. PurQ produces an ammonia molecule by converting glutamine to glutamate. PurL transfers the ammonia molecule to FGAR to form FGAM in an ATP-dependent manner. PurS interacts with PurQ and PurL and is thought to assist in the transfer of the ammonia molecule from PurQ to PurL,"AIRS,AIRS_C"
cluster_001_consensus_1417,1156935.QWE_10732,K,Transcriptional regulators containing a DNA-binding HTH domain and an aminotransferase domain (MocR family) and their eukaryotic orthologs,"Aminotran_1_2,GntR"
cluster_001_consensus_1418,311403.Arad_2581,S,Domain of unknown function (DUF1127),DUF1127
cluster_001_consensus_1419,1156935.QWE_10742,-,-,-
cluster_001_consensus_1420,1156935.QWE_10747,F,Part of the phosphoribosylformylglycinamidine synthase complex involved in the purines biosynthetic pathway. Catalyzes the ATP-dependent conversion of formylglycinamide ribonucleotide (FGAR) and glutamine to yield formylglycinamidine ribonucleotide (FGAM) and glutamate. The FGAM synthase complex is composed of three subunits. PurQ produces an ammonia molecule by converting glutamine to glutamate. PurL transfers the ammonia molecule to FGAR to form FGAM in an ATP-dependent manner. PurS interacts with PurQ and PurL and is thought to assist in the transfer of the ammonia molecule from PurQ to PurL,GATase_5
cluster_001_consensus_1421,1532558.JL39_04735,-,-,-
cluster_001_consensus_1422,1156935.QWE_10757,F,Part of the phosphoribosylformylglycinamidine synthase complex involved in the purines biosynthetic pathway. Catalyzes the ATP-dependent conversion of formylglycinamide ribonucleotide (FGAR) and glutamine to yield formylglycinamidine ribonucleotide (FGAM) and glutamate. The FGAM synthase complex is composed of three subunits. PurQ produces an ammonia molecule by converting glutamine to glutamate. PurL transfers the ammonia molecule to FGAR to form FGAM in an ATP-dependent manner. PurS interacts with PurQ and PurL and is thought to assist in the transfer of the ammonia molecule from PurQ to PurL,PurS
cluster_001_consensus_1423,1156935.QWE_10762,F,Belongs to the SAICAR synthetase family,SAICAR_synt
cluster_001_consensus_1424,1156935.QWE_10767,S,Domain of unknown function (DUF1476),DUF1476
cluster_001_consensus_1425,1156935.QWE_10772,T,Diguanylate cyclase,"EAL,GGDEF,PAS_3,PAS_9"
cluster_001_consensus_1426,1156935.QWE_10777,S,Alpha beta hydrolase,Ser_hydrolase
cluster_001_consensus_1427,1156935.QWE_10782,Q,Tannase and feruloyl esterase,Tannase
cluster_001_consensus_1428,1156935.QWE_10787,S,Predicted integral membrane protein (DUF2189),DUF2189
cluster_001_consensus_1430,1156935.QWE_10797,F,Belongs to the lyase 1 family. Adenylosuccinate lyase subfamily,"ADSL_C,Lyase_1"
cluster_001_consensus_1431,1156935.QWE_10802,-,-,-
cluster_001_consensus_1432,1156935.QWE_10807,S,Predicted secreted protein (DUF2259),DUF2259
cluster_001_consensus_1433,1156935.QWE_10812,G,Belongs to the ribulose-phosphate 3-epimerase family,Ribul_P_3_epim
cluster_001_consensus_1434,1156935.QWE_10817,IQ,Dehydrogenases with different specificities (related to short-chain alcohol dehydrogenases),adh_short_C2
cluster_001_consensus_1435,1156935.QWE_10822,E,"ABC-type branched-chain amino acid transport systems, periplasmic component",Peripla_BP_6
cluster_001_consensus_1436,1156935.QWE_10827,S,4-hydroxyphenylacetate 3-monooxygenase,Flavin_Reduct
cluster_001_consensus_1437,1156935.QWE_10832,S,AAA domain (dynein-related subfamily),AAA_5
cluster_001_consensus_1438,1156935.QWE_10837,S,von Willebrand factor type A (vWA) domain,VWA_CoxE
cluster_001_consensus_1439,1156935.QWE_10842,O,XdhC CoxI family protein,XdhC_CoxI
cluster_001_consensus_1440,1156935.QWE_10847,O,XdhC CoxF family,"XdhC_C,XdhC_CoxI"
cluster_001_consensus_1441,1156935.QWE_10852,H,MobA-like NTP transferase domain,"MoCF_biosynth,NTP_transf_3"
cluster_001_consensus_1442,1156935.QWE_10857,K,regulator of competence-specific genes,TfoX_N
cluster_001_consensus_1443,1156935.QWE_10862,F,Belongs to the Nudix hydrolase family,NUDIX
cluster_001_consensus_1444,1156935.QWE_10867,L,Belongs to the DEAD box helicase family,"DEAD,Helicase_C"
cluster_001_consensus_1445,1156935.QWE_10872,M,Membrane proteins related to metalloendopeptidases,Peptidase_M23
cluster_001_consensus_1446,1156935.QWE_10877,S,protein conserved in bacteria,DUF455
cluster_001_consensus_1447,1156935.QWE_10882,O,Peroxiredoxin,AhpC-TSA
cluster_001_consensus_1448,1156935.QWE_10887,S,Protein of unknown function,"AsmA_2,DUF3971"
cluster_001_consensus_1449,1156935.QWE_10892,H,reductase,CbiJ
cluster_001_consensus_1450,1156935.QWE_10897,H,Catalyzes the methylation of C-1 in cobalt-precorrin-5B to form cobalt-precorrin-6A,CbiD
cluster_001_consensus_1451,1156935.QWE_10902,H,Belongs to the precorrin methyltransferase family,"CysG_dimeriser,NAD_binding_7,Sirohm_synth_M,TP_methylase"
cluster_001_consensus_1452,1156935.QWE_10907,H,"Catalyzes the ATP-dependent amidation of the two carboxylate groups at positions a and c of hydrogenobyrinate, using either L-glutamine or ammonia as the nitrogen source","AAA_26,CbiA,GATase_3"
cluster_001_consensus_1453,1156935.QWE_10912,E,Histidinol-phosphate aromatic aminotransferase and cobyric acid decarboxylase,Aminotran_1_2
cluster_001_consensus_1454,1156935.QWE_10917,H,Converts cobyric acid to cobinamide by the addition of aminopropanol on the F carboxylic group,CobD_Cbib
cluster_001_consensus_1455,1156935.QWE_10922,K,cAMP-binding proteins - catabolite gene activator and regulatory subunit of cAMP-dependent protein kinases,"Crp,HTH_Crp_2,cNMP_binding"
cluster_001_consensus_1456,1156935.QWE_10927,H,Belongs to the anaerobic coproporphyrinogen-III oxidase family,"HemN_C,Radical_SAM"
cluster_001_consensus_1457,1082932.ATCR1_02545,IQ,acyl carrier protein,PP-binding
cluster_001_consensus_1458,1156935.QWE_10937,I,dehydratase,FabA
cluster_001_consensus_1459,1156935.QWE_10942,IQ,catalyzes a condensation reaction in fatty acid biosynthesis addition of an acyl acceptor of two carbons from malonyl-ACP,ketoacyl-synt
cluster_001_consensus_1460,1156935.QWE_10947,IQ,Belongs to the beta-ketoacyl-ACP synthases family,"Ketoacyl-synt_C,ketoacyl-synt"
cluster_001_consensus_1461,1156935.QWE_10952,C,"NADPH, quinone","ADH_N,ADH_zinc_N"
cluster_001_consensus_1462,1156935.QWE_10957,M,Acyltransferase,Lip_A_acyltrans
cluster_001_consensus_1463,1156935.QWE_10962,KT,PAS fold,PAS_4
cluster_001_consensus_1464,1156935.QWE_10967,S,Hemerythrin HHE cation binding domain,Hemerythrin
cluster_001_consensus_1465,1156935.QWE_10972,C,Belongs to the heme-copper respiratory oxidase family,COX1
cluster_001_consensus_1466,1156935.QWE_10977,C,cytochrome C oxidase mono-heme subunit FixO,FixO
cluster_001_consensus_1467,1156935.QWE_10982,O,Cbb3-type cytochrome oxidase component FixQ,FixQ
cluster_001_consensus_1468,1156935.QWE_10987,C,C-type cytochrome. Part of the cbb3-type cytochrome c oxidase complex,"Cytochrome_CBB3,FixP_N"
cluster_001_consensus_1469,1156935.QWE_10992,C,Nitrogen fixation protein fixG,"Fer4_18,Fer4_5,FixG_C"
cluster_001_consensus_1470,1156935.QWE_10997,P,FixH,FixH
cluster_001_consensus_1471,1156935.QWE_11002,P,Nitrogen fixation protein FixI,"E1-E2_ATPase,HMA,Hydrolase"
cluster_001_consensus_1472,1156935.QWE_11007,P,cytochrome oxidase maturation protein,FixS
cluster_001_consensus_1473,1156935.QWE_11012,G,"Catalyzes the oxidative decarboxylation of 6- phosphogluconate to ribulose 5-phosphate and CO(2), with concomitant reduction of NADP to NADPH","6PGD,NAD_binding_2"
cluster_001_consensus_1474,1156935.QWE_11022,T,FOG GGDEF domain,GGDEF
cluster_001_consensus_1475,1156935.QWE_11027,K,transcriptional,"LacI,Peripla_BP_1,Peripla_BP_3"
cluster_001_consensus_1476,1156935.QWE_11032,G,"ABC-type sugar transport system, periplasmic component","SBP_bac_1,SBP_bac_8"
cluster_001_consensus_1477,1156935.QWE_11037,P,"ABC-type sugar transport systems, permease components",BPD_transp_1
cluster_001_consensus_1478,1156935.QWE_11042,P,"ABC-type sugar transport system, permease component",BPD_transp_1
cluster_001_consensus_1479,1156935.QWE_11047,P,Belongs to the ABC transporter superfamily,"ABC_tran,TOBE_2"
cluster_001_consensus_1480,1156935.QWE_11052,G,beta-mannosidase,Glyco_hydro_2
cluster_001_consensus_1481,1156935.QWE_11057,G,Sugar phosphate isomerases epimerases,AP_endonuc_2
cluster_001_consensus_1482,1156935.QWE_11062,S,oxidoreductase,GFO_IDH_MocA
cluster_001_consensus_1483,1156935.QWE_11067,C,oxidoreductases (related to aryl-alcohol dehydrogenases),Aldo_ket_red
cluster_001_consensus_1484,1156935.QWE_11072,G,Belongs to the glycosyl hydrolase 43 family,Glyco_hydro_43
cluster_001_consensus_1485,1042326.AZNV01000009_gene2856,EG,EamA-like transporter family,"Alginate_exp,EamA"
cluster_001_consensus_1486,1156935.QWE_11077,S,Serine hydrolase involved in the detoxification of formaldehyde,Esterase
cluster_001_consensus_1487,1336235.JAEG01000001_gene1935,S,Protein of unknown function (DUF1345),DUF1345
cluster_001_consensus_1488,1156935.QWE_11082,S,Belongs to the UPF0178 family,DUF188
cluster_001_consensus_1489,1156935.QWE_11097,S,Acetyltransferase (GNAT) domain,Acetyltransf_10
cluster_001_consensus_1490,491916.RHECIAT_CH0002337,C,Belongs to the zinc-containing alcohol dehydrogenase family. Class-III subfamily,"ADH_N,ADH_zinc_N"
cluster_001_consensus_1491,1156935.QWE_11107,K,COG0454 Histone acetyltransferase HPA2 and related acetyltransferases,"Acetyltransf_1,Acetyltransf_10"
cluster_001_consensus_1492,1156935.QWE_11112,S,Peptidase M50,Peptidase_M50
cluster_001_consensus_1493,1156935.QWE_11117,EG,EamA-like transporter family,EamA
cluster_001_consensus_1494,1156935.QWE_11122,K,Helix-turn-helix XRE-family like proteins,"HTH_19,HTH_3"
cluster_001_consensus_1495,1156935.QWE_11127,H,Catalyzes the transfer of endogenously produced octanoic acid from octanoyl-acyl-carrier-protein onto the lipoyl domains of lipoate-dependent enzymes. Lipoyl-ACP can also act as a substrate although octanoyl-ACP is likely to be the physiological substrate,BPL_LplA_LipB
cluster_001_consensus_1496,1156935.QWE_11132,S,BON domain,BON
cluster_001_consensus_1497,1156935.QWE_11137,J,Removes the formyl group from the N-terminal Met of newly synthesized proteins. Requires at least a dipeptide for an efficient rate of reaction. N-terminal L-methionine is a prerequisite for activity but the enzyme has broad specificity at other positions,Pep_deformylase
cluster_001_consensus_1498,1156935.QWE_11142,P,Acts as a magnesium transporter,"CBS,MgtE,MgtE_N"
cluster_001_consensus_1499,1156935.QWE_11147,K,transcriptional regulator,MerR_1
cluster_001_consensus_1500,1156935.QWE_11152,O,Phospholipid methyltransferase,PEMT
cluster_001_consensus_1501,1156935.QWE_11157,S,membrane,DUF1624
cluster_001_consensus_1502,1156935.QWE_11162,S,"Protein of unknown function, DUF599",DUF599
cluster_001_consensus_1503,1028800.RG540_CH18810,-,-,-
cluster_001_consensus_1504,1156935.QWE_11167,E,L-serine dehydratase,"SDH_alpha,SDH_beta"
cluster_001_consensus_1505,1156935.QWE_11172,S,Protein of unknown function (DUF1489),DUF1489
cluster_001_consensus_1506,411684.HPDFL43_09522,S,invasion associated locus B,DUF1176
cluster_001_consensus_1507,1532558.JL39_31305,T,Protein tyrosine serine phosphatase,Y_phosphatase3
cluster_001_consensus_1508,1122214.AQWH01000004_gene993,T,Tyrosine phosphatase family,Y_phosphatase3
cluster_001_consensus_1509,1156935.QWE_02880,J,"Catalyzes the synthesis of 5,6-dihydrouridine (D), a modified base found in the D-loop of most tRNAs, via the reduction of the C5-C6 double bond in target uridines. Specifically modifies U20 and U20a in tRNAs",Dus
cluster_001_consensus_1510,1156935.QWE_02875,K,Cold shock,CSD
cluster_001_consensus_1511,1156935.QWE_02870,O,DnaJ molecular chaperone homology domain,DnaJ
cluster_001_consensus_1513,391165.GbCGDNIH1_1521,E,Pfam:DUF955,Peptidase_M78
cluster_001_consensus_1514,391165.GbCGDNIH1_1520,S,Beta protein,Beta_protein
cluster_001_consensus_1515,1282356.H045_22355,-,-,-
cluster_001_consensus_1516,1156935.QWE_04748,L,"damaged site, the DNA wraps around one UvrB monomer. DNA wrap is dependent on ATP binding by UvrB and probably causes local melting of the DNA helix, facilitating insertion of UvrB beta-hairpin between the DNA strands. Then UvrB probes one DNA strand for the presence of a lesion. If a lesion is found the UvrA subunits dissociate and the UvrB-DNA preincision complex is formed. This complex is subsequently bound by UvrC and the second UvrB is released. If no lesion is found, the DNA wraps around the other UvrB subunit that will check the other stand for damage","Helicase_C,ResIII,UVR,UvrB"
cluster_001_consensus_1517,1336235.JAEG01000001_gene1964,-,-,DUF3137
cluster_001_consensus_1518,1156935.QWE_18959,T,Putative diguanylate phosphodiesterase,"EAL,GGDEF"
cluster_001_consensus_1519,1156935.QWE_18954,S,protein conserved in bacteria,DMT_6
cluster_001_consensus_1520,1156935.QWE_18949,-,-,-
cluster_001_consensus_1521,1156935.QWE_18944,K,Helix-turn-helix,"HTH_3,HTH_31"
cluster_001_consensus_1522,1156935.QWE_18939,I,Acyl-CoA hydrolase,4HBT
cluster_001_consensus_1523,1156935.QWE_18934,T,chemotaxis protein,"HAMP,MCPsignal,dCache_2,sCache_2"
cluster_001_consensus_1524,1156935.QWE_18929,-,-,-
cluster_001_consensus_1525,1156935.QWE_18924,S,membrane transporter protein,TauE
cluster_001_consensus_1526,671143.DAMO_2890,M,Peptidoglycan polymerase that catalyzes glycan chain elongation from lipid-linked precursors,"Transgly,Transpeptidase,UB2H"
cluster_001_consensus_1527,1156935.QWE_18894,K,Transcriptional regulator containing an amidase domain and an AraC-type DNA-binding HTH domain,"DJ-1_PfpI,HTH_18"
cluster_001_consensus_1530,1156935.QWE_18879,K,Transcriptional regulator,"HTH_1,LysR_substrate"
cluster_001_consensus_1531,1156935.QWE_18874,S,Thioesterase,"4HBT,4HBT_2,Acyl-ACP_TE"
cluster_001_consensus_1532,1156935.QWE_18869,G,alpha-ribazole phosphatase activity,His_Phos_1
cluster_001_consensus_1533,1156935.QWE_18864,S,Pyridoxamine 5'-phosphate oxidase,Pyridox_ox_2
cluster_001_consensus_1534,1156935.QWE_18859,K,Aminotransferase class I and II,"Aminotran_1_2,GntR"
cluster_001_consensus_1535,1156935.QWE_18854,K,transcriptional regulator,TetR_N
cluster_001_consensus_1536,1156935.QWE_18849,S,Flavodoxin-like fold,Flavodoxin_2
cluster_001_consensus_1537,36809.MAB_0801,-,-,-
cluster_001_consensus_1538,1336235.JAEG01000001_gene1979,C,Domain of unknown function (DUF4445),"DUF4445,Fer2"
cluster_001_consensus_1539,690585.JNNU01000007_gene1730,S,CopG antitoxin of type II toxin-antitoxin system,CopG_antitoxin
cluster_001_consensus_1540,178901.AmDm5_0648,S,"Ribonuclease toxin, BrnT, of type II toxin-antitoxin system",BrnT_toxin
cluster_001_consensus_1541,1156935.QWE_18834,E,CO dehydrogenase/acetyl-CoA synthase delta subunit,Pterin_bind
cluster_001_consensus_1542,1156935.QWE_18829,E,Methylenetetrahydrofolate reductase,MTHFR
cluster_001_consensus_1543,1156935.QWE_18824,E,Methylene-tetrahydrofolate reductase C terminal,MTHFR_C
cluster_001_consensus_1544,1156935.QWE_18819,S,Virulence factor,Virulence_fact
cluster_001_consensus_1545,1156935.QWE_18814,J,Formyl transferase,Formyl_trans_N
cluster_001_consensus_1546,1156935.QWE_18809,S,"ABC-type transport system, permease components",ExoD
cluster_001_consensus_1547,1532558.JL39_05850,-,-,Entericidin
cluster_001_consensus_1548,314264.ROS217_23427,-,-,-
cluster_001_consensus_1549,1156935.QWE_18799,S,Protein of unknown function (DUF1638),DUF1638
cluster_001_consensus_1550,1156935.QWE_18794,-,-,Entericidin
cluster_001_consensus_1552,1156935.QWE_18789,S,B12 binding domain,"B12-binding,B12-binding_2"
cluster_001_consensus_1553,1156935.QWE_18784,H,Trimethylamine methyltransferase,MTTB
cluster_001_consensus_1554,1156935.QWE_18779,C,COG1145 Ferredoxin,-
cluster_001_consensus_1555,1156935.QWE_18774,S,periplasmic protein,NAGPA
cluster_001_consensus_1556,1156935.QWE_18769,-,-,-
cluster_001_consensus_1557,1156935.QWE_18764,V,"ABC-type antimicrobial peptide transport system, permease component","FtsX,MacB_PCD"
cluster_001_consensus_1558,1156935.QWE_18759,V,ABC transporter,ABC_tran
cluster_001_consensus_1559,1156935.QWE_18754,M,Belongs to the membrane fusion protein (MFP) (TC 8.A.1) family,HlyD_D23
cluster_001_consensus_1560,1385517.N800_06775,S,Toxic component of a toxin-antitoxin (TA) module. An RNase,PIN
cluster_001_consensus_1561,1123269.NX02_19475,-,-,-
cluster_001_consensus_1562,1156935.QWE_18494,M,Lytic transglycosylase with a strong preference for naked glycan strands that lack stem peptides,"DPBB_1,SPOR"
cluster_001_consensus_1563,1156935.QWE_18499,M,Belongs to the peptidase S11 family,"PBP5_C,Peptidase_S11"
cluster_001_consensus_1564,1156935.QWE_18504,F,Phosphorylation of dTMP to form dTDP in both de novo and salvage pathways of dTTP synthesis,Thymidylate_kin
cluster_001_consensus_1565,1156935.QWE_18509,L,DNA polymerase III subunit delta,DNA_pol3_delta2
cluster_001_consensus_1566,1144343.PMI41_03448,E,LysE type translocator,LysE
cluster_001_consensus_1567,1156935.QWE_18514,J,Is required not only for elongation of protein synthesis but also for the initiation of all mRNA translation through initiator tRNA(fMet) aminoacylation,"Anticodon_1,tRNA-synt_1g"
cluster_001_consensus_1568,1156935.QWE_18519,L,TatD family,TatD_DNase
cluster_001_consensus_1569,1156935.QWE_18524,S,Metal-dependent hydrolases of the beta-lactamase superfamily I,Lactamase_B_2
cluster_001_consensus_1570,1281779.H009_17028,K,FR47-like protein,FR47
cluster_001_consensus_1571,1211777.BN77_p2210003,L,Winged helix-turn helix,"HTH_28,HTH_29,HTH_32,rve"
cluster_001_consensus_1572,1028801.RG1141_CH17950,KL,"Transcription regulator that activates transcription by stimulating RNA polymerase (RNAP) recycling in case of stress conditions such as supercoiled DNA or high salt concentrations. Probably acts by releasing the RNAP, when it is trapped or immobilized on tightly supercoiled DNA. Does not activate transcription on linear DNA. Probably not involved in DNA repair",-
cluster_001_consensus_1573,1156935.QWE_18544,S,Calcineurin-like phosphoesterase,Metallophos
cluster_001_consensus_1574,1156935.QWE_18549,G,Belongs to the glycosyl hydrolase 3 family,"Fn3-like,Glyco_hydro_3,Glyco_hydro_3_C,PA14"
cluster_001_consensus_1575,1156935.QWE_18554,S,Domain of unknown function (DUF4864),DUF4864
cluster_001_consensus_1576,1156935.QWE_18559,J,"Catalyzes the base-exchange of a guanine (G) residue with the queuine precursor 7-aminomethyl-7-deazaguanine (PreQ1) at position 34 (anticodon wobble position) in tRNAs with GU(N) anticodons (tRNA-Asp, -Asn, -His and -Tyr). Catalysis occurs through a double-displacement mechanism. The nucleophile active site attacks the C1' of nucleotide 34 to detach the guanine base from the RNA, forming a covalent enzyme-RNA intermediate. The proton acceptor active site deprotonates the incoming PreQ1, allowing a nucleophilic attack on the C1' of the ribose to form the product. After dissociation, two additional enzymatic reactions on the tRNA convert PreQ1 to queuine (Q), resulting in the hypermodified nucleoside queuosine (7-(((4,5-cis-dihydroxy-2- cyclopenten-1-yl)amino)methyl)-7-deazaguanosine)",TGT
cluster_001_consensus_1577,1156935.QWE_18564,J,Transfers and isomerizes the ribose moiety from AdoMet to the 7-aminomethyl group of 7-deazaguanine (preQ1-tRNA) to give epoxyqueuosine (oQ-tRNA),Queuosine_synth
cluster_001_consensus_1578,1156935.QWE_18569,O,PPIases accelerate the folding of proteins. It catalyzes the cis-trans isomerization of proline imidic peptide bonds in oligopeptides,Pro_isomerase
cluster_001_consensus_1579,1156935.QWE_18574,M,PPIases accelerate the folding of proteins. It catalyzes the cis-trans isomerization of proline imidic peptide bonds in oligopeptides,Pro_isomerase
cluster_001_consensus_1580,1156935.QWE_18579,H,"Reversibly transfers an adenylyl group from ATP to 4'- phosphopantetheine, yielding dephospho-CoA (dPCoA) and pyrophosphate",CTP_transf_like
cluster_001_consensus_1582,698761.RTCIAT899_CH08980,-,-,-
cluster_001_consensus_1583,936136.ARRT01000006_gene3238,-,-,-
cluster_001_consensus_1584,1156935.QWE_18589,L,"A type II topoisomerase that negatively supercoils closed circular double-stranded (ds) DNA in an ATP-dependent manner to modulate DNA topology and maintain chromosomes in an underwound state. Negative supercoiling favors strand separation, and DNA replication, transcription, recombination and repair, all of which involve strand separation. Also able to catalyze the interconversion of other topological isomers of dsDNA rings, including catenanes and knotted rings. Type II topoisomerases break and join 2 DNA strands simultaneously in an ATP-dependent manner","DNA_gyraseA_C,DNA_topoisoIV"
cluster_001_consensus_1585,1156935.QWE_18594,U,UPF0056 membrane protein,MarC
cluster_001_consensus_1586,1231190.NA8A_20517,S,Predicted membrane protein (DUF2254),DUF2254
cluster_001_consensus_1587,1156935.QWE_18599,L,"Plays an important role in DNA replication, recombination and repair. Binds to ssDNA and to an array of partner proteins to recruit them to their sites of action during DNA metabolism",SSB
cluster_001_consensus_1588,1156935.QWE_18604,L,"The UvrABC repair system catalyzes the recognition and processing of DNA lesions. UvrA is an ATPase and a DNA-binding protein. A damage recognition complex composed of 2 UvrA and 2 UvrB subunits scans DNA for abnormalities. When the presence of a lesion has been verified by UvrB, the UvrA molecules dissociate",ABC_tran
cluster_001_consensus_1589,1156935.QWE_18619,S,Protein of unknown function DUF72,DUF72
cluster_001_consensus_1590,1156935.QWE_18624,P,Na+/Pi-cotransporter,"Na_Pi_cotrans,PhoU"
cluster_001_consensus_1591,1156935.QWE_18629,G,"Bifunctional enzyme that catalyzes the epimerization of the S- and R-forms of NAD(P)HX and the dehydration of the S-form of NAD(P)HX at the expense of ADP, which is converted to AMP. This allows the repair of both epimers of NAD(P)HX, a damaged form of NAD(P)H that is a result of enzymatic or heat-dependent hydration","Carb_kinase,YjeF_N"
cluster_001_consensus_1592,1156935.QWE_18634,K,Belongs to the P(II) protein family,P-II
cluster_001_consensus_1593,1156935.QWE_18639,E,glutamine synthetase,"Gln-synt_C,Gln-synt_N"
cluster_001_consensus_1594,1156935.QWE_18644,EG,permeases of the drug metabolite transporter (DMT) superfamily,EamA
cluster_001_consensus_1595,1156935.QWE_18649,S,DNA-binding protein,YccV-like
cluster_001_consensus_1596,1156935.QWE_18654,S,Invasion associated locus B (IalB) protein,IalB
cluster_001_consensus_1597,1156935.QWE_18659,E,"ABC-type oligopeptide transport system, periplasmic component",SBP_bac_5
cluster_001_consensus_1598,1156935.QWE_18664,Q,dithiol-disulfide isomerase involved in polyketide biosynthesis,DSBA
cluster_001_consensus_1599,1156935.QWE_18669,EG,permeases of the drug metabolite transporter (DMT) superfamily,EamA
cluster_001_consensus_1600,1156935.QWE_18679,L,"Couples transcription and DNA repair by recognizing RNA polymerase (RNAP) stalled at DNA lesions. Mediates ATP-dependent release of RNAP and its truncated transcript from the DNA, and recruitment of nucleotide excision repair machinery to the damaged site","CarD_CdnL_TRCF,DEAD,Helicase_C,TRCF"
cluster_001_consensus_1601,1156935.QWE_18684,S,Flavinator of succinate dehydrogenase,Sdh5
cluster_001_consensus_1602,1156935.QWE_18689,L,Critical role in recombination and DNA repair. Helps process Holliday junction intermediates to mature products by catalyzing branch migration. Has a DNA unwinding activity characteristic of a DNA helicase with a 3'- to 5'- polarity. Unwinds branched duplex DNA (Y-DNA),"DEAD,Helicase_C,RecG_wedge"
cluster_001_consensus_1603,1156935.QWE_18694,S,Protein of unknown function (DUF502),DUF502
cluster_001_consensus_1604,1156935.QWE_18699,M,"Catalyzes the first step in hexosamine metabolism, converting fructose-6P into glucosamine-6P using glutamine as a nitrogen source","GATase_6,SIS"
cluster_001_consensus_1605,359.CN09_07575,M,"Catalyzes the last two sequential reactions in the de novo biosynthetic pathway for UDP-N-acetylglucosamine (UDP- GlcNAc). The C-terminal domain catalyzes the transfer of acetyl group from acetyl coenzyme A to glucosamine-1-phosphate (GlcN-1-P) to produce N-acetylglucosamine-1-phosphate (GlcNAc-1-P), which is converted into UDP-GlcNAc by the transfer of uridine 5- monophosphate (from uridine 5-triphosphate), a reaction catalyzed by the N-terminal domain","Hexapep,NTP_transf_3"
cluster_001_consensus_1606,1156935.QWE_18709,K,transcriptional,"FCD,GntR"
cluster_001_consensus_1607,1156935.QWE_18714,S,"ABC-type transport system, periplasmic component surface lipoprotein",Bmp
cluster_001_consensus_1608,1156935.QWE_18719,S,Belongs to the binding-protein-dependent transport system permease family,BPD_transp_2
cluster_001_consensus_1609,1156935.QWE_18724,S,Belongs to the binding-protein-dependent transport system permease family,BPD_transp_2
cluster_001_consensus_1610,1156935.QWE_18729,S,ABC transporter,ABC_tran
cluster_001_consensus_1611,1156935.QWE_18734,I,Condenses choline with CDP-diglyceride to produce phosphatidylcholine and CMP,CDP-OH_P_transf
cluster_001_consensus_1612,1156935.QWE_18739,CH,2-polyprenyl-6-methoxyphenol hydroxylase and related FAD-dependent oxidoreductases,FAD_binding_3
cluster_001_consensus_1613,1156935.QWE_18744,S,malonate transporter,Mem_trans
cluster_001_consensus_1614,1156935.QWE_18749,O,Cytochrome c biogenesis protein,DsbD
cluster_001_consensus_1615,1028800.RG540_CH17790,-,-,-
cluster_001_consensus_1616,1028800.RG540_CH17790,-,-,-
cluster_001_consensus_1617,1156935.QWE_21926,H,"Catalyzes amidations at positions B, D, E, and G on adenosylcobyrinic A,C-diamide. NH(2) groups are provided by glutamine, and one molecule of ATP is hydrogenolyzed for each amidation","AAA_26,CbiA,GATase_3"
cluster_001_consensus_1619,1156935.QWE_21931,E,"ABC-type proline glycine betaine transport systems, periplasmic components",OpuAC
cluster_001_consensus_1620,1156935.QWE_21936,E,"ABC-type proline glycine betaine transport system, permease component",BPD_transp_1
cluster_001_consensus_1621,1156935.QWE_21941,E,Glycine betaine,ABC_tran
cluster_001_consensus_1622,1156935.QWE_21946,E,Homocysteine S-methyltransferase,S-methyl_trans
cluster_001_consensus_1623,1156935.QWE_21951,C,Flavodoxin reductases (ferredoxin-NADPH reductases) family 1,"FAD_binding_6,NAD_binding_1"
cluster_001_consensus_1624,1156935.QWE_21956,S,protein conserved in bacteria,DUF934
cluster_001_consensus_1625,1156935.QWE_21961,C,Sulfite reductase,"NIR_SIR,NIR_SIR_ferr"
cluster_001_consensus_1626,1156935.QWE_21966,S,Protein of unknown function (DUF2849),DUF2849
cluster_001_consensus_1627,1156935.QWE_21971,H,"Multifunctional enzyme that catalyzes the SAM-dependent methylations of uroporphyrinogen III at position C-2 and C-7 to form precorrin-2 via precorrin-1. Then it catalyzes the NAD- dependent ring dehydrogenation of precorrin-2 to yield sirohydrochlorin. Finally, it catalyzes the ferrochelation of sirohydrochlorin to yield siroheme","CysG_dimeriser,NAD_binding_7,Sirohm_synth_M,TP_methylase"
cluster_001_consensus_1628,1156935.QWE_21976,FJ,deaminase,"MafB19-deam,dCMP_cyt_deam_1"
cluster_001_consensus_1629,1156935.QWE_21981,S,Nucleoside triphosphate pyrophosphohydrolase,MazG
cluster_001_consensus_1630,1156935.QWE_21986,CH,FAD binding domain,FAD_binding_3
cluster_001_consensus_1631,1156935.QWE_21991,S,Bacteriochlorophyll 4-vinyl reductase,V4R
cluster_001_consensus_1632,1156935.QWE_21996,C,ix monomethyl ester oxidative cyclase,"B12-binding,Fer4_12,Radical_SAM"
cluster_001_consensus_1633,1156935.QWE_22001,S,GTPase that associates with the 50S ribosomal subunit and may have a role during protein synthesis or ribosome biogenesis,"GTP-bdg_M,GTP-bdg_N,MMR_HSR1"
cluster_001_consensus_1634,1156935.QWE_22006,J,"RNA chaperone that binds small regulatory RNA (sRNAs) and mRNAs to facilitate mRNA translational regulation in response to envelope stress, environmental stress and changes in metabolite concentrations. Also binds with high specificity to tRNAs",Hfq
cluster_001_consensus_1635,1156935.QWE_22011,EH,Branched-chain amino acid aminotransferase 4-amino-4-deoxychorismate lyase,Aminotran_4
cluster_001_consensus_1636,1156935.QWE_22016,P,"K transport systems, NAD-binding component","TrkA_C,TrkA_N"
cluster_001_consensus_1637,1156935.QWE_22021,T,"Response regulator containing CheY-like receiver, AAA-type ATPase, and DNA-binding domains","HTH_8,Response_reg,Sigma54_activat"
cluster_001_consensus_1638,1156935.QWE_22026,T,Signal transduction histidine kinase involved in nitrogen fixation and metabolism regulation,"HAMP,HATPase_c,HisKA,PAS,PAS_4"
cluster_001_consensus_1639,1156935.QWE_22031,T,"Response regulator containing CheY-like receiver, AAA-type ATPase, and DNA-binding domains","HTH_8,Response_reg,Sigma54_activ_2,Sigma54_activat"
cluster_001_consensus_1640,1156935.QWE_22036,T,"Signal transduction histidine kinase, nitrogen specific","HATPase_c,HisKA,PAS,PAS_4"
cluster_001_consensus_1641,1156935.QWE_22041,J,"Catalyzes the synthesis of 5,6-dihydrouridine (D), a modified base found in the D-loop of most tRNAs, via the reduction of the C5-C6 double bond in target uridines",Dus
cluster_001_consensus_1642,1156935.QWE_22046,I,"Bifunctional enzyme that catalyzes the formation of 4- diphosphocytidyl-2-C-methyl-D-erythritol from CTP and 2-C-methyl- D-erythritol 4-phosphate (MEP) (IspD), and catalyzes the conversion of 4-diphosphocytidyl-2-C-methyl-D-erythritol 2- phosphate (CDP-ME2P) to 2-C-methyl-D-erythritol 2,4- cyclodiphosphate (ME-CPP) with a corresponding release of cytidine 5-monophosphate (CMP) (IspF)","IspD,YgbB"
cluster_001_consensus_1643,1156935.QWE_22051,S,Belongs to the CinA family,CinA
cluster_001_consensus_1644,1156935.QWE_22056,I,oligoketide cyclase lipid transport protein,Polyketide_cyc
cluster_001_consensus_1645,1156935.QWE_22061,F,Adenylate kinase and related kinases,-
cluster_001_consensus_1646,1246459.KB898361_gene5600,K,Helix-turn-helix,HTH_3
cluster_001_consensus_1647,1500259.JQLD01000001_gene3714,-,-,-
cluster_001_consensus_1648,1156935.QWE_22066,H,"Catalyzes the radical-mediated insertion of two sulfur atoms into the C-6 and C-8 positions of the octanoyl moiety bound to the lipoyl domains of lipoate-dependent enzymes, thereby converting the octanoylated domains into lipoylated derivatives","LIAS_N,Radical_SAM"
cluster_001_consensus_1649,1156935.QWE_22071,S,membrane,Transgly_assoc
cluster_001_consensus_1650,1156935.QWE_22076,C,"Pyruvate 2-oxoglutarate dehydrogenase complex, dihydrolipoamide dehydrogenase (E3) component, and related enzymes","Pyr_redox_2,Pyr_redox_dim"
cluster_001_consensus_1651,1156935.QWE_22081,S,protein conserved in bacteria,DUF465
cluster_001_consensus_1652,1156935.QWE_22086,E,Lysophospholipase L1 and related esterases,Lipase_GDSL_2
cluster_001_consensus_1653,1156935.QWE_22091,C,The pyruvate dehydrogenase complex catalyzes the overall conversion of pyruvate to acetyl-CoA and CO(2),"2-oxoacid_dh,Biotin_lipoyl,E3_binding"
cluster_001_consensus_1654,1156935.QWE_22096,C,The pyruvate dehydrogenase complex catalyzes the overall conversion of pyruvate to acetyl-CoA and CO(2),"Biotin_lipoyl,Transket_pyr,Transketolase_C"
cluster_001_consensus_1655,1156935.QWE_22101,C,The pyruvate dehydrogenase complex catalyzes the overall conversion of pyruvate to acetyl-CoA and CO(2),E1_dh
cluster_001_consensus_1656,1156935.QWE_22106,D,septum formation initiator,DivIC
cluster_001_consensus_1657,1156935.QWE_22111,G,Catalyzes the reversible conversion of 2- phosphoglycerate into phosphoenolpyruvate. It is essential for the degradation of carbohydrates via glycolysis,"Enolase_C,Enolase_N"
cluster_001_consensus_1658,1156935.QWE_22116,M,Belongs to the KdsA family,DAHP_synth_1
cluster_001_consensus_1659,1156935.QWE_22121,E,Glyoxalase-like domain,Glyoxalase_3
cluster_001_consensus_1660,1156935.QWE_22126,S,membrane,DUF1003
cluster_001_consensus_1661,1156935.QWE_22131,K,"Represses a number of genes involved in the response to DNA damage (SOS response), including recA and lexA. In the presence of single-stranded DNA, RecA interacts with LexA causing an autocatalytic cleavage which disrupts the DNA-binding part of LexA, leading to derepression of the SOS regulon and eventually DNA repair","LexA_DNA_bind,Peptidase_S24"
cluster_001_consensus_1662,1156935.QWE_22136,S,membrane metal-binding protein,"Competence,DUF4131"
cluster_001_consensus_1663,1156935.QWE_22141,C,Belongs to the citrate synthase family,Citrate_synt
cluster_001_consensus_1664,1156935.QWE_22146,O,peptidyl-prolyl isomerase,"Rotamase_2,SurA_N_3"
cluster_001_consensus_1665,1156935.QWE_22151,F,Catalyzes the transfer of the phosphoribosyl group of 5- phosphorylribose-1-pyrophosphate (PRPP) to anthranilate to yield N-(5'-phosphoribosyl)-anthranilate (PRA),"Glycos_trans_3N,Glycos_transf_3"
cluster_001_consensus_1666,1156935.QWE_22156,E,Belongs to the TrpC family,IGPS
cluster_001_consensus_1667,1156935.QWE_22161,H,"Catalyzes the conversion of (8S)-3',8-cyclo-7,8- dihydroguanosine 5'-triphosphate to cyclic pyranopterin monophosphate (cPMP)",MoaC
cluster_001_consensus_1668,1156935.QWE_22166,H,molybdopterin,"MoCF_biosynth,MoeA_C,MoeA_N"
cluster_001_consensus_1669,1156935.QWE_22176,F,Catalyzes the ATP-dependent amination of UTP to CTP with either L-glutamine or ammonia as the source of nitrogen. Regulates intracellular CTP levels through interactions with the four ribonucleotide triphosphates,"CTP_synth_N,GATase"
cluster_001_consensus_1670,1156935.QWE_22181,U,Preprotein translocase subunit SecG,SecG
cluster_001_consensus_1671,1156935.QWE_22186,G,Involved in the gluconeogenesis. Catalyzes stereospecifically the conversion of dihydroxyacetone phosphate (DHAP) to D-glyceraldehyde-3-phosphate (G3P),TIM
cluster_001_consensus_1672,1156935.QWE_22191,S,carboxylic ester hydrolase activity,-
cluster_001_consensus_1673,1156935.QWE_22196,L,Topoisomerase IV is essential for chromosome segregation. It relaxes supercoiled DNA. Performs the decatenation events required during the replication of a circular DNA molecule,"DNA_gyraseB,DNA_gyraseB_C,HATPase_c,Toprim"
cluster_001_consensus_1674,1156935.QWE_22201,S,permease,AI-2E_transport
cluster_001_consensus_1675,1156935.QWE_22206,-,-,-
cluster_001_consensus_1676,1156935.QWE_22211,S,Uncharacterised protein conserved in bacteria (DUF2336),DUF2336
cluster_001_consensus_1677,1156935.QWE_22216,S,"Conserved protein domain typically associated with flavoprotein oxygenases, DIM6 NTAB family",Flavin_Reduct
cluster_001_consensus_1678,1156935.QWE_22221,C,nitroreductase,Nitroreductase
cluster_001_consensus_1679,1156935.QWE_22226,-,-,-
cluster_001_consensus_1680,1156935.QWE_22231,I,Phosphate acyltransferases,Acyltransferase
cluster_001_consensus_1681,1156935.QWE_22236,J,Catalyzes the attachment of threonine to tRNA(Thr) in a two-step reaction L-threonine is first activated by ATP to form Thr-AMP and then transferred to the acceptor end of tRNA(Thr),"HGTP_anticodon,TGS,tRNA-synt_2b,tRNA_SAD"
cluster_001_consensus_1682,1156935.QWE_22241,S,Uncharacterized conserved protein (DUF2267),DUF2267
cluster_001_consensus_1683,1156935.QWE_22246,S,Could be involved in insertion of integral membrane proteins into the membrane,Haemolytic
cluster_001_consensus_1684,1156935.QWE_22251,C,NifU homolog involved in Fe-S cluster formation,NifU_N
cluster_001_consensus_1685,1156935.QWE_22256,H,GTP cyclohydrolase,GTP_cyclohydroI
cluster_001_consensus_1686,1156935.QWE_22261,E,Catalyzes the hydrolysis of the adenine ring of phosphoribosyl-AMP,"PRA-CH,PRA-PH"
cluster_001_consensus_1687,1156935.QWE_22266,S,esterase of the alpha-beta hydrolase superfamily,Patatin
cluster_001_consensus_1688,1156935.QWE_22271,S,Domain in cystathionine beta-synthase and other proteins.,CBS
cluster_001_consensus_1689,1156935.QWE_22276,S,membrane protein (homolog of Drosophila rhomboid),Rhomboid
cluster_001_consensus_1690,1156935.QWE_22281,S,PilZ domain,PilZ
cluster_001_consensus_1691,1156935.QWE_22286,S,periplasmic protein,Peptidase_C93
cluster_001_consensus_1692,1156935.QWE_22291,-,-,-
cluster_001_consensus_1693,1156935.QWE_22296,M,Belongs to the peptidase S11 family,"Peptidase_S11,SPOR"
cluster_001_consensus_1694,1156935.QWE_22301,-,-,-
cluster_001_consensus_1695,1156935.QWE_22306,S,"Carbonic anhydrases acetyltransferases, isoleucine patch superfamily",Hexapep
cluster_001_consensus_1696,1156935.QWE_22311,P,Belongs to the Fur family,FUR
cluster_001_consensus_1697,1156935.QWE_22316,P,"ABC-type Mn2 Zn2 transport systems, permease components",ABC-3
cluster_001_consensus_1698,1156935.QWE_22321,P,Part of the ABC transporter complex ZnuABC involved in zinc import. Responsible for energy coupling to the transport system,ABC_tran
cluster_001_consensus_1699,1156935.QWE_22326,P,"ABC-type Zn2 transport system, periplasmic component surface adhesin",ZnuA
cluster_001_consensus_1700,1156935.QWE_22331,S,G3E family,"CobW_C,cobW"
cluster_001_consensus_1701,1156935.QWE_22336,M,"Condensation of UDP-2,3-diacylglucosamine and 2,3- diacylglucosamine-1-phosphate to form lipid A disaccharide, a precursor of lipid A, a phosphorylated glycolipid that anchors the lipopolysaccharide to the outer membrane of the cell",LpxB
cluster_001_consensus_1702,1156935.QWE_22341,S,protein conserved in bacteria,DUF1009
cluster_001_consensus_1703,1156935.QWE_22346,M,"Involved in the biosynthesis of lipid A, a phosphorylated glycolipid that anchors the lipopolysaccharide to the outer membrane of the cell","Acetyltransf_11,Hexapep"
cluster_001_consensus_1704,1156935.QWE_22351,I,Involved in unsaturated fatty acids biosynthesis. Catalyzes the dehydration of short chain beta-hydroxyacyl-ACPs and long chain saturated and unsaturated beta-hydroxyacyl-ACPs,FabA
cluster_001_consensus_1705,1156935.QWE_22356,M,"Catalyzes the N-acylation of UDP-3-O-acylglucosamine using 3-hydroxyacyl-ACP as the acyl donor. Is involved in the biosynthesis of lipid A, a phosphorylated glycolipid that anchors the lipopolysaccharide to the outer membrane of the cell","Hexapep,Hexapep_2,LpxD"
cluster_001_consensus_1706,1156935.QWE_22361,M,"Part of the outer membrane protein assembly complex, which is involved in assembly and insertion of beta-barrel proteins into the outer membrane","Bac_surface_Ag,POTRA"
cluster_001_consensus_1707,1156935.QWE_22366,M,zinc metalloprotease,"PDZ_2,Peptidase_M50"
cluster_001_consensus_1708,1156935.QWE_22371,I,Belongs to the CDS family,CTP_transf_1
cluster_001_consensus_1709,1156935.QWE_22376,I,Catalyzes the condensation of isopentenyl diphosphate (IPP) with allylic pyrophosphates generating different type of terpenoids,Prenyltransf
cluster_001_consensus_1710,1156935.QWE_22381,J,Responsible for the release of ribosomes from messenger RNA at the termination of protein biosynthesis. May increase the efficiency of translation by recycling ribosomes from one round of translation to another,RRF
cluster_001_consensus_1711,1156935.QWE_22386,F,Catalyzes the reversible phosphorylation of UMP to UDP,AA_kinase
cluster_001_consensus_1712,1156935.QWE_22391,J,Associates with the EF-Tu.GDP complex and induces the exchange of GDP to GTP. It remains bound to the aminoacyl-tRNA.EF- Tu.GTP complex up to the GTP hydrolysis stage on the ribosome,EF_TS
cluster_001_consensus_1713,1156935.QWE_22396,J,Belongs to the universal ribosomal protein uS2 family,Ribosomal_S2
cluster_001_consensus_1714,1156935.QWE_22401,S,Domain of unknown function (DUF1849),DUF1849
cluster_001_consensus_1715,1156935.QWE_22406,J,"Translation initiation inhibitor, yjgF family",YjgF_endoribonc
cluster_001_consensus_1716,1156935.QWE_22411,C,glycerophosphoryl diester phosphodiesterase,GDPD
cluster_001_consensus_1717,1156935.QWE_22416,S,protein conserved in bacteria,FemAB_like
cluster_001_consensus_1718,1156935.QWE_22421,FG,Diadenosine tetraphosphate (Ap4A) hydrolase and other HIT family hydrolases,HIT
cluster_001_consensus_1720,1156935.QWE_22431,S,Branched-chain amino acid transport protein (AzlD),AzlD
cluster_001_consensus_1721,1156935.QWE_22436,E,AzlC protein,AzlC
cluster_001_consensus_1722,1156935.QWE_22441,O,Belongs to the ClpA ClpB family,"AAA,AAA_2,ClpB_D2-small,Clp_N"
cluster_001_consensus_1723,1156935.QWE_22446,S,Involved in the modulation of the specificity of the ClpAP-mediated ATP-dependent protein degradation,ClpS
cluster_001_consensus_1724,1156935.QWE_22451,S,Phasin protein,Phasin_2
cluster_001_consensus_1725,1156935.QWE_22456,S,Protein of unknown function (DUF3126),DUF3126
cluster_001_consensus_1726,1156935.QWE_22461,E,serine acetyltransferase,"Hexapep,SATase_N"
cluster_001_consensus_1727,1156935.QWE_22466,I,Enoyl-CoA hydratase/isomerase,ECH_1
cluster_001_consensus_1728,1156935.QWE_22471,S,Alpha beta hydrolase,Abhydrolase_1
cluster_001_consensus_1729,1156935.QWE_22476,S,protein conserved in bacteria,zf-CHCC
cluster_001_consensus_1730,1156935.QWE_22481,CH,2-polyprenyl-6-methoxyphenol hydroxylase and related FAD-dependent oxidoreductases,FAD_binding_3
cluster_001_consensus_1731,1156935.QWE_22486,E,cystathionine beta-lyase,Cys_Met_Meta_PP
cluster_001_consensus_1732,1156935.QWE_22491,ET,"ABC-type amino acid transport signal transduction systems, periplasmic component domain",SBP_bac_3
cluster_001_consensus_1733,1156935.QWE_22496,P,"ABC-type amino acid transport system, permease component",BPD_transp_1
cluster_001_consensus_1734,1156935.QWE_22501,P,"ABC-type amino acid transport system, permease component",BPD_transp_1
cluster_001_consensus_1735,1156935.QWE_22506,E,"ABC-type polar amino acid transport system, ATPase component",ABC_tran
cluster_001_consensus_1736,1156935.QWE_22511,L,nuclease,SNase
cluster_001_consensus_1738,1156935.QWE_22516,S,ETC complex I subunit conserved region,ETC_C1_NDUFA4
cluster_001_consensus_1739,698761.RTCIAT899_CH04835,-,-,-
cluster_001_consensus_1740,1156935.QWE_22521,S,"Uncharacterized ACR, COG1430",DUF192
cluster_001_consensus_1741,1156935.QWE_22526,K,Cold shock,CSD
cluster_001_consensus_1742,1156935.QWE_22531,E,Lactoylglutathione lyase,Glyoxalase
cluster_001_consensus_1743,1156935.QWE_22536,-,-,-
cluster_001_consensus_1744,1156935.QWE_22541,L,exonuclease,"DHH,DHHA1"
cluster_001_consensus_1746,1156935.QWE_22551,E,homoserine dehydrogenase,"ACT,Homoserine_dh,NAD_binding_3"
cluster_001_consensus_1747,1156935.QWE_22556,E,Aminotransferase,Aminotran_1_2
cluster_001_consensus_1748,1156935.QWE_22561,-,-,-
cluster_001_consensus_1749,1156935.QWE_22566,I,Poly-beta-hydroxybutyrate polymerase,"Abhydrolase_1,PhaC_N"
cluster_001_consensus_1750,1156935.QWE_22576,S,SnoaL-like domain,SnoaL_2
cluster_001_consensus_1751,1082933.MEA186_25539,K,HxlR-like helix-turn-helix,HxlR
cluster_001_consensus_1752,1156935.QWE_22586,S,Belongs to the SfsA family,SfsA
cluster_001_consensus_1753,1156935.QWE_22591,E,Methionine aminopeptidase,Peptidase_M24
cluster_001_consensus_1754,1156935.QWE_22596,E,Belongs to the UPF0758 family,RadC
cluster_001_consensus_1755,1156935.QWE_22601,C,"Pyruvate 2-oxoglutarate dehydrogenase complex, dihydrolipoamide dehydrogenase (E3) component, and related enzymes","Pyr_redox_2,Pyr_redox_dim"
cluster_001_consensus_1756,1156935.QWE_22606,EGP,Major facilitator superfamily,MFS_1
cluster_001_consensus_1757,1156935.QWE_22611,S,Beta-lactamase superfamily domain,"Lactamase_B_2,Lactamase_B_3"
cluster_001_consensus_1758,1156935.QWE_22616,D,Involved in protein export. Acts as a chaperone by maintaining the newly synthesized protein in an open conformation. Functions as a peptidyl-prolyl cis-trans isomerase,"FKBP_C,Trigger_C,Trigger_N"
cluster_001_consensus_1759,1156935.QWE_22621,S,GDYXXLXY protein,GDYXXLXY
cluster_001_consensus_1760,1156935.QWE_22626,S,Predicted membrane protein (DUF2157),DUF2157
cluster_001_consensus_1761,1156935.QWE_22631,S,Domain of unknown function (DUF1127),DUF1127
cluster_001_consensus_1762,1156935.QWE_22636,F,Nucleoside,IU_nuc_hydro
cluster_001_consensus_1763,1156935.QWE_22646,H,Belongs to the precorrin methyltransferase family,TP_methylase
cluster_001_consensus_1764,1156935.QWE_22651,H,Precorrin-3B,"CbiG_C,CbiG_N,TP_methylase"
cluster_001_consensus_1765,1156935.QWE_22656,H,Precorrin-2,TP_methylase
cluster_001_consensus_1766,1156935.QWE_22661,H,precorrin-6y,"PCMT,TP_methylase"
cluster_001_consensus_1767,1156935.QWE_22666,H,Precorrin-8X,CbiC
cluster_001_consensus_1768,1156935.QWE_22671,S,CbiX,CbiX
cluster_001_consensus_1769,1156935.QWE_22676,S,membrane transporter protein,TauE
cluster_001_consensus_1770,1336235.JAEG01000001_gene1886,K,Bacterial antitoxin of ParD toxin-antitoxin type II system and RHH,ParD_antitoxin
cluster_001_consensus_1771,1156935.QWE_22681,H,Required for both de novo synthesis of the corrin ring for the assimilation of exogenous corrinoids. Participates in the adenosylation of a variety of incomplete and complete corrinoids,"Co_AT_N,CobA_CobO_BtuR"
cluster_001_consensus_1772,411684.HPDFL43_12578,K,Acetyltransferase (GNAT) domain,"Acetyltransf_1,Acetyltransf_10"
cluster_001_consensus_1773,1547437.LL06_05410,S,Glutathione-dependent formaldehyde-activating enzyme,GFA
cluster_001_consensus_1774,1156935.QWE_22686,H,Cobalamin biosynthesis protein CobN and related Mg-chelatases,CobN-Mg_chel
cluster_001_consensus_1775,1156935.QWE_22691,S,cobalamin biosynthesis protein CobW,"CobW_C,cobW"
cluster_001_consensus_1776,1156935.QWE_22696,H,Catalyzes ATP-dependent phosphorylation of adenosylcobinamide and addition of GMP to adenosylcobinamide phosphate,CobU
cluster_001_consensus_1777,311402.Avi_2652,-,-,-
cluster_001_consensus_1778,1156935.QWE_22706,O,Chaperone required for the assembly of the mitochondrial F1-ATPase,ATP12
cluster_001_consensus_1779,1156935.QWE_22711,S,hydrolase,HAD_2
cluster_001_consensus_1780,1156935.QWE_22716,J,Responsible for synthesis of pseudouridine from uracil,"PseudoU_synth_2,S4"
cluster_001_consensus_1781,1156935.QWE_22721,D,"Important for reducing fluoride concentration in the cell, thus reducing its toxicity",CRCB
cluster_001_consensus_1782,1156935.QWE_22726,CH,Flavodoxin domain,Flavodoxin_5
cluster_001_consensus_1783,1156935.QWE_22731,-,-,-
cluster_001_consensus_1784,1156935.QWE_22736,S,protein conserved in bacteria,"DUF1775,PCuAC"
cluster_001_consensus_1785,1156935.QWE_22741,-,-,-
cluster_001_consensus_1786,1156935.QWE_22746,E,Glycine cleavage system T protein,"GCV_T,GCV_T_C"
cluster_001_consensus_1787,1156935.QWE_22751,E,The glycine cleavage system catalyzes the degradation of glycine. The H protein shuttles the methylamine group of glycine from the P protein to the T protein,GCV_H
cluster_001_consensus_1788,1156935.QWE_22756,E,The glycine cleavage system catalyzes the degradation of glycine. The P protein binds the alpha-amino group of glycine through its pyridoxal phosphate cofactor,"Aminotran_5,GDC-P"
cluster_001_consensus_1789,1156935.QWE_22761,T,Protein of unknown function (DUF1236),DUF1236
cluster_001_consensus_1790,1156935.QWE_22766,N,Belongs to the flagella basal body rod proteins family,"Flg_bb_rod,Flg_bbr_C"
cluster_001_consensus_1793,1156935.QWE_22781,QT,Autoinducer synthase,Autoind_synth
cluster_001_consensus_1794,1156935.QWE_22786,K,COG2771 DNA-binding HTH domain-containing proteins,"Autoind_bind,GerE"
cluster_001_consensus_1795,1156935.QWE_22791,E,LysE type translocator,LysE
cluster_001_consensus_1796,1156935.QWE_22796,K,helix_turn_helix ASNC type,"AsnC_trans_reg,HTH_24,HTH_AsnC-type"
cluster_001_consensus_1797,1156935.QWE_22801,S,Belongs to the HesB IscA family,Fe-S_biosyn
cluster_001_consensus_1798,1156935.QWE_22806,C,"Catalyzes the pyrimidine ring opening between N-3 and C- 4 by an unusual flavin hydroperoxide-catalyzed mechanism to yield ureidoacrylate peracid. It cleaves pyrmidine rings directly by adding oxygen atoms, making a toxic ureidoacrylate peracid product which can be spontaneously reduced to ureidoacrylate",Bac_luciferase
cluster_001_consensus_1799,1156935.QWE_22811,Q,"In vivo, quickly hydrolyzes the ureidoacrylate peracid to avoid toxicity, but can also hydrolyzes ureidoacrylate that is formed spontaneously from ureidoacrylate peracid. One of the products of hydrolysis, carbamate, hydrolyzes spontaneously, thereby releasing one of the pyrimidine rings nitrogen atoms as ammonia and one of its carbons as CO2",Isochorismatase
cluster_001_consensus_1800,1156935.QWE_22816,J,Endoribonuclease L-PSP,Ribonuc_L-PSP
cluster_001_consensus_1801,1156935.QWE_22821,I,"Serine aminopeptidase, S33","Abhydrolase_1,Abhydrolase_6"
cluster_001_consensus_1802,1156935.QWE_22826,S,Catalyzes the reduction of FMN to FMNH2 which is used to reduce pyrimidine by RutA via the Rut pathway,Flavin_Reduct
cluster_001_consensus_1803,1156935.QWE_22831,S,FeS assembly SUF system protein,FeS_assembly_P
cluster_001_consensus_1804,1156935.QWE_22836,E,Belongs to the class-V pyridoxal-phosphate-dependent aminotransferase family,Aminotran_5
cluster_001_consensus_1805,1156935.QWE_22841,O,"ABC-type transport system involved in Fe-S cluster assembly, permease component",UPF0051
cluster_001_consensus_1806,1156935.QWE_22846,O,"COG0396 ABC-type transport system involved in Fe-S cluster assembly, ATPase component",ABC_tran
cluster_001_consensus_1808,1156935.QWE_22856,O,"ABC-type transport system involved in Fe-S cluster assembly, permease component",UPF0051
cluster_001_consensus_1809,1156935.QWE_22861,E,Cysteine sulfinate desulfinase cysteine desulfurase and related enzymes,Aminotran_5
cluster_001_consensus_1810,1156935.QWE_22866,S,hydrolase of the alpha beta superfamily,"Hydrolase_4,Peptidase_S15"
cluster_001_consensus_1811,1156935.QWE_22871,S,"nucleic acid-binding protein, contains PIN domain",PIN_3
cluster_001_consensus_1812,1156935.QWE_22876,-,-,-
cluster_001_consensus_1813,1156935.QWE_22881,S,Patatin-like phospholipase,Patatin
cluster_001_consensus_1814,1156935.QWE_22886,O,"Catalyzes the specific phosphorylation of 1,6-anhydro-N- acetylmuramic acid (anhMurNAc) with the simultaneous cleavage of the 1,6-anhydro ring, generating MurNAc-6-P. Is required for the utilization of anhMurNAc either imported from the medium or derived from its own cell wall murein, and thus plays a role in cell wall recycling",AnmK
cluster_001_consensus_1815,1156935.QWE_22891,J,Catalyzes the attachment of tyrosine to tRNA(Tyr) in a two-step reaction tyrosine is first activated by ATP to form Tyr- AMP and then transferred to the acceptor end of tRNA(Tyr),"S4,tRNA-synt_1b"
cluster_001_consensus_1816,1156935.QWE_22896,S,Domain of unknown function (DUF1127),DUF1127
cluster_001_consensus_1817,1156935.QWE_22901,J,Catalyzes the folate-dependent formation of 5-methyl- uridine at position 54 (M-5-U54) in all tRNAs,GIDA
cluster_001_consensus_1818,1156935.QWE_22906,-,-,-
cluster_001_consensus_1819,1156935.QWE_22911,I,COG1562 Phytoene squalene synthetase,SQS_PSY
cluster_001_consensus_1820,1156935.QWE_22916,S,Protein of unknown function (DUF498/DUF598),DUF498
cluster_001_consensus_1821,1156935.QWE_22921,U,Part of the Sec protein translocase complex. Interacts with the SecYEG preprotein conducting channel. SecDF uses the proton motive force (PMF) to complete protein translocation after the ATP-dependent function of SecA,"SecD_SecF,Sec_GG"
cluster_001_consensus_1822,1156935.QWE_22926,U,Preprotein translocase,YajC
cluster_001_consensus_1823,1156935.QWE_22931,S,ATPase (AAA,DUF815
cluster_001_consensus_1824,1156935.QWE_22936,DM,Membrane proteins related to metalloendopeptidases,"LysM,Peptidase_M23"
cluster_001_consensus_1825,1156935.QWE_22941,O,Catalyzes the methyl esterification of L-isoaspartyl residues that are formed in damaged proteins,PCMT
cluster_001_consensus_1826,1156935.QWE_22946,S,Nucleotidase that shows phosphatase activity on nucleoside 5'-monophosphates,SurE
cluster_001_consensus_1827,1156935.QWE_22951,J,"Catalyzes the attachment of serine to tRNA(Ser). Is also able to aminoacylate tRNA(Sec) with serine, to form the misacylated tRNA L-seryl-tRNA(Sec), which will be further converted into selenocysteinyl-tRNA(Sec)","Seryl_tRNA_N,tRNA-synt_2b"
cluster_001_consensus_1828,1336235.JAEG01000002_gene33,U,"Part of the twin-arginine translocation (Tat) system that transports large folded proteins containing a characteristic twin-arginine motif in their signal peptide across membranes. Together with TatB, TatC is part of a receptor directly interacting with Tat signal peptides",TatC
cluster_001_consensus_1829,1156935.QWE_22961,U,"Part of the twin-arginine translocation (Tat) system that transports large folded proteins containing a characteristic twin-arginine motif in their signal peptide across membranes. Together with TatC, TatB is part of a receptor directly interacting with Tat signal peptides. TatB may form an oligomeric binding site that transiently accommodates folded Tat precursor proteins before their translocation",MttA_Hcf106
cluster_001_consensus_1830,1156935.QWE_22966,U,Part of the twin-arginine translocation (Tat) system that transports large folded proteins containing a characteristic twin-arginine motif in their signal peptide across membranes. TatA could form the protein-conducting channel of the Tat system,MttA_Hcf106
cluster_001_consensus_1831,1156935.QWE_22971,P,Belongs to the ABC transporter superfamily,"ABC_tran,TOBE_2"
cluster_001_consensus_1832,1156935.QWE_22976,D,Participates in chromosomal partition during cell division. May act via the formation of a condensin-like complex containing Smc and ScpA that pull DNA away from mid-cell into both cell halves,SMC_ScpB
cluster_001_consensus_1833,1156935.QWE_22981,D,Participates in chromosomal partition during cell division. May act via the formation of a condensin-like complex containing Smc and ScpB that pull DNA away from mid-cell into both cell halves,SMC_ScpA
cluster_001_consensus_1834,1156935.QWE_22986,G,beta-N-acetylhexosaminidase,Glyco_hydro_3
cluster_001_consensus_1835,1156935.QWE_22991,S,Sporulation related domain,SPOR
cluster_001_consensus_1836,1156935.QWE_22996,J,Arginyl-tRNA synthetase,"Arg_tRNA_synt_N,DALR_1,tRNA-synt_1d"
cluster_001_consensus_1837,1156935.QWE_23001,F,Belongs to the dGTPase family. Type 2 subfamily,"HD,HD_assoc"
cluster_001_consensus_1838,1156935.QWE_23006,S,Belongs to the HesB IscA family,Fe-S_biosyn
cluster_001_consensus_1839,1156935.QWE_23011,L,exodeoxyribonuclease III,Exo_endo_phos
cluster_001_consensus_1840,1156935.QWE_23016,S,Exopolysaccharide production negative regulator,Sel1
cluster_001_consensus_1842,1509405.GV67_11460,I,Long-chain fatty acid transport protein,Toluene_X
cluster_001_consensus_1843,1156935.QWE_23031,J,"amino acids such as threonine, to avoid such errors, it has a posttransfer editing activity that hydrolyzes mischarged Thr-tRNA(Val) in a tRNA-dependent manner","Anticodon_1,Val_tRNA-synt_C,tRNA-synt_1"
cluster_001_consensus_1844,1156935.QWE_23036,S,protein conserved in bacteria,DUF2497
cluster_001_consensus_1845,1156935.QWE_23041,O,O-methyltransferase,PCMT
cluster_001_consensus_1846,1336235.JAEG01000002_gene53,-,-,-
cluster_001_consensus_1848,1156935.QWE_23051,-,-,PGPGW
cluster_001_consensus_1849,1156935.QWE_23056,-,-,-
cluster_001_consensus_1850,1156935.QWE_23061,L,Belongs to the DNA photolyase family,"DNA_photolyase,FAD_binding_7"
cluster_001_consensus_1851,1075090.GOAMR_20_00180,S,Protein of unknown function DUF262,DUF262
cluster_001_consensus_1853,1156935.QWE_23071,E,Cysteine synthase,PALP
cluster_001_consensus_1854,1156935.QWE_23076,S,metal-dependent hydrolases related to alanyl-tRNA synthetase HxxxH domain,"tRNA-synt_2c,tRNA_SAD"
cluster_001_consensus_1855,1156935.QWE_23081,P,Sulfurtransferase,Rhodanese
cluster_001_consensus_1856,1156935.QWE_23086,P,Putative metallopeptidase,DUF4344
cluster_001_consensus_1857,1156935.QWE_23091,S,Protein of unknown function (DUF1203),DUF1203
cluster_001_consensus_1858,1156935.QWE_23101,P,Catalase,Catalase
cluster_001_consensus_1859,1156935.QWE_23106,E,Belongs to the AlaDH PNT family,"AlaDh_PNT_C,AlaDh_PNT_N"
cluster_001_consensus_1860,1156935.QWE_23111,K,Transcriptional regulator,"AsnC_trans_reg,HTH_24,HTH_AsnC-type"
cluster_001_consensus_1861,1156935.QWE_23116,S,PilZ domain,PilZ
cluster_001_consensus_1862,1336235.JAEG01000002_gene65,S,PilZ domain,PilZ
cluster_001_consensus_1863,1156935.QWE_23126,F,Belongs to the 5'-nucleotidase family,"5_nucleotid_C,Metallophos"
cluster_001_consensus_1864,1156935.QWE_23131,K,Transcriptional regulator,"HTH_1,LysR_substrate"
cluster_001_consensus_1865,1156935.QWE_23136,I,"Catalyzes the reductive cleavage of azo bond in aromatic azo compounds to the corresponding amines. Requires NADH, but not NADPH, as an electron donor for its activity",Flavodoxin_2
cluster_001_consensus_1866,1156935.QWE_23141,T,Diguanylate cyclase,"Ammonium_transp,EAL,GGDEF,PAS_9"
cluster_001_consensus_1867,1156935.QWE_23146,S,Transcriptional activator HlyU,HlyU
cluster_001_consensus_1868,1156935.QWE_23151,S,"Serine aminopeptidase, S33",Hydrolase_4
cluster_001_consensus_1869,1156935.QWE_23156,E,"Catalyzes the anaerobic formation of alpha-ketobutyrate and ammonia from threonine in a two-step reaction. The first step involved a dehydration of threonine and a production of enamine intermediates (aminocrotonate), which tautomerizes to its imine form (iminobutyrate). Both intermediates are unstable and short- lived. The second step is the nonenzymatic hydrolysis of the enamine imine intermediates to form 2-ketobutyrate and free ammonia. In the low water environment of the cell, the second step is accelerated by RidA","PALP,Thr_dehydrat_C"
cluster_001_consensus_1870,1156935.QWE_23161,P,Low-affinity potassium transport system. Interacts with Trk system potassium uptake protein TrkA,TrkH
cluster_001_consensus_1871,1156935.QWE_23166,-,-,-
cluster_001_consensus_1872,1156935.QWE_23171,P,"ABC-type nitrate sulfonate bicarbonate transport system, permease component",BPD_transp_1
cluster_001_consensus_1873,1156935.QWE_23176,P,"ABC-type nitrate sulfonate bicarbonate transport system, ATPase component",ABC_tran
cluster_001_consensus_1874,1156935.QWE_23181,P,"ABC-type nitrate sulfonate bicarbonate transport systems, periplasmic components",NMT1
cluster_001_consensus_1875,398578.Daci_5296,K,"Transcriptional regulator, MarR family with","Acetyltransf_1,MarR_2"
cluster_001_consensus_1876,1156935.QWE_23186,S,PilZ domain,PilZ
cluster_001_consensus_1877,1156935.QWE_23191,S,Belongs to the WrbA family,FMN_red
cluster_001_consensus_1878,1156935.QWE_23196,S,Molybdenum cofactor biosynthesis protein,MoCF_biosynth
cluster_001_consensus_1879,1156935.QWE_23201,T,Universal stress protein,Usp
cluster_001_consensus_1881,1156935.QWE_23206,F,"Acts on guanine, xanthine and to a lesser extent hypoxanthine",Pribosyltran
cluster_001_consensus_1882,1156935.QWE_23211,S,Predicted membrane protein (DUF2231),DUF2231
cluster_001_consensus_1883,1156935.QWE_23216,G,Glucose / Sorbosone dehydrogenase,GSDH
cluster_001_consensus_1884,1156935.QWE_23221,S,Activator of Hsp90 ATPase homolog 1-like protein,AHSA1
cluster_001_consensus_1885,1156935.QWE_23226,K,"helix_turn_helix, Arsenical Resistance Operon Repressor",HTH_20
cluster_001_consensus_1887,1156935.QWE_23231,S,Domain of Unknown Function (DUF1206),DUF1206
cluster_001_consensus_1888,1156935.QWE_23236,GM,Nucleoside-diphosphate-sugar epimerases,NAD_binding_10
cluster_001_consensus_1889,1156935.QWE_23241,NT,Methyl-accepting chemotaxis-like domains (chemotaxis sensory transducer).,"HAMP,MCPsignal"
cluster_001_consensus_1890,1156935.QWE_23251,F,Catalyzes the reduction of ribonucleotides to deoxyribonucleotides. May function to provide a pool of deoxyribonucleotide precursors for DNA repair during oxygen limitation and or for immediate growth after restoration of oxygen,"Ribonuc_red_2_N,Ribonuc_red_lgC"
cluster_001_consensus_1891,1044.EH31_03900,L,AAA ATPase domain,-
cluster_001_consensus_1892,1500257.JQNM01000003_gene5365,L,GIY-YIG catalytic domain,GIY-YIG
cluster_001_consensus_1893,1156935.QWE_23261,S,Domain of unknown function (DUF1883),DUF1883
cluster_001_consensus_1894,1336235.JAEG01000002_gene105,E,Flavin containing amine oxidoreductase,Amino_oxidase
cluster_001_consensus_1895,1156935.QWE_23266,T,CHASE4 domain,"CHASE4,GGDEF"
cluster_001_consensus_1896,1156935.QWE_23271,L,ATPase related to the helicase subunit of the Holliday junction resolvase,"AAA,AAA_assoc_2,MgsA_C,RuvB_N"
cluster_001_consensus_1897,1156935.QWE_23276,M,Belongs to the peptidase S1C family,"PDZ_2,Trypsin_2"
cluster_001_consensus_1898,1156935.QWE_23281,V,Beta-lactamase class C and other penicillin binding proteins,Beta-lactamase
cluster_001_consensus_1899,1336235.JAEG01000002_gene111,S,protein conserved in bacteria,LprI
cluster_001_consensus_1900,1041146.ATZB01000006_gene2273,T,"PemK-like, MazF-like toxin of type II toxin-antitoxin system",PemK_toxin
cluster_001_consensus_1901,1041146.ATZB01000006_gene2272,K,prlF antitoxin for toxin YhaV_toxin,PrlF_antitoxin
cluster_001_consensus_1902,1281779.H009_15753,S,Nucleotidyltransferase domain,NTP_transf_2
cluster_001_consensus_1903,1156935.QWE_23301,K,COG0583 transcriptional regulator,"HTH_1,LysR_substrate"
cluster_001_consensus_1904,1156935.QWE_23306,Q,taurine catabolism dioxygenase,"DUF971,TauD"
cluster_001_consensus_1905,1156935.QWE_23311,G,Class II Aldolase and Adducin N-terminal domain,Aldolase_II
cluster_001_consensus_1906,1336249.JADW01000001_gene2108,E,Glyoxalase/Bleomycin resistance protein/Dioxygenase superfamily,Glyoxalase
cluster_001_consensus_1907,1287116.X734_20660,I,Acyltransferase family,Acyl_transf_3
cluster_001_consensus_1908,1156935.QWE_23331,E,Belongs to the IlvD Edd family,ILVD_EDD
cluster_001_consensus_1909,1156935.QWE_23336,L,nuclease,SNase
cluster_001_consensus_1910,1156935.QWE_23341,S,"Part of the MsrPQ system that repairs oxidized periplasmic proteins containing methionine sulfoxide residues (Met-O), using respiratory chain electrons. Thus protects these proteins from oxidative-stress damage caused by reactive species of oxygen and chlorine generated by the host defense mechanisms. MsrPQ is essential for the maintenance of envelope integrity under bleach stress, rescuing a wide series of structurally unrelated periplasmic proteins from methionine oxidation. The catalytic subunit MsrP is non-stereospecific, being able to reduce both (R-) and (S-) diastereoisomers of methionine sulfoxide",Oxidored_molyb
cluster_001_consensus_1911,1156935.QWE_23346,C,"Part of the MsrPQ system that repairs oxidized periplasmic proteins containing methionine sulfoxide residues (Met-O), using respiratory chain electrons. Thus protects these proteins from oxidative-stress damage caused by reactive species of oxygen and chlorine generated by the host defense mechanisms. MsrPQ is essential for the maintenance of envelope integrity under bleach stress, rescuing a wide series of structurally unrelated periplasmic proteins from methionine oxidation. MsrQ provides electrons for reduction to the reductase catalytic subunit MsrP, using the quinone pool of the respiratory chain",Ferric_reduct
cluster_001_consensus_1912,1156935.QWE_23351,T,Protein of unknown function (DUF2809),DUF2809
cluster_001_consensus_1913,1156935.QWE_23356,S,Protein of unknown function (DUF817),DUF817
cluster_001_consensus_1914,1156935.QWE_23361,S,YCII-related domain,YCII
cluster_001_consensus_1915,1156935.QWE_23371,K,Belongs to the sigma-70 factor family,"Sigma70_r2,Sigma70_r4_2"
cluster_001_consensus_1916,1028800.RG540_CH13310,S,DoxX,DoxX
cluster_001_consensus_1918,1156935.QWE_23381,J,Ribosomal protein L17,Ribosomal_L17
cluster_001_consensus_1919,1156935.QWE_23386,K,DNA-dependent RNA polymerase catalyzes the transcription of DNA into RNA using the four ribonucleoside triphosphates as substrates,"RNA_pol_A_CTD,RNA_pol_A_bac,RNA_pol_L"
cluster_001_consensus_1920,1370122.JHXQ01000011_gene1417,J,"Located on the platform of the 30S subunit, it bridges several disparate RNA helices of the 16S rRNA. Forms part of the Shine-Dalgarno cleft in the 70S ribosome",Ribosomal_S11
cluster_001_consensus_1921,1156935.QWE_23396,J,"Located at the top of the head of the 30S subunit, it contacts several helices of the 16S rRNA. In the 70S ribosome it contacts the 23S rRNA (bridge B1a) and protein L5 of the 50S subunit (bridge B1b), connecting the 2 subunits",Ribosomal_S13
cluster_001_consensus_1922,1156935.QWE_23401,F,Catalyzes the reversible transfer of the terminal phosphate group between ATP and AMP. Plays an important role in cellular energy homeostasis and in adenine nucleotide metabolism,"ADK,ADK_lid"
cluster_001_consensus_1923,1156935.QWE_23406,U,"The central subunit of the protein translocation channel SecYEG. Consists of two halves formed by TMs 1-5 and 6-10. These two domains form a lateral gate at the front which open onto the bilayer between TMs 2 and 7, and are clamped together by SecE at the back. The channel is closed by both a pore ring composed of hydrophobic SecY resides and a short helix (helix 2A) on the extracellular side of the membrane which forms a plug. The plug probably moves laterally to allow the channel to open. The ring and the pore may move independently",SecY
cluster_001_consensus_1924,1156935.QWE_23411,J,Binds to the 23S rRNA,Ribosomal_L27A
cluster_001_consensus_1925,1156935.QWE_23416,J,Ribosomal protein L30,Ribosomal_L30
cluster_001_consensus_1926,1220582.RRU01S_15_01450,J,Located at the back of the 30S subunit body where it stabilizes the conformation of the head with respect to the body,"Ribosomal_S5,Ribosomal_S5_C"
cluster_001_consensus_1927,1156935.QWE_23426,J,"This is one of the proteins that binds and probably mediates the attachment of the 5S RNA into the large ribosomal subunit, where it forms part of the central protuberance",Ribosomal_L18p
cluster_001_consensus_1928,1156935.QWE_23431,J,"This protein binds to the 23S rRNA, and is important in its secondary structure. It is located near the subunit interface in the base of the L7 L12 stalk, and near the tRNA binding site of the peptidyltransferase center",Ribosomal_L6
cluster_001_consensus_1929,1370122.JHXQ01000011_gene1408,J,"One of the primary rRNA binding proteins, it binds directly to 16S rRNA central domain where it helps coordinate assembly of the platform of the 30S subunit",Ribosomal_S8
cluster_001_consensus_1930,1156935.QWE_23441,J,"Binds 16S rRNA, required for the assembly of 30S particles and may also be responsible for determining the conformation of the 16S rRNA at the A site",Ribosomal_S14
cluster_001_consensus_1931,1156935.QWE_23446,J,"This is 1 of the proteins that binds and probably mediates the attachment of the 5S RNA into the large ribosomal subunit, where it forms part of the central protuberance. In the 70S ribosome it contacts protein S13 of the 30S subunit (bridge B1b), connecting the 2 subunits","Ribosomal_L5,Ribosomal_L5_C"
cluster_001_consensus_1932,1156935.QWE_23451,J,One of the proteins that surrounds the polypeptide exit tunnel on the outside of the subunit,"KOW,ribosomal_L24"
cluster_001_consensus_1933,1156935.QWE_23456,J,Binds to 23S rRNA. Forms part of two intersubunit bridges in the 70S ribosome,Ribosomal_L14
cluster_001_consensus_1934,1509405.GV67_23875,J,"One of the primary rRNA binding proteins, it binds specifically to the 5'-end of 16S ribosomal RNA",Ribosomal_S17
cluster_001_consensus_1935,1156935.QWE_23466,J,Belongs to the universal ribosomal protein uL29 family,Ribosomal_L29
cluster_001_consensus_1936,1156935.QWE_23471,J,Binds 23S rRNA and is also seen to make contacts with the A and possibly P site tRNAs,Ribosomal_L16
cluster_001_consensus_1937,1156935.QWE_23476,J,"Binds the lower part of the 30S subunit head. Binds mRNA in the 70S ribosome, positioning it for translation","KH_2,Ribosomal_S3_C"
cluster_001_consensus_1938,1336235.JAEG01000002_gene144,J,"The globular domain of the protein is located near the polypeptide exit tunnel on the outside of the subunit, while an extended beta-hairpin is found that lines the wall of the exit tunnel in the center of the 70S ribosome",Ribosomal_L22
cluster_001_consensus_1939,1156935.QWE_23486,J,Protein S19 forms a complex with S13 that binds strongly to the 16S ribosomal RNA,Ribosomal_S19
cluster_001_consensus_1940,1156935.QWE_23491,J,"One of the primary rRNA binding proteins. Required for association of the 30S and 50S subunits to form the 70S ribosome, for tRNA binding and peptide bond formation. It has been suggested to have peptidyltransferase activity","Ribosomal_L2,Ribosomal_L2_C"
cluster_001_consensus_1941,1156935.QWE_23496,J,One of the early assembly proteins it binds 23S rRNA. One of the proteins that surrounds the polypeptide exit tunnel on the outside of the ribosome. Forms the main docking site for trigger factor binding to the ribosome,Ribosomal_L23
cluster_001_consensus_1942,1156935.QWE_23501,J,"One of the primary rRNA binding proteins, this protein initially binds near the 5'-end of the 23S rRNA. It is important during the early stages of 50S assembly. It makes multiple contacts with different domains of the 23S rRNA in the assembled 50S subunit and ribosome",Ribosomal_L4
cluster_001_consensus_1943,1156935.QWE_23506,J,"One of the primary rRNA binding proteins, it binds directly near the 3'-end of the 23S rRNA, where it nucleates assembly of the 50S subunit",Ribosomal_L3
cluster_001_consensus_1944,1156935.QWE_23511,J,Involved in the binding of tRNA to the ribosomes,Ribosomal_S10
cluster_001_consensus_1945,359.CN09_08905,J,This protein promotes the GTP-dependent binding of aminoacyl-tRNA to the A-site of ribosomes during protein biosynthesis,"GTP_EFTU,GTP_EFTU_D2,GTP_EFTU_D3"
cluster_001_consensus_1946,1156935.QWE_23976,J,"Catalyzes the GTP-dependent ribosomal translocation step during translation elongation. During this step, the ribosome changes from the pre-translocational (PRE) to the post- translocational (POST) state as the newly formed A-site-bound peptidyl-tRNA and P-site-bound deacylated tRNA move to the P and E sites, respectively. Catalyzes the coordinated movement of the two tRNA molecules, the mRNA and conformational changes in the ribosome","EFG_C,EFG_II,EFG_IV,GTP_EFTU,GTP_EFTU_D2"
cluster_001_consensus_1947,1156935.QWE_23981,J,"One of the primary rRNA binding proteins, it binds directly to 16S rRNA where it nucleates assembly of the head domain of the 30S subunit. Is located at the subunit interface close to the decoding center, probably blocks exit of the E-site tRNA",Ribosomal_S7
cluster_001_consensus_1948,1041139.KB902635_gene3710,J,"Interacts with and stabilizes bases of the 16S rRNA that are involved in tRNA selection in the A site and with the mRNA backbone. Located at the interface of the 30S and 50S subunits, it traverses the body of the 30S subunit contacting proteins on the other side and probably holding the rRNA structure together. The combined cluster of proteins S8, S12 and S17 appears to hold together the shoulder and platform of the 30S subunit",Ribosom_S12_S23
cluster_001_consensus_1949,1156935.QWE_23991,-,-,-
cluster_001_consensus_1950,1156935.QWE_24001,K,DNA-dependent RNA polymerase catalyzes the transcription of DNA into RNA using the four ribonucleoside triphosphates as substrates,"RNA_pol_Rpb1_1,RNA_pol_Rpb1_2,RNA_pol_Rpb1_3,RNA_pol_Rpb1_4,RNA_pol_Rpb1_5"
cluster_001_consensus_1951,1156935.QWE_24006,K,DNA-dependent RNA polymerase catalyzes the transcription of DNA into RNA using the four ribonucleoside triphosphates as substrates,"RNA_pol_Rpb2_1,RNA_pol_Rpb2_2,RNA_pol_Rpb2_3,RNA_pol_Rpb2_45,RNA_pol_Rpb2_6,RNA_pol_Rpb2_7"
cluster_001_consensus_1952,366394.Smed_0977,J,Forms part of the ribosomal stalk which helps the ribosome interact with GTP-bound translation factors. Is thus essential for accurate translation,"Ribosomal_L12,Ribosomal_L12_N"
cluster_001_consensus_1953,1156935.QWE_24016,J,"Forms part of the ribosomal stalk, playing a central role in the interaction of the ribosome with GTP-bound translation factors",Ribosomal_L10
cluster_001_consensus_1954,1156935.QWE_24021,J,"Binds directly to 23S rRNA. The L1 stalk is quite mobile in the ribosome, and is involved in E site tRNA release",Ribosomal_L1
cluster_001_consensus_1955,1156935.QWE_24026,J,Forms part of the ribosomal stalk which helps the ribosome interact with GTP-bound translation factors,"Ribosomal_L11,Ribosomal_L11_N"
cluster_001_consensus_1956,1532558.JL39_13790,K,"Participates in transcription elongation, termination and antitermination","KOW,NusG"
cluster_001_consensus_1957,1156935.QWE_24036,U,Essential subunit of the Sec protein translocation channel SecYEG. Clamps together the 2 halves of SecY. May contact the channel plug during translocation,SecE
cluster_001_consensus_1961,359.CN09_08905,J,This protein promotes the GTP-dependent binding of aminoacyl-tRNA to the A-site of ribosomes during protein biosynthesis,"GTP_EFTU,GTP_EFTU_D2,GTP_EFTU_D3"
cluster_001_consensus_1962,1156935.QWE_18463,J,Belongs to the class IV-like SAM-binding methyltransferase superfamily. RNA methyltransferase TrmH family,"SpoU_methylase,SpoU_sub_bind"
cluster_001_consensus_1963,1156935.QWE_18458,S,hydrolase (HAD superfamily),Hydrolase_3
cluster_001_consensus_1964,1156935.QWE_18453,M,COG0463 Glycosyltransferases involved in cell wall biogenesis,-
cluster_001_consensus_1965,1156935.QWE_18448,O,Periplasmic Protein,MliC
cluster_001_consensus_1966,1156935.QWE_18318,H,"Involved in the regulation of the intracellular balance of NAD and NADP, and is a key enzyme in the biosynthesis of NADP. Catalyzes specifically the phosphorylation on 2'-hydroxyl of the adenosine moiety of NAD to yield NADP",NAD_kinase
cluster_001_consensus_1967,1156935.QWE_18313,-,-,-
cluster_001_consensus_1968,1156935.QWE_18303,J,Peptide chain release factor 2 directs the termination of translation in response to the peptide chain termination codons UGA and UAA,"PCRF,RF-1"
cluster_001_consensus_1969,1156935.QWE_18298,M,penicillin-binding protein,"PCB_OB,Transgly,Transpeptidase"
cluster_001_consensus_1970,1156935.QWE_18293,M,N-acetylmuramoyl-L-alanine amidase,"AMIN,Amidase_3"
cluster_001_consensus_1971,1156935.QWE_18288,J,Endoribonuclease that plays a central role in RNA processing and decay. Required for the maturation of 5S and 16S rRNAs and the majority of tRNAs. Also involved in the degradation of most mRNAs,"RNase_E_G,S1"
cluster_001_consensus_1972,1156935.QWE_18283,J,"Acetyltransferases, including N-acetylases of ribosomal proteins",Acetyltransf_3
cluster_001_consensus_1973,1156935.QWE_18278,E,Aspartate tyrosine aromatic aminotransferase,Aminotran_1_2
cluster_001_consensus_1974,1156935.QWE_18273,O,DSBA oxidoreductase,"DSBA,Thioredoxin_4"
cluster_001_consensus_1975,1156935.QWE_18268,E,Catalyzes a trans-dehydration via an enolate intermediate,DHquinase_II
cluster_001_consensus_1976,1156935.QWE_18263,I,"first, biotin carboxylase catalyzes the carboxylation of the carrier protein and then the transcarboxylase transfers the carboxyl group to form malonyl-CoA",Biotin_lipoyl
cluster_001_consensus_1977,1156935.QWE_18258,I,"An AccC homodimer forms the biotin carboxylase subunit of the acetyl CoA carboxylase, an enzyme that catalyzes the formation of malonyl-CoA, which in turn controls the rate of fatty acid metabolism","Biotin_carb_C,Biotin_carb_N,CPSase_L_D2"
cluster_001_consensus_1978,1156935.QWE_18253,O,"Functions in the N-end rule pathway of protein degradation where it conjugates Leu, Phe and, less efficiently, Met from aminoacyl-tRNAs to the N-termini of proteins containing an N-terminal arginine or lysine",Leu_Phe_trans
cluster_001_consensus_1979,1144312.PMI09_02100,FG,adenosine 5'-monophosphoramidase activity,-
cluster_001_consensus_1980,1156935.QWE_18243,I,COG1502 Phosphatidylserine phosphatidylglycerophosphate cardiolipi n synthases and related enzymes,"PLDc,PLDc_2"
cluster_001_consensus_1981,388399.SSE37_11334,-,-,-
cluster_001_consensus_1982,1156935.QWE_18238,C,Belongs to the prokaryotic molybdopterin-containing oxidoreductase family,"Molybdopterin,Molydop_binding"
cluster_001_consensus_1983,1156935.QWE_18233,S,Cytochrome c oxidase caa3 assembly factor (Caa3_CtaG),Caa3_CtaG
cluster_001_consensus_1984,1156935.QWE_18228,S,Uncharacterised protein family (UPF0093),UPF0093
cluster_001_consensus_1985,1156935.QWE_18223,S,Predicted membrane protein (DUF2231),DUF2231
cluster_001_consensus_1986,1156935.QWE_18218,C,"Cytochrome C oxidase subunit II, periplasmic domain",COX2
cluster_001_consensus_1987,1156935.QWE_18213,C,Cytochrome c oxidase is the component of the respiratory chain that catalyzes the reduction of oxygen to water. Subunits 1- 3 form the functional core of the enzyme complex. CO I is the catalytic subunit of the enzyme. Electrons originating in cytochrome c are transferred via the copper A center of subunit 2 and heme A of subunit 1 to the bimetallic center formed by heme A3 and copper B,COX1
cluster_001_consensus_1988,1156935.QWE_18208,-,-,-
cluster_001_consensus_1989,1156935.QWE_18203,S,protein conserved in bacteria,3-dmu-9_3-mt
cluster_001_consensus_1990,1156935.QWE_18198,T,Histidine kinase,"HWE_HK,PAS_4"
cluster_001_consensus_1991,1156935.QWE_18193,-,-,-
cluster_001_consensus_1992,1156935.QWE_18188,S,protein conserved in bacteria,DUF2155
cluster_001_consensus_1993,1156935.QWE_18183,C,"Provides the input to the respiratory chain from the NAD-linked dehydrogenases of the citric acid cycle. The complex couples the oxidation of NADH and the reduction of ubiquinone, to the generation of a proton gradient which is then used for ATP synthesis",NDUFA12
cluster_001_consensus_1994,1156935.QWE_18178,K,Acetyltransferase (GNAT) domain,"Acetyltransf_1,Acetyltransf_10,Acetyltransf_7"
cluster_001_consensus_1995,1156935.QWE_18173,-,-,-
cluster_001_consensus_1996,1156935.QWE_18168,K,Histone acetyltransferase HPA2 and related acetyltransferases,"Acetyltransf_1,Acetyltransf_10"
cluster_001_consensus_1997,1156935.QWE_18158,J,Allows the formation of correctly charged Asn-tRNA(Asn) or Gln-tRNA(Gln) through the transamidation of misacylated Asp- tRNA(Asn) or Glu-tRNA(Gln) in organisms which lack either or both of asparaginyl-tRNA or glutaminyl-tRNA synthetases. The reaction takes place in the presence of glutamine and ATP through an activated phospho-Asp-tRNA(Asn) or phospho-Glu-tRNA(Gln),"GatB_N,GatB_Yqey"
cluster_001_consensus_1998,1336235.JAEG01000002_gene176,S,membrane,DUF1294
cluster_001_consensus_1999,1156935.QWE_18148,K,FR47-like protein,"Acetyltransf_1,Acetyltransf_10"
cluster_001_consensus_2000,1156935.QWE_18143,S,Belongs to the UPF0386 family,YjhX_toxin
cluster_001_consensus_2001,65093.PCC7418_2785,S,"Ribonuclease toxin, BrnT, of type II toxin-antitoxin system",BrnT_toxin
cluster_001_consensus_2002,102232.GLO73106DRAFT_00038870,S,BrnA antitoxin of type II toxin-antitoxin system,BrnA_antitoxin
cluster_001_consensus_2003,1156935.QWE_18128,K,Acetyltransferase (GNAT) domain,Acetyltransf_1
cluster_001_consensus_2004,1156935.QWE_18123,J,Allows the formation of correctly charged Gln-tRNA(Gln) through the transamidation of misacylated Glu-tRNA(Gln) in organisms which lack glutaminyl-tRNA synthetase. The reaction takes place in the presence of glutamine and ATP through an activated gamma-phospho-Glu-tRNA(Gln),Amidase
cluster_001_consensus_2005,1156935.QWE_18118,J,Allows the formation of correctly charged Asn-tRNA(Asn) or Gln-tRNA(Gln) through the transamidation of misacylated Asp- tRNA(Asn) or Glu-tRNA(Gln) in organisms which lack either or both of asparaginyl-tRNA or glutaminyl-tRNA synthetases. The reaction takes place in the presence of glutamine and ATP through an activated phospho-Asp-tRNA(Asn) or phospho-Glu-tRNA(Gln),Glu-tRNAGln
cluster_001_consensus_2006,1156935.QWE_18113,S,Belongs to the UPF0173 family,Lactamase_B_3
cluster_001_consensus_2007,1156935.QWE_18108,P,Zn-ribbon-containing protein involved in phosphonate metabolism,"PhnA,PhnA_Zn_Ribbon"
cluster_001_consensus_2008,1156935.QWE_18103,J,Could be a nuclease involved in processing of the 5'-end of pre-16S rRNA,RuvX
cluster_001_consensus_2009,1156935.QWE_18098,-,-,-
cluster_001_consensus_2010,1156935.QWE_18088,S,Membrane transport protein,Mem_trans
cluster_001_consensus_2011,1156935.QWE_18083,I,acyl-CoA dehydrogenase,"Acyl-CoA_dh_1,Acyl-CoA_dh_M"
cluster_001_consensus_2012,1156935.QWE_18078,F,Belongs to the ATCase OTCase family,"OTCace,OTCace_N"
cluster_001_consensus_2013,1156935.QWE_18073,F,dihydroorotase,Amidohydro_1
cluster_001_consensus_2014,1156935.QWE_18068,I,"Catalyzes the transfer of an acyl group from acyl- phosphate (acyl-PO(4)) to glycerol-3-phosphate (G3P) to form lysophosphatidic acid (LPA). This enzyme utilizes acyl-phosphate as fatty acyl donor, but not acyl-CoA or acyl-ACP",G3P_acyltransf
cluster_001_consensus_2015,1156935.QWE_18063,LU,Rossmann fold nucleotide-binding protein involved in DNA uptake,DNA_processg_A
cluster_001_consensus_2016,1156935.QWE_18058,-,-,-
cluster_001_consensus_2017,1156935.QWE_18053,L,"Releases the supercoiling and torsional tension of DNA, which is introduced during the DNA replication and transcription, by transiently cleaving and rejoining one strand of the DNA duplex. Introduces a single-strand break via transesterification at a target site in duplex DNA. The scissile phosphodiester is attacked by the catalytic tyrosine of the enzyme, resulting in the formation of a DNA-(5'-phosphotyrosyl)-enzyme intermediate and the expulsion of a 3'-OH DNA strand. The free DNA strand then undergoes passage around the unbroken strand, thus removing DNA supercoils. Finally, in the religation step, the DNA 3'-OH attacks the covalent intermediate to expel the active-site tyrosine and restore the DNA phosphodiester backbone","Topoisom_bac,Toprim,Toprim_C_rpt,zf-C4_Topoisom"
cluster_001_consensus_2018,1156935.QWE_18048,J,3'-5' exoribonuclease that releases 5'-nucleoside monophosphates and is involved in maturation of structured RNAs,"RNB,S1"
cluster_001_consensus_2019,1156935.QWE_18043,S,Protein of unknown function (DUF983),DUF983
cluster_001_consensus_2020,1156935.QWE_18038,EGP,Major facilitator superfamily,"MFS_1,MFS_1_like,Sugar_tr"
cluster_001_consensus_2021,1028800.RG540_CH12360,J,Belongs to the bacterial ribosomal protein bL33 family,Ribosomal_L33
cluster_001_consensus_2022,1156935.QWE_18028,T,Response regulator containing a CheY-like receiver domain and a GGDEF domain,"GGDEF,Response_reg"
cluster_001_consensus_2023,1156935.QWE_18023,T,response regulator,Response_reg
cluster_001_consensus_2024,1156935.QWE_18018,S,Protein of unknown function (DUF3572),DUF3572
cluster_001_consensus_2025,1156935.QWE_18013,G,UMP catabolic process,-
cluster_001_consensus_2026,1156935.QWE_18008,L,"Poorly processive, error-prone DNA polymerase involved in untargeted mutagenesis. Copies undamaged DNA at stalled replication forks, which arise in vivo from mismatched or misaligned primer ends. These misaligned primers can be extended by PolIV. Exhibits no 3'-5' exonuclease (proofreading) activity. May be involved in translesional synthesis, in conjunction with the beta clamp from PolIII","IMS,IMS_C"
cluster_001_consensus_2027,1156935.QWE_18003,S,Protein of unknown function (DUF1275),DUF1275
cluster_001_consensus_2028,1156935.QWE_17998,M,protein conserved in bacteria,"PG_binding_1,YkuD"
cluster_001_consensus_2029,1156935.QWE_17988,L,DNA polymerase III alpha subunit,"DNA_pol3_alpha,HHH_6,PHP,tRNA_anti-codon"
cluster_001_consensus_2030,1156935.QWE_17983,V,Part of the ABC transporter complex LolCDE involved in the translocation of,ABC_tran
cluster_001_consensus_2031,1156935.QWE_17978,M,"ABC-type transport system, involved in lipoprotein release, permease component","FtsX,MacB_PCD"
cluster_001_consensus_2032,1156935.QWE_17973,J,Catalyzes the attachment of proline to tRNA(Pro) in a two-step reaction proline is first activated by ATP to form Pro- AMP and then transferred to the acceptor end of tRNA(Pro),"HGTP_anticodon,tRNA-synt_2b"
cluster_001_consensus_2033,1156935.QWE_17968,S,Protein of unknown function (DUF1467),DUF1467
cluster_001_consensus_2034,1156935.QWE_17963,E,Lactoylglutathione lyase,Glyoxalase_4
cluster_001_consensus_2035,1156935.QWE_17958,S,hydrolase of the metallo-beta-lactamase superfamily,"Lactamase_B,Lactamase_B_2,RMMBL"
cluster_001_consensus_2036,1156935.QWE_17953,H,Biotin-(acetyl-CoA carboxylase) ligase,"BPL_C,BPL_LplA_LipB"
cluster_001_consensus_2037,1156935.QWE_17948,C,"NDH-1 shuttles electrons from NADH, via FMN and iron- sulfur (Fe-S) centers, to quinones in the respiratory chain. The immediate electron acceptor for the enzyme in this species is believed to be ubiquinone. Couples the redox reaction to proton translocation (for every two electrons transferred, four hydrogen ions are translocated across the cytoplasmic membrane), and thus conserves the redox energy in a proton gradient",Proton_antipo_M
cluster_001_consensus_2038,1156935.QWE_17943,C,NADH ubiquinone oxidoreductase subunit 4 (chain M),"Oxidored_q5_N,Proton_antipo_M"
cluster_001_consensus_2039,1156935.QWE_17938,CP,"NADH ubiquinone oxidoreductase subunit 5 (chain L) Multisubunit Na H antiporter, MnhA subunit","NADH5_C,Proton_antipo_M,Proton_antipo_N"
cluster_001_consensus_2040,1156935.QWE_17933,C,"NDH-1 shuttles electrons from NADH, via FMN and iron- sulfur (Fe-S) centers, to quinones in the respiratory chain. The immediate electron acceptor for the enzyme in this species is believed to be ubiquinone. Couples the redox reaction to proton translocation (for every two electrons transferred, four hydrogen ions are translocated across the cytoplasmic membrane), and thus conserves the redox energy in a proton gradient",Oxidored_q2
cluster_001_consensus_2041,1156935.QWE_17928,C,Belongs to the complex I subunit 6 family,Oxidored_q3
cluster_001_consensus_2042,1156935.QWE_17923,C,"NDH-1 shuttles electrons from NADH, via FMN and iron- sulfur (Fe-S) centers, to quinones in the respiratory chain. The immediate electron acceptor for the enzyme in this species is believed to be ubiquinone. Couples the redox reaction to proton translocation (for every two electrons transferred, four hydrogen ions are translocated across the cytoplasmic membrane), and thus conserves the redox energy in a proton gradient",Fer4
cluster_001_consensus_2043,1156935.QWE_17918,C,"NDH-1 shuttles electrons from NADH, via FMN and iron- sulfur (Fe-S) centers, to quinones in the respiratory chain. The immediate electron acceptor for the enzyme in this species is believed to be ubiquinone. Couples the redox reaction to proton translocation (for every two electrons transferred, four hydrogen ions are translocated across the cytoplasmic membrane), and thus conserves the redox energy in a proton gradient. This subunit may bind ubiquinone",NADHdh
cluster_001_consensus_2044,1156935.QWE_17913,C,NADH dehydrogenase NADH ubiquinone oxidoreductase 75 kD subunit (chain G),"Fer2_4,Molybdopterin,NADH-G_4Fe-4S_3,NADH_dhqG_C"
cluster_001_consensus_2045,1156935.QWE_17908,S,rRNA binding,-
cluster_001_consensus_2046,1156935.QWE_17903,C,"NDH-1 shuttles electrons from NADH, via FMN and iron- sulfur (Fe-S) centers, to quinones in the respiratory chain","Complex1_51K,NADH_4Fe-4S,SLBB"
cluster_001_consensus_2047,1156935.QWE_17898,C,NADH ubiquinone oxidoreductase 24 kD subunit,2Fe-2S_thioredx
cluster_001_consensus_2048,1156935.QWE_17893,-,-,-
cluster_001_consensus_2049,1156935.QWE_17888,C,"NDH-1 shuttles electrons from NADH, via FMN and iron- sulfur (Fe-S) centers, to quinones in the respiratory chain. The immediate electron acceptor for the enzyme in this species is believed to be ubiquinone. Couples the redox reaction to proton translocation (for every two electrons transferred, four hydrogen ions are translocated across the cytoplasmic membrane), and thus conserves the redox energy in a proton gradient",Complex1_49kDa
cluster_001_consensus_2050,1156935.QWE_17878,C,"NDH-1 shuttles electrons from NADH, via FMN and iron- sulfur (Fe-S) centers, to quinones in the respiratory chain. The immediate electron acceptor for the enzyme in this species is believed to be ubiquinone. Couples the redox reaction to proton translocation (for every two electrons transferred, four hydrogen ions are translocated across the cytoplasmic membrane), and thus conserves the redox energy in a proton gradient",Complex1_30kDa
cluster_001_consensus_2051,1156935.QWE_17873,C,"NDH-1 shuttles electrons from NADH, via FMN and iron- sulfur (Fe-S) centers, to quinones in the respiratory chain. The immediate electron acceptor for the enzyme in this species is believed to be ubiquinone. Couples the redox reaction to proton translocation (for every two electrons transferred, four hydrogen ions are translocated across the cytoplasmic membrane), and thus conserves the redox energy in a proton gradient",Oxidored_q6
cluster_001_consensus_2052,1156935.QWE_17868,C,"NDH-1 shuttles electrons from NADH, via FMN and iron- sulfur (Fe-S) centers, to quinones in the respiratory chain. The immediate electron acceptor for the enzyme in this species is believed to be ubiquinone. Couples the redox reaction to proton translocation (for every two electrons transferred, four hydrogen ions are translocated across the cytoplasmic membrane), and thus conserves the redox energy in a proton gradient",Oxidored_q4
cluster_001_consensus_2053,1336235.JAEG01000001_gene2304,P,"Castor and Pollux, part of voltage-gated ion channel",Castor_Poll_mid
cluster_001_consensus_2054,1156935.QWE_17853,EM,Belongs to the DapA family,DHDPS
cluster_001_consensus_2055,1156935.QWE_17848,K,transcriptional,"FCD,GntR"
cluster_001_consensus_2056,1079460.ATTQ01000012_gene2561,M,UDP-glucuronic acid epimerase,"Epimerase,GDP_Man_Dehyd"
cluster_001_consensus_2057,1041146.ATZB01000009_gene3530,M,Belongs to the UDP-glucose GDP-mannose dehydrogenase family,"UDPG_MGDP_dh,UDPG_MGDP_dh_C,UDPG_MGDP_dh_N"
cluster_001_consensus_2058,1156935.QWE_17838,G,MFS/sugar transport protein,MFS_2
cluster_001_consensus_2059,1156935.QWE_17833,S,Protein conserved in bacteria,DUF2256
cluster_001_consensus_2060,1156935.QWE_17828,C,Aldo keto reductase,Aldo_ket_red
cluster_001_consensus_2061,1156935.QWE_17823,S,Esterase-like activity of phytase,Phytase-like
cluster_001_consensus_2062,1156935.QWE_17818,EG,EamA-like transporter family,EamA
cluster_001_consensus_2063,1156935.QWE_17813,L,"Histone-like DNA-binding protein which is capable of wrapping DNA to stabilize it, and thus to prevent its denaturation under extreme environmental conditions",Bac_DNA_binding
cluster_001_consensus_2064,1156935.QWE_17808,O,"ATP-dependent serine protease that mediates the selective degradation of mutant and abnormal proteins as well as certain short-lived regulatory proteins. Required for cellular homeostasis and for survival from DNA damage and developmental changes induced by stress. Degrades polypeptides processively to yield small peptide fragments that are 5 to 10 amino acids long. Binds to DNA in a double-stranded, site-specific manner","AAA,LON_substr_bdg,Lon_C"
cluster_001_consensus_2065,1156935.QWE_17803,O,ATP-dependent specificity component of the Clp protease. It directs the protease to specific substrates. Can perform chaperone functions in the absence of ClpP,"AAA_2,ClpB_D2-small,zf-C4_ClpX"
cluster_001_consensus_2066,1156935.QWE_17798,OU,Cleaves peptides in various proteins in a process that requires ATP hydrolysis. Has a chymotrypsin-like activity. Plays a major role in the degradation of misfolded proteins,CLP_protease
cluster_001_consensus_2067,1156935.QWE_17793,T,diguanylate cyclase,GGDEF
cluster_001_consensus_2068,1156935.QWE_17788,Q,cytochrome P450,p450
cluster_001_consensus_2069,1156935.QWE_17783,K,WYL domain,"HTH_11,WYL"
cluster_001_consensus_2070,1156935.QWE_17778,O,Glutathione S-transferase,"GST_C,GST_C_2,GST_N,GST_N_3"
cluster_001_consensus_2071,1156935.QWE_17773,-,-,-
cluster_001_consensus_2072,1156935.QWE_17768,S,Protein of unknown function (DUF861),Cupin_3
cluster_001_consensus_2073,1156935.QWE_17763,E,O-acetylhomoserine,Cys_Met_Meta_PP
cluster_001_consensus_2074,1156935.QWE_17758,-,-,-
cluster_001_consensus_2075,1156935.QWE_17753,S,CoA-binding protein,CoA_binding_2
cluster_001_consensus_2076,1156935.QWE_17748,-,-,-
cluster_001_consensus_2077,1156935.QWE_17743,S,CoA binding domain,CoA_binding_2
cluster_001_consensus_2078,1156935.QWE_17738,E,Glyoxalase/Bleomycin resistance protein/Dioxygenase superfamily,Glyoxalase
cluster_001_consensus_2079,1156935.QWE_17733,J,"This protein is one of the early assembly proteins of the 50S ribosomal subunit, although it is not seen to bind rRNA by itself. It is important during the early stages of 50S assembly",Ribosomal_L13
cluster_001_consensus_2080,1156935.QWE_17728,J,Belongs to the universal ribosomal protein uS9 family,Ribosomal_S9
cluster_001_consensus_2081,1156935.QWE_17723,E,Belongs to the arginase family,Arginase
cluster_001_consensus_2082,1156935.QWE_17718,E,Catalyzes the NADPH-dependent reduction of N-acetyl-5- glutamyl phosphate to yield N-acetyl-L-glutamate 5-semialdehyde,Semialdhyde_dh
cluster_001_consensus_2083,1156935.QWE_17708,S,Catalytic LigB subunit of aromatic ring-opening dioxygenase,LigB
cluster_001_consensus_2084,1156935.QWE_17703,O,Catalyzes the oxidation of the C8 methyl side group on heme O porphyrin ring into a formyl group,COX15-CtaA
cluster_001_consensus_2085,1156935.QWE_17698,S,Protein of unknown function (DUF2842),DUF2842
cluster_001_consensus_2086,1156935.QWE_17693,M,Acetyltransferase (GNAT) domain,Acetyltransf_6
cluster_001_consensus_2087,1156935.QWE_17688,DM,protein involved in exopolysaccharide biosynthesis,"AAA_31,Wzz"
cluster_001_consensus_2088,1156935.QWE_17683,M,Polysaccharide biosynthesis/export protein,"Poly_export,SLBB"
cluster_001_consensus_2089,1156935.QWE_17678,M,glycosyl transferase,"Glyco_trans_1_4,Glyco_trans_4_4,Glyco_transf_4,Glycos_transf_1"
cluster_001_consensus_2090,1156935.QWE_17673,M,Sugar transferases involved in lipopolysaccharide synthesis,"Bac_transf,CoA_binding_3"
cluster_001_consensus_2091,1156935.QWE_17668,M,-O-antigen,Wzy_C
cluster_001_consensus_2092,1156935.QWE_17663,S,sequence-specific DNA binding,"HTH_3,HTH_31"
cluster_001_consensus_2093,1156935.QWE_17658,-,-,-
cluster_001_consensus_2094,1156935.QWE_17653,Q,de-polymerase,Esterase_phd
cluster_001_consensus_2095,1297569.MESS2_1030182,L,Belongs to the 'phage' integrase family,Phage_integrase
cluster_001_consensus_2097,633.DJ40_1486,S,Arc-like DNA binding domain,"Arc,Repressor_Mnt"
cluster_001_consensus_2098,397945.Aave_1717,L,PFAM Arc domain protein DNA binding domain protein,Arc
cluster_001_consensus_2099,869213.JCM21142_104308,-,-,-
cluster_001_consensus_2100,1206731.BAGB01000009_gene478,-,-,-
cluster_001_consensus_2101,861208.AGROH133_06876,D,tail tape measure protein,-
cluster_001_consensus_2102,717785.HYPMC_2177,S,Phage terminase-like protein large subunit,Terminase_1
cluster_001_consensus_2103,1381123.AYOD01000021_gene2008,S,Phage head-tail joining protein,Phage_H_T_join
cluster_001_consensus_2104,266779.Meso_1887,S,Protein of unknown function (DUF3168),DUF3168
cluster_001_consensus_2105,266779.Meso_1888,S,"Bacteriophage HK97-gp10, putative tail-component",HK97-gp10_like
cluster_001_consensus_2106,391937.NA2_11675,S,Phage gp6-like head-tail connector protein,Phage_connect_1
cluster_001_consensus_2107,266779.Meso_1891,-,-,-
cluster_001_consensus_2108,266779.Meso_1892,L,HNH nucleases,HNH
cluster_001_consensus_2109,1219084.AP014508_gene619,K,"Cupin 2, conserved barrel domain protein","Cupin_2,HTH_3"
cluster_001_consensus_2110,391937.NA2_11650,-,-,-
cluster_001_consensus_2111,391937.NA2_11645,-,-,Phage_tail_3
cluster_001_consensus_2112,391937.NA2_11640,S,Phage capsid family,"Peptidase_S78,Phage_capsid"
cluster_001_consensus_2113,570967.JMLV01000006_gene285,S,Caudovirus prohead serine protease,Peptidase_S78
cluster_001_consensus_2114,1381123.AYOD01000021_gene2017,S,"Phage tail tube protein, GTA-gp10",Phage_TAC_11
cluster_001_consensus_2115,1525715.IX54_11140,S,Phage portal protein,Phage_portal
cluster_001_consensus_2116,1245469.S58_36830,-,-,-
cluster_001_consensus_2118,1156935.QWE_17648,-,-,-
cluster_001_consensus_2119,1156935.QWE_17643,K,Transcriptional regulator,MerR_1
cluster_001_consensus_2120,1156935.QWE_17638,K,"This protein is one of the two subunits of integration host factor, a specific DNA-binding protein that functions in genetic recombination as well as in transcriptional and translational control",Bac_DNA_binding
cluster_001_consensus_2121,1156935.QWE_17633,I,Catalyzes the condensation reaction of fatty acid synthesis by the addition to an acyl acceptor of two carbons from malonyl-ACP. Catalyzes the first condensation reaction which initiates fatty acid synthesis and may therefore play a role in governing the total rate of fatty acid production. Possesses both acetoacetyl-ACP synthase and acetyl transacylase activities. Its substrate specificity determines the biosynthesis of branched- chain and or straight-chain of fatty acids,"ACP_syn_III,ACP_syn_III_C"
cluster_001_consensus_2122,1156935.QWE_17628,I,"Catalyzes the reversible formation of acyl-phosphate (acyl-PO(4)) from acyl- acyl-carrier-protein (acyl-ACP). This enzyme utilizes acyl-ACP as fatty acyl donor, but not acyl-CoA",FA_synthesis
cluster_001_consensus_2123,1156935.QWE_17623,S,"Uncharacterized ACR, COG1399",DUF177
cluster_001_consensus_2124,1156935.QWE_17618,S,Ubiquinol-cytochrome C chaperone,Ubiq_cyt_C_chap
cluster_001_consensus_2125,1156935.QWE_17608,J,Small protein A (tmRNA-binding),SmpA_OmlA
cluster_001_consensus_2126,1156935.QWE_17603,C,Proton pump that utilizes the energy of pyrophosphate hydrolysis as the driving force for proton movement across the membrane. Generates a proton motive force,H_PPase
cluster_001_consensus_2127,1156935.QWE_17598,EGP,Major facilitator superfamily,"MFS_1,Sugar_tr"
cluster_001_consensus_2128,1156935.QWE_17593,K,Involved in transcription antitermination. Required for transcription of ribosomal RNA (rRNA) genes. Binds specifically to the boxA antiterminator sequence of the ribosomal RNA (rrn) operons,NusB
cluster_001_consensus_2129,1156935.QWE_17588,H,"Catalyzes the formation of 6,7-dimethyl-8- ribityllumazine by condensation of 5-amino-6-(D- ribitylamino)uracil with 3,4-dihydroxy-2-butanone 4-phosphate. This is the penultimate step in the biosynthesis of riboflavin",DMRL_synthase
cluster_001_consensus_2130,1353531.AZNX01000001_gene1464,-,-,-
cluster_001_consensus_2131,1156935.QWE_17578,H,"Converts 2,5-diamino-6-(ribosylamino)-4(3h)-pyrimidinone 5'-phosphate into 5-amino-6-(ribosylamino)-2,4(1h,3h)- pyrimidinedione 5'-phosphate","RibD_C,dCMP_cyt_deam_1"
cluster_001_consensus_2132,1156935.QWE_17573,K,Negatively regulates transcription of bacterial ribonucleotide reductase nrd genes and operons by binding to NrdR- boxes,ATP-cone
cluster_001_consensus_2133,1156935.QWE_17568,E,"Catalyzes the reversible interconversion of serine and glycine with tetrahydrofolate (THF) serving as the one-carbon carrier. This reaction serves as the major source of one-carbon groups required for the biosynthesis of purines, thymidylate, methionine, and other important biomolecules. Also exhibits THF- independent aldolase activity toward beta-hydroxyamino acids, producing glycine and aldehydes, via a retro-aldol mechanism",SHMT
cluster_001_consensus_2134,1156935.QWE_17563,S,protein conserved in bacteria,"PG_binding_1,YkuD"
cluster_001_consensus_2135,1156935.QWE_17553,K,Transcriptional,HTH_27
cluster_001_consensus_2136,1156935.QWE_17548,-,-,-
cluster_001_consensus_2137,1156935.QWE_17543,H,Belongs to the ALAD family,ALAD
cluster_001_consensus_2138,1156935.QWE_17538,S,membrane protein domain,RDD
cluster_001_consensus_2139,1156935.QWE_17533,O,May conjugate Arg from its aminoacyl-tRNA to the N- termini of proteins containing an N-terminal aspartate or glutamate,"ATE_C,ATE_N"
cluster_001_consensus_2140,1370122.JHXQ01000001_gene648,H,3-demethylubiquinone-9 3-O-methyltransferase activity,Methyltransf_25
cluster_001_consensus_2141,1156935.QWE_17523,T,GGDEF domain,"EAL,GGDEF"
cluster_001_consensus_2142,1156935.QWE_17518,T,COG0664 cAMP-binding proteins - catabolite gene activator and regulatory subunit of cAMP-dependent protein kinases,"Abi,cNMP_binding"
cluster_001_consensus_2143,1156935.QWE_17513,L,Topoisomerase IV is essential for chromosome segregation. It relaxes supercoiled DNA. Performs the decatenation events required during the replication of a circular DNA molecule,"DNA_gyraseA_C,DNA_topoisoIV"
cluster_001_consensus_2144,1156935.QWE_17508,-,-,-
cluster_001_consensus_2145,1156935.QWE_17503,J,Aspartyl-tRNA synthetase with relaxed tRNA specificity since it is able to aspartylate not only its cognate tRNA(Asp) but also tRNA(Asn). Reaction proceeds in two steps L-aspartate is first activated by ATP to form Asp-AMP and then transferred to the acceptor end of tRNA(Asp Asn),"GAD,tRNA-synt_2,tRNA_anti-codon"
cluster_001_consensus_2146,1156935.QWE_12658,J,Sensors of blue-light using FAD,BLUF
cluster_001_consensus_2147,1156935.QWE_19143,S,Protein of unknown function (DUF1349),DUF1349
cluster_001_consensus_2148,1156935.QWE_17493,K,WHG domain,"TetR_N,WHG"
cluster_001_consensus_2149,1156935.QWE_17488,S,Domain of unknown function (DUF4281),DUF4281
cluster_001_consensus_2150,1156935.QWE_17483,-,-,-
cluster_001_consensus_2151,1156935.QWE_17478,EGP,Major facilitator superfamily,MFS_1
cluster_001_consensus_2152,1156935.QWE_17473,Q,Multicopper oxidase,"Cu-oxidase,Cu-oxidase_2,Cu-oxidase_3"
cluster_001_consensus_2153,1156935.QWE_17468,S,Metallo-beta-lactamase superfamily,Lactamase_B
cluster_001_consensus_2154,1156935.QWE_17463,J,Exonuclease involved in the 3' processing of various precursor tRNAs. Initiates hydrolysis at the 3'-terminus of an RNA molecule and releases 5'-mononucleotides,"DNA_pol_A_exo1,HRDC"
cluster_001_consensus_2155,1156935.QWE_17458,J,Acetyltransferase (GNAT) domain,"Acetyltransf_1,Acetyltransf_3"
cluster_001_consensus_2156,1156935.QWE_17453,J,Mitochondrial small ribosomal subunit Rsm22,Rsm22
cluster_001_consensus_2157,1156935.QWE_17448,S,Protein of unknown function (DUF2891),DUF2891
cluster_001_consensus_2158,1156935.QWE_17443,S,Protein of unknown function (DUF521),"DUF126,DUF521"
cluster_001_consensus_2159,1156935.QWE_17438,S,protein conserved in bacteria,Phytase-like
cluster_001_consensus_2160,107636.JQNK01000008_gene4278,-,-,-
cluster_001_consensus_2161,1156935.QWE_17433,FP,Exopolyphosphatase,Ppx-GppA
cluster_001_consensus_2162,1156935.QWE_17428,P,Catalyzes the reversible transfer of the terminal phosphate of ATP to form a long-chain polyphosphate (polyP),"PP_kinase,PP_kinase_C,PP_kinase_N"
cluster_001_consensus_2163,1156935.QWE_17423,L,Belongs to the DnaA family,Bac_DnaA
cluster_001_consensus_2164,1156935.QWE_17418,S,permease,AI-2E_transport
cluster_001_consensus_2165,1156935.QWE_17413,F,Phosphoribosylformylglycinamidine cyclo-ligase,"AIRS,AIRS_C"
cluster_001_consensus_2166,1156935.QWE_17408,F,"Catalyzes the transfer of a formyl group from 10- formyltetrahydrofolate to 5-phospho-ribosyl-glycinamide (GAR), producing 5-phospho-ribosyl-N-formylglycinamide (FGAR) and tetrahydrofolate","Formyl_trans_N,YjbR"
cluster_001_consensus_2167,1156935.QWE_17398,V,"COG1132 ABC-type multidrug transport system, ATPase and permease components","ABC_membrane,ABC_tran"
cluster_001_consensus_2168,1156935.QWE_17393,L,NTP pyrophosphohydrolases including oxidative damage repair enzymes,NUDIX
cluster_001_consensus_2169,1156935.QWE_17388,C,Belongs to the prokaryotic molybdopterin-containing oxidoreductase family,"Molybdop_Fe4S4,Molybdopterin,Molydop_binding"
cluster_001_consensus_2170,1156935.QWE_17383,S,Specifically methylates the adenine in position 2030 of 23S rRNA,RsmJ
cluster_001_consensus_2171,1156935.QWE_17378,J,Belongs to the RNase T2 family,Ribonuclease_T2
cluster_001_consensus_2172,1156935.QWE_17373,O,Glutathione S-transferase,"GST_C_2,GST_N_3"
cluster_001_consensus_2173,1156935.QWE_17368,M,OmpA-like transmembrane domain,OMP_b-brl
cluster_001_consensus_2174,1156935.QWE_17363,IQ,Belongs to the short-chain dehydrogenases reductases (SDR) family,"adh_short,adh_short_C2"
cluster_001_consensus_2175,1156935.QWE_17358,L,The UvrABC repair system catalyzes the recognition and processing of DNA lesions. UvrC both incises the 5' and 3' sides of the lesion. The N-terminal half is responsible for the 3' incision and the C-terminal half is responsible for the 5' incision,"GIY-YIG,HHH_2,HHH_5,UVR,UvrC_HhH_N"
cluster_001_consensus_2176,1156935.QWE_17353,I,Belongs to the CDP-alcohol phosphatidyltransferase class-I family,CDP-OH_P_transf
cluster_001_consensus_2177,1156935.QWE_17348,H,Involved in sulfur transfer in the conversion of molybdopterin precursor Z to molybdopterin,ThiS
cluster_001_consensus_2178,1156935.QWE_17343,H,molybdopterin,MoaE
cluster_001_consensus_2179,1028801.RG1141_CH10520,E,Belongs to the binding-protein-dependent transport system permease family,BPD_transp_2
cluster_001_consensus_2180,1028801.RG1141_CH10510,S,CGNR zinc finger,"ABATE,zf-CGNR"
cluster_001_consensus_2181,1336235.JAEG01000002_gene345,-,-,-
cluster_001_consensus_2182,1156935.QWE_17338,F,"Major role in the synthesis of nucleoside triphosphates other than ATP. The ATP gamma phosphate is transferred to the NDP beta phosphate via a ping-pong mechanism, using a phosphorylated active-site intermediate",NDK
cluster_001_consensus_2183,1156935.QWE_17333,O,Glutathione S-transferase,"GST_C,GST_C_2,GST_N_3"
cluster_001_consensus_2184,1156935.QWE_17328,S,DinB family,DinB
cluster_001_consensus_2185,1336235.JAEG01000002_gene351,NT,methyl-accepting chemotaxis protein,MCPsignal
cluster_001_consensus_2186,1336235.JAEG01000002_gene352,-,-,-
cluster_001_consensus_2187,1156935.QWE_17323,T,GGDEF domain,"GGDEF,HAMP"
cluster_001_consensus_2188,1156935.QWE_17318,S,ATPase components of ABC transporters with duplicated ATPase domains,"ABC_tran,ABC_tran_CTD,ABC_tran_Xtn"
cluster_001_consensus_2189,311402.Avi_1547,NT,Methyl-accepting chemotaxis-like domains (chemotaxis sensory transducer).,"4HB_MCP_1,HAMP,MCPsignal"
cluster_001_consensus_2191,1156935.QWE_17303,E,peptidase,"Peptidase_S9,Peptidase_S9_N"
cluster_001_consensus_2192,1156935.QWE_17298,L,DNA polymerase III chi subunit,DNA_pol3_chi
cluster_001_consensus_2193,1156935.QWE_17293,E,Presumably involved in the processing and regular turnover of intracellular proteins. Catalyzes the removal of unsubstituted N-terminal amino acids from various peptides,"Peptidase_M17,Peptidase_M17_N"
cluster_001_consensus_2194,1156935.QWE_17288,S,permease,YjgP_YjgQ
cluster_001_consensus_2195,1156935.QWE_17283,S,Permease,YjgP_YjgQ
cluster_001_consensus_2196,1156935.QWE_17278,M,Involved in the assembly of lipopolysaccharide (LPS) at the surface of the outer membrane,"OstA,OstA_C"
cluster_001_consensus_2197,1156935.QWE_17273,O,Parvulin-like peptidyl-prolyl isomerase,"Rotamase,SurA_N,SurA_N_3"
cluster_001_consensus_2198,1156935.QWE_17268,H,Catalyzes the NAD(P)-dependent oxidation of 4- (phosphohydroxy)-L-threonine (HTP) into 2-amino-3-oxo-4- (phosphohydroxy)butyric acid which spontaneously decarboxylates to form 3-amino-2-oxopropyl phosphate (AHAP),PdxA
cluster_001_consensus_2199,1156935.QWE_17263,J,Specifically dimethylates two adjacent adenosines (A1518 and A1519) in the loop of a conserved hairpin near the 3'-end of 16S rRNA in the 30S particle. May play a critical role in biogenesis of 30S subunits,RrnaAD
cluster_001_consensus_2200,1156935.QWE_17258,NT,Nitrate and nitrite sensing,"HAMP,MCPsignal,NIT"
cluster_001_consensus_2201,1156935.QWE_17253,K,transcriptional regulator,"HTH_1,LysR_substrate"
cluster_001_consensus_2202,1156935.QWE_17248,E,"ABC-type proline glycine betaine transport systems, periplasmic components",OpuAC
cluster_001_consensus_2203,1156935.QWE_17243,P,Arylsulfatase A and related enzymes,"Choline_sulf_C,DUF4976,Sulfatase"
cluster_001_consensus_2204,1156935.QWE_17238,F,"Essential for recycling GMP and indirectly, cGMP",Guanylate_kin
cluster_001_consensus_2205,1156935.QWE_17233,S,stress-induced protein,"DUF1732,YicC_N"
cluster_001_consensus_2206,1156935.QWE_17228,S,Functions as a peptidoglycan terminase that cleaves nascent peptidoglycan strands endolytically to terminate their elongation,YceG
cluster_001_consensus_2207,1156935.QWE_17223,I,Catalyzes the condensation reaction of fatty acid synthesis by the addition to an acyl acceptor of two carbons from malonyl-ACP,"Ketoacyl-synt_C,ketoacyl-synt"
cluster_001_consensus_2208,1156935.QWE_17218,IQ,Carrier of the growing fatty acid chain in fatty acid biosynthesis,PP-binding
cluster_001_consensus_2209,1156935.QWE_17213,IQ,Dehydrogenases with different specificities (related to short-chain alcohol dehydrogenases),adh_short_C2
cluster_001_consensus_2210,1156935.QWE_17208,I,malonyl CoA-acyl carrier protein transacylase,Acyl_transf_1
cluster_001_consensus_2211,1041147.AUFB01000022_gene5355,S,maltose O-acetyltransferase activity,-
cluster_001_consensus_2212,1156935.QWE_17203,C,Aldo keto reductase,Aldo_ket_red
cluster_001_consensus_2213,1156935.QWE_17198,P,Sodium/calcium exchanger protein,Na_Ca_ex
cluster_001_consensus_2214,1028800.RG540_CH10410,J,Binds together with S18 to 16S ribosomal RNA,Ribosomal_S6
cluster_001_consensus_2215,1082932.ATCR1_00275,J,"Binds as a heterodimer with protein S6 to the central domain of the 16S rRNA, where it helps stabilize the platform of the 30S subunit",Ribosomal_S18
cluster_001_consensus_2216,1156935.QWE_17178,-,-,DUF2232
cluster_001_consensus_2217,1156935.QWE_17173,J,Binds to the 23S rRNA,"Ribosomal_L9_C,Ribosomal_L9_N"
cluster_001_consensus_2218,1156935.QWE_17168,V,secretion protein,"Biotin_lipoyl_2,HlyD_3,HlyD_D23,OEP"
cluster_001_consensus_2219,1156935.QWE_17163,EGP,Major facilitator superfamily,MFS_1
cluster_001_consensus_2220,1156935.QWE_17158,K,helix_turn_helix multiple antibiotic resistance protein,"MarR,MarR_2"
cluster_001_consensus_2221,1156935.QWE_17153,L,"it exhibits DNA-dependent ATPase activity and contains distinct active sites for ATP binding, DNA binding, and interaction with DnaC protein, primase, and other prepriming proteins","DnaB,DnaB_C"
cluster_001_consensus_2222,1082932.ATCR1_00240,S,Branched-chain amino acid transport protein (AzlD),AzlD
cluster_001_consensus_2223,1041147.AUFB01000012_gene1762,E,branched-chain amino acid permease (azaleucine resistance),AzlC
cluster_001_consensus_2224,1156935.QWE_17138,K,transcriptional regulator,"AraC_binding,HTH_18,HTH_AraC"
cluster_001_consensus_2225,1156935.QWE_17133,E,Catalyzes the interconversion of L-alanine and D- alanine. May also act on other amino acids,"Ala_racemase_C,Ala_racemase_N"
cluster_001_consensus_2226,1246459.KB898357_gene1506,K,Bacterial antitoxin of ParD toxin-antitoxin type II system and RHH,ParD_antitoxin
cluster_001_consensus_2227,82654.Pse7367_3746,D,Plasmid stabilization system,ParE_toxin
cluster_001_consensus_2228,1156935.QWE_17118,O,"DNA-dependent ATPase involved in processing of recombination intermediates, plays a role in repairing DNA breaks. Stimulates the branch migration of RecA-mediated strand transfer reactions, allowing the 3' invading strand to extend heteroduplex DNA faster. Binds ssDNA in the presence of ADP but not other nucleotides, has ATPase activity that is stimulated by ssDNA and various branched DNA structures, but inhibited by SSB. Does not have RecA's homology-searching function","AAA_25,ATPase,ChlI"
cluster_001_consensus_2229,1156935.QWE_17113,S,Colicin V production protein,Colicin_V
cluster_001_consensus_2230,1156935.QWE_17108,F,Catalyzes the formation of phosphoribosylamine from phosphoribosylpyrophosphate (PRPP) and glutamine,"GATase_6,GATase_7,Pribosyltran"
cluster_001_consensus_2231,1156935.QWE_17103,IQ,Belongs to the short-chain dehydrogenases reductases (SDR) family,adh_short
cluster_001_consensus_2232,1156935.QWE_17098,EG,permeases of the drug metabolite transporter (DMT) superfamily,EamA
cluster_001_consensus_2233,1156935.QWE_17093,T,FOG GGDEF domain,GGDEF
cluster_001_consensus_2234,1156935.QWE_17088,J,Belongs to the class-I aminoacyl-tRNA synthetase family,"DALR_2,tRNA-synt_1e"
cluster_001_consensus_2235,1156935.QWE_17078,S,Glutathione-dependent formaldehyde-activating enzyme,GFA
cluster_001_consensus_2236,1156935.QWE_17073,S,Glutathione-dependent formaldehyde-activating,GFA
cluster_001_consensus_2237,1156935.QWE_17068,E,Belongs to the peptidase S33 family,Abhydrolase_1
cluster_001_consensus_2238,1156935.QWE_17063,E,Belongs to the alpha-IPM synthase homocitrate synthase family,"HMGL-like,LeuA_dimer"
cluster_001_consensus_2239,1156935.QWE_17058,S,permeases,EamA
cluster_001_consensus_2240,1156935.QWE_17053,S,Belongs to the LOG family,Lysine_decarbox
cluster_001_consensus_2241,1156935.QWE_17048,S,protein containing LysM domain,LysM
cluster_001_consensus_2242,1156935.QWE_17043,V,"ABC-type transport system involved in Fe-S cluster assembly, permease and ATPase components","ABC_membrane,ABC_tran"
cluster_001_consensus_2243,1156935.QWE_17038,T,Motif C-terminal to PAS motifs (likely to contribute to PAS structural domain),"GGDEF,PAS_4,Reg_prop,dCache_1"
cluster_001_consensus_2244,1156935.QWE_17033,I,Catalyzes the formation of phosphatidylethanolamine (PtdEtn) from phosphatidylserine (PtdSer),PS_Dcarbxylase
cluster_001_consensus_2245,1156935.QWE_17028,I,Belongs to the CDP-alcohol phosphatidyltransferase class-I family,"CDP-OH_P_tran_2,CDP-OH_P_transf"
cluster_001_consensus_2246,1042326.AZNV01000011_gene2025,-,-,-
cluster_001_consensus_2247,1156935.QWE_17018,S,Belongs to the SOS response-associated peptidase family,SRAP
cluster_001_consensus_2248,1156935.QWE_17013,F,Belongs to the Nudix hydrolase family,NUDIX
cluster_001_consensus_2249,1156935.QWE_17008,S,Protein of unknown function (DUF2385),DUF2385
cluster_001_consensus_2250,1156935.QWE_17003,-,-,-
cluster_001_consensus_2251,1156935.QWE_16998,-,-,-
cluster_001_consensus_2252,1156935.QWE_16993,S,Belongs to the GcvT family,"GCV_T,GCV_T_C"
cluster_001_consensus_2253,1156935.QWE_16988,S,hydrolases of HD superfamily,"HD,HD_3"
cluster_001_consensus_2254,1156935.QWE_16983,S,protein tyrosine phosphatase,-
cluster_001_consensus_2255,1156935.QWE_16978,F,belongs to the nudix hydrolase family,-
cluster_001_consensus_2256,1156935.QWE_16973,M,mechanosensitive ion channel,"MS_channel,TM_helix"
cluster_001_consensus_2258,1156935.QWE_16968,H,Belongs to the NadC ModD family,"QRPTase_C,QRPTase_N"
cluster_001_consensus_2259,1156935.QWE_16963,H,Catalyzes the oxidation of L-aspartate to iminoaspartate,"FAD_binding_2,Succ_DH_flav_C"
cluster_001_consensus_2260,1156935.QWE_16958,H,Catalyzes the condensation of iminoaspartate with dihydroxyacetone phosphate to form quinolinate,NadA
cluster_001_consensus_2261,1156935.QWE_16953,S,Predicted membrane protein (DUF2339),DUF2339
cluster_001_consensus_2262,1156935.QWE_16948,S,Phosphohydrolase,HD
cluster_001_consensus_2263,1156935.QWE_16943,S,Fe-S protein,"MOSC,MOSC_N"
cluster_001_consensus_2264,1156935.QWE_16933,EGP,Permeases of the major facilitator superfamily,MFS_1
cluster_001_consensus_2265,311403.Arad_0386,-,-,-
cluster_001_consensus_2266,1156935.QWE_16918,L,Involved in DNA repair and RecF pathway recombination,"RecO_C,RecO_N"
cluster_001_consensus_2267,1156935.QWE_16913,K,Transcriptional regulator,TetR_N
cluster_001_consensus_2268,1156935.QWE_16908,S,Ammonia monooxygenase,AbrB
cluster_001_consensus_2269,1156935.QWE_16903,S,"An essential GTPase that binds both GDP and GTP, with rapid nucleotide exchange. Plays a role in 16S rRNA processing and 30S ribosomal subunit biogenesis and possibly also in cell cycle regulation and energy metabolism","KH_2,MMR_HSR1"
cluster_001_consensus_2270,1156935.QWE_16898,J,"Digests double-stranded RNA. Involved in the processing of primary rRNA transcript to yield the immediate precursors to the large and small rRNAs (23S and 16S). Processes some mRNAs, and tRNAs when they are encoded in the rRNA operon. Processes pre- crRNA and tracrRNA of type II CRISPR loci if present in the organism","Ribonucleas_3_3,dsrm"
cluster_001_consensus_2271,1156935.QWE_16893,U,Belongs to the peptidase S26 family,"Peptidase_S24,Peptidase_S26"
cluster_001_consensus_2272,1156935.QWE_16888,I,Transfers the 4'-phosphopantetheine moiety from coenzyme A to a Ser of acyl-carrier-protein,ACPS
cluster_001_consensus_2273,1156935.QWE_16883,S,protein conserved in bacteria,DUF2062
cluster_001_consensus_2274,1156935.QWE_16878,S,Protein of unknown function (DUF3563),DUF3563
cluster_001_consensus_2275,1156935.QWE_16873,KT,In eubacteria ppGpp (guanosine 3'-diphosphate 5-' diphosphate) is a mediator of the stringent response that coordinates a variety of cellular activities in response to changes in nutritional abundance,"ACT_4,HD_4,RelA_SpoT,TGS"
cluster_001_consensus_2276,1156935.QWE_16868,K,Promotes RNA polymerase assembly. Latches the N- and C- terminal regions of the beta' subunit thereby facilitating its interaction with the beta and alpha subunits,RNA_pol_Rpb6
cluster_001_consensus_2277,1156935.QWE_16863,S,NYN domain,NYN
cluster_001_consensus_2278,1156935.QWE_16858,S,Protein of unknown function (DUF3830),DUF3830
cluster_001_consensus_2279,1156935.QWE_16853,O,"Required for rescue of stalled ribosomes mediated by trans-translation. Binds to transfer-messenger RNA (tmRNA), required for stable association of tmRNA with ribosomes. tmRNA and SmpB together mimic tRNA shape, replacing the anticodon stem-loop with SmpB. tmRNA is encoded by the ssrA gene",SmpB
cluster_001_consensus_2280,1156935.QWE_16848,-,-,-
cluster_001_consensus_2283,1156935.QWE_16838,E,Catalyzes the condensation of (S)-aspartate-beta- semialdehyde (S)-ASA and pyruvate to 4-hydroxy- tetrahydrodipicolinate (HTPA),DHDPS
cluster_001_consensus_2284,1156935.QWE_16833,M,Soluble lytic murein transglycosylase and related regulatory proteins (some contain LysM invasin domains),SLT
cluster_001_consensus_2285,1156935.QWE_16828,S,Alpha beta hydrolase,"Abhydrolase_1,Abhydrolase_6"
cluster_001_consensus_2286,1156935.QWE_16818,M,Forms passive diffusion pores that allow small molecular weight hydrophilic materials across the outer membrane,Porin_2
cluster_001_consensus_2287,1156935.QWE_16818,M,Forms passive diffusion pores that allow small molecular weight hydrophilic materials across the outer membrane,Porin_2
cluster_001_consensus_2288,1156935.QWE_16813,L,Belongs to the 'phage' integrase family,Phage_integrase
cluster_001_consensus_2289,1156935.QWE_16808,S,oxidoreductase,"Pyr_redox_2,Reductase_C"
cluster_001_consensus_2290,1156935.QWE_16803,-,-,PilZ
cluster_001_consensus_2291,1156935.QWE_16798,-,-,PilZ
cluster_001_consensus_2292,1156935.QWE_16793,E,Histidinol-phosphate aromatic aminotransferase and cobyric acid decarboxylase,Aminotran_1_2
cluster_001_consensus_2293,1156935.QWE_16788,S,"FOG TPR repeat, SEL1 subfamily",Sel1
cluster_001_consensus_2294,1156935.QWE_16783,S,protein conserved in bacteria,DUF2147
cluster_001_consensus_2295,1144310.PMI07_006549,E,Lactoylglutathione lyase and related lyases,"Glyoxalase,Pentapeptide"
cluster_001_consensus_2297,1156935.QWE_16778,F,Catalyzes the hydrolysis of the N-glycosidic bond of AMP to form adenine and ribose 5-phosphate. Involved in regulation of AMP concentrations,"AMNp_N,PNP_UDP_1"
cluster_001_consensus_2298,1220582.RRU01S_32_00030,C,Aldo/keto reductase family,Aldo_ket_red
cluster_001_consensus_2299,1156935.QWE_16768,K,LysR substrate binding domain,"HTH_1,LysR_substrate"
cluster_001_consensus_2300,1156935.QWE_16763,O,"redox protein, regulator of disulfide bond formation",OsmC
cluster_001_consensus_2301,1156935.QWE_16758,K,Transcriptional regulator,PadR
cluster_001_consensus_2302,1156935.QWE_16753,S,Uncharacterized protein conserved in bacteria (DUF2218),DUF2218
cluster_001_consensus_2303,595536.ADVE02000001_gene3882,S,Glycosyltransferase like family 2,Glycos_transf_2
cluster_001_consensus_2304,1156935.QWE_16748,IQ,KR domain,adh_short_C2
cluster_001_consensus_2305,1156935.QWE_16738,K,"Ribbon-helix-helix protein, copG family",RHH_1
cluster_001_consensus_2306,1156935.QWE_16733,E,Belongs to the class-III pyridoxal-phosphate-dependent aminotransferase family,Aminotran_3
cluster_001_consensus_2307,1156935.QWE_16728,E,glutamine synthetase,Gln-synt_C
cluster_001_consensus_2308,1156935.QWE_16723,E,ABC transporter substrate-binding protein,SBP_bac_5
cluster_001_consensus_2309,1156935.QWE_16718,P,"ABC-type dipeptide oligopeptide nickel transport systems, permease components",BPD_transp_1
cluster_001_consensus_2310,1156935.QWE_16713,EP,"ABC-type dipeptide oligopeptide nickel transport systems, permease components","BPD_transp_1,OppC_N"
cluster_001_consensus_2311,1156935.QWE_16708,P,Belongs to the ABC transporter superfamily,"ABC_tran,oligo_HPY"
cluster_001_consensus_2312,1156935.QWE_16703,I,Diacylglycerol kinase,DAGK_cat
cluster_001_consensus_2313,1336235.JAEG01000002_gene494,EGP,Major facilitator superfamily,"MFS_1,Sugar_tr"
cluster_001_consensus_2314,690585.JNNU01000005_gene3305,K,transcriptional,HxlR
cluster_001_consensus_2315,1156935.QWE_16698,C,Belongs to the zinc-containing alcohol dehydrogenase family. Quinone oxidoreductase subfamily,"ADH_N,ADH_zinc_N_2"
cluster_001_consensus_2316,1156935.QWE_16693,K,transcriptional,"AsnC_trans_reg,HTH_24"
cluster_001_consensus_2317,1156935.QWE_16688,EG,permeases of the drug metabolite transporter (DMT) superfamily,EamA
cluster_001_consensus_2318,1156935.QWE_16683,K,transcriptional,HxlR
cluster_001_consensus_2319,1156935.QWE_16678,S,"L,D-transpeptidase catalytic domain",YkuD
cluster_001_consensus_2320,1156935.QWE_16673,C,electron transfer flavoprotein-ubiquinone oxidoreductase,"ETF_QO,FAD_binding_2,NAD_binding_8,Thi4"
cluster_001_consensus_2321,190650.CC_2339,K,"Bacterial regulatory proteins, tetR family","TetR_N,WHG"
cluster_001_consensus_2322,190650.CC_2337,S,"oxidoreductase, short-chain dehydrogenase reductase family",adh_short
cluster_001_consensus_2323,1156935.QWE_16663,I,NAD-binding of NADP-dependent 3-hydroxyisobutyrate dehydrogenase,"NAD_binding_11,NAD_binding_2"
cluster_001_consensus_2324,1156935.QWE_16658,C,"FAD linked oxidases, C-terminal domain","FAD-oxidase_C,FAD_binding_4"
cluster_001_consensus_2325,1156935.QWE_16653,IQ,Dehydrogenases with different specificities (related to short-chain alcohol dehydrogenases),adh_short_C2
cluster_001_consensus_2328,1156935.QWE_16633,O,Belongs to the heat shock protein 70 family,HSP70
cluster_001_consensus_2329,1156935.QWE_16628,L,uracil-DNA glycosylase,UDG
cluster_001_consensus_2330,1144312.PMI09_00881,-,-,-
cluster_001_consensus_2332,1156935.QWE_16618,-,-,-
cluster_001_consensus_2333,1156935.QWE_16613,EGP,Major Facilitator Superfamily,"MFS_1,Sugar_tr"
cluster_001_consensus_2334,1156935.QWE_16608,EG,Permeases of the drug metabolite transporter (DMT) superfamily,EamA
cluster_001_consensus_2335,1156935.QWE_16603,NT,Methyl-accepting chemotaxis protein (MCP) signalling domain,"MCPsignal,dCache_1"
cluster_001_consensus_2336,1156935.QWE_16598,E,aminopeptidase N,"DUF3458,DUF3458_C,Peptidase_M1"
cluster_001_consensus_2337,1156935.QWE_16593,T,Histidine kinase,"HATPase_c,HisKA,PAS,PAS_3,PAS_7"
cluster_001_consensus_2338,1432055.GLUCORHAEAF1_03070,S,Polysaccharide biosynthesis protein,"Polysacc_synt,Polysacc_synt_3,Polysacc_synt_C"
cluster_001_consensus_2339,1156935.QWE_16578,OT,"Involved in the regulation of glutamine synthetase GlnA, a key enzyme in the process to assimilate ammonia. When cellular nitrogen levels are high, the C-terminal adenylyl transferase (AT) inactivates GlnA by covalent transfer of an adenylyl group from ATP to specific tyrosine residue of GlnA, thus reducing its activity. Conversely, when nitrogen levels are low, the N-terminal adenylyl removase (AR) activates GlnA by removing the adenylyl group by phosphorolysis, increasing its activity. The regulatory region of GlnE binds the signal transduction protein PII (GlnB) which indicates the nitrogen status of the cell","GlnD_UR_UTase,GlnE"
cluster_001_consensus_2340,1156935.QWE_16573,T,Histidine kinase,"HAMP,HATPase_c,HisKA"
cluster_001_consensus_2341,1336235.JAEG01000002_gene529,T,Response regulators consisting of a CheY-like receiver domain and a winged-helix DNA-binding domain,"Response_reg,Trans_reg_C"
cluster_001_consensus_2342,1156935.QWE_16563,O,Belongs to the peptidase S1C family,"PDZ_2,Trypsin_2"
cluster_001_consensus_2344,1156935.QWE_16558,S,Prophage maintenance system killer protein,Fic
cluster_001_consensus_2345,1156935.QWE_16553,O,subunit of a heme lyase,CcmH
cluster_001_consensus_2346,1156935.QWE_16548,O,Cytochrome c-type biogenesis protein,"CcmF_C,Cytochrom_C_asm"
cluster_001_consensus_2347,1156935.QWE_16543,O,Heme chaperone required for the biogenesis of c-type cytochromes. Transiently binds heme delivered by CcmC and transfers the heme to apo-cytochromes in a process facilitated by CcmF and CcmH,CcmE
cluster_001_consensus_2348,1156935.QWE_16538,O,biogenesis protein,"TPR_16,TPR_19"
cluster_001_consensus_2349,1156935.QWE_16533,-,-,HTH_26
cluster_001_consensus_2350,1156935.QWE_16528,K,addiction module killer protein,Gp49
cluster_001_consensus_2351,1156935.QWE_16518,M,COG4520 Surface antigen,17kDa_Anti_2
cluster_001_consensus_2352,1156935.QWE_16513,T,Histidine kinase,"2CSK_N,HATPase_c"
cluster_001_consensus_2353,1156935.QWE_16508,T,Response regulators consisting of a CheY-like receiver domain and a winged-helix DNA-binding domain,"Response_reg,Trans_reg_C"
cluster_001_consensus_2354,1336235.JAEG01000002_gene538,-,-,-
cluster_001_consensus_2355,1336235.JAEG01000001_gene2621,L,Transposase IS116 IS110 IS902 family protein,"DEDD_Tnp_IS110,Transposase_20"
cluster_001_consensus_2356,1156935.QWE_16423,EGP,Major facilitator superfamily,MFS_1
cluster_001_consensus_2357,1156935.QWE_16408,S,Protein of unknown function (DUF3168),DUF3168
cluster_001_consensus_2359,1156935.QWE_16398,S,Phage head-tail joining protein,Phage_H_T_join
cluster_001_consensus_2360,1156935.QWE_16393,S,Phage gp6-like head-tail connector protein,Phage_connect_1
cluster_001_consensus_2361,1156935.QWE_16388,S,phage phi-C31 gp36 major capsid-like protein,Phage_capsid
cluster_001_consensus_2363,1156935.QWE_16383,S,Phage head maturation protease,Peptidase_S78
cluster_001_consensus_2364,1156935.QWE_16378,-,-,-
cluster_001_consensus_2365,1125973.JNLC01000012_gene899,I,PAP2 superfamily,PAP2
cluster_001_consensus_2366,1410620.SHLA_67c000210,L,2OG-Fe(II) oxygenase superfamily,2OG-FeII_Oxy_2
cluster_001_consensus_2367,1500257.JQNM01000005_gene2300,E,D-amino acid,DAO
cluster_001_consensus_2368,1156935.QWE_16373,S,Phage portal protein,Phage_portal
cluster_001_consensus_2369,1123366.TH3_20433,K,"Bacterial regulatory proteins, tetR family",TetR_N
cluster_001_consensus_2370,1123366.TH3_20428,S,dienelactone hydrolase,Abhydrolase_6
cluster_001_consensus_2372,1156935.QWE_16363,S,Stress responsive,Dabb
cluster_001_consensus_2373,1156935.QWE_16358,S,chitinase,Glyco_hydro_19
cluster_001_consensus_2376,1156935.QWE_16348,S,Large terminase,"Terminase_6,Terminase_6C"
cluster_001_consensus_2377,1336235.JAEG01000023_gene1050,-,-,-
cluster_001_consensus_2379,1156935.QWE_16338,T,GGDEF domain,GGDEF
cluster_001_consensus_2380,1156935.QWE_16333,S,Antioxidant protein with alkyl hydroperoxidase activity. Required for the reduction of the AhpC active site cysteine residues and for the regeneration of the AhpC enzyme activity,CMD
cluster_001_consensus_2381,1156935.QWE_16328,S,Heavy-metal-associated domain,HMA
cluster_001_consensus_2382,1156935.QWE_16323,K,Transcriptional regulator,"MerR,MerR-DNA-bind"
cluster_001_consensus_2383,1156935.QWE_16318,P,Cation transport ATPase,"E1-E2_ATPase,HMA,Hydrolase"
cluster_001_consensus_2384,1057002.KB905370_gene2622,S,"ParE toxin of type II toxin-antitoxin system, parDE",ParE_toxin
cluster_001_consensus_2385,1156935.QWE_16313,L,bacterial-type proximal promoter sequence-specific DNA binding,RelB
cluster_001_consensus_2387,1156935.QWE_16303,S,"ParE toxin of type II toxin-antitoxin system, parDE",ParE_toxin
cluster_001_consensus_2388,266834.SM_b20121,K,Bacterial antitoxin of ParD toxin-antitoxin type II system and RHH,ParD_antitoxin
cluster_001_consensus_2389,1156935.QWE_16293,S,Belongs to the UPF0260 family,CxxCxxCC
cluster_001_consensus_2390,1156935.QWE_16288,M,penicillin-binding protein,"Transgly,Transpeptidase"
cluster_001_consensus_2391,1156935.QWE_16283,T,diguanylate cyclase,GGDEF
cluster_001_consensus_2392,666509.RCA23_c04070,S,Hemerythrin HHE cation binding domain,Hemerythrin
cluster_001_consensus_2393,1156935.QWE_16268,FG,Domain of unknown function (DUF4269),DUF4269
cluster_001_consensus_2394,1156935.QWE_16263,J,protein-(glutamine-N5) methyltransferase activity,Methyltransf_25
cluster_001_consensus_2395,311402.Avi_5102,-,-,-
cluster_001_consensus_2397,1156935.QWE_16243,M,NAD-dependent epimerase dehydratase,Epimerase
cluster_001_consensus_2398,1156935.QWE_16238,S,Protein of unknown function (DUF3833),DUF3833
cluster_001_consensus_2399,1156935.QWE_16228,S,Bacterial PH domain,bPH_1
cluster_001_consensus_2400,311402.Avi_2598,U,Belongs to the peptidase S26 family,"Peptidase_S24,Peptidase_S26"
cluster_001_consensus_2401,1122963.AUHB01000017_gene1985,K,Helix-turn-helix XRE-family like proteins,"HTH_3,HTH_31"
cluster_001_consensus_2402,1156935.QWE_16213,S,Protein of unknown function (DUF1214),DUF1214
cluster_001_consensus_2403,1156935.QWE_16208,S,integral membrane protein,DUF1254
cluster_001_consensus_2404,1156935.QWE_16203,T,HD domain,"DUF3391,HD,HD_5"
cluster_001_consensus_2406,1156935.QWE_16193,S,Uncharacterised protein conserved in bacteria (DUF2336),DUF2336
cluster_001_consensus_2407,1156935.QWE_16188,S,Protein of unknown function (DUF1491),DUF1491
cluster_001_consensus_2409,991905.SL003B_2653,-,-,-
cluster_001_consensus_2410,1156935.QWE_16173,NT,Methyl-accepting chemotaxis-like domains (chemotaxis sensory transducer).,MCPsignal
cluster_001_consensus_2411,1156935.QWE_16163,M,Peptidoglycan-binding,PG_binding_1
cluster_001_consensus_2412,1156935.QWE_16158,T,Histidine kinase,"HATPase_c,HisKA"
cluster_001_consensus_2413,1156935.QWE_16153,S,Family of unknown function (DUF5330),DUF5330
cluster_001_consensus_2414,1220582.RRU01S_06_00700,K,"Ribbon-helix-helix protein, copG family",RHH_1
cluster_001_consensus_2415,1220582.RRU01S_06_00710,D,Plasmid stabilization system,ParE_toxin
cluster_001_consensus_2416,1156935.QWE_16148,S,SufE protein probably involved in Fe-S center assembly,SufE
cluster_001_consensus_2417,1246459.KB898356_gene2285,S,PIN domain,PIN_3
cluster_001_consensus_2418,1246459.KB898356_gene2284,-,-,-
cluster_001_consensus_2419,1156935.QWE_16143,K,DNA-binding transcription factor activity,-
cluster_001_consensus_2420,1156935.QWE_16138,L,COG0593 ATPase involved in DNA replication initiation,Bac_DnaA_C
cluster_001_consensus_2421,1156935.QWE_16133,K,Transcriptional regulator,ROS_MUCR
cluster_001_consensus_2422,1156935.QWE_16128,P,"Multisubunit Na H antiporter, MnhG subunit",PhaG_MnhG_YufB
cluster_001_consensus_2423,1156935.QWE_16123,P,"Multisubunit Na H antiporter, MnhF subunit",MrpF_PhaF
cluster_001_consensus_2424,1156935.QWE_16118,P,"Multisubunit Na H antiporter, MnhE subunit",MNHE
cluster_001_consensus_2425,1156935.QWE_16113,CP,"Formate hydrogenlyase subunit 3 Multisubunit Na H antiporter, MnhD subunit",Proton_antipo_M
cluster_001_consensus_2426,1156935.QWE_16108,P,Na H antiporter,Oxidored_q2
cluster_001_consensus_2427,1156935.QWE_16103,P,"Subunit B of antiporter complex involved in resistance to high concentrations of Na , K , Li and or alkali",MnhB
cluster_001_consensus_2428,1156935.QWE_16098,CP,"NADH ubiquinone oxidoreductase subunit 5 (Chain L) multisubunit Na H antiporter, MnhA subunit","DUF4040,Proton_antipo_M,Proton_antipo_N"
cluster_001_consensus_2429,1156935.QWE_16093,O,Belongs to the MsrB Met sulfoxide reductase family,SelR
cluster_001_consensus_2430,1156935.QWE_16088,-,-,-
cluster_001_consensus_2431,1336235.JAEG01000018_gene3365,S,Transmembrane secretion effector,MFS_3
cluster_001_consensus_2432,1156935.QWE_16083,F,nucleoside 2-deoxyribosyltransferase,Nuc_deoxyrib_tr
cluster_001_consensus_2433,1246459.KB898360_gene2819,S,"Motility quorum-sensing regulator, toxin of MqsA",MqsR_toxin
cluster_001_consensus_2434,1246459.KB898360_gene2818,K,"Antitoxin component of bacterial toxin-antitoxin system, MqsA",MqsA_antitoxin
cluster_001_consensus_2435,1156935.QWE_16073,L,DNA helicase,"DEAD,HRDC,Helicase_C,RQC,RecQ_Zn_bind"
cluster_001_consensus_2436,1410620.SHLA_45c000790,S,Toxic component of a toxin-antitoxin (TA) module. An RNase,PIN
cluster_001_consensus_2437,1041146.ATZB01000027_gene5815,S,Rv0623-like transcription factor,PSK_trans_fac
cluster_001_consensus_2438,1156935.QWE_16068,K,AraC family transcriptional regulator,HTH_18
cluster_001_consensus_2439,1156935.QWE_16063,-,-,-
cluster_001_consensus_2440,1156935.QWE_16058,S,N-terminal domain of oxidoreductase,"ADH_N_2,ADH_zinc_N"
cluster_001_consensus_2441,1156935.QWE_16053,S,intracellular protease amidase,DJ-1_PfpI
cluster_001_consensus_2442,1156935.QWE_16048,M,Acetyltransferase,Acetyltransf_4
cluster_001_consensus_2445,1156935.QWE_16038,S,"protein, hemolysin III",HlyIII
cluster_001_consensus_2446,1156935.QWE_16033,S,MAPEG family,MAPEG
cluster_001_consensus_2447,629773.AORY01000004_gene230,K,helix_turn_helix multiple antibiotic resistance protein,MarR
cluster_001_consensus_2448,1502851.FG93_01517,S,Metallo-beta-lactamase superfamily,Lactamase_B
cluster_001_consensus_2449,1532558.JL39_11245,S,Protein  of unknown function (DUF3018),DUF3018
cluster_001_consensus_2450,1532558.JL39_11250,T,Growth inhibitor,PemK_toxin
cluster_001_consensus_2451,1156935.QWE_16018,G,"ABC transporter, ATP-binding protein",ABC_tran
cluster_001_consensus_2452,1156935.QWE_16013,G,Belongs to the binding-protein-dependent transport system permease family,BPD_transp_2
cluster_001_consensus_2453,1156935.QWE_16008,G,ABC transporter,Peripla_BP_4
cluster_001_consensus_2454,1156935.QWE_16003,GK,Transcriptional regulator,"HTH_24,MarR,MarR_2,ROK"
cluster_001_consensus_2455,1156935.QWE_15993,-,-,-
cluster_001_consensus_2456,1156935.QWE_15988,S,Haloacid dehalogenase-like hydrolase,"HAD_2,Hydrolase"
cluster_001_consensus_2457,1336235.JAEG01000007_gene1765,S,Protein of unknown function (DUF982),DUF982
cluster_001_consensus_2458,1156935.QWE_15963,S,membrane,SNARE_assoc
cluster_001_consensus_2459,359.CN09_31575,-,-,-
cluster_001_consensus_2460,1028801.RG1141_CH28180,-,-,-
cluster_001_consensus_2461,1156935.QWE_15923,T,chemotaxis,"HAMP,MCPsignal,PAS_3"
cluster_001_consensus_2462,744980.TRICHSKD4_3627,U,"domain, Protein",-
cluster_001_consensus_2463,1156935.QWE_15913,-,-,DUF2780
cluster_001_consensus_2464,1156935.QWE_15908,S,Bacterial protein of unknown function (DUF853),DUF853
cluster_001_consensus_2465,1156935.QWE_15903,T,Diguanylate cyclase,"EAL,GAF,GGDEF,PAS_3,PAS_4,PAS_9"
cluster_001_consensus_2466,1156935.QWE_15898,S,UPF0060 membrane protein,UPF0060
cluster_001_consensus_2467,1156935.QWE_15893,S,"Ribonuclease toxin, BrnT, of type II toxin-antitoxin system",BrnT_toxin
cluster_001_consensus_2468,1156935.QWE_15888,S,BrnA antitoxin of type II toxin-antitoxin system,BrnA_antitoxin
cluster_001_consensus_2469,1532558.JL39_05325,K,Acetyltransferase,"Acetyltransf_1,Acetyltransf_10,Acetyltransf_7"
cluster_001_consensus_2470,1156935.QWE_15883,E,threonine efflux protein,LysE
cluster_001_consensus_2471,1156935.QWE_15878,K,transcriptional regulator,"HTH_11,WYL"
cluster_001_consensus_2472,216142.LT40_01480,S,4-oxalocrotonate tautomerase,Tautomerase
cluster_001_consensus_2473,216142.LT40_01475,K,Transcriptional regulator,"HTH_1,LysR_substrate"
cluster_001_consensus_2474,1156935.QWE_15873,I,fatty acid desaturase,FA_desaturase
cluster_001_consensus_2475,1156935.QWE_15868,-,-,-
cluster_001_consensus_2476,1156935.QWE_15863,K,Cold shock,CSD
cluster_001_consensus_2477,1156935.QWE_15858,J,Belongs to the bacterial ribosomal protein bS21 family,Ribosomal_S21
cluster_001_consensus_2478,1156935.QWE_15853,-,-,-
cluster_001_consensus_2479,1156935.QWE_15848,S,enzyme related to lactoylglutathione lyase,Glyoxalase
cluster_001_consensus_2480,1156935.QWE_15848,S,enzyme related to lactoylglutathione lyase,Glyoxalase
cluster_001_consensus_2481,1156935.QWE_15843,S,Protein of unknown function (DUF1579),DUF1579
cluster_001_consensus_2482,1156935.QWE_15838,S,protein conserved in bacteria,DUF899
cluster_001_consensus_2483,1156935.QWE_15833,K,Transcriptional regulator,"MarR,MarR_2"
cluster_001_consensus_2485,1156935.QWE_15823,O,organic hydroperoxide resistance,OsmC
cluster_001_consensus_2486,1156935.QWE_15818,K,transcriptional regulator,MarR
cluster_001_consensus_2487,1156935.QWE_15813,V,Beta-lactamase,Beta-lactamase2
cluster_001_consensus_2488,1156935.QWE_15808,-,-,-
cluster_001_consensus_2489,1156935.QWE_15803,N,Protein required for attachment to host cells,Host_attach
cluster_001_consensus_2490,1156935.QWE_15798,S,"L,D-transpeptidase catalytic domain",YkuD
cluster_001_consensus_2491,1156935.QWE_15793,S,"L,D-transpeptidase catalytic domain",YkuD
cluster_001_consensus_2492,1156935.QWE_15788,NT,Methyl-accepting chemotaxis-like domains (chemotaxis sensory transducer).,MCPsignal
cluster_001_consensus_2493,1156935.QWE_15778,EGP,Major facilitator superfamily,MFS_1
cluster_001_consensus_2494,1156935.QWE_15773,K,helix_turn_helix multiple antibiotic resistance protein,MarR_2
cluster_001_consensus_2495,1156935.QWE_15768,-,-,-
cluster_001_consensus_2496,1156935.QWE_15763,M,Periplasmic copper-binding protein (NosD),"Beta_helix,Pectate_lyase_3"
cluster_001_consensus_2497,1156935.QWE_15758,T,Diguanylate cyclase,"EAL,GAF_2,GGDEF"
cluster_001_consensus_2498,1156935.QWE_15753,S,Uncharacterized protein conserved in bacteria (DUF2087),DUF2087
cluster_001_consensus_2499,1156935.QWE_15748,O,Glutathione S-transferase,"GST_C,GST_N,GST_N_3"
cluster_001_consensus_2500,1028801.RG1141_CH31180,S,Protein of unknown function (DUF2442),DUF2442
cluster_001_consensus_2501,1028801.RG1141_CH31190,S,Domain of unknown function (DUF4160),DUF4160
cluster_001_consensus_2502,1336235.JAEG01000007_gene1723,L,nUDIX hydrolase,-
cluster_001_consensus_2503,1336235.JAEG01000007_gene1722,K,transcriptional regulator,"DeoRC,HTH_DeoR"
cluster_001_consensus_2504,1156935.QWE_15743,S,Membrane protein involved in the export of O-antigen and teichoic acid,"Polysacc_synt,Polysacc_synt_C"
cluster_001_consensus_2505,1156935.QWE_15738,M,Acetyltransferase (GNAT) domain,Acetyltransf_6
cluster_001_consensus_2506,1156935.QWE_15733,E,L-asparaginase II,Asparaginase_II
cluster_001_consensus_2507,1156935.QWE_15728,S,Protein of unknown function (DUF3750),DUF3750
cluster_001_consensus_2508,1121033.AUCF01000004_gene4909,S,Protein of unknown function DUF262,DUF262
cluster_001_consensus_2509,1156935.QWE_15703,-,-,-
cluster_001_consensus_2510,1500259.JQLD01000001_gene3648,E,Glyoxalase/Bleomycin resistance protein/Dioxygenase superfamily,Glyoxalase
cluster_001_consensus_2511,1156935.QWE_12358,S,PeriplasmiC protein,CLP_protease
cluster_001_consensus_2512,1509405.GV67_12005,-,-,-
cluster_001_consensus_2514,1380380.JIAX01000012_gene385,T,Diguanylate cyclase,GGDEF
cluster_001_consensus_2515,1156935.QWE_15693,EH,"D-isomer specific 2-hydroxyacid dehydrogenase, NAD binding domain","2-Hacid_dh,2-Hacid_dh_C"
cluster_001_consensus_2516,1156935.QWE_15688,C,NADPH quinone reductase and related Zn-dependent oxidoreductases,"ADH_N,ADH_zinc_N"
cluster_001_consensus_2517,1156935.QWE_15683,N,Flagellin is the subunit protein which polymerizes to form the filaments of bacterial flagella,"Flagellin_C,Flagellin_N"
cluster_001_consensus_2518,1156935.QWE_15673,T,EAL domain,"CBS,EAL,GGDEF"
cluster_001_consensus_2519,1156935.QWE_15668,K,Repressor involved in choline regulation of the bet genes,"TetR_C_6,TetR_N"
cluster_001_consensus_2520,1156935.QWE_15663,C,Involved in the biosynthesis of the osmoprotectant glycine betaine. Catalyzes the reversible oxidation of betaine aldehyde to the corresponding acid,Aldedh
cluster_001_consensus_2521,1028801.RG1141_CH06800,K,Cro/C1-type HTH DNA-binding domain,"HTH_3,HTH_31"
cluster_001_consensus_2522,1144310.PMI07_003198,DJ,"Addiction module toxin, RelE StbE family",-
cluster_001_consensus_2523,1370122.JHXQ01000023_gene3032,E,Involved in the biosynthesis of the osmoprotectant glycine betaine. Catalyzes the oxidation of choline to betaine aldehyde and betaine aldehyde to glycine betaine at the same rate,"GMC_oxred_C,GMC_oxred_N"
cluster_001_consensus_2524,1144310.PMI07_003200,S,Plasmid stabilization,ParE_toxin
cluster_001_consensus_2525,1144310.PMI07_003201,K,".,Oxidizes proline to glutamate for use as a carbon and nitrogen source",-
cluster_001_consensus_2526,1156935.QWE_15643,U,Bacterial virulence protein (VirJ),VirJ
cluster_001_consensus_2527,1156935.QWE_15638,S,Uncharacterised conserved protein (DUF2156),"DUF2156,LPG_synthase_TM"
cluster_001_consensus_2528,1156935.QWE_15633,C,Protein conserved in bacteria,DUF900
cluster_001_consensus_2530,1156935.QWE_15628,G,"Bacterial extracellular solute-binding protein, family 7",DctP
cluster_001_consensus_2531,1156935.QWE_15623,G,"Tripartite ATP-independent periplasmic transporters, DctQ component",DctQ
cluster_001_consensus_2532,1156935.QWE_15618,G,C4-dicarboxylate ABC transporter,DctM
cluster_001_consensus_2533,1156935.QWE_15613,K,sequence-specific DNA binding,"Ada_Zn_binding,DNA_binding_1,HTH_18,HTH_AraC,Methyltransf_1N"
cluster_001_consensus_2534,1156935.QWE_12553,I,phosphatidylglycerophosphatase activity,PgpA
cluster_001_consensus_2535,1381123.AYOD01000021_gene2025,-,-,-
cluster_001_consensus_2536,1156935.QWE_15608,S,Putative PD-(D/E)XK phosphodiesterase (DUF2161),DUF2161
cluster_001_consensus_2537,930166.CD58_17195,IQ,COG1028 Dehydrogenases with different specificities (related to short-chain alcohol dehydrogenases),adh_short_C2
cluster_001_consensus_2538,1547437.LL06_25450,K,transcriptional regulator,TetR_N
cluster_001_consensus_2539,1156935.QWE_15603,O,signal peptide protein,-
cluster_001_consensus_2540,1156935.QWE_15598,-,-,-
cluster_001_consensus_2541,1156935.QWE_15593,-,-,-
cluster_001_consensus_2542,935557.ATYB01000008_gene5609,P,Sulfate permease and related transporters (MFS superfamily),"STAS,Sulfate_transp"
cluster_001_consensus_2543,1156935.QWE_15588,P,"ABC-type sulfate transport system, periplasmic component",SBP_bac_11
cluster_001_consensus_2544,1336235.JAEG01000001_gene2311,-,-,-
cluster_001_consensus_2545,1336235.JAEG01000001_gene2311,-,-,-
cluster_001_consensus_2546,1336235.JAEG01000001_gene2311,-,-,-
cluster_001_consensus_2547,1336235.JAEG01000001_gene2311,-,-,-
cluster_001_consensus_2548,1336235.JAEG01000001_gene2311,-,-,-
cluster_001_consensus_2549,1156935.QWE_20793,K,transcriptional regulator,Rrf2
cluster_001_consensus_2550,1156935.QWE_20788,EH,Reduction of activated sulfate into sulfite,PAPS_reduct
cluster_001_consensus_2551,1156935.QWE_20783,EH,Sulfate adenylyltransferase subunit 2,PAPS_reduct
cluster_001_consensus_2552,1156935.QWE_20778,P,Belongs to the TRAFAC class translation factor GTPase superfamily. Classic translation factor GTPase family. CysN NodQ subfamily,GTP_EFTU
cluster_001_consensus_2553,1156935.QWE_20773,S,B12 binding domain,"B12-binding,B12-binding_2"
cluster_001_consensus_2554,1156935.QWE_20768,NT,Methyl-accepting chemotaxis-like domains (chemotaxis sensory transducer).,"MCPsignal,PAS_3,PAS_4,PAS_9"
cluster_001_consensus_2555,1156935.QWE_20763,K,helix_turn _helix lactose operon repressor,"LacI,Peripla_BP_3"
cluster_001_consensus_2556,1156935.QWE_20758,-,-,-
cluster_001_consensus_2557,1156935.QWE_20753,-,-,-
cluster_001_consensus_2558,1246459.KB898354_gene4781,N,Flagellin is the subunit protein which polymerizes to form the filaments of bacterial flagella,"Flagellin_C,Flagellin_N"
cluster_001_consensus_2559,1509405.GV67_21415,K,"helix_turn_helix, Lux Regulon",GerE
cluster_001_consensus_2560,1144312.PMI09_00387,T,diguanylate cyclase,GGDEF
cluster_001_consensus_2561,1156935.QWE_20748,P,"COG3221 ABC-type phosphate phosphonate transport system, periplasmic component",Phosphonate-bd
cluster_001_consensus_2562,1156935.QWE_20743,I,Fatty acid desaturase,FA_desaturase
cluster_001_consensus_2563,1156935.QWE_20738,K,Belongs to the sigma-70 factor family. ECF subfamily,"Sigma70_r2,Sigma70_r4,Sigma70_r4_2"
cluster_001_consensus_2564,1156935.QWE_20733,PT,"Fe2 -dicitrate sensor, membrane component","DUF4880,DUF4974,FecR"
cluster_001_consensus_2565,1156935.QWE_20728,P,Secretin and TonB N terminus short domain,"Plug,STN,TonB_dep_Rec"
cluster_001_consensus_2566,1156935.QWE_20723,Q,IucA / IucC family,"FhuF,IucA_IucC"
cluster_001_consensus_2567,1156935.QWE_20718,Q,IucA / IucC family,"AMP-binding,AMP-binding_C,FhuF,IucA_IucC"
cluster_001_consensus_2568,1156935.QWE_20713,IQ,Acyl-CoA synthetases (AMP-forming) AMP-acid ligases II,"AMP-binding,AMP-binding_C,FhuF,IucA_IucC"
cluster_001_consensus_2569,1156935.QWE_20708,IQ,Carrier of the growing fatty acid chain in fatty acid biosynthesis,PP-binding
cluster_001_consensus_2570,1156935.QWE_20703,P,"ABC-type enterochelin transport system, periplasmic component",Peripla_BP_2
cluster_001_consensus_2571,1156935.QWE_20698,P,Belongs to the binding-protein-dependent transport system permease family. FecCD subfamily,FecCD
cluster_001_consensus_2572,1156935.QWE_20693,P,Belongs to the binding-protein-dependent transport system permease family. FecCD subfamily,FecCD
cluster_001_consensus_2573,1156935.QWE_20688,P,ABC transporter,ABC_tran
cluster_001_consensus_2574,1156935.QWE_20678,S,DJ-1/PfpI family,DJ-1_PfpI
cluster_001_consensus_2575,1156935.QWE_20673,-,-,-
cluster_001_consensus_2576,1156935.QWE_20668,-,-,-
cluster_001_consensus_2577,1156935.QWE_20663,S,Protein of unknown function (DUF1499),DUF1499
cluster_001_consensus_2578,1156935.QWE_20658,S,"Zn-dependent hydrolases, including glyoxylases",Lactamase_B
cluster_001_consensus_2579,1156935.QWE_20653,S,PFAM Cupin 2 conserved barrel domain protein,Cupin_2
cluster_001_consensus_2580,1057002.KB905370_gene4169,K,Belongs to the sigma-70 factor family. ECF subfamily,"Sigma70_r2,Sigma70_r4_2"
cluster_001_consensus_2581,460265.Mnod_0031,S,PFAM peptidase C14 caspase catalytic subunit p20,"PG_binding_1,Peptidase_C14,SH3_3"
cluster_001_consensus_2582,1156935.QWE_20628,G,Belongs to the PEP-utilizing enzyme family,"PEP-utilizers,PEP-utilizers_C,PPDK_N"
cluster_001_consensus_2583,1336249.JADW01000014_gene771,S,ring-cleavage extradiol dioxygenase,Glyoxalase
cluster_001_consensus_2584,1156935.QWE_20623,-,-,-
cluster_001_consensus_2585,1156935.QWE_20618,P,COG0477 Permeases of the major facilitator superfamily,MFS_1
cluster_001_consensus_2586,1156935.QWE_20613,S,Inhibitor of vertebrate lysozyme (Ivy),Ivy
cluster_001_consensus_2587,1156935.QWE_20608,D,Required for chromosome condensation and partitioning,SMC_N
cluster_001_consensus_2588,1156935.QWE_20603,O,COG1651 Protein-disulfide isomerase,Thioredoxin_4
cluster_001_consensus_2589,1156935.QWE_20588,S,Tetratricopeptide repeat,TPR_16
cluster_001_consensus_2590,1156935.QWE_20583,M,domain protein,"Beta_helix,SdrD_B"
cluster_001_consensus_2591,1156935.QWE_20578,T,Adenylate,"CHASE2,Guanylate_cyc"
cluster_001_consensus_2592,1156935.QWE_20573,P,Sulfate transporter,"STAS,Sulfate_transp,cNMP_binding"
cluster_001_consensus_2593,1156935.QWE_20573,P,Sulfate transporter,"STAS,Sulfate_transp,cNMP_binding"
cluster_001_consensus_2594,1156935.QWE_20568,S,Protein of unknown function (DUF721),DUF721
cluster_001_consensus_2595,1156935.QWE_20563,L,A G-specific,"EndIII_4Fe-2S,HhH-GPD,NUDIX_4"
cluster_001_consensus_2596,1156935.QWE_20558,S,Hydrolase,HAD_2
cluster_001_consensus_2597,349521.HCH_01122,M,Belongs to the ompA family,"DUF4892,OmpA"
cluster_001_consensus_2598,1156935.QWE_20553,L,Belongs to the N(4) N(6)-methyltransferase family,N6_N4_Mtase
cluster_001_consensus_2599,1122929.KB908240_gene304,K,addiction module antidote protein,ParD_antitoxin
cluster_001_consensus_2600,1336249.JADW01000014_gene728,S,"ParE toxin of type II toxin-antitoxin system, parDE",ParE_toxin
cluster_001_consensus_2601,1156935.QWE_20548,S,YjbR,YjbR
cluster_001_consensus_2602,1156935.QWE_20533,S,Protein of unknown function (DUF1284),DUF1284
cluster_001_consensus_2603,1156935.QWE_20528,S,BioY family,BioY
cluster_001_consensus_2604,1156935.QWE_20523,K,gntR family,"FCD,GntR"
cluster_001_consensus_2605,1156935.QWE_20518,S,Plasmid stabilization system protein,ParE_toxin
cluster_001_consensus_2606,1156935.QWE_20513,K,transcriptional regulators containing the CopG Arc MetJ DNA-binding domain,ParD_antitoxin
cluster_001_consensus_2607,1156935.QWE_20508,S,Antibiotic biosynthesis monooxygenase,ABM
cluster_001_consensus_2608,1410620.SHLA_40c000670,S,NIPSNAP,NIPSNAP
cluster_001_consensus_2609,1156935.QWE_20503,K,transcriptional regulator,HTH_20
cluster_001_consensus_2610,1156935.QWE_20493,P,Carbonic anhydrase,Pro_CA
cluster_001_consensus_2611,1156935.QWE_20488,P,Small multidrug resistance protein,Multi_Drug_Res
cluster_001_consensus_2612,1156935.QWE_20483,K,Transcriptional regulator,TetR_N
cluster_001_consensus_2613,1156935.QWE_20478,S,hydrolase,HAD_2
cluster_001_consensus_2614,1156935.QWE_20473,I,Diacylglycerol kinase,DAGK_cat
cluster_001_consensus_2615,1156935.QWE_20468,C,"N5,N10-methylene tetrahydromethanopterin reductase",Bac_luciferase
cluster_001_consensus_2616,1156935.QWE_20463,K,transcriptional regulator,"Cupin_2,HTH_3,HTH_31"
cluster_001_consensus_2617,1156935.QWE_20453,-,-,-
cluster_001_consensus_2618,1156935.QWE_20448,E,Threonine synthase,"PALP,Thr_synth_N"
cluster_001_consensus_2619,1156935.QWE_20443,S,Belongs to the peptidase M16 family,"Peptidase_M16,Peptidase_M16_C"
cluster_001_consensus_2620,1156935.QWE_20438,J,"Acetyltransferases, including N-acetylases of ribosomal proteins",Acetyltransf_3
cluster_001_consensus_2621,1156935.QWE_13963,T,Sensory box GGDEF family protein,"7TMR-DISMED2,7TMR-DISM_7TM,EAL,GGDEF,PAS_3"
cluster_001_consensus_2622,1156935.QWE_13958,E,Lysine exporter protein (LYSE YGGA),LysE
cluster_001_consensus_2623,1156935.QWE_13953,L,GyrI-like small molecule binding domain,"GyrI-like,HTH_18"
cluster_001_consensus_2624,1156935.QWE_13948,S,InterPro IPR014922,DUF1801
cluster_001_consensus_2625,1156935.QWE_13943,K,Belongs to the UPF0301 (AlgH) family,DUF179
cluster_001_consensus_2626,1220582.RRU01S_20_00560,T,PFAM SpoVT AbrB,MazE_antitoxin
cluster_001_consensus_2627,1220582.RRU01S_20_00550,T,"PemK-like, MazF-like toxin of type II toxin-antitoxin system",PemK_toxin
cluster_001_consensus_2628,1156935.QWE_13943,K,Belongs to the UPF0301 (AlgH) family,DUF179
cluster_001_consensus_2629,1156935.QWE_13938,CO,to be involved in C-type cytochrome biogenesis,DsbC
cluster_001_consensus_2630,1156935.QWE_13933,O,Peroxiredoxin,Redoxin
cluster_001_consensus_2631,1156935.QWE_13928,E,Stress responsive,Dabb
cluster_001_consensus_2632,1156935.QWE_13923,L,Endonuclease that specifically degrades the RNA of RNA- DNA hybrids,RNase_H
cluster_001_consensus_2633,1156935.QWE_13918,F,Belongs to the pseudomonas-type ThrB family,APH
cluster_001_consensus_2634,1156935.QWE_13913,S,HicB_like antitoxin of bacterial toxin-antitoxin system,HicB_lk_antitox
cluster_001_consensus_2635,1156935.QWE_13903,T,Diguanylate cyclase,"EAL,GAF,GAF_2,GGDEF,PAS,PAS_3,PAS_4,PAS_9"
cluster_001_consensus_2636,1156935.QWE_13893,IM,Catalyzes the conversion of 1-hydroxy-2-methyl-2-(E)- butenyl 4-diphosphate (HMBPP) into a mixture of isopentenyl diphosphate (IPP) and dimethylallyl diphosphate (DMAPP). Acts in the terminal step of the DOXP MEP pathway for isoprenoid precursor biosynthesis,LYTB
cluster_001_consensus_2637,1156935.QWE_13888,S,Protein of unknown function (DUF1304),DUF1304
cluster_001_consensus_2638,1156935.QWE_13883,S,SURF1-like protein,SURF1
cluster_001_consensus_2639,1156935.QWE_13878,S,Protein of unknown function (DUF983),DUF983
cluster_001_consensus_2640,1500257.JQNM01000003_gene5394,S,"L,D-transpeptidase catalytic domain",YkuD
cluster_001_consensus_2641,1156935.QWE_13873,C,"Heme copper-type cytochrome quinol oxidase, subunit 3",COX3
cluster_001_consensus_2642,1156935.QWE_13868,O,"Exerts its effect at some terminal stage of cytochrome c oxidase synthesis, probably by being involved in the insertion of the copper B into subunit I",CtaG_Cox11
cluster_001_consensus_2643,1156935.QWE_13863,-,-,-
cluster_001_consensus_2644,1156935.QWE_13858,O,Converts heme B (protoheme IX) to heme O by substitution of the vinyl group on carbon 2 of heme B porphyrin ring with a hydroxyethyl farnesyl side group,UbiA
cluster_001_consensus_2645,1156935.QWE_13853,C,Cytochrome c oxidase is the component of the respiratory chain that catalyzes the reduction of oxygen to water. Subunits 1- 3 form the functional core of the enzyme complex. CO I is the catalytic subunit of the enzyme. Electrons originating in cytochrome c are transferred via the copper A center of subunit 2 and heme A of subunit 1 to the bimetallic center formed by heme A3 and copper B,COX1
cluster_001_consensus_2646,1156935.QWE_13848,C,Subunits I and II form the functional core of the enzyme complex. Electrons originating in cytochrome c are transferred via heme a and Cu(A) to the binuclear center formed by heme a3 and Cu(B),"COX2,COX2_TM"
cluster_001_consensus_2647,1156935.QWE_13843,S,Invasion associated locus B (IalB) protein,IalB
cluster_001_consensus_2648,1156935.QWE_13838,S,modulator of DNA gyrase,PmbA_TldD
cluster_001_consensus_2649,1370122.JHXQ01000005_gene3292,S,Haloacid dehalogenase-like hydrolase,HAD_2
cluster_001_consensus_2650,1336235.JAEG01000007_gene1624,K,"addiction module antidote protein, CC2985 family",-
cluster_001_consensus_2651,1156935.QWE_13818,M,Belongs to the peptidase S11 family,"Peptidase_S11,SPOR"
cluster_001_consensus_2652,1156935.QWE_13813,K,redox-sensitive transcriptional activator SoxR,"MerR,MerR-DNA-bind,MerR_1"
cluster_001_consensus_2653,1156935.QWE_13808,EGP,Sugar (and other) transporter,MFS_1
cluster_001_consensus_2654,1156935.QWE_13803,G,deacetylase,Polysacc_deac_1
cluster_001_consensus_2655,1156935.QWE_13798,H,Catalyzes the oxidation of either pyridoxine 5'- phosphate (PNP) or pyridoxamine 5'-phosphate (PMP) into pyridoxal 5'-phosphate (PLP),"PNP_phzG_C,Putative_PNPOx"
cluster_001_consensus_2656,1156935.QWE_13793,M,17 kDa outer membrane surface antigen,17kDa_Anti_2
cluster_001_consensus_2657,1156935.QWE_13788,O,molecular chaperone,"DnaJ,DnaJ_C"
cluster_001_consensus_2658,1156935.QWE_13778,I,Enoyl- acyl-carrier-protein reductase NADH,adh_short_C2
cluster_001_consensus_2659,1156935.QWE_13773,G,Belongs to the phosphoglycerate mutase family,His_Phos_1
cluster_001_consensus_2660,1156935.QWE_13768,S,Protein of unknown function (DUF1344),DUF1344
cluster_001_consensus_2661,1156935.QWE_13763,T,Diguanylate cyclase,"CHASE,EAL,GGDEF,PAS_3"
cluster_001_consensus_2662,1156935.QWE_13758,E,"Catalyzes the anti-1,4-elimination of the C-3 phosphate and the C-6 proR hydrogen from 5-enolpyruvylshikimate-3-phosphate (EPSP) to yield chorismate, which is the branch point compound that serves as the starting substrate for the three terminal pathways of aromatic amino acid biosynthesis. This reaction introduces a second double bond into the aromatic ring system",Chorismate_synt
cluster_001_consensus_2663,1156935.QWE_13753,H,"Catalyzes the conversion of D-ribulose 5-phosphate to formate and 3,4-dihydroxy-2-butanone 4-phosphate","DHBP_synthase,GTP_cyclohydro2"
cluster_001_consensus_2664,1156935.QWE_13748,S,RES,RES
cluster_001_consensus_2665,1156935.QWE_13743,S,Protein of unknown function (DUF2384),DUF2384
cluster_001_consensus_2666,1156935.QWE_13733,K,COG0454 Histone acetyltransferase HPA2 and related acetyltransferases,"Acetyltransf_1,Acetyltransf_10"
cluster_001_consensus_2667,1156935.QWE_13728,S,protein conserved in bacteria,HTH_42
cluster_001_consensus_2668,1156935.QWE_13723,P,ABC transporter,ABC_tran
cluster_001_consensus_2669,1156935.QWE_13718,P,Cobalt transport protein,CbiQ
cluster_001_consensus_2670,1156935.QWE_13713,S,BioY family,BioY
cluster_001_consensus_2671,1156935.QWE_13708,G,Domain of unknown function (DUF4424),DUF4424
cluster_001_consensus_2672,1156935.QWE_13698,NT,methyl-accepting chemotaxis protein,"CHASE3,HAMP,MCPsignal"
cluster_001_consensus_2673,1041138.KB890221_gene1576,NT,chemotaxis protein,"4HB_MCP_1,HAMP,MCPsignal"
cluster_001_consensus_2674,1246459.KB898354_gene4971,S,Uncharacterized protein conserved in bacteria (DUF2188),DUF2188
cluster_001_consensus_2675,1156935.QWE_13688,-,-,-
cluster_001_consensus_2676,1156935.QWE_13683,P,Destroys radicals which are normally produced within the cells and which are toxic to biological systems,"Sod_Fe_C,Sod_Fe_N"
cluster_001_consensus_2677,1156935.QWE_13678,-,-,-
cluster_001_consensus_2678,1156935.QWE_13673,S,Putative zinc- or iron-chelating domain,CxxCxxCC
cluster_001_consensus_2679,1156935.QWE_13668,EGP,Major facilitator superfamily,"MFS_1,MFS_1_like"
cluster_001_consensus_2680,1156935.QWE_13663,H,Catalyzes the acyloin condensation reaction between C atoms 2 and 3 of pyruvate and glyceraldehyde 3-phosphate to yield 1-deoxy-D-xylulose-5-phosphate (DXP),"DXP_synthase_N,Transket_pyr,Transketolase_C"
cluster_001_consensus_2681,1156935.QWE_13658,S,Belongs to the pirin family,"Pirin,Pirin_C"
cluster_001_consensus_2682,1156935.QWE_13638,K,helix_turn_helix ASNC type,"AsnC_trans_reg,HTH_24,HTH_AsnC-type"
cluster_001_consensus_2683,1156935.QWE_13633,E,"ABC-type histidine transport system, ATPase component",ABC_tran
cluster_001_consensus_2684,1156935.QWE_13628,ET,"ABC-type amino acid transport signal transduction systems, periplasmic component domain",SBP_bac_3
cluster_001_consensus_2685,1156935.QWE_13623,E,"ABC-type arginine transport system, permease component",BPD_transp_1
cluster_001_consensus_2686,1156935.QWE_13618,E,transport,BPD_transp_1
cluster_001_consensus_2687,1156935.QWE_13613,E,Cys/Met metabolism PLP-dependent enzyme,Cys_Met_Meta_PP
cluster_001_consensus_2688,1156935.QWE_13608,E,homocysteine,S-methyl_trans
cluster_001_consensus_2689,1156935.QWE_13603,P,"Membrane protein TerC, possibly involved in tellurium resistance",TerC
cluster_001_consensus_2690,1156935.QWE_13598,L,"Bidirectionally degrades single-stranded DNA into large acid-insoluble oligonucleotides, which are then degraded further into small acid-soluble oligonucleotides",Exonuc_VII_S
cluster_001_consensus_2691,1156935.QWE_13593,BQ,"Deacetylases, including yeast histone deacetylase and acetoin utilization protein",Hist_deacetyl
cluster_001_consensus_2692,1156935.QWE_13588,S,Thioesterase-like superfamily,"4HBT,4HBT_2"
cluster_001_consensus_2693,1082932.ATCR1_24600,T,Sensory methylation accepting chemotaxis protein,"MCPsignal,PAS_3,PAS_4,PAS_9"
cluster_001_consensus_2694,1156935.QWE_13583,J,Hemolysin,"FtsJ,S4"
cluster_001_consensus_2695,1156935.QWE_13578,J,Belongs to the class I-like SAM-binding methyltransferase superfamily. RNA M5U methyltransferase family,tRNA_U5-meth_tr
cluster_001_consensus_2696,1156935.QWE_13573,S,Animal haem peroxidase,An_peroxidase
cluster_001_consensus_2697,1532558.JL39_13015,I,"Serine aminopeptidase, S33",Abhydrolase_1
cluster_001_consensus_2698,1336235.JAEG01000007_gene1564,-,-,-
cluster_001_consensus_2699,1156935.QWE_13563,NT,methyl-accepting chemotaxis protein,"4HB_MCP_1,HAMP,MCPsignal,dCache_1"
cluster_001_consensus_2700,1156935.QWE_13558,I,enoyl-CoA hydratase,ECH_1
cluster_001_consensus_2701,1156935.QWE_13553,I,acyl-CoA dehydrogenase,"Acyl-CoA_dh_1,Acyl-CoA_dh_C,Acyl-CoA_dh_M,Acyl-CoA_dh_N,AcylCoA_DH_N"
cluster_001_consensus_2702,1156935.QWE_13548,S,Bacterial protein of unknown function (DUF839),DUF839
cluster_001_consensus_2703,1156935.QWE_13543,D,Prevents the cell division inhibition by proteins MinC and MinD at internal division sites while permitting inhibition at polar sites. This ensures cell division at the proper site by restricting the formation of a division septum at the midpoint of the long axis of the cell,MinE
cluster_001_consensus_2704,1156935.QWE_13538,D,Belongs to the ParA family,"AAA_31,CbiA"
cluster_001_consensus_2705,1156935.QWE_13533,D,Cell division inhibitor that blocks the formation of polar Z ring septums. Rapidly oscillates between the poles of the cell to destabilize FtsZ filaments that have formed before they mature into polar Z rings. Prevents FtsZ polymerization,"MinC_C,MinC_N"
cluster_001_consensus_2706,1156935.QWE_13528,S,BA14K-like protein,BA14K
cluster_001_consensus_2707,1336235.JAEG01000007_gene1557,S,BA14K-like protein,BA14K
cluster_001_consensus_2708,1156935.QWE_13518,C,Flavodoxin reductases (ferredoxin-NADPH reductases) family 1,"FAD_binding_6,Fer2,NAD_binding_1"
cluster_001_consensus_2709,1156935.QWE_13513,P,"Phenylpropionate dioxygenase and related ring-hydroxylating dioxygenases, large terminal subunit","Rieske,Ring_hydroxyl_A"
cluster_001_consensus_2710,1156935.QWE_13508,-,-,-
cluster_001_consensus_2711,1156935.QWE_13503,T,"Diguanylate cyclase, GGDEF domain",GGDEF
cluster_001_consensus_2712,1156935.QWE_13498,J,Required for the formation of a threonylcarbamoyl group on adenosine at position 37 (t(6)A37) in tRNAs that read codons beginning with adenine,"SUA5,Sua5_yciO_yrdC"
cluster_001_consensus_2713,1156935.QWE_13493,C,FAD FMN-containing dehydrogenases,"FAD-oxidase_C,FAD_binding_4"
cluster_001_consensus_2714,1156935.QWE_13488,S,N-terminal domain of molybdenum-binding protein,HTH_1
cluster_001_consensus_2715,1156935.QWE_13483,P,Part of the ABC transporter complex ModABC involved in molybdenum import. Responsible for energy coupling to the transport system,"ABC_tran,TOBE"
cluster_001_consensus_2716,1156935.QWE_13478,P,"ABC-type molybdate transport system, permease component",BPD_transp_1
cluster_001_consensus_2717,1156935.QWE_13473,P,Molybdenum ABC transporter,SBP_bac_11
cluster_001_consensus_2718,1156935.QWE_13468,S,Protein of unknown function (DUF1217),DUF1217
cluster_001_consensus_2719,1156935.QWE_13463,-,-,-
cluster_001_consensus_2720,1156935.QWE_13458,H,"Catalyzes the prenylation of para-hydroxybenzoate (PHB) with an all-trans polyprenyl group. Mediates the second step in the final reaction sequence of ubiquinone-8 (UQ-8) biosynthesis, which is the condensation of the polyisoprenoid side chain with PHB, generating the first membrane-bound Q intermediate 3- octaprenyl-4-hydroxybenzoate",UbiA
cluster_001_consensus_2721,1156935.QWE_13453,M,MltA-interacting protein MipA,MipA
cluster_001_consensus_2722,1156935.QWE_13448,E,Aminotransferase,Aminotran_4
cluster_001_consensus_2723,1156935.QWE_13433,E,Protease II,"Peptidase_S9,Peptidase_S9_N"
cluster_001_consensus_2724,1336235.JAEG01000018_gene3309,-,-,-
cluster_001_consensus_2725,1156935.QWE_13428,P,Cation efflux family,Cation_efflux
cluster_001_consensus_2726,1156935.QWE_13423,K,Transcriptional regulator,"MerR,MerR-DNA-bind,MerR_1"
cluster_001_consensus_2727,1156935.QWE_13418,K,Transcriptional regulator,HTH_24
cluster_001_consensus_2728,1156935.QWE_13413,-,-,-
cluster_001_consensus_2729,1156935.QWE_13408,K,-acetyltransferase,"Acetyltransf_1,Acetyltransf_7"
cluster_001_consensus_2730,1156935.QWE_13403,S,ThiJ PfpI family protein,DJ-1_PfpI
cluster_001_consensus_2731,1156935.QWE_13398,-,-,-
cluster_001_consensus_2732,1156935.QWE_13393,C,"Cytochrome c, mono- and diheme variants",Cytochrom_C
cluster_001_consensus_2733,1156935.QWE_13388,C,Cytochrome c556,Cytochrom_C_2
cluster_001_consensus_2734,1156935.QWE_13383,S,Calcineurin-like phosphoesterase,Metallophos
cluster_001_consensus_2735,1156935.QWE_13378,S,permease,AI-2E_transport
cluster_001_consensus_2736,1156935.QWE_13373,S,Glyoxalase bleomycin resistance protein dioxygenase,Glyoxalase
cluster_001_consensus_2737,1156935.QWE_13368,T,Universal stress protein,Usp
cluster_001_consensus_2738,1156935.QWE_13363,T,DnaK suppressor protein,zf-dskA_traR
cluster_001_consensus_2739,1156935.QWE_13358,K,Transcriptional accessory protein,"HHH_3,S1,Tex_N,Tex_YqgF"
cluster_001_consensus_2740,1156935.QWE_13353,F,Belongs to the GARS family,"GARS_A,GARS_C,GARS_N"
cluster_001_consensus_2741,1156935.QWE_13348,-,-,-
cluster_001_consensus_2742,1156935.QWE_13343,T,chemotaxis protein,"MCPsignal,sCache_2"
cluster_001_consensus_2743,1156935.QWE_13333,S,Protein of unknown function (DUF523),DUF523
cluster_001_consensus_2744,1156935.QWE_13323,K,Transcriptional regulator,-
cluster_001_consensus_2745,419610.Mext_4242,S,addiction module killer protein,Gp49
cluster_001_consensus_2746,1156935.QWE_13318,J,Glycyl-tRNA synthetase beta subunit,"DALR_1,tRNA_synt_2f"
cluster_001_consensus_2747,1532558.JL39_28470,K,Helix-turn-helix,HTH_3
cluster_001_consensus_2748,1144310.PMI07_003355,S,RelE-like toxin of type II toxin-antitoxin system HigB,HigB-like_toxin
cluster_001_consensus_2749,1156935.QWE_13308,S,Predicted membrane protein (DUF2207),DUF2207
cluster_001_consensus_2750,1156935.QWE_13303,E,Catalyzes the transfer of the enolpyruvyl moiety of phosphoenolpyruvate (PEP) to the 5-hydroxyl of shikimate-3- phosphate (S3P) to produce enolpyruvyl shikimate-3-phosphate and inorganic phosphate,EPSP_synthase
cluster_001_consensus_2751,1156935.QWE_13298,S,LemA family,LemA
cluster_001_consensus_2752,1336235.JAEG01000008_gene1333,T,Histidine kinase,"HATPase_c,HisKA,PAS_3,PAS_4,PAS_7,PAS_8,PAS_9,Response_reg"
cluster_001_consensus_2753,1336235.JAEG01000008_gene1334,KT,response regulator,Response_reg
cluster_001_consensus_2754,316056.RPC_3289,S,Protein of unknown function (DUF3800),DUF3800
cluster_001_consensus_2755,1156935.QWE_13283,J,glycyl-tRNA synthetase alpha subunit,tRNA-synt_2e
cluster_001_consensus_2756,1156935.QWE_13278,T,signal transduction histidine kinase,"HWE_HK,PAS_4,PAS_9"
cluster_001_consensus_2757,1156935.QWE_13273,OU,Membrane protein implicated in regulation of membrane protease activity,-
cluster_001_consensus_2758,1156935.QWE_13268,OU,Periplasmic serine proteases (ClpP class),Peptidase_S49
cluster_001_consensus_2759,1156935.QWE_13263,S,Methyltransferase,MTS
cluster_001_consensus_2760,1156935.QWE_13258,S,Putative prokaryotic signal transducing protein,DUF2007
cluster_001_consensus_2761,1156935.QWE_13253,H,Belongs to the FPP GGPP synthase family,polyprenyl_synt
cluster_001_consensus_2762,1156935.QWE_13248,M,FOG TPR repeat,"TPR_16,TPR_19,TPR_2,TPR_6,TPR_7,TPR_8"
cluster_001_consensus_2763,1156935.QWE_13243,I,Catalyzes the phosphorylation of the position 2 hydroxy group of 4-diphosphocytidyl-2C-methyl-D-erythritol,"GHMP_kinases_C,GHMP_kinases_N"
cluster_001_consensus_2764,1156935.QWE_13238,H,May be involved in the biosynthesis of molybdopterin,MoCF_biosynth
cluster_001_consensus_2765,1156935.QWE_13233,S,Glycosyltransferases involved in cell wall biogenesis,Glycos_transf_2
cluster_001_consensus_2766,1156935.QWE_13228,L,Radical SAM,Radical_SAM
cluster_001_consensus_2767,1156935.QWE_13223,L,Endonuclease that specifically degrades the RNA of RNA- DNA hybrids,RNase_HII
cluster_001_consensus_2768,1156935.QWE_13218,C,"Component of the F(0) channel, it forms part of the peripheral stalk, linking F(1) to F(0)",ATP-synt_B
cluster_001_consensus_2769,1156935.QWE_13213,C,"Component of the F(0) channel, it forms part of the peripheral stalk, linking F(1) to F(0)",ATP-synt_B
cluster_001_consensus_2770,1156935.QWE_13208,C,"F(1)F(0) ATP synthase produces ATP from ADP in the presence of a proton or sodium gradient. F-type ATPases consist of two structural domains, F(1) containing the extramembraneous catalytic core and F(0) containing the membrane proton channel, linked together by a central stalk and a peripheral stalk. During catalysis, ATP synthesis in the catalytic domain of F(1) is coupled via a rotary mechanism of the central stalk subunits to proton translocation",ATP-synt_C
cluster_001_consensus_2771,1156935.QWE_13203,C,it plays a direct role in the translocation of protons across the membrane,ATP-synt_A
cluster_001_consensus_2772,1156935.QWE_13198,S,function for this protein is to guide the assembly of the membrane sector of the ATPase enzyme complex,ATPase_gene1
cluster_001_consensus_2774,1156935.QWE_13188,M,Cell wall hydrolyses involved in spore germination,Hydrolase_2
cluster_001_consensus_2775,1156935.QWE_13183,P,Transport of potassium into the cell,K_trans
cluster_001_consensus_2776,1156935.QWE_13178,P,transport protein,CorA
cluster_001_consensus_2777,1156935.QWE_13173,D,Binds and transfers iron-sulfur (Fe-S) clusters to target apoproteins. Can hydrolyze ATP,"FeS_assembly_P,ParA"
cluster_001_consensus_2778,1156935.QWE_13168,K,luxR family,"Autoind_bind,GerE"
cluster_001_consensus_2779,1156935.QWE_13163,G,gluconolactonase,SGL
cluster_001_consensus_2780,1156935.QWE_13158,S,PRC-barrel domain,PRC
cluster_001_consensus_2781,1156935.QWE_13138,T,GGDEF domain,"EAL,GGDEF"
cluster_001_consensus_2782,1156935.QWE_13133,T,response regulator,"PAS_4,PAS_7,Response_reg"
cluster_001_consensus_2783,1156935.QWE_13128,L,"This protein is involved in the repair of mismatches in DNA. It is required for dam-dependent methyl-directed DNA mismatch repair. May act as a molecular matchmaker , a protein that promotes the formation of a stable complex between two or more DNA-binding proteins in an ATP-dependent manner without itself being part of a final effector complex","DNA_mis_repair,HATPase_c_3,MutL_C"
cluster_001_consensus_2784,1156935.QWE_13123,S,Uncharacterized protein conserved in bacteria (DUF2093),DUF2093
cluster_001_consensus_2785,1156935.QWE_13118,M,"Transfers the gamma-phosphate of ATP to the 4'-position of a tetraacyldisaccharide 1-phosphate intermediate (termed DS-1- P) to form tetraacyldisaccharide 1,4'-bis-phosphate (lipid IVA)",LpxK
cluster_001_consensus_2786,1156935.QWE_13113,S,HAD-hyrolase-like,HAD_2
cluster_001_consensus_2787,1156935.QWE_13108,M,transferase,Glycos_transf_N
cluster_001_consensus_2788,1156935.QWE_13103,G,Domain of unknown function (DUF4170),DUF4170
cluster_001_consensus_2789,1156935.QWE_13098,G,Inositol monophosphatase,Inositol_P
cluster_001_consensus_2790,1156935.QWE_13093,S,Modulator of DNA gyrase,PmbA_TldD
cluster_001_consensus_2791,1156935.QWE_13088,P,Belongs to the monovalent cation proton antiporter 2 (CPA2) transporter (TC 2.A.37) family,"Na_H_Exchanger,TrkA_N"
cluster_001_consensus_2792,1156935.QWE_13083,S,Patatin-like phospholipase,Patatin
cluster_001_consensus_2793,1156935.QWE_13078,L,Conserved hypothetical protein 95,Cons_hypoth95
cluster_001_consensus_2794,1156935.QWE_13073,J,Belongs to the pseudouridine synthase RsuA family,"PseudoU_synth_2,S4"
cluster_001_consensus_2795,1156935.QWE_13068,FJ,Catalyzes the deamination of adenosine to inosine at the wobble position 34 of tRNA(Arg2),"MafB19-deam,dCMP_cyt_deam_1"
cluster_001_consensus_2796,1156935.QWE_13063,-,-,-
cluster_001_consensus_2797,1156935.QWE_13058,M,Acetyltransferase (GNAT) domain,Acetyltransf_1
cluster_001_consensus_2798,1156935.QWE_13053,-,-,-
cluster_001_consensus_2799,1156935.QWE_13048,J,"amino acids such as valine, to avoid such errors it has two additional distinct tRNA(Ile)-dependent editing activities. One activity is designated as 'pretransfer' editing and involves the hydrolysis of activated Val-AMP. The other activity is designated 'posttransfer' editing and involves deacylation of mischarged Val-tRNA(Ile)","Anticodon_1,tRNA-synt_1,zf-FPG_IleRS"
cluster_001_consensus_2800,1484157.PSNIH2_09375,K,".,Oxidizes proline to glutamate for use as a carbon and nitrogen source",-
cluster_001_consensus_2801,1038858.AXBA01000035_gene311,S,Plasmid stabilization system,ParE_toxin
cluster_001_consensus_2802,1156935.QWE_13043,S,BrnA antitoxin of type II toxin-antitoxin system,BrnA_antitoxin
cluster_001_consensus_2803,1156935.QWE_13038,S,transporter component,Sulf_transp
cluster_001_consensus_2804,1156935.QWE_13033,S,Sulphur transport,Sulf_transp
cluster_001_consensus_2805,1156935.QWE_13028,H,Belongs to the ribF family,"FAD_syn,Flavokinase"
cluster_001_consensus_2806,1156935.QWE_13023,G,sugar phosphatases of the HAD superfamily,"Hydrolase_6,Hydrolase_like"
cluster_001_consensus_2807,1156935.QWE_13018,P,Chromate,Chromate_transp
cluster_001_consensus_2808,1156935.QWE_13013,O,Binds to Cpn60 in the presence of Mg-ATP and suppresses the ATPase activity of the latter,Cpn10
cluster_001_consensus_2809,1156935.QWE_13008,O,Prevents misfolding and promotes the refolding and proper assembly of unfolded polypeptides generated under stress conditions,Cpn60_TCP1
cluster_001_consensus_2810,1156935.QWE_12998,-,-,-
cluster_001_consensus_2811,1156935.QWE_12988,S,membrane,DoxX
cluster_001_consensus_2812,1156935.QWE_12983,Q,COG0500 SAM-dependent methyltransferases,"Acetyltransf_1,Methyltransf_25"
cluster_001_consensus_2813,1156935.QWE_12978,E,Catalyzes the condensation of ATP and 5-phosphoribose 1- diphosphate to form N'-(5'-phosphoribosyl)-ATP (PR-ATP). Has a crucial role in the pathway because the rate of histidine biosynthesis seems to be controlled primarily by regulation of HisG enzymatic activity,"HisG,HisG_C"
cluster_001_consensus_2814,1156935.QWE_12973,E,Required for the first step of histidine biosynthesis. May allow the feedback regulation of ATP phosphoribosyltransferase activity by histidine,tRNA-synt_His
cluster_001_consensus_2815,1370122.JHXQ01000005_gene3410,J,histidyl-tRNA synthetase,"HGTP_anticodon,tRNA-synt_His"
cluster_001_consensus_2816,1532558.JL39_28795,-,-,-
cluster_001_consensus_2817,1281779.H009_00844,DJ,"ParE toxin of type II toxin-antitoxin system, parDE",ParE_toxin
cluster_001_consensus_2818,1156935.QWE_12953,-,-,-
cluster_001_consensus_2819,1156935.QWE_12943,S,Domain of unknown function (DUF305),DUF305
cluster_001_consensus_2820,1156935.QWE_12938,S,hydrolase,"HAD_2,Hydrolase"
cluster_001_consensus_2821,1156935.QWE_12928,L,3-methyladenine DNA glycosylase,Adenine_glyco
cluster_001_consensus_2822,1156935.QWE_12923,S,protein conserved in bacteria,YkuD
cluster_001_consensus_2823,1156935.QWE_12918,S,ErfK YbiS YcfS YnhG family protein,YkuD
cluster_001_consensus_2824,1336235.JAEG01000007_gene1454,M,Lipid A oxidase,OMP_b-brl
cluster_001_consensus_2825,1156935.QWE_12913,-,-,-
cluster_001_consensus_2826,1156935.QWE_12908,C,"Glycolate oxidase, iron-sulfur subunit","CCG,Fer4_7"
cluster_001_consensus_2827,1156935.QWE_12903,S,membrane,-
cluster_001_consensus_2828,1156935.QWE_12898,C,Glycolate oxidase subunit,"FAD-oxidase_C,FAD_binding_4"
cluster_001_consensus_2829,1156935.QWE_12893,C,Glycolate oxidase subunit,"FAD-oxidase_C,FAD_binding_4"
cluster_001_consensus_2830,1156935.QWE_12888,K,Transcriptional regulator,"HTH_1,LysR_substrate"
cluster_001_consensus_2831,1041139.KB902579_gene4869,-,-,-
cluster_001_consensus_2832,1156935.QWE_12883,O,belongs to the thioredoxin family,-
cluster_001_consensus_2833,1336235.JAEG01000007_gene1446,S,"HicA toxin of bacterial toxin-antitoxin,",HicA_toxin
cluster_001_consensus_2834,1156935.QWE_12873,S,HicB family,HicB
cluster_001_consensus_2835,1156935.QWE_12868,S,Protein of unknown function (DUF3422),DUF3422
cluster_001_consensus_2836,1156935.QWE_12863,K,FCD,"FCD,GntR"
cluster_001_consensus_2837,1156935.QWE_12843,M,Sucrose synthase,"Glyco_transf_4,Glycos_transf_1"
cluster_001_consensus_2838,1156935.QWE_12838,S,hydrolases of the HAD superfamily,S6PP
cluster_001_consensus_2839,1156935.QWE_12833,L,NTP pyrophosphohydrolases including oxidative damage repair enzymes,NUDIX
cluster_001_consensus_2840,1156935.QWE_12828,P,Phosphate,PHO4
cluster_001_consensus_2841,1156935.QWE_12823,J,Specifically methylates the N3 position of the uracil ring of uridine 1498 (m3U1498) in 16S rRNA. Acts on the fully assembled 30S ribosomal subunit,Methyltrans_RNA
cluster_001_consensus_2842,1156935.QWE_12818,H,glutamate--cysteine ligase,GCS2
cluster_001_consensus_2843,1156935.QWE_12813,S,Bacterial protein of unknown function (DUF937),DUF937
cluster_001_consensus_2844,1156935.QWE_12808,NT,methyl-accepting chemotaxis protein,"4HB_MCP_1,HAMP,MCPsignal,dCache_1"
cluster_001_consensus_2845,1336235.JAEG01000007_gene1428,S,Domain of unknown function (DUF1127),DUF1127
cluster_001_consensus_2846,1156935.QWE_12798,K,Transcriptional regulator,"HTH_1,LysR_substrate"
cluster_001_consensus_2847,1156935.QWE_12793,K,Transcriptional regulator,TetR_N
cluster_001_consensus_2848,1156935.QWE_12788,S,Patatin-like phospholipase,"DUF3734,Patatin"
cluster_001_consensus_2849,1156935.QWE_12783,-,-,-
cluster_001_consensus_2850,1156935.QWE_12778,S,Zn-dependent alcohol dehydrogenases,"ADH_N,ADH_zinc_N"
cluster_001_consensus_2851,1156935.QWE_12773,Q,dienelactone hydrolase,DLH
cluster_001_consensus_2852,1156935.QWE_12768,S,MAPEG family,MAPEG
cluster_001_consensus_2853,1336235.JAEG01000007_gene1421,-,-,-
cluster_001_consensus_2854,1156935.QWE_12758,F,"Catalyzes the conversion of inosine 5'-phosphate (IMP) to xanthosine 5'-phosphate (XMP), the first committed and rate- limiting step in the de novo synthesis of guanine nucleotides, and therefore plays an important role in the regulation of cell growth","CBS,IMPDH,NMO"
cluster_001_consensus_2855,1156935.QWE_12753,S,Domain of unknown function (DUF1476),DUF1476
cluster_001_consensus_2856,1156935.QWE_12748,S,Metallo-beta-lactamase superfamily,Lactamase_B
cluster_001_consensus_2857,1156935.QWE_12743,EGP,Major facilitator superfamily,"MFS_1,TRI12"
cluster_001_consensus_2858,1156935.QWE_12738,E,Glyoxalase/Bleomycin resistance protein/Dioxygenase superfamily,Glyoxalase
cluster_001_consensus_2859,1156935.QWE_12733,J,Specifically methylates the uridine in position 2552 of 23S rRNA at the 2'-O position of the ribose in the fully assembled 50S ribosomal subunit,FtsJ
cluster_001_consensus_2860,1156935.QWE_12728,FP,Exopolyphosphatase,Ppx-GppA
cluster_001_consensus_2862,1437448.AZRT01000111_gene3692,L,Integrase core domain,"HTH_21,HTH_Tnp_1,rve"
cluster_001_consensus_2864,1287116.X734_28665,H,Belongs to the class I-like SAM-binding methyltransferase superfamily. C5-methyltransferase family,"DNA_methylase,HTH_3"
cluster_001_consensus_2865,1121935.AQXX01000080_gene858,KT,Response regulator of the LytR AlgR family,-
cluster_001_consensus_2866,1207075.PputUW4_04190,T,Histidine kinase,"HATPase_c,HATPase_c_3"
cluster_001_consensus_2867,1220582.RRU01S_07_00080,G,"FGGY family of carbohydrate kinases, C-terminal domain","FGGY_C,FGGY_N"
cluster_001_consensus_2868,492774.JQMB01000015_gene1748,S,COG4221 Short-chain alcohol dehydrogenase of,adh_short
cluster_001_consensus_2869,1220582.RRU01S_07_00060,G,Belongs to the binding-protein-dependent transport system permease family,BPD_transp_2
cluster_001_consensus_2870,1500304.JQKY01000024_gene4717,G,ATPases associated with a variety of cellular activities,ABC_tran
cluster_001_consensus_2871,311402.Avi_7378,G,Periplasmic binding protein domain,Peripla_BP_4
cluster_001_consensus_2872,311402.Avi_7379,K,helix_turn _helix lactose operon repressor,"LacI,Peripla_BP_1,Peripla_BP_4"
cluster_001_consensus_2873,384765.SIAM614_02446,I,COG0332 3-oxoacyl- acyl-carrier-protein synthase III,"ACP_syn_III,ACP_syn_III_C"
cluster_001_consensus_2874,384765.SIAM614_02441,M,NAD-dependent epimerase dehydratase,Epimerase
cluster_001_consensus_2875,384765.SIAM614_02436,S,"COG0491 Zn-dependent hydrolases, including glyoxylases",Lactamase_B
cluster_001_consensus_2876,384765.SIAM614_02431,H,COG1541 Coenzyme F390 synthetase,AMP-binding
cluster_001_consensus_2877,384765.SIAM614_02426,HJ,ligase activity,Acetyltransf_6
cluster_001_consensus_2878,384765.SIAM614_02421,P,Rieske 2Fe-2S domain protein,Rieske
cluster_001_consensus_2879,1082933.MEA186_20274,S,ATP-grasp domain,ATP-grasp_3
cluster_001_consensus_2880,1430440.MGMSRv2_1015,O,Trypsin-like serine protease,-
cluster_001_consensus_2881,1156935.QWE_19068,S,Putative transposase,"Y2_Tnp,Zn_Tnp_IS91"
cluster_001_consensus_2882,1156935.QWE_19073,L,Belongs to the 'phage' integrase family,"Phage_int_SAM_4,Phage_integrase"
cluster_001_consensus_2883,420324.KI911952_gene3275,-,-,-
cluster_001_consensus_2884,1217712.F971_03184,-,-,-
cluster_001_consensus_2886,1353531.AZNX01000008_gene691,K,Transcriptional regulator,"HTH_1,LysR_substrate"
cluster_001_consensus_2887,412597.AEPN01000008_gene2230,C,[2Fe-2S] binding domain,"Fer2,Fer2_2"
cluster_001_consensus_2888,1041159.AZUW01000027_gene2379,C,"Aldehyde oxidase and xanthine dehydrogenase, a/b hammerhead domain","Ald_Xan_dh_C,Ald_Xan_dh_C2"
cluster_001_consensus_2889,1532558.JL39_04080,C,Cytochrome c,Cytochrom_C
cluster_001_consensus_2890,1353531.AZNX01000008_gene687,EGP,Arabinose efflux permease,MFS_1
cluster_001_consensus_2891,1041159.AZUW01000027_gene2382,I,sulfurtransferase activity,-
cluster_001_consensus_2892,1353531.AZNX01000008_gene685,E,Alcohol dehydrogenase GroES-like domain,"ADH_N,ADH_zinc_N"
cluster_001_consensus_2893,936136.ARRT01000002_gene277,O,XdhC Rossmann domain,"XdhC_C,XdhC_CoxI"
cluster_001_consensus_2894,1500257.JQNM01000003_gene5332,S,"conserved protein, contains double-stranded beta-helix domain",Cupin_2
cluster_001_consensus_2895,1510531.JQJJ01000010_gene2292,S,Dienelactone hydrolase family,"Abhydrolase_6,DLH,DUF1100,Hydrolase_4,Peptidase_S15,Peptidase_S9"
cluster_001_consensus_2896,1156935.QWE_19108,G,Inositol monophosphatase,Inositol_P
cluster_001_consensus_2897,1156935.QWE_19113,P,Part of the ABC transporter complex FbpABC involved in Fe(3 ) ions import. Responsible for energy coupling to the transport system,"ABC_tran,TOBE_2"
cluster_001_consensus_2898,1156935.QWE_19118,P,"ABC-type Fe3 transport system, permease component",BPD_transp_1
cluster_001_consensus_2899,1156935.QWE_19123,P,"ABC-type Fe3 transport system, periplasmic component",SBP_bac_6
cluster_001_consensus_2900,1156935.QWE_19128,P,"ABC-type Fe3 transport system, periplasmic component",SBP_bac_6
cluster_001_consensus_2901,1156935.QWE_19133,K,Response regulators consisting of a CheY-like receiver domain and a winged-helix DNA-binding domain,"Response_reg,Trans_reg_C"
cluster_001_consensus_2902,1156935.QWE_19138,T,signal transduction histidine kinase,"HATPase_c,HisKA,PAS_9,Response_reg"
cluster_001_consensus_2903,1156935.QWE_12498,P,"Multisubunit Na H antiporter, MnhG subunit",PhaG_MnhG_YufB
cluster_001_consensus_2904,1156935.QWE_12493,P,"Multisubunit Na H antiporter, MnhF subunit",MrpF_PhaF
cluster_001_consensus_2905,1156935.QWE_12488,P,Na+/H+ ion antiporter subunit,MNHE
cluster_001_consensus_2906,1156935.QWE_12483,CP,"Formate hydrogenlyase subunit 3 Multisubunit Na H antiporter, MnhD subunit",Proton_antipo_M
cluster_001_consensus_2907,1156935.QWE_12478,P,"Multisubunit Na H antiporter, MnhC subunit",Oxidored_q2
cluster_001_consensus_2908,1156935.QWE_12473,CP,"NADH ubiquinone oxidoreductase subunit 5 (chain L) Multisubunit Na H antiporter, MnhA subunit","DUF4040,MnhB,Proton_antipo_M,Proton_antipo_N"
cluster_001_consensus_2909,1156935.QWE_12468,K,TRANSCRIPTIONal,"HTH_3,HTH_31"
cluster_001_consensus_2910,1156935.QWE_12463,U,Part of the Sec protein translocase complex. Interacts with the SecYEG preprotein conducting channel. SecDF uses the proton motive force (PMF) to complete protein translocation after the ATP-dependent function of SecA,"SecD_SecF,Sec_GG"
cluster_001_consensus_2912,1287276.X752_06775,E,Choline dehydrogenase,"GMC_oxred_C,GMC_oxred_N"
cluster_001_consensus_2913,1281779.H009_01589,G,Belongs to the FGGY kinase family,"FGGY_C,FGGY_N"
cluster_001_consensus_2914,1082932.ATCR1_12878,G,"DhnA-type fructose-1,6-bisphosphate aldolase and related enzymes",DeoC
cluster_001_consensus_2915,861208.AGROH133_12364,C,Glycerol-3-phosphate dehydrogenase,"DAO,DAO_C"
cluster_001_consensus_2916,1082932.ATCR1_12868,C,Aldo/keto reductase family,Aldo_ket_red
cluster_001_consensus_2917,1281779.H009_01609,K,Transcriptional regulator,"Sigma70_r4_2,Sugar-bind"
cluster_001_consensus_2918,1082932.ATCR1_12858,G,"Ribose xylose arabinose galactoside ABC-type transport systems, permease components",BPD_transp_2
cluster_001_consensus_2919,1281779.H009_01619,G,"Part of an ABC transporter complex involved in carbohydrate import. Could be involved in ribose, galactose and or methyl galactoside import. Responsible for energy coupling to the transport system",ABC_tran
cluster_001_consensus_2920,861208.AGROH133_12380,G,ABC transporter,Peripla_BP_4
cluster_001_consensus_2921,1156935.QWE_12353,S,ABC1 family,ABC1
cluster_001_consensus_2922,1156935.QWE_12348,L,Deoxyribodipyrimidine photo-lyase,FAD_binding_7
cluster_001_consensus_2923,1156935.QWE_19028,G,mannose-6-phosphate isomerase,GlcNAc_2-epim
cluster_001_consensus_2924,1156935.QWE_19033,G,"beta-1,4-mannooligosaccharide phosphorylase",Glyco_hydro_130
cluster_001_consensus_2925,1156935.QWE_19038,M,Glycosyltransferase Family 4,"Glyco_trans_1_4,Glyco_trans_4_4,Glyco_transf_4,Glycos_transf_1"
cluster_001_consensus_2926,991905.SL003B_4223,-,-,-
cluster_001_consensus_2927,1156935.QWE_19048,-,-,-
cluster_001_consensus_2929,1082933.MEA186_17598,S,Protein of unknown function (DUF1488),DUF1488
cluster_001_consensus_2931,690585.JNNU01000016_gene2570,S,AI-2E family transporter,AI-2E_transport
cluster_001_consensus_2932,861208.AGROH133_09496,E,Transglutaminase/protease-like homologues,Transglut_core
cluster_001_consensus_2933,1156935.QWE_21292,P,Di- and tricarboxylate transporters,"CitMHS,TrkA_C"
cluster_001_consensus_2934,1156935.QWE_04433,C,Pyridine nucleotide-disulphide oxidoreductase,Pyr_redox_2
cluster_001_consensus_2935,1156935.QWE_04438,S,ATPases associated with a variety of cellular activities,ABC_tran
cluster_001_consensus_2936,1156935.QWE_04443,P,"transport system, permease component",BPD_transp_1
cluster_001_consensus_2937,1156935.QWE_04448,S,Bacterial extracellular solute-binding protein,SBP_bac_8
cluster_001_consensus_2938,1156935.QWE_04453,S,Putative zinc-finger,zf-HC2
cluster_001_consensus_2939,1156935.QWE_04458,S,SNARE associated Golgi protein,SNARE_assoc
cluster_001_consensus_2940,1156935.QWE_04463,K,Belongs to the sigma-70 factor family. ECF subfamily,"Sigma70_r2,Sigma70_r4_2"
cluster_001_consensus_2941,1156935.QWE_04468,I,Belongs to the CDP-alcohol phosphatidyltransferase class-I family,CDP-OH_P_transf
cluster_001_consensus_2942,1156935.QWE_04473,C,Belongs to the class-I pyridine nucleotide-disulfide oxidoreductase family,"Pyr_redox_2,Pyr_redox_dim,SNARE_assoc"
cluster_001_consensus_2943,1156935.QWE_12298,S,FecR protein,FecR
cluster_001_consensus_2944,1156935.QWE_12293,T,Diguanylate cyclase,"CHASE2,EAL,GGDEF"
cluster_001_consensus_2945,1156935.QWE_12288,S,protein conserved in bacteria,DUF454
cluster_001_consensus_2946,1156935.QWE_12283,E,Glycine D-amino acid oxidases (deaminating),DAO
cluster_001_consensus_2947,1156935.QWE_12278,E,glutamine synthetase,Gln-synt_C
cluster_001_consensus_2948,1156935.QWE_12273,E,Oxidoreductase,DAO
cluster_001_consensus_2949,1156935.QWE_12268,S,Carbon-nitrogen hydrolase,CN_hydrolase
cluster_001_consensus_2950,1156935.QWE_12263,G,Gluconokinase,SKI
cluster_001_consensus_2951,1156935.QWE_12258,E,GMC oxidoreductase,"GMC_oxred_C,GMC_oxred_N"
cluster_001_consensus_2952,1156935.QWE_12253,K,Transcriptional regulator,Rrf2
cluster_001_consensus_2953,1156935.QWE_12248,P,"ABC-type Fe3 transport system, periplasmic component","SBP_bac_6,SBP_bac_8"
cluster_001_consensus_2954,1156935.QWE_12243,O,Peptidase family M48,Peptidase_M48
cluster_001_consensus_2955,1156935.QWE_12238,S,Bacterial protein of unknown function (DUF898),DUF898
cluster_001_consensus_2956,1116369.KB890024_gene600,S,Glutathione-dependent formaldehyde-activating enzyme,GFA
cluster_001_consensus_2957,1156935.QWE_12233,C,Methylmalonate-semialdehyde dehydrogenase,Aldedh
cluster_001_consensus_2958,1156935.QWE_12228,O,Thioredoxin reductase,Pyr_redox_2
cluster_001_consensus_2959,1156935.QWE_12223,K,transcriptional regulator,Rrf2
cluster_001_consensus_2960,1156935.QWE_12218,K,Transcriptional regulator,"HTH_1,LysR_substrate"
cluster_001_consensus_2961,1156935.QWE_12213,O,HupE / UreJ protein,HupE_UreJ
cluster_001_consensus_2962,1156935.QWE_12208,E,Branched-chain amino acid aminotransferase,Aminotran_4
cluster_001_consensus_2963,69042.WH5701_01930,-,-,-
cluster_001_consensus_2964,1156935.QWE_09922,-,-,-
cluster_001_consensus_2966,1156935.QWE_12198,S,Phasin protein,Phasin_2
cluster_001_consensus_2967,1156935.QWE_12193,T,Histidine kinase,"HATPase_c,HisKA,PAS,PAS_8,PAS_9"
cluster_001_consensus_2968,1185652.USDA257_c26600,T,His Kinase A (phosphoacceptor) domain,"HAMP,HATPase_c,HisKA"
cluster_001_consensus_2969,690585.JNNU01000010_gene937,T,"Transcriptional regulatory protein, C terminal","Response_reg,Trans_reg_C"
cluster_001_consensus_2970,1041142.ATTP01000004_gene4699,T,Domain of unknown function (DUF4173),DUF4173
cluster_001_consensus_2971,1156935.QWE_12188,E,Lysine exporter protein (LYSE YGGA),LysE
cluster_001_consensus_2972,1156935.QWE_12183,P,"ABC-type Fe3 transport system, permease component",BPD_transp_1
cluster_001_consensus_2973,1156935.QWE_12178,I,Acyl-coenzyme A synthetases AMP-(fatty) acid ligases,"ACAS_N,AMP-binding,AMP-binding_C"
cluster_001_consensus_2974,1156935.QWE_12173,M,AsmA-like C-terminal region,"AsmA,AsmA_2"
cluster_001_consensus_2975,1156935.QWE_12168,-,-,-
cluster_001_consensus_2976,1156935.QWE_12163,E,"ABC-type spermidine putrescine transport system, permease component II",BPD_transp_1
cluster_001_consensus_2977,1156935.QWE_12158,P,"ABC-type spermidine putrescine transport system, permease component I",BPD_transp_1
cluster_001_consensus_2978,1156935.QWE_12153,P,Part of the ABC transporter complex potABCD involved in spermidine putrescine import. Responsible for energy coupling to the transport system,"ABC_tran,TOBE_2"
cluster_001_consensus_2979,1156935.QWE_12148,P,Required for the activity of the bacterial periplasmic transport system of putrescine,SBP_bac_8
cluster_001_consensus_2980,1156935.QWE_12133,K,transcriptional,"DUF2083,HTH_3,HTH_31,Peptidase_M78"
cluster_001_consensus_2981,1156935.QWE_12128,C,Isocitrate lyase,"ICL,PEP_mutase"
cluster_001_consensus_2982,1156935.QWE_12123,-,-,-
cluster_001_consensus_2983,1156935.QWE_12118,K,Transcriptional regulator,"HTH_1,LysR_substrate"
cluster_001_consensus_2985,1156935.QWE_12108,NT,chemotaxis protein,"HAMP,MCPsignal"
cluster_001_consensus_2987,1156935.QWE_12103,S,HI0933-like protein,HI0933_like
cluster_001_consensus_2988,1156935.QWE_12098,E,glutamine synthetase,Gln-synt_C
cluster_001_consensus_2989,1156935.QWE_12093,E,oxidoreductase,DAO
cluster_001_consensus_2991,1156935.QWE_12088,G,Catalyzes the oxidation of glucose 6-phosphate to 6- phosphogluconolactone,"G6PD_C,G6PD_N"
cluster_001_consensus_2992,1156935.QWE_12083,G,6-phosphogluconolactonase,Glucosamine_iso
cluster_001_consensus_2993,1156935.QWE_12078,EG,Belongs to the IlvD Edd family,ILVD_EDD
cluster_001_consensus_2994,1156935.QWE_12073,NT,Methyl-accepting chemotaxis-like domains (chemotaxis sensory transducer).,"MCPsignal,PAS_3,PAS_4,PAS_9"
cluster_001_consensus_2995,1156935.QWE_12068,S,Anti-sigma-K factor rskA,RskA
cluster_001_consensus_2996,1156935.QWE_12063,K,Sigma-70 region 2,"Sigma70_r2,Sigma70_r4_2"
cluster_001_consensus_2997,1156935.QWE_12058,Q,Domain of unknown function (DUF4394),DUF4394
cluster_001_consensus_2998,1156935.QWE_12053,S,Protein of unknown function (DUF2778),DUF2778
cluster_001_consensus_2999,1156935.QWE_12048,IQ,Dehydrogenases with different specificities (related to short-chain alcohol dehydrogenases),adh_short_C2
cluster_001_consensus_3000,1156935.QWE_12043,-,-,-
cluster_001_consensus_3001,1156935.QWE_12038,P,Belongs to the ABC transporter superfamily,"ABC_tran,TOBE_2"
cluster_001_consensus_3002,1156935.QWE_12033,G,alpha-glucosidase,"Alpha-amylase,DUF3459,Malt_amylase_C"
cluster_001_consensus_3003,1156935.QWE_12028,P,"ABC-type sugar transport system, permease component",BPD_transp_1
cluster_001_consensus_3004,1156935.QWE_12023,P,"ABC-type sugar transport systems, permease components",BPD_transp_1
cluster_001_consensus_3005,1156935.QWE_12018,G,Alpha-glucoside ABC transporter substrate-binding protein,"SBP_bac_1,SBP_bac_8"
cluster_001_consensus_3006,1156935.QWE_12013,K,transcriptional,"LacI,Peripla_BP_3"
cluster_001_consensus_3007,1156935.QWE_12008,H,"Catalyzes the oxidation of 5,10- methylenetetrahydrofolate to 5,10-methenyltetrahydrofolate and then the hydrolysis of 5,10-methenyltetrahydrofolate to 10- formyltetrahydrofolate","THF_DHG_CYH,THF_DHG_CYH_C"
cluster_001_consensus_3008,1156935.QWE_12003,M,Belongs to the glycosyltransferase 26 family,Glyco_tran_WecB
cluster_001_consensus_3009,1156935.QWE_11998,-,-,-
cluster_001_consensus_3010,1156935.QWE_11993,-,-,-
cluster_001_consensus_3011,1156935.QWE_11988,MNO,Rod binding protein,Rod-binding
cluster_001_consensus_3012,1156935.QWE_11983,-,-,-
cluster_001_consensus_3013,1156935.QWE_11978,N,Flagellar biosynthetic protein FliR,Bac_export_1
cluster_001_consensus_3014,1156935.QWE_11973,N,"Required for formation of the rod structure of the flagellar apparatus. Together with FliI and FliH, may constitute the export apparatus of flagellin",FHIPEP
cluster_001_consensus_3015,1156935.QWE_11968,N,Flagellar biosynthetic protein FliQ,Bac_export_3
cluster_001_consensus_3016,1156935.QWE_11963,N,Flagellar hook capping protein,FlgD
cluster_001_consensus_3017,1156935.QWE_11958,N,Has a post-transcriptional repressor function in flagellum biogenesis. Associates with the 5'-UTR of fljK mRNA and promotes its degradation,FlbT
cluster_001_consensus_3018,1156935.QWE_11953,N,flagellar,FlaF
cluster_001_consensus_3019,1156935.QWE_11948,N,Flagellin is the subunit protein which polymerizes to form the filaments of bacterial flagella,"Flagellin_C,Flagellin_N"
cluster_001_consensus_3020,1156935.QWE_11943,N,flagellar hook-associated protein,"Flg_bb_rod,Flg_bbr_C"
cluster_001_consensus_3021,1156935.QWE_11938,N,Flagellar hook protein flgE,"FlaE,Flg_bb_rod,Flg_bbr_C"
cluster_001_consensus_3022,1156935.QWE_11933,KT,Response regulators consisting of a CheY-like receiver domain and a winged-helix DNA-binding domain,"Response_reg,Trans_reg_C"
cluster_001_consensus_3024,1156935.QWE_11923,N,Flagellar hook-length control protein FliK,Flg_hook
cluster_001_consensus_3025,1156935.QWE_11918,S,"in Rhizobium, interactions between MotB and MotC at the periplasmic surface of the motor control the energy flux or the energy coupling that drives flagellar rotation",-
cluster_001_consensus_3026,1156935.QWE_11913,N,flagellar motor protein,"MotB_plug,OmpA"
cluster_001_consensus_3027,1156935.QWE_11908,-,-,-
cluster_001_consensus_3028,1156935.QWE_11903,N,Flagellin is the subunit protein which polymerizes to form the filaments of bacterial flagella,"Flagellin_C,Flagellin_N"
cluster_001_consensus_3029,1156935.QWE_11898,N,Flagellin is the subunit protein which polymerizes to form the filaments of bacterial flagella,"Flagellin_C,Flagellin_N"
cluster_001_consensus_3030,1041159.AZUW01000001_gene3179,N,Flagellin is the subunit protein which polymerizes to form the filaments of bacterial flagella,"Flagellin_C,Flagellin_N"
cluster_001_consensus_3031,1156935.QWE_11888,N,Flagellin is the subunit protein which polymerizes to form the filaments of bacterial flagella,"Flagellin_C,Flagellin_N"
cluster_001_consensus_3032,1156935.QWE_11883,N,Plays a role in the flagellum-specific transport system,FliP
cluster_001_consensus_3033,1156935.QWE_11878,N,Controls the rotational direction of flagella during chemotaxis,FliL
cluster_001_consensus_3034,1156935.QWE_11873,N,Assembles around the rod to form the L-ring and probably protects the motor basal body from shearing forces during rotation,FlgH
cluster_001_consensus_3035,1156935.QWE_11868,S,PFAM MgtE intracellular,MgtE_N
cluster_001_consensus_3036,1156935.QWE_11863,N,Assembles around the rod to form the L-ring and probably protects the motor basal body from shearing forces during rotation,FlgI
cluster_001_consensus_3037,1156935.QWE_11858,N,Involved in the assembly process of the P-ring formation. It may associate with FlgF on the rod constituting a structure essential for the P-ring assembly or may act as a modulator protein for the P-ring assembly,ChapFlgA
cluster_001_consensus_3038,1156935.QWE_11853,N,Belongs to the flagella basal body rod proteins family,"Flg_bb_rod,Flg_bbr_C"
cluster_001_consensus_3039,1156935.QWE_11848,N,Flagellar hook-basal body,FliE
cluster_001_consensus_3040,1156935.QWE_11843,N,Belongs to the flagella basal body rod proteins family,"Flg_bb_rod,Flg_bbr_C"
cluster_001_consensus_3041,1156935.QWE_11838,N,"Structural component of flagellum, the bacterial motility apparatus. Part of the rod structure of flagellar basal body",Flg_bb_rod
cluster_001_consensus_3042,1156935.QWE_11833,-,-,-
cluster_001_consensus_3043,1156935.QWE_11828,NU,Flagellar biosynthesis type III secretory pathway ATPase,ATP-synt_ab
cluster_001_consensus_3044,1156935.QWE_11823,N,Belongs to the flagella basal body rod proteins family,"Flg_bb_rod,Flg_bbr_C"
cluster_001_consensus_3045,1156935.QWE_11818,N,flagellar motor,MotA_ExbB
cluster_001_consensus_3046,1156935.QWE_11813,N,flagellar motor switch protein,"FliM,FliMN_C"
cluster_001_consensus_3047,1156935.QWE_11808,N,"FliN is one of three proteins (FliG, FliN, FliM) that form the rotor-mounted switch complex (C ring), located at the base of the basal body. This complex interacts with the CheY and CheZ chemotaxis proteins, in addition to contacting components of the motor that determine the direction of flagellar rotation",FliMN_C
cluster_001_consensus_3048,1156935.QWE_11476,N,flagellar motor switch protein,"FliG_C,FliG_M,FliG_N"
cluster_001_consensus_3049,1156935.QWE_11481,N,"Required for formation of the rod structure in the basal body of the flagellar apparatus. Together with FliI and FliH, may constitute the export apparatus of flagellin",Bac_export_2
cluster_001_consensus_3050,1156935.QWE_11486,-,-,-
cluster_001_consensus_3051,1156935.QWE_11491,K,transcriptional regulator,GerE
cluster_001_consensus_3052,1156935.QWE_11496,K,transcriptional regulator,GerE
cluster_001_consensus_3053,1156935.QWE_11501,N,The M ring may be actively involved in energy transduction,"YscJ_FliF,YscJ_FliF_C"
cluster_001_consensus_3054,1156935.QWE_11506,-,-,-
cluster_001_consensus_3055,1156935.QWE_11511,NT,"Probably deamidates glutamine residues to glutamate on methyl-accepting chemotaxis receptors (MCPs), playing an important role in chemotaxis",CheD
cluster_001_consensus_3056,1156935.QWE_11516,KT,response regulator,Response_reg
cluster_001_consensus_3057,1156935.QWE_11521,NT,catalyzes the demethylation of specific methylglutamate residues introduced into the chemoreceptors (methyl-accepting chemotaxis proteins) by CheR,"CheB_methylest,Response_reg"
cluster_001_consensus_3058,1156935.QWE_11526,NT,Methylation of the membrane-bound methyl-accepting chemotaxis proteins (MCP) to form gamma-glutamyl methyl ester residues in MCP,"CheR,CheR_N"
cluster_001_consensus_3059,1156935.QWE_11531,NT,Chemotaxis protein cheW,CheW
cluster_001_consensus_3060,1156935.QWE_11536,T,chemotaxis protein,"CheW,H-kinase_dim,HATPase_c,Hpt"
cluster_001_consensus_3061,1156935.QWE_11541,KT,response regulator,Response_reg
cluster_001_consensus_3062,1156935.QWE_11546,T,Chemotaxis protein CheX,STAS_2
cluster_001_consensus_3063,1156935.QWE_11551,NT,chemotaxis protein,"MCPsignal,Protoglobin"
cluster_001_consensus_3064,1156935.QWE_11556,L,"With LigD forms a non-homologous end joining (NHEJ) DNA repair enzyme, which repairs dsDNA breaks with reduced fidelity. Binds linear dsDNA with 5'- and 3'- overhangs but not closed circular dsDNA nor ssDNA. Recruits and stimulates the ligase activity of LigD",Ku
cluster_001_consensus_3065,1156935.QWE_11561,L,DNA ligase,"DNA_ligase_A_C,DNA_ligase_A_M,LigD_N"
cluster_001_consensus_3066,1156935.QWE_11566,L,"With LigD forms a non-homologous end joining (NHEJ) DNA repair enzyme, which repairs dsDNA breaks with reduced fidelity. Binds linear dsDNA with 5'- and 3'- overhangs but not closed circular dsDNA nor ssDNA. Recruits and stimulates the ligase activity of LigD",Ku
cluster_001_consensus_3067,491916.RHECIAT_CH0003069,S,Protein of unknown function (DUF2934),DUF2934
cluster_001_consensus_3068,1156935.QWE_11576,G,"Synthesizes alpha-1,4-glucan chains using ADP-glucose","Glyco_transf_5,Glycos_transf_1"
cluster_001_consensus_3069,1156935.QWE_11586,-,-,-
cluster_001_consensus_3070,1336235.JAEG01000004_gene3999,-,-,-
cluster_001_consensus_3071,1156935.QWE_11601,-,-,-
cluster_001_consensus_3072,1156935.QWE_11606,T,Histidine kinase,"HWE_HK,dCache_1"
cluster_001_consensus_3073,1336235.JAEG01000004_gene3996,S,BON domain,BON
cluster_001_consensus_3074,1156935.QWE_11616,-,-,-
cluster_001_consensus_3075,1156935.QWE_11621,G,4-alpha-D-((1- 4)-alpha-D-glucano)trehalose trehalohydrolase,"Alpha-amylase,CBM_48,DUF3459"
cluster_001_consensus_3076,1041147.AUFB01000002_gene2894,-,-,-
cluster_001_consensus_3077,1156935.QWE_11631,M,Glycosyl hydrolases family 25,Glyco_hydro_25
cluster_001_consensus_3078,1156935.QWE_11636,T,"phosphohistidine phosphatase, SixA",His_Phos_1
cluster_001_consensus_3079,1156935.QWE_11641,-,-,-
cluster_001_consensus_3080,1156935.QWE_11646,I,Thioesterase superfamily,4HBT
cluster_001_consensus_3081,1156935.QWE_11656,K,FCD,"FCD,GntR"
cluster_001_consensus_3082,1156935.QWE_11661,P,Mn2 and Fe2 transporters of the NRAMP family,Nramp
cluster_001_consensus_3083,1156935.QWE_11666,S,Belongs to the UPF0271 (lamB) family,LamB_YcsF
cluster_001_consensus_3084,1156935.QWE_11671,S,Belongs to the D-glutamate cyclase family,DUF1445
cluster_001_consensus_3085,1156935.QWE_11676,E,COG2049 Allophanate hydrolase subunit 1,"CT_A_B,CT_C_D"
cluster_001_consensus_3086,1156935.QWE_11681,I,"Acetyl propionyl-CoA carboxylase, alpha subunit","Biotin_carb_C,Biotin_carb_N,Biotin_lipoyl,CPSase_L_D2"
cluster_001_consensus_3088,1156935.QWE_11691,I,Belongs to the enoyl-CoA hydratase isomerase family,ECH_1
cluster_001_consensus_3089,1156935.QWE_11696,IQ,Catalyzes the formation of malonyl-CoA from malonate and CoA,"AMP-binding,AMP-binding_C"
cluster_001_consensus_3090,1156935.QWE_11701,K,helix_turn_helix multiple antibiotic resistance protein,"MarR,MarR_2"
cluster_001_consensus_3091,1156935.QWE_11706,C,Belongs to the aldehyde dehydrogenase family,Aldedh
cluster_001_consensus_3092,1156935.QWE_11711,CH,4-hydroxybenzoate,FAD_binding_3
cluster_001_consensus_3093,1156935.QWE_11716,K,"helix_turn_helix, arabinose operon control protein","AraC_binding,HTH_18"
cluster_001_consensus_3094,1156935.QWE_11721,M,sulfuric ester hydrolase activity,Sulfatase
cluster_001_consensus_3095,1156935.QWE_11726,S,Lysylphosphatidylglycerol synthase TM region,LPG_synthase_TM
cluster_001_consensus_3096,1156935.QWE_11731,H,Methyltransferase FkbM domain,Methyltransf_21
cluster_001_consensus_3097,1156935.QWE_11736,I,Belongs to the CDP-alcohol phosphatidyltransferase class-I family,CDP-OH_P_transf
cluster_001_consensus_3098,1156935.QWE_11741,H,"Catalyzes the conversion of GTP to 2,5-diamino-6- ribosylamino-4(3H)-pyrimidinone 5'-phosphate (DARP), formate and pyrophosphate",GTP_cyclohydro2
cluster_001_consensus_3099,1156935.QWE_11746,E,COG1063 Threonine dehydrogenase and related Zn-dependent dehydrogenases,AlaDh_PNT_C
cluster_001_consensus_3100,1156935.QWE_11751,H,6-pyruvoyl tetrahydropterin synthase,PTPS
cluster_001_consensus_3101,1156935.QWE_11756,M,glycosyl transferase,"Glyco_transf_4,Glycos_transf_1"
cluster_001_consensus_3102,1156935.QWE_11761,J,Methyltransferase domain,Methyltransf_25
cluster_001_consensus_3103,1156935.QWE_11766,H,RibD C-terminal domain,RibD_C
cluster_001_consensus_3104,1156935.QWE_11771,C,Prokaryotic cytochrome b561,"Ni_hydr_CYTB,YceI"
cluster_001_consensus_3105,1156935.QWE_11776,M,peptidoglycan biosynthetic process,-
cluster_001_consensus_3106,1156935.QWE_11781,S,Transglutaminase-like domain,Peptidase_C93
cluster_001_consensus_3107,1156935.QWE_11786,S,Ribbon-helix-helix domain,RHH_4
cluster_001_consensus_3108,1156935.QWE_11791,M,"type I secretion membrane fusion protein, HlyD family","Biotin_lipoyl_2,HlyD,HlyD_3,OEP"
cluster_001_consensus_3109,1156935.QWE_11796,V,Type I secretion system,"ABC_membrane,ABC_tran,Peptidase_C39"
cluster_001_consensus_3110,1156935.QWE_24160,MU,Outer membrane efflux protein,OEP
cluster_001_consensus_3111,1156935.QWE_19398,Q,"COG2931, RTX toxins and related Ca2 -binding proteins","Cadherin_3,He_PIG,HemolysinCabind,P_proprotein,VWA_2"
cluster_001_consensus_3112,1156935.QWE_19403,GM,NAD-dependent epimerase dehydratase,Epimerase
cluster_001_consensus_3113,1156935.QWE_19408,K,FCD,"FCD,GntR"
cluster_001_consensus_3114,1156935.QWE_19413,EM,Belongs to the DapA family,DHDPS
cluster_001_consensus_3115,1156935.QWE_19418,M,L-alanine-DL-glutamate epimerase and related enzymes of enolase superfamily,"MR_MLE_C,MR_MLE_N"
cluster_001_consensus_3116,1156935.QWE_19423,S,metal-dependent hydrolase of the,Amidohydro_2
cluster_001_consensus_3117,1156935.QWE_19428,G,"Bacterial extracellular solute-binding protein, family 7",DctP
cluster_001_consensus_3118,1156935.QWE_19433,G,ABC transporter permease,DctQ
cluster_001_consensus_3119,1156935.QWE_19438,G,ABC transporter permease,DctM
cluster_001_consensus_3120,1156935.QWE_19443,E,ornithine cyclodeaminase,OCD_Mu_crystall
cluster_001_consensus_3121,1122929.KB908225_gene3018,T,gaf domain,"GAF,GAF_2,GGDEF"
cluster_001_consensus_3122,1156935.QWE_19448,S,Regulatory protein RecX,RecX
cluster_001_consensus_3123,1156935.QWE_19453,T,Response regulator containing a CheY-like receiver domain and an HTH DNA-binding domain,"GerE,Response_reg"
cluster_001_consensus_3124,1156935.QWE_19458,T,signal transduction histidine kinase,"GAF,HATPase_c,HisKA_3"
cluster_001_consensus_3125,1156935.QWE_19463,G,ABC transporter,Peripla_BP_4
cluster_001_consensus_3126,1156935.QWE_19468,G,"ABC-type sugar transport system, ATPase component",ABC_tran
cluster_001_consensus_3127,1156935.QWE_19473,G,Belongs to the binding-protein-dependent transport system permease family,BPD_transp_2
cluster_001_consensus_3128,1156935.QWE_19478,G,Belongs to the binding-protein-dependent transport system permease family,BPD_transp_2
cluster_001_consensus_3129,1156935.QWE_19483,G,gluconolactonase,SGL
cluster_001_consensus_3130,1144312.PMI09_00302,S,Toxic component of a toxin-antitoxin (TA) module. An RNase,PIN
cluster_001_consensus_3131,1042326.AZNV01000031_gene3680,S,"Antidote-toxin recognition MazE, bacterial antitoxin",MazE_antitoxin
cluster_001_consensus_3132,1500257.JQNM01000010_gene694,J,Amidase,Amidase
cluster_001_consensus_3133,359.CN09_22360,EI,Allophanate hydrolase subunit 2,"Biotin_carb_C,Biotin_carb_N,Biotin_lipoyl,CPSase_L_D2,CT_A_B,CT_C_D"
cluster_001_consensus_3134,1079460.ATTQ01000011_gene3137,S,Domain of unknown function (DUF1989),DUF1989
cluster_001_consensus_3135,311402.Avi_2500,S,Domain of unknown function (DUF1989),DUF1989
cluster_001_consensus_3136,311402.Avi_2499,P,ATPases associated with a variety of cellular activities,ABC_tran
cluster_001_consensus_3137,311402.Avi_2498,P,Binding-protein-dependent transport system inner membrane component,BPD_transp_1
cluster_001_consensus_3138,1281779.H009_00550,P,"ABC-type nitrate sulfonate bicarbonate transport systems, periplasmic components","NMT1,NMT1_2"
cluster_001_consensus_3140,1156935.QWE_19488,GM,NmrA-like family,"NAD_binding_10,NmrA"
cluster_001_consensus_3141,1156935.QWE_19493,K,HxlR-like helix-turn-helix,HxlR
cluster_001_consensus_3142,1156935.QWE_19498,U,Putative Flp pilus-assembly TadE/G-like,Tad
cluster_001_consensus_3143,1156935.QWE_19503,T,PAS fold-3 domain protein,"HTH_25,HTH_31,PAS_3"
cluster_001_consensus_3144,1500301.JQMF01000025_gene6087,-,-,-
cluster_001_consensus_3145,1156935.QWE_19508,G,"Sugar kinases, ribokinase family",PfkB
cluster_001_consensus_3146,1156935.QWE_19513,IQ,KR domain,adh_short_C2
cluster_001_consensus_3147,1156935.QWE_19518,K,Transcriptional regulator,"FCD,GntR"
cluster_001_consensus_3148,1370122.JHXQ01000001_gene411,Q,Methyltransferase,"Methyltransf_11,Methyltransf_25,Ubie_methyltran"
cluster_001_consensus_3149,311403.Arad_7759,P,"ABC-type Fe3 -hydroxamate transport system, periplasmic component",Peripla_BP_2
cluster_001_consensus_3150,1370122.JHXQ01000001_gene409,P,"ABC-type Fe3 -hydroxamate transport system, periplasmic component",Peripla_BP_2
cluster_001_consensus_3151,311402.Avi_1219,P,Belongs to the binding-protein-dependent transport system permease family. FecCD subfamily,FecCD
cluster_001_consensus_3152,311402.Avi_1218,HP,ABC transporter,ABC_tran
cluster_001_consensus_3153,1156935.QWE_19523,S,"Uncharacterised 5xTM membrane BCR, YitT family COG1284",YitT_membrane
cluster_001_consensus_3154,1156935.QWE_19528,E,Aminotransferase,Aminotran_1_2
cluster_001_consensus_3155,1156935.QWE_19533,K,helix_turn_helix ASNC type,"AsnC_trans_reg,HTH_24"
cluster_001_consensus_3156,861208.AGROH133_08718,S,polysaccharide biosynthetic process,"Abhydrolase_6,Hydrolase_4,Polysacc_synt_3,Polysacc_synt_C"
cluster_001_consensus_3157,1156935.QWE_19538,P,Belongs to the ABC transporter superfamily,"ABC_tran,oligo_HPY"
cluster_001_consensus_3158,1156935.QWE_19543,P,"ABC-type dipeptide oligopeptide nickel transport system, ATPase component","ABC_tran,oligo_HPY"
cluster_001_consensus_3159,1156935.QWE_19548,EP,"ABC-type dipeptide oligopeptide nickel transport systems, permease components","BPD_transp_1,OppC_N"
cluster_001_consensus_3160,1156935.QWE_19553,EP,"ABC-type dipeptide oligopeptide nickel transport systems, permease components",BPD_transp_1
cluster_001_consensus_3161,1156935.QWE_19558,E,"ABC-type dipeptide transport system, periplasmic component",SBP_bac_5
cluster_001_consensus_3162,1156935.QWE_19563,V,Belongs to the resistance-nodulation-cell division (RND) (TC 2.A.6) family,ACR_tran
cluster_001_consensus_3163,1156935.QWE_19568,M,Belongs to the membrane fusion protein (MFP) (TC 8.A.1) family,"Biotin_lipoyl_2,HlyD_3,HlyD_D23"
cluster_001_consensus_3164,1156935.QWE_19573,K,transcriptional regulator,TetR_N
cluster_001_consensus_3165,311402.Avi_1033,O,belongs to the thioredoxin family,-
cluster_001_consensus_3166,1038867.AXAY01000031_gene4199,M,Tetratricopeptide repeat,-
cluster_001_consensus_3167,1500259.JQLD01000022_gene1595,S,Hydrolase,-
cluster_001_consensus_3168,1156935.QWE_19578,S,"Inhibits all the catalytic activities of DNA gyrase by preventing its interaction with DNA. Acts by binding directly to the C-terminal domain of GyrB, which probably disrupts DNA binding by the gyrase",YacG
cluster_001_consensus_3169,1156935.QWE_19583,D,Maf-like protein,Maf
cluster_001_consensus_3170,1028800.RG540_PA05440,J,"One of the essential components for the initiation of protein synthesis. Stabilizes the binding of IF-2 and IF-3 on the 30S subunit to which N-formylmethionyl-tRNA(fMet) subsequently binds. Helps modulate mRNA selection, yielding the 30S pre- initiation complex (PIC). Upon addition of the 50S ribosomal subunit IF-1, IF-2 and IF-3 are released leaving the mature 70S translation initation complex",eIF-1a
cluster_001_consensus_3171,1156935.QWE_19593,T,Belongs to the low molecular weight phosphotyrosine protein phosphatase family,LMWPc
cluster_001_consensus_3172,1156935.QWE_19598,S,Belongs to the UPF0262 family,UPF0262
cluster_001_consensus_3173,1156935.QWE_19603,E,Catalyzes the sequential NAD-dependent oxidations of L- histidinol to L-histidinaldehyde and then to L-histidine,Histidinol_dh
cluster_001_consensus_3174,1156935.QWE_19608,S,Protein of unknown function (DUF2948),DUF2948
cluster_001_consensus_3175,1156935.QWE_19613,M,Cell wall formation. Adds enolpyruvyl to UDP-N- acetylglucosamine,EPSP_synthase
cluster_001_consensus_3177,690585.JNNU01000015_gene165,K,"Bacterial regulatory proteins, tetR family","TetR_C_11,TetR_N"
cluster_001_consensus_3178,1028801.RG1141_PA03230,M,Belongs to the membrane fusion protein (MFP) (TC 8.A.1) family,"Biotin_lipoyl_2,HlyD_3,HlyD_D23"
cluster_001_consensus_3179,1028801.RG1141_PA03240,M,Belongs to the membrane fusion protein (MFP) (TC 8.A.1) family,"Biotin_lipoyl_2,HlyD_3,HlyD_D23"
cluster_001_consensus_3180,690585.JNNU01000015_gene168,V,Belongs to the resistance-nodulation-cell division (RND) (TC 2.A.6) family,ACR_tran
cluster_001_consensus_3181,1123228.AUIH01000039_gene2906,V,Beta-lactamase,Beta-lactamase
cluster_001_consensus_3182,1082931.KKY_2937,K,"helix_turn_helix, arabinose operon control protein",HTH_18
cluster_001_consensus_3183,1156935.QWE_19628,K,Transcriptional regulator,"HTH_1,LysR_substrate"
cluster_001_consensus_3184,1156935.QWE_19633,P,Bifunctional enzyme with both catalase and broad- spectrum peroxidase activity,peroxidase
cluster_001_consensus_3185,1156935.QWE_19653,M,Belongs to the NAD(P)-dependent epimerase dehydratase family,Epimerase
cluster_001_consensus_3186,1156935.QWE_19658,E,Aminotransferase,Aminotran_1_2
cluster_001_consensus_3187,1156935.QWE_19663,M,Channel that opens in response to stretch forces in the membrane lipid bilayer. May participate in the regulation of osmotic pressure changes within the cell,MscL
cluster_001_consensus_3188,1156935.QWE_19668,T,Histidine kinase,"HATPase_c,HisKA,PAS_7,Response_reg"
cluster_001_consensus_3189,1156935.QWE_19673,G,Belongs to the pyruvate kinase family,PK
cluster_001_consensus_3190,1156935.QWE_19678,G,Glycosyl hydrolases family 32,"Glyco_hydro_32C,Glyco_hydro_32N"
cluster_001_consensus_3191,1156935.QWE_19683,C,Domain of unknown function,"DUF4996,GDPD"
cluster_001_consensus_3192,1156935.QWE_19688,I,3-hydroxyacyl-CoA dehydrogenase,"3HCDH,3HCDH_N,ECH_1"
cluster_001_consensus_3194,1156935.QWE_19693,I,Belongs to the thiolase family,"Thiolase_C,Thiolase_N"
cluster_001_consensus_3195,1156935.QWE_19698,I,acyl-CoA dehydrogenase,"Acyl-CoA_dh_1,Acyl-CoA_dh_C,Acyl-CoA_dh_M,Acyl-CoA_dh_N,AcylCoA_DH_N"
cluster_001_consensus_3196,1156935.QWE_19703,DM,"FOG TPR repeat, SEL1 subfamily","PG_binding_1,Sel1"
cluster_001_consensus_3197,1156935.QWE_19708,S,membrane transporter protein,TauE
cluster_001_consensus_3198,1156935.QWE_19713,S,Putative transmembrane protein (Alph_Pro_TM),Alph_Pro_TM
cluster_001_consensus_3199,1156935.QWE_19718,K,transcriptional regulator,HxlR
cluster_001_consensus_3200,1156935.QWE_19723,H,RibD C-terminal domain,RibD_C
cluster_001_consensus_3201,1156935.QWE_19728,S,Calcineurin-like phosphoesterase,Metallophos
cluster_001_consensus_3202,1156935.QWE_19733,L,Helicase,"DEAD,DEAD_assoc,Helicase_C"
cluster_001_consensus_3203,1156935.QWE_19738,S,"Uncharacterised 5xTM membrane BCR, YitT family COG1284",YitT_membrane
cluster_001_consensus_3204,1156935.QWE_19743,S,Methyltransferase,"Methyltransf_11,Methyltransf_23,Methyltransf_25,TPR_16,TPR_19,TPR_2,TPR_8"
cluster_001_consensus_3205,1156935.QWE_19748,-,-,-
cluster_001_consensus_3206,1156935.QWE_19753,S,protein with SCP PR1 domains,CAP
cluster_001_consensus_3207,1156935.QWE_19758,V,Na driven multidrug efflux pump,MatE
cluster_001_consensus_3208,1156935.QWE_19763,F,Catalyzes the conversion of dihydroorotate to orotate with quinone as electron acceptor,DHO_dh
cluster_001_consensus_3209,1156935.QWE_19768,S,protein conserved in bacteria,DUF952
cluster_001_consensus_3210,1156935.QWE_19773,-,-,-
cluster_001_consensus_3211,1156935.QWE_19778,T,Response regulator containing a CheY-like receiver domain and an HTH DNA-binding domain,"GerE,Response_reg"
cluster_001_consensus_3212,1156935.QWE_19783,K,repressor,Peptidase_S24
cluster_001_consensus_3213,1156935.QWE_19788,L,nuclease,-
cluster_001_consensus_3214,1156935.QWE_19793,P,PFAM Mo-dependent nitrogenase,TerB
cluster_001_consensus_3215,1156935.QWE_19798,ET,"ABC-type amino acid transport signal transduction systems, periplasmic component domain",SBP_bac_3
cluster_001_consensus_3216,1156935.QWE_19803,M,"Glycosyltransferases, probably involved in cell wall biogenesis","Glyco_tranf_2_3,Glyco_trans_2_3"
cluster_001_consensus_3217,1532558.JL39_06975,E,glyoxalase bleomycin resistance protein dioxygenase,"Abhydrolase_2,Glyoxalase,Peptidase_S9"
cluster_001_consensus_3218,1156935.QWE_19808,S,NADPH-dependent FMN reductase,FMN_red
cluster_001_consensus_3219,1156935.QWE_19813,F,2-deoxycytidine 5-triphosphate deaminase,DCD
cluster_001_consensus_3220,1156935.QWE_19818,E,Catalyzes the formation of L-homocysteine from O- succinyl-L-homoserine (OSHS) and hydrogen sulfide,Cys_Met_Meta_PP
cluster_001_consensus_3221,1156935.QWE_19823,P,protein affecting Mg2 Co2 transport,DUF525
cluster_001_consensus_3222,1156935.QWE_19828,S,conserved protein related to MYG1 family,UPF0160
cluster_001_consensus_3223,411684.HPDFL43_13058,T,Putative diguanylate phosphodiesterase,"EAL,GGDEF,MHYT,PAS_7"
cluster_001_consensus_3224,1156935.QWE_19833,O,Redox regulated molecular chaperone. Protects both thermally unfolding and oxidatively damaged proteins from irreversible aggregation. Plays an important role in the bacterial defense system toward oxidative stress,HSP33
cluster_001_consensus_3225,1156935.QWE_19838,E,Reversibly catalyzes the transfer of the carbamoyl group from carbamoyl phosphate (CP) to the N(epsilon) atom of ornithine (ORN) to produce L-citrulline,"OTCace,OTCace_N"
cluster_001_consensus_3226,1156935.QWE_19843,E,acetylornithine aminotransferase,Aminotran_3
cluster_001_consensus_3227,1156935.QWE_19848,S,GcrA cell cycle regulator,GcrA
cluster_001_consensus_3228,1156935.QWE_19853,K,phosphate regulon transcriptional regulatory protein PhoB,"Response_reg,Trans_reg_C"
cluster_001_consensus_3229,1156935.QWE_19858,P,Plays a role in the regulation of phosphate uptake,PhoU
cluster_001_consensus_3230,1532558.JL39_11710,P,Part of the ABC transporter complex PstSACB involved in phosphate import. Responsible for energy coupling to the transport system,ABC_tran
cluster_001_consensus_3231,1532558.JL39_11715,P,Phosphate transport system permease,"BPD_transp_1,DUF3333"
cluster_001_consensus_3232,1532558.JL39_11720,P,probably responsible for the translocation of the substrate across the membrane,"BPD_transp_1,DUF3708"
cluster_001_consensus_3233,716928.AJQT01000035_gene817,P,"ABC-type phosphate transport system, periplasmic component",PBP_like_2
cluster_001_consensus_3234,1156935.QWE_19883,T,Histidine kinase,"HATPase_c,HisKA,PAS_4,PAS_8"
cluster_001_consensus_3235,1156935.QWE_19888,S,polyphosphate kinase activity,PPK2
cluster_001_consensus_3236,1156935.QWE_19893,-,-,-
cluster_001_consensus_3237,1156935.QWE_19898,S,2-nitropropane dioxygenase,NMO
cluster_001_consensus_3238,1156935.QWE_19903,S,Protein of unknown function (DUF1176),DUF1176
cluster_001_consensus_3239,1156935.QWE_19908,S,PRC-barrel domain,PRC
cluster_001_consensus_3240,1156935.QWE_19913,IQ,Acyl-CoA synthetases (AMP-forming) AMP-acid ligases II,"AMP-binding,AMP-binding_C"
cluster_001_consensus_3241,1156935.QWE_19918,G,Belongs to the GPI family,PGI
cluster_001_consensus_3242,311402.Avi_3990,S,Aminoglycoside phosphotransferase,APH
cluster_001_consensus_3243,62928.azo1164,-,-,-
cluster_001_consensus_3244,1509405.GV67_17280,M,Glycosyltransferase family 25 (LPS biosynthesis protein),Glyco_transf_25
cluster_001_consensus_3245,1156935.QWE_19933,G,"Sugar kinases, ribokinase family",PfkB
cluster_001_consensus_3246,1156935.QWE_19938,F,"Catalyzes the transfer of a ribosyl phosphate group from 5-phosphoribose 1-diphosphate to orotate, leading to the formation of orotidine monophosphate (OMP)",Pribosyltran
cluster_001_consensus_3247,1156935.QWE_19943,S,Protein of unknown function (DUF3096),DUF3096
cluster_001_consensus_3248,1156935.QWE_19948,F,Catalyzes the reversible cyclization of carbamoyl aspartate to dihydroorotate,Amidohydro_1
cluster_001_consensus_3249,1156935.QWE_19953,T,Response regulator containing a CheY-like receiver domain and an HD-GYP domain,"HD,HD_5,Response_reg"
cluster_001_consensus_3250,1156935.QWE_19958,T,Histidine Phosphotransfer domain,"HATPase_c,HisKA,Hpt,Response_reg"
cluster_001_consensus_3251,1156935.QWE_19963,S,protein conserved in bacteria,Oxidored_molyb
cluster_001_consensus_3252,1156935.QWE_19968,T,cheY-homologous receiver domain,Response_reg
cluster_001_consensus_3253,1156935.QWE_19973,H,Pantothenic acid kinase,"AAA_18,ArgK,PRK"
cluster_001_consensus_3254,1156935.QWE_19978,G,ABC transporter,ABC_tran
cluster_001_consensus_3255,1156935.QWE_19983,G,Belongs to the binding-protein-dependent transport system permease family,BPD_transp_2
cluster_001_consensus_3256,1156935.QWE_19988,G,"ABC-type sugar transport system, periplasmic component",Peripla_BP_4
cluster_001_consensus_3257,1156935.QWE_19993,GK,ROK family,"HTH_24,ROK"
cluster_001_consensus_3258,1156935.QWE_19998,G,Belongs to the RbsD FucU family,RbsD_FucU
cluster_001_consensus_3259,1156935.QWE_20003,K,"Bacterial regulatory proteins, crp family","HTH_Crp_2,cNMP_binding"
cluster_001_consensus_3260,1156935.QWE_20008,E,Belongs to the proline racemase family,Pro_racemase
cluster_001_consensus_3261,1156935.QWE_20013,T,Histidine kinase,HATPase_c
cluster_001_consensus_3262,1336235.JAEG01000004_gene3841,NT,chemotaxis protein,"4HB_MCP_1,HAMP,MCPsignal"
cluster_001_consensus_3263,1156935.QWE_20023,J,RNaseP catalyzes the removal of the 5'-leader sequence from pre-tRNA to produce the mature 5'-terminus. It can also cleave other RNA substrates such as 4.5S RNA. The protein component plays an auxiliary but essential role in vivo by binding to the 5'-leader sequence and broadening the substrate specificity of the ribozyme,Ribonuclease_P
cluster_001_consensus_3264,1156935.QWE_20028,U,"Required for the insertion and or proper folding and or complex formation of integral membrane proteins into the membrane. Involved in integration of membrane proteins that insert both dependently and independently of the Sec translocase complex, as well as at least some lipoproteins. Aids folding of multispanning membrane proteins","60KD_IMP,YidC_periplas"
cluster_001_consensus_3265,1156935.QWE_20033,EG,EamA-like transporter family,EamA
cluster_001_consensus_3266,1156935.QWE_20038,D,Necessary for normal cell division and for the maintenance of normal septation,MMR_HSR1
cluster_001_consensus_3267,1156935.QWE_20043,M,Secreted and surface protein containing fasciclin-like repeats,Fasciclin
cluster_001_consensus_3268,1156935.QWE_20048,S,Anti-sigma-K factor rskA,RskA
cluster_001_consensus_3269,1156935.QWE_20053,K,Belongs to the sigma-70 factor family. ECF subfamily,"Sigma70_r2,Sigma70_r4,Sigma70_r4_2"
cluster_001_consensus_3270,1156935.QWE_20058,E,Belongs to the acetylglutamate kinase family. ArgB subfamily,AA_kinase
cluster_001_consensus_3271,1156935.QWE_20063,EGP,Major Facilitator Superfamily,MFS_1
cluster_001_consensus_3272,1156935.QWE_20068,EG,permeases of the drug metabolite transporter (DMT) superfamily,EamA
cluster_001_consensus_3274,1156935.QWE_20073,S,hydrolase,HAD_2
cluster_001_consensus_3275,1156935.QWE_20078,DTZ,EF-hand domain pair,EF-hand_5
cluster_001_consensus_3276,1156935.QWE_20083,S,Rossmann fold nucleotide-binding protein,Lysine_decarbox
cluster_001_consensus_3277,1156935.QWE_20088,E,Belongs to the transferase hexapeptide repeat family,"Hexapep,Hexapep_2,THDPS_N_2"
cluster_001_consensus_3278,1156935.QWE_20093,S,Protein of unknown function (DUF805),DUF805
cluster_001_consensus_3279,1156935.QWE_20098,E,"Catalyzes the hydrolysis of N-succinyl-L,L- diaminopimelic acid (SDAP), forming succinate and LL-2,6- diaminoheptanedioate (DAP), an intermediate involved in the bacterial biosynthesis of lysine and meso-diaminopimelic acid, an essential component of bacterial cell walls","M20_dimer,Peptidase_M20"
cluster_001_consensus_3280,1156935.QWE_20103,-,-,-
cluster_001_consensus_3281,1156935.QWE_20108,J,"Formation of pseudouridine at positions 38, 39 and 40 in the anticodon stem and loop of transfer RNAs",PseudoU_synth_1
cluster_001_consensus_3282,1156935.QWE_20113,J,Attaches a formyl group to the free amino group of methionyl-tRNA(fMet). The formyl group appears to play a dual role in the initiator identity of N-formylmethionyl-tRNA by promoting its recognition by IF2 and preventing the misappropriation of this tRNA by the elongation apparatus,"Formyl_trans_C,Formyl_trans_N"
cluster_001_consensus_3283,1156935.QWE_20118,J,Removes the formyl group from the N-terminal Met of newly synthesized proteins. Requires at least a dipeptide for an efficient rate of reaction. N-terminal L-methionine is a prerequisite for activity but the enzyme has broad specificity at other positions,Pep_deformylase
cluster_001_consensus_3284,1156935.QWE_20123,NT,methyl-accepting chemotaxis protein,"MCPsignal,Protoglobin"
cluster_001_consensus_3285,1156935.QWE_20128,NT,methyl-accepting chemotaxis protein,"MCPsignal,Protoglobin"
cluster_001_consensus_3286,1156935.QWE_20133,S,protein conserved in bacteria,RmuC
cluster_001_consensus_3287,1156935.QWE_20138,H,"Catalyzes the phosphorylation of ribose at O-5 in a reaction requiring ATP and magnesium. The resulting D-ribose-5- phosphate can then be used either for sythesis of nucleotides, histidine, and tryptophan, or as a component of the pentose phosphate pathway",PfkB
cluster_001_consensus_3288,1156935.QWE_20143,T,chemotaxis protein,"HAMP,MCPsignal,dCache_1"
cluster_001_consensus_3289,1156935.QWE_20148,F,Nucleoside,IU_nuc_hydro
cluster_001_consensus_3291,1156935.QWE_20158,S,Protein of unknown function (DUF1150),DUF1150
cluster_001_consensus_3292,1156935.QWE_20163,J,catalyzes the formation of N(7)-methylguanine at position 46 (m7G46) in tRNA,Methyltransf_4
cluster_001_consensus_3293,1156935.QWE_20168,H,Belongs to the AdoMet synthase family,"S-AdoMet_synt_C,S-AdoMet_synt_M,S-AdoMet_synt_N"
cluster_001_consensus_3294,1156935.QWE_20173,K,transcriptional,HTH_3
cluster_001_consensus_3295,1156935.QWE_20178,M,Transfers the fatty acyl group on membrane lipoproteins,CN_hydrolase
cluster_001_consensus_3296,1156935.QWE_20183,S,Hemolysins and related proteins containing CBS domains,"CBS,CorC_HlyC"
cluster_001_consensus_3297,1156935.QWE_20188,J,Single strand-specific metallo-endoribonuclease involved in late-stage 70S ribosome quality control and in maturation of the 3' terminus of the 16S rRNA,UPF0054
cluster_001_consensus_3298,1156935.QWE_20193,T,Phosphate starvation-inducible protein PhoH,PhoH
cluster_001_consensus_3299,1156935.QWE_20198,J,"Catalyzes the methylthiolation of N6- (dimethylallyl)adenosine (i(6)A), leading to the formation of 2- methylthio-N6-(dimethylallyl)adenosine (ms(2)i(6)A) at position 37 in tRNAs that read codons beginning with uridine","Radical_SAM,TRAM,UPF0004"
cluster_001_consensus_3300,1156935.QWE_20203,I,Acyltransferase,Acyltransferase
cluster_001_consensus_3301,1156935.QWE_20208,K,Belongs to the Fur family,FUR
cluster_001_consensus_3302,1156935.QWE_20213,K,-N-acetyltransferase,"Acetyltransf_1,Acetyltransf_10"
cluster_001_consensus_3303,1156935.QWE_04753,O,COG1214 Inactive homolog of metal-dependent proteases,Peptidase_M22
cluster_001_consensus_3304,1156935.QWE_04758,O,Thioredoxin-like proteins and domains,"Nfu_N,NifU"
cluster_001_consensus_3305,1156935.QWE_04763,T,Universal stress protein,Usp
cluster_001_consensus_3306,1156935.QWE_04768,J,Tryptophanyl-tRNA synthetase,tRNA-synt_1b
cluster_001_consensus_3307,1156935.QWE_04773,E,glyoxalase bleomycin resistance protein dioxygenase,Glyoxalase
cluster_001_consensus_3308,1156935.QWE_04778,S,Bacterial protein of unknown function (DUF882),"Peptidase_M15_2,Peptidase_M15_3"
cluster_001_consensus_3309,1156935.QWE_04783,S,Involved in peptidoglycan biosynthesis. Transports lipid-linked peptidoglycan precursors from the inner to the outer leaflet of the cytoplasmic membrane,MVIN
cluster_001_consensus_3310,1156935.QWE_04788,O,"Modifies, by uridylylation and deuridylylation, the PII regulatory proteins (GlnB and homologs), in response to the nitrogen status of the cell that GlnD senses through the glutamine level. Under low glutamine levels, catalyzes the conversion of the PII proteins and UTP to PII-UMP and PPi, while under higher glutamine levels, GlnD hydrolyzes PII-UMP to PII and UMP (deuridylylation). Thus, controls uridylylation state and activity of the PII proteins, and plays an important role in the regulation of nitrogen","ACT,GlnD_UR_UTase,GlnE,HD,NTP_transf_2"
cluster_001_consensus_3311,1156935.QWE_04793,L,that it carries out the mismatch recognition step. This protein has a weak ATPase activity,"MutS_I,MutS_II,MutS_III,MutS_IV,MutS_V"
cluster_001_consensus_3312,1156935.QWE_04798,C,malic enzyme,"Malic_M,PTA_PTB,malic"
cluster_001_consensus_3313,1156935.QWE_04803,K,Transcriptional regulator,"HTH_1,LysR_substrate"
cluster_001_consensus_3314,1432050.IE4771_CH01221,-,-,-
cluster_001_consensus_3315,1156935.QWE_04808,S,Hemolysin,Acetyltransf_5
cluster_001_consensus_3316,1156935.QWE_04813,MU,This protein specifically catalyzes the removal of signal peptides from prolipoproteins,Peptidase_A8
cluster_001_consensus_3317,1156935.QWE_04818,J,Belongs to the class IV-like SAM-binding methyltransferase superfamily. RNA methyltransferase TrmH family,"SpoU_methylase,SpoU_sub_bind"
cluster_001_consensus_3318,1156935.QWE_04823,J,Belongs to the methyltransferase superfamily,"Cons_hypoth95,Methyltrans_SAM"
cluster_001_consensus_3319,1156935.QWE_04828,S,Lipopolysaccharide assembly protein A domain,LapA_dom
cluster_001_consensus_3320,1156935.QWE_04833,K,"This protein is one of the two subunits of integration host factor, a specific DNA-binding protein that functions in genetic recombination as well as in transcriptional and translational control",Bac_DNA_binding
cluster_001_consensus_3321,1156935.QWE_04838,S,protein conserved in bacteria,LptC
cluster_001_consensus_3322,1156935.QWE_04843,S,protein conserved in bacteria,OstA
cluster_001_consensus_3323,1156935.QWE_04848,S,ABC transporter,"ABC_tran,BCA_ABC_TP_C"
cluster_001_consensus_3324,1156935.QWE_04853,K,Sigma factors are initiation factors that promote the attachment of RNA polymerase to specific initiation sites and are then released,"Sigma54_AID,Sigma54_CBD,Sigma54_DBD"
cluster_001_consensus_3325,1156935.QWE_04858,J,Required for dimerization of active 70S ribosomes into 100S ribosomes in stationary phase,"Ribosom_S30AE_C,Ribosomal_S30AE"
cluster_001_consensus_3326,1156935.QWE_04863,G,phosphotransferase system,PTS_EIIA_2
cluster_001_consensus_3327,1156935.QWE_04868,O,"Participates actively in the response to hyperosmotic and heat shock by preventing the aggregation of stress-denatured proteins, in association with DnaK and GrpE. It is the nucleotide exchange factor for DnaK and may function as a thermosensor. Unfolded proteins bind initially to DnaJ",GrpE
cluster_001_consensus_3328,1156935.QWE_04873,K,Negative regulator of class I heat shock genes (grpE- dnaK-dnaJ and groELS operons). Prevents heat-shock induction of these operons,"HrcA,HrcA_DNA-bdg"
cluster_001_consensus_3329,1156935.QWE_04878,J,Phosphorolytic exoribonuclease that removes nucleotide residues following the -CCA terminus of tRNA and adds nucleotides to the ends of RNA molecules by using nucleoside diphosphates as substrates,"RNase_PH,RNase_PH_C"
cluster_001_consensus_3330,1156935.QWE_04888,F,"Pyrophosphatase that catalyzes the hydrolysis of nucleoside triphosphates to their monophosphate derivatives, with a high preference for the non-canonical purine nucleotides XTP (xanthosine triphosphate), dITP (deoxyinosine triphosphate) and ITP. Seems to function as a house-cleaning enzyme that removes non-canonical purine nucleotides from the nucleotide pool, thus preventing their incorporation into DNA RNA and avoiding chromosomal lesions",Ham1p_like
cluster_001_consensus_3331,1156935.QWE_04893,H,Involved in the biosynthesis of porphyrin-containing compound,"HemN_C,Radical_SAM"
cluster_001_consensus_3332,1156935.QWE_04898,Q,Methyltransferase domain,Methyltransf_25
cluster_001_consensus_3333,1156935.QWE_04903,L,it binds specifically double-stranded DNA at a 9 bp consensus (dnaA box) 5'-TTATC CA A CA A-3'. DnaA binds to ATP and to acidic phospholipids,"Bac_DnaA,Bac_DnaA_C,DnaA_N"
cluster_001_consensus_3334,1156935.QWE_04908,J,Binds directly to 16S ribosomal RNA,Ribosomal_S20p
cluster_001_consensus_3335,1156935.QWE_04913,I,Belongs to the enoyl-CoA hydratase isomerase family,ECH_1
cluster_001_consensus_3336,1156935.QWE_04918,L,"Involved in base excision repair of DNA damaged by oxidation or by mutagenic agents. Acts as DNA glycosylase that recognizes and removes damaged bases. Has a preference for oxidized purines, such as 7,8-dihydro-8-oxoguanine (8-oxoG). Has AP (apurinic apyrimidinic) lyase activity and introduces nicks in the DNA strand. Cleaves the DNA backbone by beta-delta elimination to generate a single-strand break at the site of the removed base with both 3'- and 5'-phosphates","Fapy_DNA_glyco,H2TH,zf-FPG_IleRS"
cluster_001_consensus_3337,1156935.QWE_04923,H,"Methyltransferase required for the conversion of demethylmenaquinol (DMKH2) to menaquinol (MKH2) and the conversion of 2-polyprenyl-6-methoxy-1,4-benzoquinol (DDMQH2) to 2- polyprenyl-3-methyl-6-methoxy-1,4-benzoquinol (DMQH2)",Ubie_methyltran
cluster_001_consensus_3338,1156935.QWE_04928,S,Is probably a protein kinase regulator of UbiI activity which is involved in aerobic coenzyme Q (ubiquinone) biosynthesis,ABC1
cluster_001_consensus_3339,1156935.QWE_04933,T,periplasmic ligand-binding sensor domain,"CHASE3,HATPase_c,HisKA"
cluster_001_consensus_3340,1156935.QWE_04938,KT,Response regulator receiver domain,Response_reg
cluster_001_consensus_3341,1156935.QWE_04943,T,Histidine kinase,"HATPase_c,HATPase_c_2,HisKA_2,Response_reg"
cluster_001_consensus_3342,1156935.QWE_04948,H,"Catalyzes two steps in the biosynthesis of coenzyme A. In the first step cysteine is conjugated to 4'-phosphopantothenate to form 4-phosphopantothenoylcysteine, in the latter compound is decarboxylated to form 4'-phosphopantotheine","DFP,Flavoprotein"
cluster_001_consensus_3343,1156935.QWE_04953,S,protein conserved in bacteria,YjbR
cluster_001_consensus_3344,1156935.QWE_04958,S,glutamine amidotransferase,GATase_4
cluster_001_consensus_3345,1156935.QWE_04963,S,Belongs to the pirin family,"Pirin,Pirin_C"
cluster_001_consensus_3346,1156935.QWE_04973,H,Phosphomethylpyrimidine kinase,Phos_pyr_kin
cluster_001_consensus_3347,1156935.QWE_04978,S,Haloacid dehalogenase-like hydrolase,HAD_2
cluster_001_consensus_3348,1336235.JAEG01000006_gene1027,U,protein with a C-terminal OMP (outer membrane protein) domain,"Autotransporter,PATR"
cluster_001_consensus_3349,1156935.QWE_04983,J,"Increases the formation of ribosomal termination complexes and stimulates activities of RF-1 and RF-2. It binds guanine nucleotides and has strong preference for UGA stop codons. It may interact directly with the ribosome. The stimulation of RF- 1 and RF-2 is significantly reduced by GTP and GDP, but not by GMP","GTP_EFTU,GTP_EFTU_D2,RF3_C"
cluster_001_consensus_3350,1156935.QWE_04988,F,"This enzyme is involved in nucleotide metabolism it produces dUMP, the immediate precursor of thymidine nucleotides and it decreases the intracellular concentration of dUTP so that uracil cannot be incorporated into DNA",dUTPase
cluster_001_consensus_3351,1156935.QWE_04993,S,Acetyltransferase (GNAT) domain,Acetyltransf_9
cluster_001_consensus_3352,1156935.QWE_05013,E,LysE type translocator,LysE
cluster_001_consensus_3353,1156935.QWE_05018,E,Efflux protein,LysE
cluster_001_consensus_3354,1156935.QWE_05023,E,Cysteine synthase,PALP
cluster_001_consensus_3355,1156935.QWE_05028,T,Domain of unknown function (DUF4118),"DUF4118,HWE_HK"
cluster_001_consensus_3356,1156935.QWE_05033,O,ATPase with chaperone activity,"ChlI,Mg_chelatase,Mg_chelatase_C"
cluster_001_consensus_3357,1156935.QWE_05038,H,Belongs to the prokaryotic GSH synthase family,"GSH-S_ATP,GSH-S_N"
cluster_001_consensus_3358,1336235.JAEG01000004_gene3733,S,enzyme of the cupin superfamily,Cupin_3
cluster_001_consensus_3359,1156935.QWE_05043,E,Part of the ABC transporter complex UgpABCE involved in sn-glycerol-3-phosphate import. Responsible for energy coupling to the transport system,"ABC_tran,TOBE_2"
cluster_001_consensus_3360,1156935.QWE_05048,G,probably responsible for the translocation of the substrate across the membrane,BPD_transp_1
cluster_001_consensus_3361,1156935.QWE_05053,P,"ABC-type sugar transport systems, permease components",BPD_transp_1
cluster_001_consensus_3362,1156935.QWE_05058,G,"ABC-type sugar transport system, periplasmic component",SBP_bac_8
cluster_001_consensus_3363,1156935.QWE_05063,L,Belongs to the UPF0102 family,UPF0102
cluster_001_consensus_3364,1156935.QWE_05068,H,Catalyzes the 2'-O-methylation of the ribose of cytidine 1402 (C1402) in 16S rRNA,TP_methylase
cluster_001_consensus_3365,1156935.QWE_05073,L,"Confers DNA tethering and processivity to DNA polymerases and other proteins. Acts as a clamp, forming a ring around DNA (a reaction catalyzed by the clamp-loading complex) which diffuses in an ATP-independent manner freely and bidirectionally along dsDNA. Initially characterized for its ability to contact the catalytic subunit of DNA polymerase III (Pol III), a complex, multichain enzyme responsible for most of the replicative synthesis in bacteria","DNA_pol3_beta,DNA_pol3_beta_2,DNA_pol3_beta_3"
cluster_001_consensus_3366,1156935.QWE_05078,I,Ribosomal RNA adenine dimethylase,"Methyltransf_25,RrnaAD"
cluster_001_consensus_3367,1156935.QWE_05083,F,Catalyzes the decarboxylation of orotidine 5'- monophosphate (OMP) to uridine 5'-monophosphate (UMP),OMPdecase
cluster_001_consensus_3368,1336235.JAEG01000004_gene3721,S,Domain of unknown function (DUF1330),DUF1330
cluster_001_consensus_3369,1156935.QWE_05093,GM,NmrA-like family,"3Beta_HSD,Epimerase,NAD_binding_10,RmlD_sub_bind"
cluster_001_consensus_3370,1156935.QWE_05098,-,-,-
cluster_001_consensus_3371,1156935.QWE_05103,V,Catalyzes the dephosphorylation of undecaprenyl diphosphate (UPP). Confers resistance to bacitracin,BacA
cluster_001_consensus_3372,1156935.QWE_05108,O,Glutathione S-transferase,"GST_C,GST_C_2,GST_C_3,GST_N_3"
cluster_001_consensus_3373,1156935.QWE_05113,C,"Catalyzes the conversion of epoxyqueuosine (oQ) to queuosine (Q), which is a hypermodified base found in the wobble positions of tRNA(Asp), tRNA(Asn), tRNA(His) and tRNA(Tyr)","DUF1730,Fer4_16,HEAT_2"
cluster_001_consensus_3374,1156935.QWE_05118,GM,COG0451 Nucleoside-diphosphate-sugar epimerases,Epimerase
cluster_001_consensus_3375,1156935.QWE_05123,M,Lytic transglycosylase with a strong preference for naked glycan strands that lack stem peptides,DPBB_1
cluster_001_consensus_3376,1156935.QWE_05128,J,Belongs to the class I-like SAM-binding methyltransferase superfamily. RsmB NOP family,Methyltr_RsmB-F
cluster_001_consensus_3377,1156935.QWE_05133,P,Iron-regulated protein,Peptidase_M75
cluster_001_consensus_3378,1156935.QWE_05138,C,Thiol oxidoreductase,DHOR
cluster_001_consensus_3379,1156935.QWE_05143,S,Imelysin,Peptidase_M75
cluster_001_consensus_3380,1156935.QWE_05148,S,protein conserved in bacteria,DUF1513
cluster_001_consensus_3381,1156935.QWE_05153,T,Tryptophan-rich sensory protein (mitochondrial benzodiazepine receptor homolog),TspO_MBR
cluster_001_consensus_3382,1156935.QWE_05158,Q,"protein, possibly involved in aromatic compounds catabolism",4HBT
cluster_001_consensus_3383,1156935.QWE_05163,F,Enables the cleavage of the glycosidic bond in both 5'-methylthioadenosine and S-adenosylhomocysteine,PNP_UDP_1
cluster_001_consensus_3384,1156935.QWE_05173,F,Catalyzes the synthesis of GMP from XMP,"GATase,GMP_synt_C,NAD_synthase"
cluster_001_consensus_3385,1156935.QWE_05178,L,Cysteine methyltransferase,DNA_binding_1
cluster_001_consensus_3386,1156935.QWE_05183,P,Belongs to the ArsC family,ArsC
cluster_001_consensus_3387,1156935.QWE_05188,S,Belongs to the prolyl-tRNA editing family. YbaK EbsC subfamily,tRNA_edit
cluster_001_consensus_3389,1156935.QWE_05193,E,Leucyl aminopeptidase (Aminopeptidase T),Peptidase_M29
cluster_001_consensus_3390,1156935.QWE_05203,-,-,-
cluster_001_consensus_3391,1156935.QWE_05208,-,-,-
cluster_001_consensus_3392,1500306.JQLA01000003_gene4421,-,-,-
cluster_001_consensus_3393,1156935.QWE_05218,K,Cold shock,CSD
cluster_001_consensus_3394,1336235.JAEG01000004_gene3697,EG,Permeases of the drug metabolite transporter (DMT) superfamily,EamA
cluster_001_consensus_3395,1336235.JAEG01000004_gene3696,K,transcriptional regulator,"MarR,MarR_2"
cluster_001_consensus_3396,1156935.QWE_05223,S,NAD(P)H dehydrogenase,Flavodoxin_2
cluster_001_consensus_3397,1156935.QWE_05228,L,"Bidirectionally degrades single-stranded DNA into large acid-insoluble oligonucleotides, which are then degraded further into small acid-soluble oligonucleotides","Exonuc_VII_L,tRNA_anti_2"
cluster_001_consensus_3398,1156935.QWE_05233,S,oligosaccharyl transferase activity,-
cluster_001_consensus_3399,1156935.QWE_05238,M,Glycosyl transferase family 2,Glycos_transf_2
cluster_001_consensus_3400,1156935.QWE_05243,S,GtrA-like protein,GtrA
cluster_001_consensus_3401,1156935.QWE_05248,S,oxidoreductase,"GFO_IDH_MocA,GFO_IDH_MocA_C"
cluster_001_consensus_3402,1156935.QWE_05253,Q,Isochorismatase family,Isochorismatase
cluster_001_consensus_3403,1156935.QWE_05258,K,Transcriptional regulator containing an amidase domain and an AraC-type DNA-binding HTH domain,"DJ-1_PfpI,HTH_18"
cluster_001_consensus_3404,1156935.QWE_05263,C,oxidoreductases (related to aryl-alcohol dehydrogenases),Aldo_ket_red
cluster_001_consensus_3405,1220582.RRU01S_12_00190,K,Acetyltransferase,Acetyltransf_1
cluster_001_consensus_3406,1410620.SHLA_82c000060,K,transcriptional regulator,"HTH_1,LysR_substrate"
cluster_001_consensus_3407,1156935.QWE_05268,C,Aldo keto reductase,Aldo_ket_red
cluster_001_consensus_3408,1156935.QWE_05273,EG,Permeases of the drug metabolite transporter (DMT) superfamily,EamA
cluster_001_consensus_3409,1156935.QWE_05278,K,COG1167 Transcriptional regulators containing a DNA-binding HTH domain and an aminotransferase domain (MocR family) and their eukaryotic orthologs,"Aminotran_1_2,GntR"
cluster_001_consensus_3410,1156935.QWE_05298,K,"helix_turn_helix, arabinose operon control protein","AraC_binding,HTH_18"
cluster_001_consensus_3411,1156935.QWE_05303,EG,EamA-like transporter family,EamA
cluster_001_consensus_3412,1156935.QWE_05308,S,"One of several proteins that assist in the late maturation steps of the functional core of the 30S ribosomal subunit. Helps release RbfA from mature subunits. May play a role in the assembly of ribosomal proteins into the subunit. Circularly permuted GTPase that catalyzes slow GTP hydrolysis, GTPase activity is stimulated by the 30S ribosomal subunit",RsgA_GTPase
cluster_001_consensus_3413,1156935.QWE_05313,-,-,DUF3606
cluster_001_consensus_3414,1156935.QWE_05318,J,Belongs to the phenylalanyl-tRNA synthetase beta subunit family. Type 1 subfamily,"B3_4,B5,FDX-ACB,tRNA_bind"
cluster_001_consensus_3415,1082931.KKY_3714,S,Protein of unknown function (DUF2442),DUF2442
cluster_001_consensus_3416,1370122.JHXQ01000008_gene1892,J,Belongs to the class-II aminoacyl-tRNA synthetase family. Phe-tRNA synthetase alpha subunit type 1 subfamily,"Phe_tRNA-synt_N,tRNA-synt_2d"
cluster_001_consensus_3417,1156935.QWE_05338,J,Binds directly to 23S ribosomal RNA and is necessary for the in vitro assembly process of the 50S ribosomal subunit. It is not involved in the protein synthesizing functions of that subunit,Ribosomal_L20
cluster_001_consensus_3418,1041139.KB902578_gene5034,J,Belongs to the bacterial ribosomal protein bL35 family,Ribosomal_L35p
cluster_001_consensus_3419,1156935.QWE_05348,T,Histidine kinase,HATPase_c
cluster_001_consensus_3420,1156935.QWE_05353,T,Response regulators consisting of a CheY-like receiver domain and a winged-helix DNA-binding domain,"Response_reg,Trans_reg_C"
cluster_001_consensus_3421,1156935.QWE_05358,S,peptidase,-
cluster_001_consensus_3422,1156935.QWE_05363,-,-,-
cluster_001_consensus_3423,1336249.JADW01000007_gene3212,J,"IF-3 binds to the 30S ribosomal subunit and shifts the equilibrum between 70S ribosomes and their 50S and 30S subunits in favor of the free subunits, thus enhancing the availability of 30S subunits on which protein synthesis initiation begins","IF3_C,IF3_N"
cluster_001_consensus_3424,1156935.QWE_05373,S,hydrolases or acyltransferases (alpha beta hydrolase superfamily),"Abhydrolase_6,Hydrolase_4"
cluster_001_consensus_3425,1156935.QWE_05378,S,Bacterial transglutaminase-like cysteine proteinase BTLCP,Peptidase_C93
cluster_001_consensus_3426,1156935.QWE_05383,EGP,Major Facilitator,MFS_1
cluster_001_consensus_3427,1156935.QWE_05388,S,Rubrerythrin,"Rubrerythrin,VIT1"
cluster_001_consensus_3428,1156935.QWE_05393,S,COG2346 Truncated hemoglobins,Bac_globin
cluster_001_consensus_3429,1156935.QWE_05398,Q,Part of the tripartite ATP-independent periplasmic (TRAP) transport system,DctP
cluster_001_consensus_3430,492774.JQMB01000021_gene3704,Q,"Copper amine oxidase, N2 domain","Cu_amine_oxid,Cu_amine_oxidN2,Cu_amine_oxidN3"
cluster_001_consensus_3431,936136.ARRT01000006_gene3903,-,-,-
cluster_001_consensus_3432,1500306.JQLA01000019_gene2962,E,Amino acid permease,"AA_permease,AA_permease_2"
cluster_001_consensus_3433,492774.JQMB01000021_gene3706,K,"Arabinose-binding domain of AraC transcription regulator, N-term","Arabinose_bd,HTH_18"
cluster_001_consensus_3434,1156935.QWE_05408,BQ,Histone deacetylase domain,Hist_deacetyl
cluster_001_consensus_3435,1156935.QWE_05413,-,-,-
cluster_001_consensus_3436,1156935.QWE_05418,M,Acetyltransferase (GNAT) domain,"Acetyltransf_1,Acetyltransf_10"
cluster_001_consensus_3437,1156935.QWE_05423,K,Cro/C1-type HTH DNA-binding domain,"Cupin_2,HTH_3,HTH_31"
cluster_001_consensus_3438,1156935.QWE_05428,K,Helix-turn-helix XRE-family like proteins,"Cupin_2,HTH_3"
cluster_001_consensus_3439,1156935.QWE_05433,H,Catalyzes the cleavage of 2-amino-3-ketobutyrate to glycine and acetyl-CoA,Aminotran_1_2
cluster_001_consensus_3440,1156935.QWE_05438,E,Catalyzes the NAD( )-dependent oxidation of L-threonine to 2-amino-3-ketobutyrate,"ADH_N,ADH_zinc_N"
cluster_001_consensus_3441,1156935.QWE_05443,S,MOSC domain containing protein,"MOSC,MOSC_N"
cluster_001_consensus_3442,1437448.AZRT01000091_gene1859,S,FAD-NAD(P)-binding,NAD_binding_9
cluster_001_consensus_3443,1156935.QWE_05453,S,Uncharacterized protein conserved in bacteria (DUF2171),DUF2171
cluster_001_consensus_3445,1156935.QWE_05468,-,-,-
cluster_001_consensus_3446,1156935.QWE_05473,K,AntiSigma factor,-
cluster_001_consensus_3447,1156935.QWE_05478,K,Belongs to the sigma-70 factor family. ECF subfamily,"Sigma70_r2,Sigma70_r4_2"
cluster_001_consensus_3448,1156935.QWE_05483,O,Subtilase family,Peptidase_S8
cluster_001_consensus_3449,1156935.QWE_05488,S,SnoaL-like polyketide cyclase,SnoaL_2
cluster_001_consensus_3450,1156935.QWE_05493,K,COG0454 Histone acetyltransferase HPA2 and related acetyltransferases,Acetyltransf_1
cluster_001_consensus_3451,1156935.QWE_05498,K,Nitrilase cyanide hydratase and apolipoprotein N-acyltransferase,CN_hydrolase
cluster_001_consensus_3452,1156935.QWE_05503,K,"Ribbon-helix-helix protein, copG family",RHH_1
cluster_001_consensus_3453,1156935.QWE_05508,S,COG3668 Plasmid stabilization system protein,ParE_toxin
cluster_001_consensus_3454,1449049.JONW01000005_gene1415,K,"RNA polymerase sigma factor, sigma-70 family","Sigma70_r2,Sigma70_r4_2"
cluster_001_consensus_3455,189753.AXAS01000010_gene7415,S,YCII-related domain,YCII
cluster_001_consensus_3456,1156935.QWE_05513,M,"Required for accurate and efficient protein synthesis under certain stress conditions. May act as a fidelity factor of the translation reaction, by catalyzing a one-codon backward translocation of tRNAs on improperly translocated ribosomes. Back- translocation proceeds from a post-translocation (POST) complex to a pre-translocation (PRE) complex, thus giving elongation factor G a second chance to translocate the tRNAs correctly. Binds to ribosomes in a GTP-dependent manner","EFG_C,EFG_II,GTP_EFTU,GTP_EFTU_D2,LepA_C"
cluster_001_consensus_3457,1500301.JQMF01000018_gene3068,K,HxlR-like helix-turn-helix,HxlR
cluster_001_consensus_3458,1500301.JQMF01000018_gene3067,S,Antibiotic biosynthesis monooxygenase,ABM
cluster_001_consensus_3459,1156935.QWE_05528,S,Post-segregation antitoxin (ccd killing mechanism protein) encoded by the F plasmid,CcdA
cluster_001_consensus_3460,1500259.JQLD01000021_gene2215,S,CcdB protein,CcdB
cluster_001_consensus_3461,1156935.QWE_05538,S,Domain of unknown function (DUF1508),DUF1508
cluster_001_consensus_3462,1156935.QWE_05543,S,ASPIC and UnbV,"UnbV_ASPIC,VCBS"
cluster_001_consensus_3463,1156935.QWE_05548,I,cell adhesion involved in biofilm formation,PAP2
cluster_001_consensus_3464,1156935.QWE_05553,E,lysine exporter protein (LysE YggA),LysE
cluster_001_consensus_3465,1156935.QWE_05558,F,glutamine amidotransferase,GATase
cluster_001_consensus_3466,1156935.QWE_05563,S,DoxX,DoxX
cluster_001_consensus_3467,1156935.QWE_05568,O,protein conserved in bacteria,Rdx
cluster_001_consensus_3468,1156935.QWE_05573,S,BA14K-like protein,BA14K
cluster_001_consensus_3469,1156935.QWE_05578,-,-,-
cluster_001_consensus_3470,1156935.QWE_05583,U,Putative Flp pilus-assembly TadE/G-like,Tad
cluster_001_consensus_3471,1079460.ATTQ01000002_gene5036,-,-,-
cluster_001_consensus_3472,1156935.QWE_05593,M,Cell wall-associated hydrolases (invasion-associated proteins),"NLPC_P60,SH3_3"
cluster_001_consensus_3473,1156935.QWE_05598,K,transcriptional regulator,"MarR,MarR_2"
cluster_001_consensus_3474,1156935.QWE_05603,E,Belongs to the peptidase M17 family,Peptidase_M17
cluster_001_consensus_3475,1336235.JAEG01000019_gene3295,U,COG0457 FOG TPR repeat,"TPR_10,TPR_12,TPR_16,TPR_19,TPR_2,TPR_4,TPR_8"
cluster_001_consensus_3476,1156935.QWE_05613,S,Domain of unknown function (DUF1949),"DUF1949,UPF0029"
cluster_001_consensus_3477,311402.Avi_0252,-,-,-
cluster_001_consensus_3478,1156935.QWE_05623,D,Belongs to the FtsK SpoIIIE SftA family,"FtsK_SpoIIIE,Ftsk_gamma"
cluster_001_consensus_3479,1156935.QWE_15938,IQ,KR domain,adh_short_C2
cluster_001_consensus_3480,1156935.QWE_05638,S,Virulence factor BrkB,Virul_fac_BrkB
cluster_001_consensus_3481,1156935.QWE_05643,HJK,FR47-like protein,"Acetyltransf_1,Dala_Dala_lig_C,GSH-S_ATP,RimK"
cluster_001_consensus_3482,1156935.QWE_05648,E,Asparagine synthase,"Asn_synthase,GATase_7"
cluster_001_consensus_3483,1156935.QWE_05653,S,iron-regulated membrane protein,"PepSY,PepSY_TM"
cluster_001_consensus_3484,1156935.QWE_05658,K,"helix_turn_helix, cAMP Regulatory protein",HTH_Crp_2
cluster_001_consensus_3485,1156935.QWE_05663,-,-,-
cluster_001_consensus_3486,1156935.QWE_05668,K,transcriptional regulator,"DJ-1_PfpI,HTH_18"
cluster_001_consensus_3487,1156935.QWE_05673,G,M42 glutamyl aminopeptidase,Peptidase_M42
cluster_001_consensus_3488,1156935.QWE_05678,S,Protein of unknown function (DUF2945),DUF2945
cluster_001_consensus_3489,1156935.QWE_05893,-,-,-
cluster_001_consensus_3490,1156935.QWE_05898,O,Has an important function as a repair enzyme for proteins that have been inactivated by oxidation. Catalyzes the reversible oxidation-reduction of methionine sulfoxide in proteins to methionine,PMSR
cluster_001_consensus_3491,1156935.QWE_05903,S,Membrane lipoprotein,Bmp
cluster_001_consensus_3492,1156935.QWE_05908,S,ABC transporter,ABC_tran
cluster_001_consensus_3493,1156935.QWE_05913,S,Belongs to the binding-protein-dependent transport system permease family,BPD_transp_2
cluster_001_consensus_3494,1156935.QWE_05918,S,Belongs to the binding-protein-dependent transport system permease family,BPD_transp_2
cluster_001_consensus_3495,1156935.QWE_05923,F,This enzyme scavenges exogenous and endogenous cytidine and 2'-deoxycytidine for UMP synthesis,"dCMP_cyt_deam_1,dCMP_cyt_deam_2"
cluster_001_consensus_3496,1156935.QWE_05928,F,"The purine nucleoside phosphorylases catalyze the phosphorolytic breakdown of the N-glycosidic bond in the beta- (deoxy)ribonucleoside molecules, with the formation of the corresponding free purine bases and pentose-1-phosphate",PNP_UDP_1
cluster_001_consensus_3497,1156935.QWE_05933,F,Catalyzes a reversible aldol reaction between acetaldehyde and D-glyceraldehyde 3-phosphate to generate 2-deoxy- D-ribose 5-phosphate,DeoC
cluster_001_consensus_3498,1156935.QWE_05938,F,"The enzymes which catalyze the reversible phosphorolysis of pyrimidine nucleosides are involved in the degradation of these compounds and in their utilization as carbon and energy sources, or in the rescue of pyrimidine bases for nucleotide synthesis","Glycos_trans_3N,Glycos_transf_3,PYNP_C"
cluster_001_consensus_3499,1156935.QWE_05943,S,Aspartyl protease,gag-asp_proteas
cluster_001_consensus_3500,1156935.QWE_05948,F,Catalyzes the conversion of uracil and 5-phospho-alpha- D-ribose 1-diphosphate (PRPP) to UMP and diphosphate,UPRTase
cluster_001_consensus_3501,1156935.QWE_05953,F,Catalyzes the hydrolytic deamination of adenine to hypoxanthine. Plays an important role in the purine salvage pathway and in nitrogen catabolism,A_deaminase
cluster_001_consensus_3502,1156935.QWE_05958,G,Phosphotransfer between the C1 and C5 carbon atoms of pentose,Metalloenzyme
cluster_001_consensus_3503,1156935.QWE_05963,U,TadE-like protein,TadE
cluster_001_consensus_3504,1156935.QWE_05968,U,Pilus assembly protein TadG,TadE
cluster_001_consensus_3505,1156935.QWE_05973,U,"Flp pilus assembly protein, secretin CpaC",T2SS-T3SS_pil_N
cluster_001_consensus_3506,698761.RTCIAT899_CH01325,U,"Flp pilus assembly protein, pilin Flp",Flp_Fap
cluster_001_consensus_3507,1156935.QWE_05988,OU,peptidase,Peptidase_A24
cluster_001_consensus_3508,1156935.QWE_05993,U,Pilus assembly protein CpaB,"RcpC,SAF"
cluster_001_consensus_3509,1156935.QWE_05998,U,Belongs to the GSP D family,"BON,Secretin,T2SS-T3SS_pil_N"
cluster_001_consensus_3510,1156935.QWE_06003,N,pilus assembly protein,Pilus_CpaD
cluster_001_consensus_3511,1156935.QWE_06008,U,pilus assembly protein,"AAA_31,CBP_BcsQ"
cluster_001_consensus_3512,1156935.QWE_06013,U,"Flp pilus assembly protein, ATPase CpaF",T2SSE
cluster_001_consensus_3513,1156935.QWE_06018,U,pilus assembly protein,T2SSF
cluster_001_consensus_3514,1156935.QWE_06023,NU,type II secretion system protein,T2SSF
cluster_001_consensus_3515,1041146.ATZB01000004_gene6288,-,-,-
cluster_001_consensus_3516,1156935.QWE_06033,S,carbon monoxide dehydrogenase,COXG
cluster_001_consensus_3517,1156935.QWE_06038,F,Catalyzes the synthesis of beta-nicotinate D- ribonucleotide from nicotinate and 5-phospho-D-ribose 1-phosphate at the expense of ATP,NAPRTase
cluster_001_consensus_3518,1336235.JAEG01000009_gene2671,-,-,-
cluster_001_consensus_3519,1156935.QWE_06048,EH,2-hydroxyacid dehydrogenase,2-Hacid_dh_C
cluster_001_consensus_3520,1156935.QWE_06053,P,Belongs to the ABC transporter superfamily,"ABC_tran,oligo_HPY"
cluster_001_consensus_3521,1156935.QWE_06068,P,ABC transporter permease,"BPD_transp_1,OppC_N"
cluster_001_consensus_3522,1156935.QWE_06073,P,ABC transporter,BPD_transp_1
cluster_001_consensus_3523,1336235.JAEG01000009_gene2676,E,"ABC-type oligopeptide transport system, periplasmic component",SBP_bac_5
cluster_001_consensus_3524,1156935.QWE_06083,M,murein endopeptidase,Peptidase_M74
cluster_001_consensus_3525,1156935.QWE_06088,G,methylglyoxal synthase,MGS
cluster_001_consensus_3526,1156935.QWE_06093,F,Belongs to the bacterial glucokinase family,Glucokinase
cluster_001_consensus_3527,1156935.QWE_06098,V,"ABC-type multidrug transport system, ATPase and permease","ABC_membrane,ABC_tran"
cluster_001_consensus_3528,1156935.QWE_06103,E,Catalyzes the conversion of 4-hydroxy- tetrahydrodipicolinate (HTPA) to tetrahydrodipicolinate,"DapB_C,DapB_N"
cluster_001_consensus_3529,1156935.QWE_06108,G,Belongs to the phosphoglycerate mutase family. BPG- dependent PGAM subfamily,His_Phos_1
cluster_001_consensus_3530,1156935.QWE_06113,I,hydrolases or acyltransferases (alpha beta hydrolase superfamily),"Abhydrolase_1,Abhydrolase_4,Abhydrolase_6,CMD"
cluster_001_consensus_3531,1156935.QWE_06118,L,"In addition to polymerase activity, this DNA polymerase exhibits 5'-3' exonuclease activity","5_3_exonuc,5_3_exonuc_N,DNA_pol_A,DNA_pol_A_exo1"
cluster_001_consensus_3532,1156935.QWE_06123,K,transcriptional regulator,"MarR,MarR_2"
cluster_001_consensus_3533,1156935.QWE_06128,E,Acetylornithine deacetylase Succinyl-diaminopimelate desuccinylase and related deacylases,"M20_dimer,Peptidase_M20"
cluster_001_consensus_3534,1156935.QWE_06133,S,Aminoacyl-tRNA editing domain,tRNA_edit
cluster_001_consensus_3535,1156935.QWE_06138,M,penicillin-binding protein,"Transgly,Transpeptidase"
cluster_001_consensus_3536,1156935.QWE_06143,O,Heat shock 70 kDa protein,HSP70
cluster_001_consensus_3537,1156935.QWE_06148,-,-,-
cluster_001_consensus_3538,1156935.QWE_06153,O,"ATP binding to DnaK triggers the release of the substrate protein, thus completing the reaction cycle. Several rounds of ATP-dependent interactions between DnaJ, DnaK and GrpE are required for fully efficient folding. Also involved, together with DnaK and GrpE, in the DNA replication of plasmids through activation of initiation proteins","DnaJ,DnaJ_C,DnaJ_CXXCXGXG"
cluster_001_consensus_3539,1156935.QWE_06158,S,Antibiotic biosynthesis monooxygenase,-
cluster_001_consensus_3540,1156935.QWE_06163,K,Bacterial transcriptional repressor C-terminal,"TetR_C_11,TetR_N"
cluster_001_consensus_3541,1156935.QWE_06168,S,Belongs to the SlyX family,SlyX
cluster_001_consensus_3542,1156935.QWE_06173,-,-,-
cluster_001_consensus_3543,1156935.QWE_06178,L,"it is required for DNA replication and normal SOS inducibility. RecF binds preferentially to single-stranded, linear DNA. It also seems to bind ATP","AAA_21,AAA_23,SMC_N"
cluster_001_consensus_3544,1156935.QWE_06183,H,Dinucleotide-utilizing enzymes involved in molybdopterin and thiamine biosynthesis family 2,ThiF
cluster_001_consensus_3545,1156935.QWE_06188,K,Histone acetyltransferase HPA2 and related acetyltransferases,"Acetyltransf_1,Acetyltransf_10"
cluster_001_consensus_3546,1156935.QWE_06193,CH,Belongs to the D-isomer specific 2-hydroxyacid dehydrogenase family,"2-Hacid_dh,2-Hacid_dh_C"
cluster_001_consensus_3547,1156935.QWE_06198,S,protein conserved in bacteria,SH3_4
cluster_001_consensus_3548,1156935.QWE_06203,G,"Sugar kinases, ribokinase family",PfkB
cluster_001_consensus_3549,1156935.QWE_06208,S,Membrane transport protein,Mem_trans
cluster_001_consensus_3550,1156935.QWE_06213,C,cytochrome,Cytochrom_C
cluster_001_consensus_3551,1156935.QWE_06218,M,Activates KDO (a required 8-carbon sugar) for incorporation into bacterial lipopolysaccharide in Gram-negative bacteria,CTP_transf_3
cluster_001_consensus_3552,1156935.QWE_06223,E,Prephenate dehydratase,PDT
cluster_001_consensus_3554,1156935.QWE_06228,L,"NTP pyrophosphohydrolases containing a Zn-finger, probably nucleic-acid-binding","NUDIX,NUDIX-like,zf-NADH-PPase"
cluster_001_consensus_3555,1156935.QWE_06233,FG,Diadenosine tetraphosphate (Ap4A) hydrolase and other HIT family hydrolases,HIT
cluster_001_consensus_3556,1156935.QWE_06238,L,"DNA polymerase III is a complex, multichain enzyme responsible for most of the replicative synthesis in bacteria. This DNA polymerase also exhibits 3' to 5' exonuclease activity","DNA_pol3_delta2,DNA_pol3_gamma3,DUF3646"
cluster_001_consensus_3557,1156935.QWE_06243,S,"Binds to DNA and alters its conformation. May be involved in regulation of gene expression, nucleoid organization and DNA protection",YbaB_DNA_bd
cluster_001_consensus_3558,1156935.QWE_06248,S,Alpha beta hydrolase,Hydrolase_4
cluster_001_consensus_3559,1156935.QWE_06253,S,MOSC domain,MOSC
cluster_001_consensus_3560,1156935.QWE_06258,L,May play a role in DNA repair. It seems to be involved in an RecBC-independent recombinational process of DNA repair. It may act with RecF and RecO,"RecR,Toprim_4"
cluster_001_consensus_3561,1156935.QWE_06263,M,Lytic murein transglycosylase,"PG_binding_1,SLT_2"
cluster_001_consensus_3562,1156935.QWE_06268,EGP,Permeases of the major facilitator superfamily,MFS_3
cluster_001_consensus_3563,1156935.QWE_06273,S,Required for maturation of 30S ribosomal subunits,"DUF150,DUF150_C"
cluster_001_consensus_3564,1156935.QWE_06278,K,Participates in both transcription termination and antitermination,"HHH_5,KH_5,NusA_N,S1"
cluster_001_consensus_3565,1156935.QWE_06283,K,nucleic-acid-binding protein implicated in transcription termination,"DUF448,Ribosomal_L7Ae"
cluster_001_consensus_3566,1156935.QWE_06288,J,One of the essential components for the initiation of protein synthesis. Protects formylmethionyl-tRNA from spontaneous hydrolysis and promotes its binding to the 30S ribosomal subunits. Also involved in the hydrolysis of GTP during the formation of the 70S ribosomal complex,"GTP_EFTU,GTP_EFTU_D2,IF-2,IF2_N,IF2_assoc"
cluster_001_consensus_3567,1156935.QWE_06298,J,One of several proteins that assist in the late maturation steps of the functional core of the 30S ribosomal subunit. Associates with free 30S ribosomal subunits (but not with 30S subunits that are part of 70S ribosomes or polysomes). Required for efficient processing of 16S rRNA. May interact with the 5'-terminal helix region of 16S rRNA,RBFA
cluster_001_consensus_3568,1156935.QWE_06303,J,Responsible for synthesis of pseudouridine from uracil- 55 in the psi GC loop of transfer RNAs,"TruB-C_2,TruB_C_2,TruB_N"
cluster_001_consensus_3569,1156935.QWE_06308,J,Forms an intersubunit bridge (bridge B4) with the 23S rRNA of the 50S subunit in the ribosome,Ribosomal_S15
cluster_001_consensus_3570,1156935.QWE_06313,J,Involved in mRNA degradation. Catalyzes the phosphorolysis of single-stranded polyribonucleotides processively in the 3'- to 5'-direction,"KH_1,PNPase,RNase_PH,RNase_PH_C,S1"
cluster_001_consensus_3571,1156935.QWE_06318,J,Methyltransferase,"MTS,MTS_N"
cluster_001_consensus_3572,1156935.QWE_06323,K,AraC-type DNA-binding domain-containing proteins,"Arabinose_bd,HTH_18"
cluster_001_consensus_3573,411684.HPDFL43_00210,K,Transcriptional regulator,GerE
cluster_001_consensus_3574,1156935.QWE_06333,IQ,Belongs to the beta-ketoacyl-ACP synthases family,"Ketoacyl-synt_C,ketoacyl-synt"
cluster_001_consensus_3575,1156935.QWE_06338,I,"Necessary for the introduction of cis unsaturation into fatty acids. Catalyzes the dehydration of (3R)-3-hydroxydecanoyl- ACP to E-(2)-decenoyl-ACP and then its isomerization to Z-(3)- decenoyl-ACP. Can catalyze the dehydratase reaction for beta- hydroxyacyl-ACPs with saturated chain lengths up to 16 0, being most active on intermediate chain length",FabA
cluster_001_consensus_3576,1156935.QWE_06343,K,Belongs to the Fur family,FUR
cluster_001_consensus_3577,1156935.QWE_06348,S,membrane,UPF0126
cluster_001_consensus_3578,1156935.QWE_06353,-,-,-
cluster_001_consensus_3579,1156935.QWE_06358,S,DUF218 domain,DUF218
cluster_001_consensus_3580,1156935.QWE_06363,-,-,-
cluster_001_consensus_3581,1156935.QWE_06368,S,Protein of unknown function (FYDLN_acid),FYDLN_acid
cluster_001_consensus_3582,1156935.QWE_06373,F,Belongs to the cytidylate kinase family. Type 1 subfamily,Cytidylate_kin
cluster_001_consensus_3583,1156935.QWE_06378,J,thus facilitating recognition of the initiation point. It is needed to translate mRNA with a short Shine-Dalgarno (SD) purine-rich sequence,S1
cluster_001_consensus_3584,1156935.QWE_06383,-,-,-
cluster_001_consensus_3585,1156935.QWE_06388,H,Nicotinate phosphoribosyltransferase (NAPRTase) family,NAPRTase
cluster_001_consensus_3587,1336235.JAEG01000009_gene2765,-,-,-
cluster_001_consensus_3588,1281779.H009_14974,J,3'-5' exonuclease,DNA_pol_A_exo1
cluster_001_consensus_3589,1156935.QWE_06408,G,phosphomannomutase,"PGM_PMM_I,PGM_PMM_II,PGM_PMM_III,PGM_PMM_IV"
cluster_001_consensus_3590,1156935.QWE_06413,S,COG1028 Dehydrogenases with different specificities (related to short-chain alcohol dehydrogenases),adh_short
cluster_001_consensus_3591,1156935.QWE_06418,M,Cyclopropane fatty acid synthase and related methyltransferases,CMAS
cluster_001_consensus_3592,1156935.QWE_06423,S,Protein of unknown function (DUF1365),DUF1365
cluster_001_consensus_3593,1156935.QWE_06428,S,amine oxidase,Amino_oxidase
cluster_001_consensus_3594,1156935.QWE_06433,K,"Sigma-70, region 4","Sigma70_r2,Sigma70_r4,Sigma70_r4_2"
cluster_001_consensus_3595,1156935.QWE_06438,T,ChrR Cupin-like domain,"Cupin_7,zf-HC2"
cluster_001_consensus_3596,1156935.QWE_06443,S,Predicted membrane protein (DUF2177),DUF2177
cluster_001_consensus_3597,1156935.QWE_06448,J,exonuclease of the beta-lactamase fold involved in RNA processing,Lactamase_B
cluster_001_consensus_3598,1156935.QWE_06453,L,DNA ligase,"DNA_ligase_A_C,DNA_ligase_A_M,DNA_ligase_A_N"
cluster_001_consensus_3599,1156935.QWE_06458,C,Key enzyme in the regulation of glycerol uptake and metabolism. Catalyzes the phosphorylation of glycerol to yield sn- glycerol 3-phosphate,"FGGY_C,FGGY_N"
cluster_001_consensus_3600,1156935.QWE_06463,G,ABC transporter substrate-binding protein,"SBP_bac_1,SBP_bac_8"
cluster_001_consensus_3601,1156935.QWE_06468,S,Small integral membrane protein,DUF2160
cluster_001_consensus_3602,1156935.QWE_06473,P,"ABC-type sugar transport system, permease component",BPD_transp_1
cluster_001_consensus_3603,1156935.QWE_06478,P,"ABC-type sugar transport systems, permease components",BPD_transp_1
cluster_001_consensus_3604,1156935.QWE_06483,G,Belongs to the ABC transporter superfamily,"ABC_tran,TOBE_2"
cluster_001_consensus_3605,1156935.QWE_06488,P,Belongs to the ABC transporter superfamily,"ABC_tran,TOBE,TOBE_2"
cluster_001_consensus_3606,1156935.QWE_06493,C,Belongs to the FAD-dependent glycerol-3-phosphate dehydrogenase family,"DAO,DAO_C"
cluster_001_consensus_3607,1156935.QWE_06498,K,Transcriptional,"DeoRC,HTH_DeoR"
cluster_001_consensus_3608,1156935.QWE_06503,P,ABC 3 transport family,FecCD
cluster_001_consensus_3609,1156935.QWE_06508,P,"ABC-type Fe3 -hydroxamate transport system, periplasmic component",Peripla_BP_2
cluster_001_consensus_3610,1156935.QWE_06513,HP,ATPases associated with a variety of cellular activities,ABC_tran
cluster_001_consensus_3612,1156935.QWE_06518,C,"NADH dehydrogenase, FAD-containing subunit","Pyr_redox_2,cNMP_binding"
cluster_001_consensus_3613,1156935.QWE_06538,S,Domain of unknown function (DUF4142),DUF4142
cluster_001_consensus_3614,1156935.QWE_06543,K,transcriptional regulator,"MarR_2,Sugar-bind"
cluster_001_consensus_3615,1156935.QWE_06548,G,ABC transporter substrate-binding protein,SBP_bac_1
cluster_001_consensus_3616,1156935.QWE_06553,P,"ABC-type sugar transport systems, permease components",BPD_transp_1
cluster_001_consensus_3617,1156935.QWE_06558,P,"ABC-type sugar transport system, permease component",BPD_transp_1
cluster_001_consensus_3618,1156935.QWE_06563,P,Belongs to the ABC transporter superfamily,"ABC_tran,TOBE,TOBE_2"
cluster_001_consensus_3619,1082932.ATCR1_24955,IQ,Dehydrogenases with different specificities (related to short-chain alcohol dehydrogenases),adh_short_C2
cluster_001_consensus_3620,1156935.QWE_06573,G,Belongs to the mannitol dehydrogenase family,"Mannitol_dh,Mannitol_dh_C"
cluster_001_consensus_3621,1156935.QWE_06578,S,hydrolase,HAD_2
cluster_001_consensus_3622,1156935.QWE_06583,G,FGGY-family pentulose kinase,"FGGY_C,FGGY_N"
cluster_001_consensus_3623,1156935.QWE_06588,F,Cytosine deaminase and related metal-dependent hydrolases,Amidohydro_1
cluster_001_consensus_3624,1156935.QWE_06593,E,Histidine ammonia-lyase,Lyase_aromatic
cluster_001_consensus_3625,1156935.QWE_06598,Q,imidazolonepropionase activity,"Amidohydro_1,Amidohydro_3"
cluster_001_consensus_3626,1156935.QWE_06603,E,histidine,Lyase_aromatic
cluster_001_consensus_3627,1156935.QWE_06608,E,N-formylglutamate amidohydrolase,FGase
cluster_001_consensus_3628,1156935.QWE_06613,E,Catalyzes the conversion of urocanate to 4-imidazolone- 5-propionate,"Urocanase,Urocanase_C,Urocanase_N"
cluster_001_consensus_3629,1156935.QWE_06618,S,protein conserved in bacteria,HutD
cluster_001_consensus_3630,1156935.QWE_06623,K,histidine utilization repressor,"GntR,UTRA"
cluster_001_consensus_3631,1156935.QWE_07436,T,COG3806 Anti-sigma factor,Cupin_7
cluster_001_consensus_3632,1156935.QWE_07431,Q,Isochorismatase family,Isochorismatase
cluster_001_consensus_3633,1156935.QWE_07426,S,ABC transporter,ABC_tran
cluster_001_consensus_3634,1156935.QWE_07421,Q,Isochorismatase family,Isochorismatase
cluster_001_consensus_3635,419610.Mext_1704,S,"Is an aliphatic amidase with a restricted substrate specificity, as it only hydrolyzes formamide",CN_hydrolase
cluster_001_consensus_3636,1156935.QWE_07416,S,Belongs to the binding-protein-dependent transport system permease family,BPD_transp_2
cluster_001_consensus_3637,1461694.ATO9_11695,S,Belongs to the binding-protein-dependent transport system permease family,BPD_transp_2
cluster_001_consensus_3638,1156935.QWE_07406,S,ABC transporter substrate-binding protein,"Bmp,TAT_signal"
cluster_001_consensus_3639,1156935.QWE_07401,K,LysR substrate binding domain,"HTH_1,LysR_substrate"
cluster_001_consensus_3640,1156935.QWE_06648,S,SURF1-like protein,SURF1
cluster_001_consensus_3641,1156935.QWE_06653,C,"Heme copper-type cytochrome quinol oxidase, subunit 4",COX4_pro
cluster_001_consensus_3642,1156935.QWE_06658,C,"Heme copper-type cytochrome quinol oxidase, subunit 3",COX3
cluster_001_consensus_3643,1156935.QWE_06663,C,Cytochrome c oxidase is the component of the respiratory chain that catalyzes the reduction of oxygen to water. Subunits 1- 3 form the functional core of the enzyme complex. CO I is the catalytic subunit of the enzyme. Electrons originating in cytochrome c are transferred via the copper A center of subunit 2 and heme A of subunit 1 to the bimetallic center formed by heme A3 and copper B,COX1
cluster_001_consensus_3644,1156935.QWE_06668,C,ubiquinol oxidase subunit,"COX2,COX_ARM"
cluster_001_consensus_3645,1156935.QWE_06673,EGP,Permeases of the major facilitator superfamily,"MFS_1,Sugar_tr"
cluster_001_consensus_3646,1156935.QWE_04723,Q,Isochorismatase family,Isochorismatase
cluster_001_consensus_3647,1156935.QWE_04728,G,Isocitrate lyase family,PEP_mutase
cluster_001_consensus_3648,1156935.QWE_04733,J,Amidase,Amidase
cluster_001_consensus_3649,1220582.RRU01S_23_01350,J,Belongs to the amidase family,Amidase
cluster_001_consensus_3650,1156935.QWE_15576,C,"Catalyzes the pyrimidine ring opening between N-3 and C- 4 by an unusual flavin hydroperoxide-catalyzed mechanism to yield ureidoacrylate peracid. It cleaves pyrmidine rings directly by adding oxygen atoms, making a toxic ureidoacrylate peracid product which can be spontaneously reduced to ureidoacrylate",Bac_luciferase
cluster_001_consensus_3651,1156935.QWE_15571,K,COG2188 Transcriptional regulators,"GntR,UTRA"
cluster_001_consensus_3652,1156935.QWE_15566,P,Major Facilitator Superfamily,MFS_1
cluster_001_consensus_3653,1156935.QWE_15561,G,Periplasmic binding protein domain,Peripla_BP_4
cluster_001_consensus_3654,1156935.QWE_15556,G,ABC transporter,ABC_tran
cluster_001_consensus_3655,1220582.RRU01S_23_01290,G,Belongs to the binding-protein-dependent transport system permease family,BPD_transp_2
cluster_001_consensus_3657,1156935.QWE_15541,J,Belongs to the amidase family,Amidase
cluster_001_consensus_3658,1156935.QWE_15536,S,Catalyzes the reduction of FMN to FMNH2 which is used to reduce pyrimidine by RutA via the Rut pathway,Flavin_Reduct
cluster_001_consensus_3659,1353531.AZNX01000009_gene1030,T,COG2204 Response regulator containing CheY-like receiver AAA-type ATPase and DNA-binding domains,"HTH_8,Response_reg,Sigma54_activ_2,Sigma54_activat,V4R,XylR_N"
cluster_001_consensus_3660,1353531.AZNX01000009_gene1031,C,Aldehyde dehydrogenase family,Aldedh
cluster_001_consensus_3661,1353531.AZNX01000009_gene1032,IQ,Enoyl-(Acyl carrier protein) reductase,"adh_short,adh_short_C2"
cluster_001_consensus_3662,1509405.GV67_14710,G,hydroxypyruvate reductase,"DUF4147,MOFRL"
cluster_001_consensus_3663,1336235.JAEG01000013_gene4209,S,Calcium/calmodulin dependent protein kinase II association domain,SnoaL_3
cluster_001_consensus_3664,1336235.JAEG01000013_gene4210,K,"Bacterial regulatory proteins, tetR family",TetR_N
cluster_001_consensus_3665,1336235.JAEG01000013_gene4211,E,Bacterial extracellular solute-binding protein,SBP_bac_8
cluster_001_consensus_3666,1336235.JAEG01000013_gene4212,E,Binding-protein-dependent transport system inner membrane component,BPD_transp_1
cluster_001_consensus_3667,1336235.JAEG01000013_gene4213,E,Binding-protein-dependent transport system inner membrane component,BPD_transp_1
cluster_001_consensus_3668,1336235.JAEG01000013_gene4214,E,TOBE domain,"ABC_tran,TOBE_2"
cluster_001_consensus_3669,1336235.JAEG01000013_gene4215,S,Metallo-beta-lactamase superfamily,Lactamase_B
cluster_001_consensus_3670,1336235.JAEG01000013_gene4216,C,Aldehyde dehydrogenase,Aldedh
cluster_001_consensus_3671,1156935.QWE_06753,EM,Belongs to the DapA family,DHDPS
cluster_001_consensus_3672,1156935.QWE_06758,P,Belongs to the ABC transporter superfamily,"ABC_tran,oligo_HPY"
cluster_001_consensus_3673,1156935.QWE_06763,EP,"ABC-type dipeptide oligopeptide nickel transport systems, permease components","BPD_transp_1,OppC_N"
cluster_001_consensus_3674,1156935.QWE_06768,EP,"ABC-type dipeptide oligopeptide nickel transport systems, permease components",BPD_transp_1
cluster_001_consensus_3675,1156935.QWE_06773,E,"ABC-type dipeptide transport system, periplasmic component",SBP_bac_5
cluster_001_consensus_3676,1156935.QWE_06778,EG,EamA-like transporter family,EamA
cluster_001_consensus_3677,1156935.QWE_06783,G,BNR repeat-like domain,BNR_2
cluster_001_consensus_3678,1156935.QWE_06788,H,Belongs to the PdxA family,PdxA
cluster_001_consensus_3679,1156935.QWE_06793,C,alcohol dehydrogenase,Fe-ADH
cluster_001_consensus_3680,1156935.QWE_06798,K,Transcriptional regulator,"FCD,GntR"
cluster_001_consensus_3681,1156935.QWE_06803,S,protein conserved in bacteria,"DUF1357_C,DUF1537"
cluster_001_consensus_3682,1156935.QWE_06808,K,transcriptional regulators,"FCD,GntR"
cluster_001_consensus_3683,1156935.QWE_06813,G,"TRAP-type C4-dicarboxylate transport system, periplasmic component",DctP
cluster_001_consensus_3684,1156935.QWE_06818,G,"TRAP-type C4-dicarboxylate transport system, small permease component",DctQ
cluster_001_consensus_3685,1156935.QWE_06823,G,"TRAP-type C4-dicarboxylate transport system, large permease component",DctM
cluster_001_consensus_3686,1156935.QWE_06828,E,threonine dehydrogenase and related Zn-dependent dehydrogenases,"ADH_N,ADH_zinc_N"
cluster_001_consensus_3687,1156935.QWE_06833,G,Catalyzes the dehydration of D-mannonate,UxuA
cluster_001_consensus_3688,1156935.QWE_06838,G,Mannitol dehydrogenase,"Mannitol_dh,Mannitol_dh_C"
cluster_001_consensus_3689,1246459.KB898355_gene4304,G,Class II Aldolase and Adducin N-terminal domain,Aldolase_II
cluster_001_consensus_3690,1246459.KB898355_gene4305,S,Putative sugar-binding N-terminal domain,"DUF1357_C,DUF1537"
cluster_001_consensus_3691,1246459.KB898355_gene4306,K,helix_turn _helix lactose operon repressor,"LacI,Peripla_BP_1,Peripla_BP_3"
cluster_001_consensus_3692,1380350.JIAP01000024_gene3243,G,ABC transporter,Peripla_BP_4
cluster_001_consensus_3693,1380350.JIAP01000024_gene3242,G,ABC transporter,ABC_tran
cluster_001_consensus_3694,1380350.JIAP01000024_gene3241,G,Belongs to the binding-protein-dependent transport system permease family,BPD_transp_2
cluster_001_consensus_3695,1380350.JIAP01000024_gene3240,G,Belongs to the binding-protein-dependent transport system permease family,BPD_transp_2
cluster_001_consensus_3696,1246459.KB898355_gene4307,I,NAD-binding of NADP-dependent 3-hydroxyisobutyrate dehydrogenase,"NAD_binding_11,NAD_binding_2"
cluster_001_consensus_3697,1156935.QWE_00570,G,Belongs to the hyi family,AP_endonuc_2
cluster_001_consensus_3698,1211115.ALIQ01000060_gene3434,G,SMP-30/Gluconolaconase/LRE-like region,SGL
cluster_001_consensus_3699,1156935.QWE_00850,E,ornithine cyclodeaminase,OCD_Mu_crystall
cluster_001_consensus_3700,1156935.QWE_00855,L,ATP-dependent helicase,"DEAD,HA2,Helicase_C,HrpB_C"
cluster_001_consensus_3701,1156935.QWE_00860,T,Histidine kinase,"HATPase_c,HisKA"
cluster_001_consensus_3702,1156935.QWE_00865,T,Response regulator consisting of a CheY-like receiver domain and a Fis-type HTH domain,"HTH_8,Response_reg"
cluster_001_consensus_3703,1156935.QWE_00870,S,DNA repair protein MmcB-like,MmcB-like
cluster_001_consensus_3704,1156935.QWE_00875,S,protein conserved in bacteria,YkuD
cluster_001_consensus_3705,1156935.QWE_00880,C,Involved in the glycolate utilization. Catalyzes the condensation and subsequent hydrolysis of acetyl-coenzyme A (acetyl-CoA) and glyoxylate to form malate and CoA,Malate_synthase
cluster_001_consensus_3706,1156935.QWE_00885,EQ,Hydantoinase/oxoprolinase N-terminal region,"Hydant_A_N,Hydantoinase_A"
cluster_001_consensus_3707,1156935.QWE_00890,Q,cytochrome P450,p450
cluster_001_consensus_3708,1156935.QWE_00895,M,Protein of unknown function (DUF1402),DUF1402
cluster_001_consensus_3709,1156935.QWE_00900,O,this subunit has chaperone activity. The binding of ATP and its subsequent hydrolysis by HslU are essential for unfolding of protein substrates subsequently hydrolyzed by HslV. HslU recognizes the N-terminal part of its protein substrates and unfolds these before they are guided to HslV for hydrolysis,"AAA_2,ClpB_D2-small"
cluster_001_consensus_3710,1156935.QWE_00905,O,Protease subunit of a proteasome-like degradation complex believed to be a general protein degrading machinery,Proteasome
cluster_001_consensus_3711,1156935.QWE_00910,E,imidazoleglycerol-phosphate dehydratase,IGPD
cluster_001_consensus_3712,1156935.QWE_00915,E,"IGPS catalyzes the conversion of PRFAR and glutamine to IGP, AICAR and glutamate. The HisH subunit provides the glutamine amidotransferase activity that produces the ammonia necessary to HisF for the synthesis of IGP and AICAR",GATase
cluster_001_consensus_3713,1156935.QWE_00920,E,1-(5-phosphoribosyl)-5- (5-phosphoribosylamino)methylideneamino imidazole-4-carboxamide isomerase,His_biosynth
cluster_001_consensus_3714,1156935.QWE_00925,E,"IGPS catalyzes the conversion of PRFAR and glutamine to IGP, AICAR and glutamate. The HisF subunit catalyzes the cyclization activity that produces IGP and AICAR from PRFAR using the ammonia provided by the HisH subunit",His_biosynth
cluster_001_consensus_3715,1156935.QWE_00930,E,Phosphoribosyl-ATP,PRA-PH
cluster_001_consensus_3716,1156935.QWE_00935,F,Pantothenic acid kinase,PRK
cluster_001_consensus_3717,1156935.QWE_00940,L,Alkylated DNA repair protein,2OG-FeII_Oxy_2
cluster_001_consensus_3718,1156935.QWE_00945,J,chain release factor,RF-1
cluster_001_consensus_3719,1156935.QWE_00950,C,Involved in the gluconeogenesis. Catalyzes the conversion of oxaloacetate (OAA) to phosphoenolpyruvate (PEP) through direct phosphoryl transfer between the nucleoside triphosphate and OAA,PEPCK_ATP
cluster_001_consensus_3720,1156935.QWE_00955,T,Response regulators consisting of a CheY-like receiver domain and a winged-helix DNA-binding domain,"Response_reg,Trans_reg_C"
cluster_001_consensus_3721,1156935.QWE_00960,T,Histidine kinase,"HAMP,HATPase_c,HisKA,Sensor_TM1,Stimulus_sens_1"
cluster_001_consensus_3722,1156935.QWE_00965,T,"Serine kinase of the HPr protein, regulates carbohydrate metabolism",Hpr_kinase_C
cluster_001_consensus_3723,1156935.QWE_00970,G,"Phosphotransferase system, mannose fructose-specific component IIA",EIIA-man
cluster_001_consensus_3724,1156935.QWE_00975,G,Phosphotransferase System,PTS-HPr
cluster_001_consensus_3725,1156935.QWE_00980,H,May play a key role in the regulation of the intracellular concentration of adenosylhomocysteine,"AdoHcyase,AdoHcyase_NAD"
cluster_001_consensus_3726,1156935.QWE_00985,T,Histidine kinase,"HATPase_c,HisKA,PAS_7,PAS_8"
cluster_001_consensus_3727,1156935.QWE_00990,S,Threonylcarbamoyl adenosine biosynthesis protein TsaE,"APH,TsaE"
cluster_001_consensus_3728,1156935.QWE_00995,JM,"Nucleoside-diphosphate-sugar pyrophosphorylase involved in lipopolysaccharide biosynthesis translation initiation factor 2B, gamma epsilon subunits","NTP_transf_3,NTP_transferase"
cluster_001_consensus_3729,1156935.QWE_01000,L,double-strand break repair protein AddB,PDDEXK_1
cluster_001_consensus_3730,1156935.QWE_01005,L,Belongs to the helicase family. UvrD subfamily,"PDDEXK_1,UvrD-helicase,UvrD_C"
cluster_001_consensus_3731,1156935.QWE_01010,O,Belongs to the thioredoxin family,Thioredoxin
cluster_001_consensus_3732,1156935.QWE_01015,H,Belongs to the folylpolyglutamate synthase family,Mur_ligase_M
cluster_001_consensus_3733,1156935.QWE_01020,I,Component of the acetyl coenzyme A carboxylase (ACC) complex. Biotin carboxylase (BC) catalyzes the carboxylation of biotin on its carrier protein (BCCP) and then the CO(2) group is transferred by the transcarboxylase to acetyl-CoA to form malonyl- CoA,Carboxyl_trans
cluster_001_consensus_3734,1156935.QWE_01025,E,The alpha subunit is responsible for the aldol cleavage of indoleglycerol phosphate to indole and glyceraldehyde 3- phosphate,Trp_syntA
cluster_001_consensus_3735,1156935.QWE_01030,E,The beta subunit is responsible for the synthesis of L- tryptophan from indole and L-serine,PALP
cluster_001_consensus_3736,1156935.QWE_01035,E,Belongs to the TrpF family,PRAI
cluster_001_consensus_3737,1156935.QWE_01040,S,Metal-dependent hydrolase,DUF45
cluster_001_consensus_3738,1156935.QWE_01045,S,Protein of unknown function (DUF2852),DUF2852
cluster_001_consensus_3739,1156935.QWE_01050,I,PHB depolymerase,PHB_depo_C
cluster_001_consensus_3740,1156935.QWE_01055,C,nitroreductase,Nitroreductase
cluster_001_consensus_3741,1156935.QWE_01060,L,"A type II topoisomerase that negatively supercoils closed circular double-stranded (ds) DNA in an ATP-dependent manner to modulate DNA topology and maintain chromosomes in an underwound state. Negative supercoiling favors strand separation, and DNA replication, transcription, recombination and repair, all of which involve strand separation. Also able to catalyze the interconversion of other topological isomers of dsDNA rings, including catenanes and knotted rings. Type II topoisomerases break and join 2 DNA strands simultaneously in an ATP-dependent manner","DNA_gyraseB,DNA_gyraseB_C,HATPase_c,Toprim"
cluster_001_consensus_3742,1156935.QWE_01065,K,transcriptional,"HTH_3,HTH_31"
cluster_001_consensus_3743,1156935.QWE_01070,S,protein conserved in bacteria,Smr
cluster_001_consensus_3744,1156935.QWE_01075,M,membrane-bound lytic murein transglycosylase,"3D,MltA"
cluster_001_consensus_3745,1156935.QWE_01080,S,protein conserved in bacteria,Tim44
cluster_001_consensus_3746,1156935.QWE_01085,S,Protein affecting phage T7 exclusion by the F plasmid,FxsA
cluster_001_consensus_3747,1156935.QWE_01090,U,"One of the proteins required for the normal export of preproteins out of the cell cytoplasm. It is a molecular chaperone that binds to a subset of precursor proteins, maintaining them in a translocation-competent state. It also specifically binds to its receptor SecA",SecB
cluster_001_consensus_3748,1156935.QWE_01095,L,"DNA polymerase III is a complex, multichain enzyme responsible for most of the replicative synthesis in bacteria. The epsilon subunit contain the editing function and is a proofreading 3'-5' exonuclease",RNase_T
cluster_001_consensus_3749,1156935.QWE_01100,H,Catalyzes the phosphorylation of the 3'-hydroxyl group of dephosphocoenzyme A to form coenzyme A,CoaE
cluster_001_consensus_3750,1156935.QWE_01105,E,"Involved in the biosynthesis of the chorismate, which leads to the biosynthesis of aromatic amino acids. Catalyzes the reversible NADPH linked reduction of 3-dehydroshikimate (DHSA) to yield shikimate (SA)","Shikimate_DH,Shikimate_dh_N"
cluster_001_consensus_3751,1156935.QWE_01110,D,Maf-like protein,Maf
cluster_001_consensus_3752,1156935.QWE_01115,S,"Bifunctional serine threonine kinase and phosphorylase involved in the regulation of the pyruvate, phosphate dikinase (PPDK) by catalyzing its phosphorylation dephosphorylation",Kinase-PPPase
cluster_001_consensus_3753,1156935.QWE_01120,H,Catalyzes the decarboxylation of four acetate groups of uroporphyrinogen-III to yield coproporphyrinogen-III,URO-D
cluster_001_consensus_3754,1156935.QWE_01125,S,membrane,UPF0093
cluster_001_consensus_3755,1336249.JADW01000002_gene4325,K,"Facilitates transcription termination by a mechanism that involves Rho binding to the nascent RNA, activation of Rho's RNA-dependent ATPase activity, and release of the mRNA from the DNA template","ATP-synt_ab,Rho_N,Rho_RNA_bind"
cluster_001_consensus_3756,1156935.QWE_01135,J,"Exhibits a very high intrinsic GTPase hydrolysis rate. Involved in the addition of a carboxymethylaminomethyl (cmnm) group at the wobble position (U34) of certain tRNAs, forming tRNA- cmnm(5)s(2)U34","MMR_HSR1,MnmE_helical,TrmE_N"
cluster_001_consensus_3757,1156935.QWE_01140,D,"NAD-binding protein involved in the addition of a carboxymethylaminomethyl (cmnm) group at the wobble position (U34) of certain tRNAs, forming tRNA-cmnm(5)s(2)U34","GIDA,GIDA_assoc"
cluster_001_consensus_3758,1156935.QWE_01145,J,Specifically methylates the N7 position of guanine in position 527 of 16S rRNA,GidB
cluster_001_consensus_3759,1156935.QWE_01150,D,ATPases involved in chromosome partitioning,AAA_31
cluster_001_consensus_3760,1156935.QWE_01155,K,Belongs to the ParB family,ParBc
cluster_001_consensus_3761,1156935.QWE_01160,L,dna polymerase iii,DNA_pol3_delta
cluster_001_consensus_3762,1156935.QWE_01165,S,Lipopolysaccharide-assembly,LptE
cluster_001_consensus_3763,1156935.QWE_01170,J,Belongs to the class-I aminoacyl-tRNA synthetase family,"Anticodon_1,tRNA-synt_1,tRNA-synt_1_2"
cluster_001_consensus_3764,1156935.QWE_01175,S,"Pyridoxal 5'-phosphate (PLP)-binding protein, which is involved in PLP homeostasis",Ala_racemase_N
cluster_001_consensus_3765,1156935.QWE_01180,I,Acetyl-coenzyme A synthetase N-terminus,"ACAS_N,AMP-binding,AMP-binding_C"
cluster_001_consensus_3766,1156935.QWE_01185,S,protein conserved in bacteria,DUF1013
cluster_001_consensus_3767,1156935.QWE_01190,I,"Catalyzes the conversion of acetate into acetyl-CoA (AcCoA), an essential intermediate at the junction of anabolic and catabolic pathways. AcsA undergoes a two-step reaction. In the first half reaction, AcsA combines acetate with ATP to form acetyl-adenylate (AcAMP) intermediate. In the second half reaction, it can then transfer the acetyl group from AcAMP to the sulfhydryl group of CoA, forming the product AcCoA","ACAS_N,AMP-binding,AMP-binding_C"
cluster_001_consensus_3768,1156935.QWE_01195,L,Staphylococcal nuclease homologue,SNase
cluster_001_consensus_3769,1156935.QWE_01200,S,Protein of unknown function (DUF1674),DUF1674
cluster_001_consensus_3770,1156935.QWE_01205,O,Belongs to the peptidase M48B family,Peptidase_M48
cluster_001_consensus_3771,1156935.QWE_01210,J,Belongs to the class I-like SAM-binding methyltransferase superfamily. RsmB NOP family,"Methyltr_RsmB-F,NusB"
cluster_001_consensus_3772,1156935.QWE_01215,S,Heparinase,Hepar_II_III
cluster_001_consensus_3773,1156935.QWE_01220,F,Bifunctional purine biosynthesis protein PurH,"AICARFT_IMPCHas,MGS"
cluster_001_consensus_3774,1156935.QWE_01225,S,Major facilitator superfamily,ATG22
cluster_001_consensus_3775,1156935.QWE_01230,E,NAD-specific glutamate dehydrogenase,Bac_GDH
cluster_001_consensus_3776,1156935.QWE_01235,H,Belongs to the pyridoxine kinase family,Phos_pyr_kin
cluster_001_consensus_3777,1156935.QWE_01240,P,Reversible hydration of carbon dioxide,Pro_CA
cluster_001_consensus_3778,1156935.QWE_01245,M,Lytic murein transglycosylase,SLT_2
cluster_001_consensus_3779,1156935.QWE_01250,E,Catalyzes the NADPH-dependent formation of L-aspartate- semialdehyde (L-ASA) by the reductive dephosphorylation of L- aspartyl-4-phosphate,"Semialdhyde_dh,Semialdhyde_dhC"
cluster_001_consensus_3780,1156935.QWE_01255,M,Sortase and related acyltransferases,Acetyltransf_4
cluster_001_consensus_3781,1156935.QWE_01260,S,Protein of unknown function (DUF2794),DUF2794
cluster_001_consensus_3782,1156935.QWE_01265,K,Transcriptional regulator,"HTH_1,LysR_substrate"
cluster_001_consensus_3783,1156935.QWE_01270,G,"ABC-type xylose transport system, periplasmic component",Peripla_BP_4
cluster_001_consensus_3784,1156935.QWE_01275,G,ABC transporter,ABC_tran
cluster_001_consensus_3785,1156935.QWE_01280,G,Belongs to the binding-protein-dependent transport system permease family,BPD_transp_2
cluster_001_consensus_3786,1156935.QWE_01285,S,protein conserved in bacteria,-
cluster_001_consensus_3787,1156935.QWE_01290,EG,Belongs to the IlvD Edd family,ILVD_EDD
cluster_001_consensus_3788,1156935.QWE_01295,S,dehydrogenases and related proteins,GFO_IDH_MocA
cluster_001_consensus_3789,1156935.QWE_01300,C,COG1012 NAD-dependent aldehyde dehydrogenases,Aldedh
cluster_001_consensus_3790,1156935.QWE_01305,G,2-dehydro-3-deoxygalactonokinase,DGOK
cluster_001_consensus_3791,1156935.QWE_01310,G,Aldolase,Aldolase
cluster_001_consensus_3792,1156935.QWE_01315,S,secreted protein,DUF1223
cluster_001_consensus_3793,1156935.QWE_01320,C,Catalyzes the isomerization of citrate to isocitrate via cis-aconitate,"Aconitase,Aconitase_C"
cluster_001_consensus_3794,1156935.QWE_01325,P,"once thought to export heme, this seems not to be the case, but its exact role is uncertain. Responsible for energy coupling to the transport system",ABC_tran
cluster_001_consensus_3795,1156935.QWE_01330,O,Required for the export of heme to the periplasm for the biogenesis of c-type cytochromes,CcmB
cluster_001_consensus_3796,1156935.QWE_01335,O,Required for the export of heme to the periplasm for the biogenesis of c-type cytochromes,Cytochrom_C_asm
cluster_001_consensus_3797,1156935.QWE_01340,U,Required for the export of heme to the periplasm for the biogenesis of c-type cytochromes,CcmD
cluster_001_consensus_3798,1156935.QWE_01345,CO,Thiol disulfide interchange protein,"AhpC-TSA,Redoxin"
cluster_001_consensus_3799,1156935.QWE_01350,S,UPF0314 protein,DUF2585
cluster_001_consensus_3800,1156935.QWE_01355,D,probably involved in intracellular septation,IspA
cluster_001_consensus_3801,1370122.JHXQ01000004_gene2443,U,"Involved in targeting and insertion of nascent membrane proteins into the cytoplasmic membrane. Acts as a receptor for the complex formed by the signal recognition particle (SRP) and the ribosome-nascent chain (RNC). Interaction with SRP-RNC leads to the transfer of the RNC complex to the Sec translocase for insertion into the membrane, the hydrolysis of GTP by both Ffh and FtsY, and the dissociation of the SRP-FtsY complex into the individual components","SRP54,SRP54_N"
cluster_001_consensus_3802,1156935.QWE_01365,J,Uncharacterized protein family UPF0004,"Radical_SAM,UPF0004"
cluster_001_consensus_3803,1156935.QWE_01370,E,"Catalyzes the stereoinversion of LL-2,6- diaminoheptanedioate (L,L-DAP) to meso-diaminoheptanedioate (meso- DAP), a precursor of L-lysine and an essential component of the bacterial peptidoglycan",DAP_epimerase
cluster_001_consensus_3804,1156935.QWE_01375,H,Condenses 4-methyl-5-(beta-hydroxyethyl)thiazole monophosphate (THZ-P) and 2-methyl-4-amino-5-hydroxymethyl pyrimidine pyrophosphate (HMP-PP) to form thiamine monophosphate (TMP),TMP-TENI
cluster_001_consensus_3805,1156935.QWE_01380,H,"Catalyzes the rearrangement of 1-deoxy-D-xylulose 5- phosphate (DXP) to produce the thiazole phosphate moiety of thiamine. Sulfur is provided by the thiocarboxylate moiety of the carrier protein ThiS. In vitro, sulfur can be provided by H(2)S","ThiG,ThiS"
cluster_001_consensus_3806,1156935.QWE_01385,H,thiamine biosynthesis protein ThiS,ThiS
cluster_001_consensus_3807,1156935.QWE_01390,E,Glycine D-amino acid oxidases (deaminating),DAO
cluster_001_consensus_3808,1156935.QWE_01395,H,Catalyzes the synthesis of the hydroxymethylpyrimidine phosphate (HMP-P) moiety of thiamine from aminoimidazole ribotide (AIR) in a radical S-adenosyl-L-methionine (SAM)-dependent reaction,"ThiC-associated,ThiC_Rad_SAM"
cluster_001_consensus_3809,1156935.QWE_01400,S,Zn-dependent hydrolases of the beta-lactamase fold,Lactamase_B_2
cluster_001_consensus_3810,1156935.QWE_01405,U,"Involved in targeting and insertion of nascent membrane proteins into the cytoplasmic membrane. Binds to the hydrophobic signal sequence of the ribosome-nascent chain (RNC) as it emerges from the ribosomes. The SRP-RNC complex is then targeted to the cytoplasmic membrane where it interacts with the SRP receptor FtsY. Interaction with FtsY leads to the transfer of the RNC complex to the Sec translocase for insertion into the membrane, the hydrolysis of GTP by both Ffh and FtsY, and the dissociation of the SRP-FtsY complex into the individual components","SRP54,SRP54_N,SRP_SPB"
cluster_001_consensus_3811,1336235.JAEG01000011_gene2960,E,chorismate mutase,CM_2
cluster_001_consensus_3812,1156935.QWE_01415,J,Belongs to the bacterial ribosomal protein bS16 family,Ribosomal_S16
cluster_001_consensus_3813,1156935.QWE_01420,J,"An accessory protein needed during the final step in the assembly of 30S ribosomal subunit, possibly for assembly of the head region. Probably interacts with S19. Essential for efficient processing of 16S rRNA. May be needed both before and after RbfA during the maturation of 16S rRNA. It has affinity for free ribosomal 30S subunits but not for 70S ribosomes","PRC,RimM"
cluster_001_consensus_3814,1156935.QWE_01425,J,Belongs to the RNA methyltransferase TrmD family,tRNA_m1G_MT
cluster_001_consensus_3815,1156935.QWE_01430,S,membrane transporter protein,TauE
cluster_001_consensus_3816,1156935.QWE_01435,J,This protein is located at the 30S-50S ribosomal subunit interface and may play a role in the structure and function of the aminoacyl-tRNA binding site,Ribosomal_L19
cluster_001_consensus_3817,1156935.QWE_01440,EG,permeases of the drug metabolite transporter (DMT) superfamily,"EamA,Multi_Drug_Res"
cluster_001_consensus_3818,1156935.QWE_01445,E,"Catalyzes the isomerization between 2-isopropylmalate and 3-isopropylmalate, via the formation of 2-isopropylmaleate",Aconitase
cluster_001_consensus_3819,1156935.QWE_01455,S,Polyphosphate kinase 2 (PPK2),PPK2
cluster_001_consensus_3820,1156935.QWE_01465,E,amino acid ABC transporter,BPD_transp_1
cluster_001_consensus_3821,1156935.QWE_01470,ET,amino acid,SBP_bac_3
cluster_001_consensus_3822,1156935.QWE_01475,S,SnoaL-like domain,SnoaL_2
cluster_001_consensus_3823,1156935.QWE_01480,S,"Aldo keto reductases, related to diketogulonate reductase",Aldo_ket_red
cluster_001_consensus_3824,1410620.SHLA_6c000640,S,protein conserved in bacteria,YkuD
cluster_001_consensus_3825,1156935.QWE_01490,KT,Response regulators consisting of a CheY-like receiver domain and a winged-helix DNA-binding domain,"Response_reg,Trans_reg_C"
cluster_001_consensus_3826,1156935.QWE_01495,T,cAMP-binding proteins - catabolite gene activator and regulatory subunit of cAMP-dependent protein kinases,cNMP_binding
cluster_001_consensus_3827,1156935.QWE_01500,L,exodeoxyribonuclease III,Exo_endo_phos
cluster_001_consensus_3828,1156935.QWE_01505,M,Participates in the translocation of lipoproteins from the inner membrane to the outer membrane. Only forms a complex with a lipoprotein if the residue after the N-terminal Cys is not an aspartate (The Asp acts as a targeting signal to indicate that the lipoprotein should stay in the inner membrane),LolA
cluster_001_consensus_3829,1156935.QWE_01510,D,DNA segregation ATPase FtsK SpoIIIE and related proteins,"FtsK_4TM,FtsK_SpoIIIE,Ftsk_gamma"
cluster_001_consensus_3830,1144310.PMI07_004585,P,Ammonium Transporter,Ammonium_transp
cluster_001_consensus_3831,311402.Avi_4239,K,Belongs to the P(II) protein family,P-II
cluster_001_consensus_3832,1156935.QWE_01525,I,acyl-CoA thioesterase,4HBT_3
cluster_001_consensus_3833,1156935.QWE_01530,CH,hydroxylase,FAD_binding_3
cluster_001_consensus_3834,1156935.QWE_01535,S,Belongs to the UPF0434 family,Trm112p
cluster_001_consensus_3835,1156935.QWE_01540,S,to the N-terminal domain of Lon protease,LON_substr_bdg
cluster_001_consensus_3836,1156935.QWE_01545,O,Thioredoxin,"TPR_19,TPR_20,Thioredoxin"
cluster_001_consensus_3837,1156935.QWE_01550,S,Aminoacyl-tRNA editing domain,tRNA_edit
cluster_001_consensus_3838,1509405.GV67_22590,-,-,-
cluster_001_consensus_3840,1144312.PMI09_02780,-,-,Peptidase_C70
cluster_001_consensus_3841,318586.Pden_0444,S,Beta protein,Beta_protein
cluster_001_consensus_3842,318586.Pden_0443,E,IrrE N-terminal-like domain,Peptidase_M78
cluster_001_consensus_3844,1156935.QWE_05788,-,-,DUF4376
cluster_001_consensus_3845,1156935.QWE_05793,-,-,-
cluster_001_consensus_3846,1509405.GV67_22540,-,-,-
cluster_001_consensus_3847,1500259.JQLD01000001_gene3747,-,-,-
cluster_001_consensus_3849,1509405.GV67_22425,-,-,-
cluster_001_consensus_3851,1057002.KB905371_gene249,-,-,-
cluster_001_consensus_3852,1509405.GV67_22410,L,Helix-turn-helix domain of resolvase,"HTH_7,Resolvase"
cluster_001_consensus_3854,395492.Rleg2_4162,S,Helix-turn-helix domain,HTH_17
cluster_001_consensus_3855,176299.Atu3851,-,-,-
cluster_001_consensus_3856,1509405.GV67_22395,-,-,-
cluster_001_consensus_3857,1156935.QWE_18418,L,"Psort location Cytoplasmic, score",-
cluster_001_consensus_3859,1509405.GV67_22380,-,-,-
cluster_001_consensus_3860,1122201.AUAZ01000004_gene3445,K,Transcriptional regulator,HTH_17
cluster_001_consensus_3861,1509405.GV67_22370,L,Belongs to the 'phage' integrase family,"Arm-DNA-bind_3,Phage_integrase"
cluster_001_consensus_3863,1156935.QWE_01555,G,Converts alpha-aldose to the beta-anomer,Aldose_epim
cluster_001_consensus_3864,1156935.QWE_01560,S,VWA domain containing CoxE-like protein,VWA_CoxE
cluster_001_consensus_3865,1156935.QWE_01565,E,"Transfers an acetyl group from acetyl-CoA to L- homoserine, forming acetyl-L-homoserine",HTS
cluster_001_consensus_3866,1156935.QWE_01575,S,Domain of unknown function (DUF1737),DUF1737
cluster_001_consensus_3867,1156935.QWE_01580,G,Belongs to the HpcH HpaI aldolase family,HpcH_HpaI
cluster_001_consensus_3868,1156935.QWE_01585,-,-,-
cluster_001_consensus_3869,1156935.QWE_01590,E,"Catalyzes the isomerization between 2-isopropylmalate and 3-isopropylmalate, via the formation of 2-isopropylmaleate",Aconitase_C
cluster_001_consensus_3870,1156935.QWE_01595,E,threonine dehydratase,PALP
cluster_001_consensus_3871,1156935.QWE_01600,CE,Catalyzes the oxidation of 3-carboxy-2-hydroxy-4- methylpentanoate (3-isopropylmalate) to 3-carboxy-4-methyl-2- oxopentanoate. The product decarboxylates to 4-methyl-2 oxopentanoate,Iso_dh
cluster_001_consensus_3872,1156935.QWE_01605,K,sigma factors are initiation factors that promote the attachment of RNA polymerase to specific initiation sites and are then released,"Sigma70_r2,Sigma70_r4"
cluster_001_consensus_3873,1156935.QWE_01610,S,Peptidase M48 Ste24p,"LysM,Peptidase_M48"
cluster_001_consensus_3874,1156935.QWE_01615,H,Part of the ABC transporter complex ThiBPQ involved in thiamine import. Responsible for energy coupling to the transport system,ABC_tran
cluster_001_consensus_3875,1156935.QWE_01620,P,"ABC-type Fe3 transport system, permease component",BPD_transp_1
cluster_001_consensus_3876,1156935.QWE_01625,H,"ABC-type thiamine transport system, periplasmic component","SBP_bac_1,SBP_bac_11,SBP_bac_6,SBP_bac_8"
cluster_001_consensus_3877,1336235.JAEG01000008_gene1390,S,ABC transporter,"ABC_membrane_2,ABC_tran"
cluster_001_consensus_3878,1156935.QWE_01630,S,ATPase components of ABC transporters with duplicated ATPase domains,"ABC_tran,ABC_tran_CTD"
cluster_001_consensus_3879,1156935.QWE_01635,H,thiamine pyrophosphokinase,"TPK_B1_binding,TPK_catalytic"
cluster_001_consensus_3880,1220582.RRU01S_07_01820,-,-,-
cluster_001_consensus_3881,1156935.QWE_01640,-,-,-
cluster_001_consensus_3882,1156935.QWE_01645,S,AAA domain (Cdc48 subfamily),"AAA,AAA_5"
cluster_001_consensus_3883,1156935.QWE_01650,P,"Iron-storage protein, whose ferroxidase center binds Fe(2 ) ions, oxidizes them by dioxygen to Fe(3 ), and participates in the subsequent Fe(3 ) oxide mineral core formation within the central cavity of the protein complex",Ferritin
cluster_001_consensus_3884,1156935.QWE_01655,P,BFD-like [2Fe-2S] binding domain,Fer2_BFD
cluster_001_consensus_3885,1156935.QWE_01660,L,DNA polymerase involved in damage-induced mutagenesis and translesion synthesis (TLS). It is not the major replicative DNA polymerase,"DNA_pol3_alpha,HHH_6,PHP,tRNA_anti-codon"
cluster_001_consensus_3886,1156935.QWE_01665,L,Nucleotidyltransferase DNA polymerase involved in DNA repair,IMS
cluster_001_consensus_3887,1156935.QWE_01670,S,"Component of the SOS system and an inhibitor of cell division. Accumulation of SulA causes rapid cessation of cell division and the appearance of long, non-septate filaments. In the presence of GTP, binds a polymerization-competent form of FtsZ in a 1 1 ratio, thus inhibiting FtsZ polymerization and therefore preventing it from participating in the assembly of the Z ring. This mechanism prevents the premature segregation of damaged DNA to daughter cells during cell division",-
cluster_001_consensus_3888,1156935.QWE_01675,S,protein conserved in bacteria,Zincin_1
cluster_001_consensus_3889,1156935.QWE_01680,K,Transcriptional regulator,"DJ-1_PfpI,HTH_18"
cluster_001_consensus_3890,1156935.QWE_01685,P,rhodanese-related sulfurtransferase,Rhodanese
cluster_001_consensus_3891,935557.ATYB01000009_gene937,S,Agrobacterium tumefaciens protein Atu4866,Atu4866
cluster_001_consensus_3892,1500301.JQMF01000024_gene1980,S,ketosteroid isomerase,SnoaL_3
cluster_001_consensus_3893,1500301.JQMF01000024_gene1981,K,transcriptional regulator,"HTH_1,LysR_substrate"
cluster_001_consensus_3894,1156935.QWE_01690,L,"Accelerates the degradation of transcripts by removing pyrophosphate from the 5'-end of triphosphorylated RNA, leading to a more labile monophosphorylated state that can stimulate subsequent ribonuclease cleavage",NUDIX
cluster_001_consensus_3895,1156935.QWE_01695,S,protein conserved in bacteria,Polysacc_deac_2
cluster_001_consensus_3896,1156935.QWE_01700,M,Belongs to the peptidase S41A family,"PDZ_2,Peptidase_S41"
cluster_001_consensus_3897,1156935.QWE_01705,D,Peptidase family M23,Peptidase_M23
cluster_001_consensus_3898,1156935.QWE_01710,J,Specifically methylates the pseudouridine at position 1915 (m3Psi1915) in 23S rRNA,SPOUT_MTase
cluster_001_consensus_3899,1156935.QWE_01715,J,"Functions as a ribosomal silencing factor. Interacts with ribosomal protein L14 (rplN), blocking formation of intersubunit bridge B8. Prevents association of the 30S and 50S ribosomal subunits and the formation of functional ribosomes, thus repressing translation",RsfS
cluster_001_consensus_3900,1156935.QWE_01720,H,Catalyzes the reversible adenylation of nicotinate mononucleotide (NaMN) to nicotinic acid adenine dinucleotide (NaAD),CTP_transf_like
cluster_001_consensus_3901,1156935.QWE_01725,E,Catalyzes the NADPH-dependent reduction of L-glutamate 5-phosphate into L-glutamate 5-semialdehyde and phosphate. The product spontaneously undergoes cyclization to form 1-pyrroline-5- carboxylate,Aldedh
cluster_001_consensus_3902,1156935.QWE_01730,E,Catalyzes the transfer of a phosphate group to glutamate to form L-glutamate 5-phosphate,"AA_kinase,PUA"
cluster_001_consensus_3903,1156935.QWE_01735,S,"An essential GTPase which binds GTP, GDP and possibly (p)ppGpp with moderate affinity, with high nucleotide exchange rates and a fairly low GTP hydrolysis rate. Plays a role in control of the cell cycle, stress response, ribosome biogenesis and in those bacteria that undergo differentiation, in morphogenesis control","GTP1_OBG,MMR_HSR1"
cluster_001_consensus_3904,1156935.QWE_01740,L,Endonuclease/Exonuclease/phosphatase family,Exo_endo_phos
cluster_001_consensus_3905,1156935.QWE_01745,J,"Acetyltransferases, including N-acetylases of ribosomal proteins",Acetyltransf_3
cluster_001_consensus_3906,1156935.QWE_01750,J,"Acetyltransferases, including N-acetylases of ribosomal proteins",Acetyltransf_3
cluster_001_consensus_3907,1156935.QWE_01755,J,Belongs to the bacterial ribosomal protein bL27 family,Ribosomal_L27
cluster_001_consensus_3908,1156935.QWE_01760,J,This protein binds to 23S rRNA in the presence of protein L20,"HHH_5,Ribosomal_L21p"
cluster_001_consensus_3909,1156935.QWE_01765,P,"Catalyzes the phosphorylation of ribose 1,5-bisphosphate to 5-phospho-D-ribosyl alpha-1-diphosphate (PRPP)","AAA_18,AAA_33,Guanylate_kin"
cluster_001_consensus_3910,1156935.QWE_01770,P,Phosphonate metabolism,"Amidohydro_1,Amidohydro_3"
cluster_001_consensus_3911,1156935.QWE_01775,P,Protein of unknown function (DUF1045),DUF1045
cluster_001_consensus_3912,1156935.QWE_01780,P,Phosphonate ABC transporter,BPD_transp_1
cluster_001_consensus_3913,1156935.QWE_01785,P,Phosphonate ABC transporter permease,BPD_transp_1
cluster_001_consensus_3914,1156935.QWE_01790,P,"phosphonate ABC transporter, substrate-binding protein",Phosphonate-bd
cluster_001_consensus_3915,1156935.QWE_01795,P,Part of the ABC transporter complex PhnCDE involved in phosphonates import. Responsible for energy coupling to the transport system,ABC_tran
cluster_001_consensus_3916,1156935.QWE_01800,S,-acetyltransferase,Hexapep
cluster_001_consensus_3917,1156935.QWE_01805,P,ABC transporter,ABC_tran
cluster_001_consensus_3918,1156935.QWE_01810,P,phosphonate C-P lyase system protein PhnK,ABC_tran
cluster_001_consensus_3919,1156935.QWE_01815,P,Catalyzes the breakage of the C-P bond in alpha-D-ribose 1-methylphosphonate 5-phosphate (PRPn) forming alpha-D-ribose,PhnJ
cluster_001_consensus_3920,1156935.QWE_01820,P,Phosphonate,PhnI
cluster_001_consensus_3921,1156935.QWE_01825,P,Carbon-phosphorus lyase,PhnH
cluster_001_consensus_3922,1156935.QWE_01830,P,Phosphonate metabolism,PhnG
cluster_001_consensus_3923,1156935.QWE_01835,K,transcriptional regulator,"GntR,UTRA"
cluster_001_consensus_3925,1156935.QWE_01850,K,FCD,"FCD,GntR"
cluster_001_consensus_3926,1156935.QWE_01855,F,Glutamine amidotransferase class-I,GATase
cluster_001_consensus_3927,1156935.QWE_01860,K,Transcriptional regulator,"HTH_1,LysR_substrate"
cluster_001_consensus_3928,1156935.QWE_01865,E,dioxygenase,Glyoxalase
cluster_001_consensus_3929,1156935.QWE_01870,S,Dienelactone hydrolase family,"Abhydrolase_2,DLH"
cluster_001_consensus_3930,1156935.QWE_01875,E,Dehydrogenase,"ADH_N,ADH_zinc_N"
cluster_001_consensus_3931,1156935.QWE_01880,G,Belongs to the binding-protein-dependent transport system permease family,BPD_transp_2
cluster_001_consensus_3932,1156935.QWE_01885,G,"ABC transporter, ATP-binding protein",ABC_tran
cluster_001_consensus_3933,1156935.QWE_01890,G,Periplasmic binding protein LacI transcriptional regulator,Peripla_BP_4
cluster_001_consensus_3934,1156935.QWE_01895,G,Belongs to the RbsD FucU family,RbsD_FucU
cluster_001_consensus_3935,1156935.QWE_01900,C,aldo keto reductase,Aldo_ket_red
cluster_001_consensus_3936,1156935.QWE_01905,G,dehydratase,"GD_AH_C,SAF"
cluster_001_consensus_3937,1156935.QWE_01910,K,transcriptional regulator,"FCD,GntR"
cluster_001_consensus_3938,1156935.QWE_01915,G,Mannitol dehydrogenase C-terminal domain,"Mannitol_dh,Mannitol_dh_C"
cluster_001_consensus_3939,1336249.JADW01000037_gene2670,K,AraC-like ligand binding domain,"Cupin_2,HTH_18"
cluster_001_consensus_3940,1156935.QWE_01925,G,ABC transporter substrate-binding protein,SBP_bac_1
cluster_001_consensus_3941,1156935.QWE_01930,P,ABC-type sugar transport systems permease components,BPD_transp_1
cluster_001_consensus_3942,1156935.QWE_01935,G,Sugar ABC transporter permease,BPD_transp_1
cluster_001_consensus_3943,1156935.QWE_01940,G,alpha-galactosidase,"Glyco_hydro_36C,Glyco_hydro_36N,Melibiase"
cluster_001_consensus_3944,1156935.QWE_01945,P,Belongs to the ABC transporter superfamily,"ABC_tran,TOBE_2"
cluster_001_consensus_3945,1156935.QWE_01950,G,Beta-galactosidase,"Glyco_hydro_42,Glyco_hydro_42C,Glyco_hydro_42M"
cluster_001_consensus_3946,1156935.QWE_01955,IQ,Dehydrogenases with different specificities (related to short-chain alcohol dehydrogenases),adh_short_C2
cluster_001_consensus_3947,1156935.QWE_01960,S,proteins of the AP superfamily,Phosphodiest
cluster_001_consensus_3948,1156935.QWE_01965,IQ,Enoyl-(Acyl carrier protein) reductase,"adh_short,adh_short_C2"
cluster_001_consensus_3949,1156935.QWE_01970,S,Deoxyribodipyrimidine photo-lyase-related protein,"DPRP,FAD_binding_7"
cluster_001_consensus_3950,1156935.QWE_01975,V,Involved in beta-(1-- 2)glucan export. Transmembrane domains (TMD) form a pore in the inner membrane and the ATP- binding domain (NBD) is responsible for energy generation,"ABC_membrane,ABC_tran"
cluster_001_consensus_3951,1156935.QWE_01980,K,luxR family,"Autoind_bind,GerE"
cluster_001_consensus_3952,1156935.QWE_01985,C,"Catalyzes a 2-step reaction, involving the ATP-dependent carboxylation of the covalently attached biotin in the first step and the transfer of the carboxyl group to pyruvate in the second","Biotin_carb_C,Biotin_carb_N,Biotin_lipoyl,CPSase_L_D2,HMGL-like,PYC_OADA"
cluster_001_consensus_3953,1156935.QWE_01990,G,carbohydrate binding,"Glyco_hydro_36,Glyco_transf_36,Glycoamylase"
cluster_001_consensus_3954,1156935.QWE_01995,K,Transcriptional regulator,"TetR_C_6,TetR_N"
cluster_001_consensus_3955,1156935.QWE_02000,S,amidohydrolase,"M20_dimer,Peptidase_M20"
cluster_001_consensus_3956,1156935.QWE_02005,EG,EamA-like transporter family,EamA
cluster_001_consensus_3957,1156935.QWE_02010,P,Permeases of the major facilitator superfamily,MFS_1
cluster_001_consensus_3958,1156935.QWE_02015,I,"Converts 2C-methyl-D-erythritol 2,4-cyclodiphosphate (ME-2,4cPP) into 1-hydroxy-2-methyl-2-(E)-butenyl 4-diphosphate",GcpE
cluster_001_consensus_3959,1156935.QWE_02020,M,Belongs to the ompA family,"Gly-zipper_Omp,Gly-zipper_YMGG,OmpA"
cluster_001_consensus_3960,1156935.QWE_02025,E,Efflux protein,LysE
cluster_001_consensus_3961,1156935.QWE_02030,E,Belongs to the class-II pyridoxal-phosphate-dependent aminotransferase family. Histidinol-phosphate aminotransferase subfamily,Aminotran_1_2
cluster_001_consensus_3962,1156935.QWE_02035,H,Belongs to the FPP GGPP synthase family,polyprenyl_synt
cluster_001_consensus_3963,1156935.QWE_02040,M,Peptidoglycan polymerase that catalyzes glycan chain elongation from lipid-linked precursors,Transgly
cluster_001_consensus_3964,1156935.QWE_02045,O,Glutathione S-transferase,"GST_C_2,GST_N_3"
cluster_001_consensus_3965,1156935.QWE_02050,J,Belongs to the bacterial ribosomal protein bL32 family,Ribosomal_L32p
cluster_001_consensus_3966,1156935.QWE_02055,-,-,-
cluster_001_consensus_3967,1156935.QWE_02060,S,"synthesis repressor, PhaR","PHB_acc,PHB_acc_N"
cluster_001_consensus_3968,1156935.QWE_02065,I,Belongs to the thiolase family,"Thiolase_C,Thiolase_N"
cluster_001_consensus_3969,1156935.QWE_02070,IQ,Acetoacetyl-CoA reductase,adh_short_C2
cluster_001_consensus_3970,1156935.QWE_02080,S,Glycine zipper 2TM domain,"Gly-zipper_Omp,Gly-zipper_YMGG"
cluster_001_consensus_3971,1156935.QWE_02085,I,"Serine aminopeptidase, S33",Abhydrolase_6
cluster_001_consensus_3972,1156935.QWE_02095,L,Superfamily II DNA and RNA helicases,Helicase_C
cluster_001_consensus_3973,1156935.QWE_02100,J,Ribosome-associated heat shock protein implicated in the recycling of the 50S subunit,S4
cluster_001_consensus_3974,1156935.QWE_02105,C,Ferredoxins are iron-sulfur proteins that transfer electrons in a wide variety of metabolic reactions,"DUF3470,Fer4,Fer4_4"
cluster_001_consensus_3975,1156935.QWE_02110,K,to M. xanthus CarD,CarD_CdnL_TRCF
cluster_001_consensus_3976,1156935.QWE_02115,S,Belongs to the BI1 family,Bax1-I
cluster_001_consensus_3977,1156935.QWE_02120,Q,"ABC-type transport system involved in lysophospholipase L1 biosynthesis, permease component","FtsX,MacB_PCD"
cluster_001_consensus_3978,1156935.QWE_02125,Q,ABC transporter,ABC_tran
cluster_001_consensus_3979,1156935.QWE_02130,E,Lysophospholipase L1 and related esterases,Lipase_GDSL_2
cluster_001_consensus_3980,1156935.QWE_02135,J,"Hydrolyzes RNA 2',3'-cyclic phosphodiester to an RNA 2'- phosphomonoester",LigT_PEase
cluster_001_consensus_3981,1156935.QWE_02140,T,Belongs to the low molecular weight phosphotyrosine protein phosphatase family,LMWPc
cluster_001_consensus_3982,1156935.QWE_02145,H,pterin-4-alpha-carbinolamine dehydratase,Pterin_4a
cluster_001_consensus_3983,1156935.QWE_02150,S,Protein of unknown function (DUF1232),DUF1232
cluster_001_consensus_3984,1156935.QWE_02155,S,invasion associated locus B,IalB
cluster_001_consensus_3985,1156935.QWE_02160,J,Specifically methylates position 2 of adenine 2503 in 23S rRNA and position 2 of adenine 37 in tRNAs,Radical_SAM
cluster_001_consensus_3986,1156935.QWE_02165,E,threonine efflux protein,LysE
cluster_001_consensus_3987,1336235.JAEG01000008_gene1285,IQ,Belongs to the short-chain dehydrogenases reductases (SDR) family,adh_short
cluster_001_consensus_3988,1156935.QWE_02190,E,Belongs to the argininosuccinate synthase family. Type 1 subfamily,Arginosuc_synth
cluster_001_consensus_3989,1156935.QWE_02195,EGP,Permeases of the major facilitator superfamily,MFS_1
cluster_001_consensus_3990,861208.AGROH133_08903,-,-,-
cluster_001_consensus_3991,1156935.QWE_02205,E,peptidyl-dipeptidase Dcp,Peptidase_M3
cluster_001_consensus_3992,1156935.QWE_02210,T,GTP-binding protein TypA,"EFG_C,GTP_EFTU,GTP_EFTU_D2"
cluster_001_consensus_3993,1156935.QWE_02215,K,Acetyltransferase,Acetyltransf_1
cluster_001_consensus_3994,1156935.QWE_02220,-,-,-
cluster_001_consensus_3995,1156935.QWE_02225,C,Catalyzes the hydrolysis of inorganic pyrophosphate (PPi) forming two phosphate ions,Pyrophosphatase
cluster_001_consensus_3996,1156935.QWE_02230,S,Belongs to the UPF0235 family,DUF167
cluster_001_consensus_3997,1156935.QWE_02235,S,integral membrane protein,YGGT
cluster_001_consensus_3998,1156935.QWE_02240,EGP,Major facilitator superfamily,"MFS_1,MFS_3"
cluster_001_consensus_3999,1156935.QWE_02245,F,glutamine amidotransferase,GATase
cluster_001_consensus_4000,1156935.QWE_02250,S,protein conserved in bacteria,TerB
cluster_001_consensus_4001,1156935.QWE_02255,S,HemY protein N-terminus,"HemY_N,TPR_19"
cluster_001_consensus_4002,1156935.QWE_02260,DZ,"transferase activity, transferring acyl groups other than amino-acyl groups",Mitofilin
cluster_001_consensus_4003,1156935.QWE_02265,H,Uroporphyrinogen-III synthase,HEM4
cluster_001_consensus_4004,1156935.QWE_02270,H,Tetrapolymerization of the monopyrrole PBG into the hydroxymethylbilane pre-uroporphyrinogen in several discrete steps,"Porphobil_deam,Porphobil_deamC"
cluster_001_consensus_4005,1156935.QWE_02275,J,"Required for the formation of a threonylcarbamoyl group on adenosine at position 37 (t(6)A37) in tRNAs that read codons beginning with adenine. Is involved in the transfer of the threonylcarbamoyl moiety of threonylcarbamoyl-AMP (TC-AMP) to the N6 group of A37, together with TsaE and TsaB. TsaD likely plays a direct catalytic role in this reaction",Peptidase_M22
cluster_001_consensus_4006,1156935.QWE_02280,I,Glycerol-3-phosphate dehydrogenase,"NAD_Gly3P_dh_C,NAD_Gly3P_dh_N"
cluster_001_consensus_4007,1156935.QWE_02285,S,"YciI from Haemophilus influenzae presents crystal structure similarity to a muconolactone isomerase, but does not seem to catalyze any of the",YCII
cluster_001_consensus_4008,1156935.QWE_02290,S,EVE domain,EVE
cluster_001_consensus_4009,1156935.QWE_02295,S,Methyltransferase,PrmA
cluster_001_consensus_4010,347834.RHE_CH03898,-,-,-
cluster_001_consensus_4011,1156935.QWE_02305,C,succinate dehydrogenase,Sdh_cyt
cluster_001_consensus_4012,1156935.QWE_02310,C,succinate dehydrogenase,Sdh_cyt
cluster_001_consensus_4013,1156935.QWE_02315,C,Belongs to the FAD-dependent oxidoreductase 2 family. FRD SDH subfamily,"FAD_binding_2,Succ_DH_flav_C"
cluster_001_consensus_4014,1156935.QWE_02320,C,Belongs to the succinate dehydrogenase fumarate reductase iron-sulfur protein family,"Fer2_3,Fer4_10,Fer4_17,Fer4_8"
cluster_001_consensus_4015,1156935.QWE_02325,M,peptidase regulator activity,Inh
cluster_001_consensus_4016,1156935.QWE_02330,S,AFG1-like ATPase,AFG1_ATPase
cluster_001_consensus_4017,1156935.QWE_02335,C,Catalyzes the reversible oxidation of malate to oxaloacetate,"Ldh_1_C,Ldh_1_N"
cluster_001_consensus_4018,1156935.QWE_02340,C,"Succinyl-CoA synthetase functions in the citric acid cycle (TCA), coupling the hydrolysis of succinyl-CoA to the synthesis of either ATP or GTP and thus represents the only step of substrate-level phosphorylation in the TCA. The beta subunit provides nucleotide specificity of the enzyme and binds the substrate succinate, while the binding sites for coenzyme A and phosphate are found in the alpha subunit","ATP-grasp_2,Ligase_CoA"
cluster_001_consensus_4019,1156935.QWE_02345,C,"Succinyl-CoA synthetase functions in the citric acid cycle (TCA), coupling the hydrolysis of succinyl-CoA to the synthesis of either ATP or GTP and thus represents the only step of substrate-level phosphorylation in the TCA. The alpha subunit of the enzyme binds the substrates coenzyme A and phosphate, while succinate binding and nucleotide specificity is provided by the beta subunit","CoA_binding,Ligase_CoA"
cluster_001_consensus_4020,1156935.QWE_02350,C,"2-oxoglutarate dehydrogenase complex, dehydrogenase (E1) component, and related enzymes","2-oxogl_dehyd_N,E1_dh,OxoGdeHyase_C,Transket_pyr"
cluster_001_consensus_4021,1156935.QWE_02355,C,The 2-oxoglutarate dehydrogenase complex catalyzes the overall conversion of 2-oxoglutarate to succinyl-CoA and CO(2),"2-oxoacid_dh,Biotin_lipoyl,E3_binding"
cluster_001_consensus_4022,1156935.QWE_02360,S,MAPEG family,MAPEG
cluster_001_consensus_4023,1156935.QWE_02365,-,-,-
cluster_001_consensus_4024,1156935.QWE_02370,IQ,short-chain dehydrogenase reductase SDR,adh_short_C2
cluster_001_consensus_4025,1156935.QWE_02375,C,"Pyruvate 2-oxoglutarate dehydrogenase complex, dihydrolipoamide dehydrogenase (E3) component, and related enzymes","Pyr_redox_2,Pyr_redox_dim"
cluster_001_consensus_4026,1156935.QWE_02380,C,Cytochrome B561,Ni_hydr_CYTB
cluster_001_consensus_4027,1156935.QWE_02385,S,Protein of unknown function (DUF2867),DUF2867
cluster_001_consensus_4028,1156935.QWE_02390,S,protein conserved in bacteria,TraB
cluster_001_consensus_4029,1156935.QWE_02395,L,Belongs to the 'phage' integrase family. XerC subfamily,"Phage_int_SAM_1,Phage_integrase"
cluster_001_consensus_4030,1156935.QWE_02400,I,Acyl-transferase,Acyltransferase
cluster_001_consensus_4031,1156935.QWE_02405,L,"Involved in the restart of stalled replication forks. Recognizes and binds the arrested nascent DNA chain at stalled replication forks. It can open the DNA duplex, via its helicase activity, and promote assembly of the primosome and loading of the major replicative helicase DnaB onto DNA","DEAD,Helicase_C"
cluster_001_consensus_4032,1156935.QWE_02410,-,-,DUF4345
cluster_001_consensus_4033,1156935.QWE_02415,C,"F(1)F(0) ATP synthase produces ATP from ADP in the presence of a proton or sodium gradient. F-type ATPases consist of two structural domains, F(1) containing the extramembraneous catalytic core and F(0) containing the membrane proton channel, linked together by a central stalk and a peripheral stalk. During catalysis, ATP synthesis in the catalytic domain of F(1) is coupled via a rotary mechanism of the central stalk subunits to proton translocation",OSCP
cluster_001_consensus_4034,1156935.QWE_02420,C,Produces ATP from ADP in the presence of a proton gradient across the membrane. The alpha chain is a regulatory subunit,"ATP-synt_ab,ATP-synt_ab_C,ATP-synt_ab_N"
cluster_001_consensus_4035,1156935.QWE_02425,C,Produces ATP from ADP in the presence of a proton gradient across the membrane. The gamma chain is believed to be important in regulating ATPase activity and the flow of protons through the CF(0) complex,ATP-synt
cluster_001_consensus_4036,1156935.QWE_02430,C,Produces ATP from ADP in the presence of a proton gradient across the membrane. The catalytic sites are hosted primarily by the beta subunits,"ATP-synt_ab,ATP-synt_ab_N"
cluster_001_consensus_4037,1156935.QWE_02435,C,Produces ATP from ADP in the presence of a proton gradient across the membrane,ATP-synt_DE_N
cluster_001_consensus_4038,1156935.QWE_02440,E,Belongs to the GMC oxidoreductase family,"GMC_oxred_C,GMC_oxred_N"
cluster_001_consensus_4039,1156935.QWE_02445,M,Belongs to the mandelate racemase muconate lactonizing enzyme family,"MR_MLE_C,MR_MLE_N"
cluster_001_consensus_4040,1156935.QWE_02450,C,Aldehyde dehydrogenase family,Aldedh
cluster_001_consensus_4041,1156935.QWE_02455,K,LysR substrate binding domain,"HTH_1,LysR_substrate"
cluster_001_consensus_4042,1156935.QWE_02460,C,"lactate/malate dehydrogenase, NAD binding domain","Ldh_1_C,Ldh_1_N"
cluster_001_consensus_4043,1156935.QWE_02465,K,Transcriptional regulator,HTH_5
cluster_001_consensus_4044,1156935.QWE_02470,K,Transcriptional regulator,"HTH_1,LysR_substrate"
cluster_001_consensus_4045,1156935.QWE_02475,C,NADH ubiquinone oxidoreductase 24 kD subunit,2Fe-2S_thioredx
cluster_001_consensus_4046,1156935.QWE_02480,C,"NADH ubiquinone oxidoreductase, NADH-binding (51 kD) subunit","Complex1_51K,NADH_4Fe-4S,SLBB"
cluster_001_consensus_4047,1410620.SHLA_6c000190,S,Domain of unknown function (DUF4287),DUF4287
cluster_001_consensus_4048,1156935.QWE_02485,C,formate dehydrogenase,"Fer2_4,Fer4,Fer4_7,Fer4_9,Molybdop_Fe4S4,Molybdopterin,Molydop_binding,NADH-G_4Fe-4S_3"
cluster_001_consensus_4049,1156935.QWE_02490,C,Required for formate dehydrogenase (FDH) activity. Acts as a sulfur carrier protein that transfers sulfur from IscS to the molybdenum cofactor prior to its insertion into FDH,FdhD-NarQ
cluster_001_consensus_4050,1156935.QWE_02495,S,NADH-dependant formate dehydrogenase delta subunit FdsD,FdsD
cluster_001_consensus_4051,1156935.QWE_02500,EJ,Belongs to the asparaginase 1 family,Asparaginase
cluster_001_consensus_4052,1156935.QWE_02505,NT,Chemotaxis signal transduction protein,CheW
cluster_001_consensus_4053,1156935.QWE_02510,T,chemotaxis,"4HB_MCP_1,HAMP,MCPsignal,PAS_3,PAS_9"
cluster_001_consensus_4054,1156935.QWE_02515,E,Belongs to the arginase family,Arginase
cluster_001_consensus_4055,1156935.QWE_02520,K,Transcriptional,"AsnC_trans_reg,HTH_AsnC-type"
cluster_001_consensus_4056,1156935.QWE_02525,S,protein conserved in bacteria,TamB
cluster_001_consensus_4057,1156935.QWE_02530,M,Membrane,"Bac_surface_Ag,POTRA"
cluster_001_consensus_4058,1156935.QWE_02535,S,Glycine-zipper domain,"Gly-zipper_Omp,Gly-zipper_YMGG"
cluster_001_consensus_4059,1156935.QWE_02540,C,carbon monoxide dehydrogenase,"Fer2,Fer2_2"
cluster_001_consensus_4060,1156935.QWE_02545,C,carbon monoxide dehydrogenase,"Ald_Xan_dh_C,Ald_Xan_dh_C2"
cluster_001_consensus_4061,1156935.QWE_02550,C,carbon monoxide dehydrogenase,"CO_deh_flav_C,FAD_binding_5"
cluster_001_consensus_4062,1156935.QWE_02555,E,5-aminolevulinic acid synthase,Aminotran_1_2
cluster_001_consensus_4063,1156935.QWE_02560,V,Beta-lactamase,Beta-lactamase
cluster_001_consensus_4064,1156935.QWE_02565,I,Catalyzes the NADP-dependent rearrangement and reduction of 1-deoxy-D-xylulose-5-phosphate (DXP) to 2-C-methyl-D-erythritol 4-phosphate (MEP),"DXPR_C,DXP_redisom_C,DXP_reductoisom"
cluster_001_consensus_4065,1156935.QWE_02570,P,E1-E2 ATPase,"E1-E2_ATPase,Hemerythrin,HlyD_D23,Hydrolase"
cluster_001_consensus_4066,1156935.QWE_02575,S,BON domain,BON
cluster_001_consensus_4067,1156935.QWE_02580,S,protein conserved in bacteria,DUF892
cluster_001_consensus_4068,1156935.QWE_02585,L,Topoisomerase IB,Topoisom_I
cluster_001_consensus_4069,1156935.QWE_02590,K,Belongs to the sigma-70 factor family. ECF subfamily,"Sigma70_r2,Sigma70_r4_2"
cluster_001_consensus_4070,1156935.QWE_02595,-,-,-
cluster_001_consensus_4071,1156935.QWE_02600,-,-,-
cluster_001_consensus_4074,1156935.QWE_02620,S,amidohydrolase,"M20_dimer,Peptidase_M20"
cluster_001_consensus_4075,1156935.QWE_02625,M,Belongs to the peptidase S11 family,Peptidase_S11
cluster_001_consensus_4076,1156935.QWE_02630,S,cobalamin synthesis protein,"CobW_C,cobW"
cluster_001_consensus_4077,1156935.QWE_02635,O,Belongs to the sulfur carrier protein TusA family,TusA
cluster_001_consensus_4078,1156935.QWE_02640,S,protein conserved in bacteria,YkuD
cluster_001_consensus_4079,1156935.QWE_02645,I,"Component of the acetyl coenzyme A carboxylase (ACC) complex. First, biotin carboxylase catalyzes the carboxylation of biotin on its carrier protein (BCCP) and then the CO(2) group is transferred by the carboxyltransferase to acetyl-CoA to form malonyl-CoA",ACCA
cluster_001_consensus_4080,1156935.QWE_02650,L,recombinase XerD,"Phage_int_SAM_1,Phage_integrase"
cluster_001_consensus_4081,1156935.QWE_02655,-,-,-
cluster_001_consensus_4082,1156935.QWE_02660,E,Catalyzes the specific phosphorylation of the 3-hydroxyl group of shikimic acid using ATP as a cosubstrate,SKI
cluster_001_consensus_4083,1156935.QWE_02665,E,Catalyzes the conversion of 3-deoxy-D-arabino- heptulosonate 7-phosphate (DAHP) to dehydroquinate (DHQ),"DHQ_synthase,SKI"
cluster_001_consensus_4084,1156935.QWE_02670,P,Transporter associated domain,"CBS,CorC_HlyC,DUF21"
cluster_001_consensus_4085,1156935.QWE_02675,T,Belongs to the BolA IbaG family,BolA
cluster_001_consensus_4086,1156935.QWE_02680,O,molecular chaperone,DnaJ
cluster_001_consensus_4087,1156935.QWE_02685,S,Cobalamin biosynthesis protein,"AAA_5,CbbQ_C,CobS_N"
cluster_001_consensus_4088,1156935.QWE_02690,H,Cobalamin biosynthesis protein CobT,"CobT,CobT_C"
cluster_001_consensus_4089,1156935.QWE_02695,S,Esterase-like activity of phytase,Phytase-like
cluster_001_consensus_4091,1156935.QWE_02700,S,"Involved in the import of queuosine (Q) precursors, required for Q precursor salvage",Vut_1
cluster_001_consensus_4092,1156935.QWE_02705,J,Belongs to the bacterial ribosomal protein bL28 family,Ribosomal_L28
cluster_001_consensus_4093,1156935.QWE_02710,M,Protein of unknown function (DUF3108),DUF3108
cluster_001_consensus_4094,1156935.QWE_02715,EG,of the drug metabolite transporter (DMT) superfamily,EamA
cluster_001_consensus_4095,1156935.QWE_02720,S,YhhN family,YhhN
cluster_001_consensus_4096,1156935.QWE_02725,S,Cupin superfamily (DUF985),Cupin_5
cluster_001_consensus_4097,1156935.QWE_02730,S,Thiolesterase that catalyzes the hydrolysis of S-D- lactoyl-glutathione to form glutathione and D-lactic acid,"HAGH_C,Lactamase_B"
cluster_001_consensus_4098,1156935.QWE_02735,Q,Methyltransferase,Methyltransf_11
cluster_001_consensus_4099,1156935.QWE_02740,E,Belongs to the class-II pyridoxal-phosphate-dependent aminotransferase family. Histidinol-phosphate aminotransferase subfamily,Aminotran_1_2
cluster_001_consensus_4100,1156935.QWE_02745,E,prephenate dehydrogenase,PDH
cluster_001_consensus_4101,1156935.QWE_02750,S,Uncharacterized protein conserved in bacteria (DUF2125),DUF2125
cluster_001_consensus_4102,1156935.QWE_02755,P,"Catalyzes the cleavage of glutathione into 5-oxo-L- proline and a Cys-Gly dipeptide. Acts specifically on glutathione, but not on other gamma-glutamyl peptides",ChaC
cluster_001_consensus_4103,1156935.QWE_02760,I,Acyl-transferase,Acyltransferase
cluster_001_consensus_4104,1156935.QWE_02765,S,DUF218 domain,DUF218
cluster_001_consensus_4105,1156935.QWE_02770,D,Cell division protein,-
cluster_001_consensus_4106,1156935.QWE_02775,D,cell division ATP-binding protein,ABC_tran
cluster_001_consensus_4107,1156935.QWE_02780,-,-,-
cluster_001_consensus_4108,1156935.QWE_02785,F,Belongs to the purine pyrimidine phosphoribosyltransferase family,Pribosyltran
cluster_001_consensus_4109,1156935.QWE_02790,T,cheY-homologous receiver domain,Response_reg
cluster_001_consensus_4110,1156935.QWE_02795,E,Domain of unknown function (DUF4175),DUF4175
cluster_001_consensus_4111,1156935.QWE_02800,E,Specifically catalyzes the decarboxylation of meso- diaminopimelate (meso-DAP) to L-lysine,"Orn_Arg_deC_N,Orn_DAP_Arg_deC"
cluster_001_consensus_4112,1156935.QWE_02805,-,-,-
cluster_001_consensus_4113,1156935.QWE_02810,E,argininosuccinate lyase,"ASL_C2,Lyase_1"
cluster_001_consensus_4114,1156935.QWE_02815,CO,Thiol disulfide interchange protein,"AhpC-TSA,Redoxin"
cluster_001_consensus_4115,1156935.QWE_02820,P,Part of the ABC transporter complex CysAWTP involved in sulfate thiosulfate import. Responsible for energy coupling to the transport system,ABC_tran
cluster_001_consensus_4116,1156935.QWE_02825,P,"ABC-type sulfate transport system, permease component",BPD_transp_1
cluster_001_consensus_4117,1156935.QWE_02830,O,"ABC-type sulfate transport system, permease component",BPD_transp_1
cluster_001_consensus_4118,1156935.QWE_02835,P,Sulfate ABC transporter sulfate-binding protein,SBP_bac_11
cluster_001_consensus_4119,1156935.QWE_02840,I,dehydrogenase,"3HCDH,3HCDH_N"
cluster_001_consensus_4120,1156935.QWE_02845,C,"Electron transfer flavoprotein, alpha subunit","ETF,ETF_alpha"
cluster_001_consensus_4121,1156935.QWE_02850,C,Electron transfer flavoprotein,ETF
cluster_001_consensus_4122,1156935.QWE_02855,S,membrane protein (homolog of Drosophila rhomboid),Rhomboid
cluster_001_consensus_4123,1156935.QWE_23914,S,adenosyltransferase,Cob_adeno_trans
cluster_001_consensus_4124,1156935.QWE_23909,S,Hypoxia induced protein conserved region,HIG_1_N
cluster_001_consensus_4125,1156935.QWE_23904,IQ,Belongs to the short-chain dehydrogenases reductases (SDR) family,adh_short
cluster_001_consensus_4126,1156935.QWE_23899,S,Ribonuclease,Virul_fac_BrkB
cluster_001_consensus_4127,1156935.QWE_23894,J,Belongs to the class-I aminoacyl-tRNA synthetase family,tRNA-synt_1c
cluster_001_consensus_4128,1156935.QWE_23889,L,3-methyladenine DNA glycosylase 8-oxoguanine DNA glycosylase,HhH-GPD
cluster_001_consensus_4129,1156935.QWE_23884,L,endonuclease,"HNH,HNH_5"
cluster_001_consensus_4130,1156935.QWE_23879,O,Disulfide bond formation protein DsbB,DsbB
cluster_001_consensus_4131,1156935.QWE_00140,T,Histidine kinase,"HATPase_c,HATPase_c_2,HisKA_2,dCache_1"
cluster_001_consensus_4133,1156935.QWE_23869,-,-,-
cluster_001_consensus_4134,1156935.QWE_23864,I,synthetase,"AMP-binding,AMP-binding_C"
cluster_001_consensus_4135,1156935.QWE_23859,M,Acetyltransferase (GNAT) domain,Acetyltransf_6
cluster_001_consensus_4136,1156935.QWE_23854,S,Membrane protein involved in the export of O-antigen and teichoic acid,"Polysacc_synt,Polysacc_synt_C"
cluster_001_consensus_4137,1156935.QWE_23849,I,Acyltransferase family,Acyl_transf_3
cluster_001_consensus_4138,1156935.QWE_23844,U,"Part of the Sec protein translocase complex. Interacts with the SecYEG preprotein conducting channel. Has a central role in coupling the hydrolysis of ATP to the transfer of proteins into and across the cell membrane, serving both as a receptor for the preprotein-SecB complex and as an ATP-driven molecular motor driving the stepwise translocation of polypeptide chains across the membrane","SEC-C,SecA_DEAD,SecA_PP_bind,SecA_SW"
cluster_001_consensus_4139,1156935.QWE_23839,M,peptidyl-prolyl isomerase,"Rotamase,Rotamase_3"
cluster_001_consensus_4140,1156935.QWE_23834,E,"Catalyzes two activities which are involved in the cyclic version of arginine biosynthesis the synthesis of N- acetylglutamate from glutamate and acetyl-CoA as the acetyl donor, and of ornithine by transacetylation between N(2)-acetylornithine and glutamate",ArgJ
cluster_001_consensus_4141,1156935.QWE_23829,K,Histone acetyltransferase HPA2 and related acetyltransferases,Acetyltransf_1
cluster_001_consensus_4142,1156935.QWE_23824,L,NTP pyrophosphohydrolases including oxidative damage repair enzymes,"Acetyltransf_3,NUDIX,NUDIX_4"
cluster_001_consensus_4143,1156935.QWE_23819,-,-,-
cluster_001_consensus_4144,1156935.QWE_23814,U,Flp Fap pilin component,Flp_Fap
cluster_001_consensus_4145,1156935.QWE_23809,Q,(SAM)-dependent,"Methyltransf_11,Methyltransf_23"
cluster_001_consensus_4146,1156935.QWE_23804,S,competence protein F,Pribosyltran
cluster_001_consensus_4147,1156935.QWE_23799,O,Has a glutathione-disulfide oxidoreductase activity in the presence of NADPH and glutathione reductase. Reduces low molecular weight disulfides and proteins,Glutaredoxin
cluster_001_consensus_4148,1156935.QWE_23794,S,Nitrilase cyanide hydratase and apolipoprotein,CN_hydrolase
cluster_001_consensus_4149,1156935.QWE_23789,S,protein conserved in bacteria,DUF1178
cluster_001_consensus_4150,1156935.QWE_23784,S,Domain of unknown function (DUF3291),DUF3291
cluster_001_consensus_4151,1156935.QWE_23779,S,Bacterial protein of unknown function (DUF924),DUF924
cluster_001_consensus_4152,1156935.QWE_23774,H,O-methyltransferase that catalyzes the 2 O-methylation steps in the ubiquinone biosynthetic pathway,"Methyltransf_11,Methyltransf_23"
cluster_001_consensus_4153,1156935.QWE_23769,T,protein with a bacterial SH3 domain,SH3_3
cluster_001_consensus_4154,1156935.QWE_23764,U,"Type IV secretory pathway, VirJ component",VirJ
cluster_001_consensus_4155,1156935.QWE_23759,S,Uncharacterised conserved protein (DUF2156),"DUF2156,LPG_synthase_TM"
cluster_001_consensus_4156,1156935.QWE_23754,E,Belongs to the aspartokinase family,"AA_kinase,ACT,ACT_7"
cluster_001_consensus_4157,1156935.QWE_23749,T,Belongs to the PEP-utilizing enzyme family,"GAF,GAF_2,PEP-utilisers_N,PEP-utilizers,PEP-utilizers_C"
cluster_001_consensus_4158,1156935.QWE_23744,J,Peptide chain release factor 1 directs the termination of translation in response to the peptide chain termination codons UAG and UAA,"PCRF,RF-1"
cluster_001_consensus_4159,1156935.QWE_23739,J,Methylates the class 1 translation termination release factors RF1 PrfA and RF2 PrfB on the glutamine residue of the universally conserved GGQ motif,"MTS,Methyltransf_31"
cluster_001_consensus_4160,1156935.QWE_23734,K,Domain of unknown function (DUF4167),DUF4167
cluster_001_consensus_4161,1156935.QWE_23729,O,"Part of a stress-induced multi-chaperone system, it is involved in the recovery of the cell from heat-induced damage, in cooperation with DnaK, DnaJ and GrpE","AAA,AAA_2,ClpB_D2-small,Clp_N"
cluster_001_consensus_4163,1156935.QWE_23724,M,Membrane proteins related to metalloendopeptidases,Peptidase_M23
cluster_001_consensus_4164,1041146.ATZB01000021_gene3415,L,"COG1961 Site-specific recombinases, DNA invertase Pin homologs","Recombinase,Resolvase,Zn_ribbon_recom"
cluster_001_consensus_4165,1437448.AZRT01000111_gene3692,L,Integrase core domain,"HTH_21,HTH_Tnp_1,rve"
cluster_001_consensus_4166,94624.Bpet2194,I,Belongs to the thiolase family,"Thiolase_C,Thiolase_N"
cluster_001_consensus_4167,94624.Bpet2195,Q,Thioesterase superfamily protein,4HBT
cluster_001_consensus_4168,420662.Mpe_A2923,K,"PFAM regulatory protein, MarR","MarR,MarR_2"
cluster_001_consensus_4169,1380394.JADL01000009_gene3412,H,Belongs to the class-III pyridoxal-phosphate-dependent aminotransferase family,Aminotran_3
cluster_001_consensus_4170,1282362.AEAC466_18125,E,Asp Glu hydantoin racemase,Asp_Glu_race
cluster_001_consensus_4171,52598.EE36_05303,I,"3-hydroxyacyl-CoA dehydrogenase, NAD binding domain","3HCDH,3HCDH_N"
cluster_001_consensus_4172,1417296.U879_20550,C,belongs to the aldehyde dehydrogenase family,Aldedh
cluster_001_consensus_4173,1144310.PMI07_005630,K,FCD,"FCD,GntR"
cluster_001_consensus_4174,1089551.KE386572_gene3286,IQ,KR domain,adh_short_C2
cluster_001_consensus_4175,375451.RD1_0840,C,COG1012 NAD-dependent aldehyde dehydrogenases,Aldedh
cluster_001_consensus_4176,78245.Xaut_2727,H,Belongs to the class-III pyridoxal-phosphate-dependent aminotransferase family,Aminotran_3
cluster_001_consensus_4177,78245.Xaut_0887,E,PFAM glutamine synthetase catalytic region,Gln-synt_C
cluster_001_consensus_4178,1410620.SHLA_38c000210,E,Part of the ABC transporter complex PotABCD involved in spermidine putrescine import. Responsible for energy coupling to the transport system,"ABC_tran,TOBE_2"
cluster_001_consensus_4179,331869.BAL199_28490,E,Binding-protein-dependent transport system inner membrane component,BPD_transp_1
cluster_001_consensus_4180,1116369.KB890024_gene3497,E,Binding-protein-dependent transport system inner membrane component,BPD_transp_1
cluster_001_consensus_4181,1336235.JAEG01000021_gene3418,E,Bacterial extracellular solute-binding protein,SBP_bac_8
cluster_001_consensus_4182,1156935.QWE_03223,S,Amidohydrolase family,Amidohydro_3
cluster_001_consensus_4183,1408419.JHYG01000006_gene2659,S,Belongs to the UPF0311 family,DUF3237
cluster_001_consensus_4184,1156935.QWE_01855,F,Glutamine amidotransferase class-I,GATase
cluster_001_consensus_4185,1211777.BN77_1296,T,chemotaxis protein,"HAMP,MCPsignal,dCache_1"
cluster_001_consensus_4186,743720.Psefu_1309,Q,PFAM isochorismatase hydrolase,Isochorismatase
cluster_001_consensus_4187,1144310.PMI07_006505,K,FCD,"FCD,GntR"
cluster_001_consensus_4188,1144310.PMI07_006504,S,Tripartite tricarboxylate transporter family receptor,TctC
cluster_001_consensus_4189,1144312.PMI09_05328,CE,Tartrate dehydrogenase,Iso_dh
cluster_001_consensus_4190,1144310.PMI07_006502,S,Tripartite tricarboxylate transporter TctB family,TctB
cluster_001_consensus_4191,1144310.PMI07_006501,S,Tripartite tricarboxylate transporter TctA family,TctA
cluster_001_consensus_4192,1509405.GV67_14710,G,hydroxypyruvate reductase,"DUF4147,MOFRL"
cluster_001_consensus_4193,1509405.GV67_08525,P,Outer membrane receptor for ferrienterochelin and colicins,"Plug,TonB_dep_Rec"
cluster_001_consensus_4194,491952.Mar181_2346,S,Metallo-beta-lactamase superfamily,Lactamase_B
cluster_001_consensus_4195,426117.M446_5255,K,"Transcriptional regulator, LysR family","HTH_1,LysR_substrate"
cluster_001_consensus_4196,1528106.JRJE01000008_gene1525,EK,"Glycosyl transferase family, helical bundle domain",Glycos_trans_3N
cluster_001_consensus_4197,1509405.GV67_08510,P,"ABC-type enterochelin transport system, periplasmic component",Peripla_BP_2
cluster_001_consensus_4198,1509405.GV67_08505,P,Belongs to the binding-protein-dependent transport system permease family. FecCD subfamily,FecCD
cluster_001_consensus_4199,1509405.GV67_08500,P,Belongs to the binding-protein-dependent transport system permease family. FecCD subfamily,FecCD
cluster_001_consensus_4200,1509405.GV67_08495,P,ABC transporter,ABC_tran
cluster_001_consensus_4201,979556.MTES_0661,IQ,KR domain,adh_short_C2
cluster_001_consensus_4202,981384.AEYW01000024_gene4023,S,Uncharacterised protein family (UPF0261),UPF0261
cluster_001_consensus_4203,985054.JQEZ01000003_gene1052,S,Choline/ethanolamine kinase,APH
cluster_001_consensus_4204,981384.AEYW01000024_gene4024,E,Aminotransferase class-III,Aminotran_3
cluster_001_consensus_4205,999611.KI421504_gene2541,S,Tripartite tricarboxylate transporter TctA family,TctA
cluster_001_consensus_4206,391619.PGA1_c32270,S,Tripartite tricarboxylate transporter TctB family,TctB
cluster_001_consensus_4207,246200.SPO0769,S,Tripartite tricarboxylate transporter family receptor,TctC
cluster_001_consensus_4208,1366046.HIMB11_00297,K,"transcriptional regulator, IclR","HTH_IclR,IclR"
cluster_001_consensus_4209,1342302.JASC01000004_gene459,C,Belongs to the aldehyde dehydrogenase family,Aldedh
cluster_001_consensus_4210,1041139.KB902657_gene3029,S,Haloacid dehalogenase-like hydrolase,HAD_2
cluster_001_consensus_4211,388399.SSE37_10348,E,Belongs to the class-III pyridoxal-phosphate-dependent aminotransferase family,Aminotran_3
cluster_001_consensus_4212,224914.BMEII0133,K,"Transcriptional regulator, MarR family","MarR,MarR_2"
cluster_001_consensus_4213,224914.BMEII0134,E,5-carboxymethyl-2-hydroxymuconate isomerase,CHMI
cluster_001_consensus_4214,395492.Rleg2_4441,C,belongs to the aldehyde dehydrogenase family,Aldedh
cluster_001_consensus_4215,1410620.SHLA_5c001060,E,Glyoxalase bleomycin resistance protein,Glyoxalase
cluster_001_consensus_4216,395492.Rleg2_4443,C,Belongs to the aldehyde dehydrogenase family,Aldedh
cluster_001_consensus_4217,1041159.AZUW01000021_gene1129,Q,fumarylacetoacetate (FAA) hydrolase,FAA_hydrolase
cluster_001_consensus_4218,1410620.SHLA_5c001040,Q,"2-oxohepta-3-ene-1,7-dioic acid hydratase",FAA_hydrolase
cluster_001_consensus_4219,395492.Rleg2_4446,G,Belongs to the HpcH HpaI aldolase family,HpcH_HpaI
cluster_001_consensus_4220,224914.BMEII0143,K,AraC-binding-like domain,"AraC_binding_2,HTH_18"
cluster_001_consensus_4221,395492.Rleg2_4457,C,Aldehyde dehydrogenase family,Aldedh
cluster_001_consensus_4222,1297865.APJD01000007_gene2198,E,Involved in the biosynthesis of the osmoprotectant glycine betaine. Catalyzes the oxidation of choline to betaine aldehyde and betaine aldehyde to glycine betaine at the same rate,"GMC_oxred_C,GMC_oxred_N"
cluster_001_consensus_4223,395492.Rleg2_4455,E,Periplasmic binding protein,Peripla_BP_6
cluster_001_consensus_4224,1500301.JQMF01000005_gene3791,E,Branched-chain amino acid transport system / permease component,BPD_transp_2
cluster_001_consensus_4225,342113.DM82_3206,E,Branched-chain amino acid transport system / permease component,BPD_transp_2
cluster_001_consensus_4226,1297865.APJD01000007_gene2194,E,Branched-chain amino acid ATP-binding cassette transporter,"ABC_tran,BCA_ABC_TP_C"
cluster_001_consensus_4227,1297865.APJD01000007_gene2195,E,ATPases associated with a variety of cellular activities,ABC_tran
cluster_001_consensus_4228,716928.AJQT01000095_gene4805,K,"helix_turn_helix, arabinose operon control protein",HTH_18
cluster_001_consensus_4229,1410620.SHLA_5c001100,Q,4-hydroxyphenylacetate 3-hydroxylase C terminal,"HpaB,HpaB_N"
cluster_001_consensus_4230,1041159.AZUW01000021_gene1124,S,Catalyzes the reduction of FMN to FMNH2 which is used to reduce pyrimidine by RutA via the Rut pathway,Flavin_Reduct
cluster_001_consensus_4231,1156935.QWE_04718,P,"ABC-type Fe3 transport system, permease component",BPD_transp_1
cluster_001_consensus_4232,1156935.QWE_04713,P,"ABC-type Fe3 transport system, periplasmic component","SBP_bac_11,SBP_bac_6"
cluster_001_consensus_4233,1156935.QWE_04708,E,Belongs to the ABC transporter superfamily,"ABC_tran,TOBE_2"
cluster_001_consensus_4235,1156935.QWE_21287,E,Sodium alanine symporter,Na_Ala_symp
cluster_001_consensus_4236,176299.Atu5147,S,MgtC family,MgtC
cluster_001_consensus_4237,472175.EL18_00345,T,"Histidine kinase-, DNA gyrase B-, and HSP90-like ATPase","CHASE3,HATPase_c,HisKA,PAS_4,PAS_7,PAS_9,Response_reg"
cluster_001_consensus_4238,1156935.QWE_19353,IQ,Class II Aldolase and Adducin N-terminal domain,Aldolase_II
cluster_001_consensus_4239,1156935.QWE_19348,G,Periplasmic binding protein domain,Peripla_BP_4
cluster_001_consensus_4240,1156935.QWE_19343,U,Branched-chain amino acid transport system / permease component,BPD_transp_2
cluster_001_consensus_4241,1156935.QWE_19338,U,Branched-chain amino acid transport system / permease component,BPD_transp_2
cluster_001_consensus_4242,1156935.QWE_19333,G,ATPases associated with a variety of cellular activities,ABC_tran
cluster_001_consensus_4243,1156935.QWE_19328,K,Putative sugar-binding domain,Sugar-bind
cluster_001_consensus_4244,1156935.QWE_19323,G,"FGGY family of carbohydrate kinases, C-terminal domain","FGGY_C,FGGY_N"
cluster_001_consensus_4245,1156935.QWE_19318,S,Antibiotic biosynthesis monooxygenase,ABM
cluster_001_consensus_4246,1156935.QWE_15256,IQ,Dehydrogenases with different specificities (related to short-chain alcohol dehydrogenases),"adh_short,adh_short_C2"
cluster_001_consensus_4247,1156935.QWE_15261,EM,Belongs to the DapA family,DHDPS
cluster_001_consensus_4248,1156935.QWE_15266,F,Cytosine deaminase and related metal-dependent hydrolases,Amidohydro_1
cluster_001_consensus_4249,1156935.QWE_15271,E,"Bacterial extracellular solute-binding proteins, family 5 Middle",SBP_bac_5
cluster_001_consensus_4250,1156935.QWE_15276,P,Belongs to the ABC transporter superfamily,"ABC_tran,oligo_HPY"
cluster_001_consensus_4251,1156935.QWE_15281,P,Belongs to the ABC transporter superfamily,"ABC_tran,oligo_HPY"
cluster_001_consensus_4252,1156935.QWE_15286,EP,"ABC-type dipeptide oligopeptide nickel transport systems, permease components","BPD_transp_1,OppC_N"
cluster_001_consensus_4253,1156935.QWE_15291,EP,ABC transporter permease,BPD_transp_1
cluster_001_consensus_4254,1156935.QWE_15296,E,"Bacterial extracellular solute-binding proteins, family 5 Middle",SBP_bac_5
cluster_001_consensus_4255,1156935.QWE_15301,E,Glyoxalase/Bleomycin resistance protein/Dioxygenase superfamily,Glyoxalase
cluster_001_consensus_4256,1156935.QWE_15306,F,Amidohydrolase family,Amidohydro_1
cluster_001_consensus_4257,1156935.QWE_15311,E,Asp/Glu/Hydantoin racemase,Asp_Glu_race
cluster_001_consensus_4258,1156935.QWE_15316,K,FCD,"FCD,GntR"
cluster_001_consensus_4259,690585.JNNU01000015_gene274,Q,"COG2931, RTX toxins and related Ca2 -binding proteins","Cadherin_3,He_PIG,HemolysinCabind,P_proprotein,VWA_2"
cluster_001_consensus_4260,1156935.QWE_23719,Q,"COG2931, RTX toxins and related Ca2 -binding proteins","Cadherin_3,He_PIG,HemolysinCabind,P_proprotein,VWA_2"
cluster_001_consensus_4261,1122929.KB908226_gene3281,K,helix_turn _helix lactose operon repressor,"LacI,Peripla_BP_3"
cluster_001_consensus_4262,1122929.KB908226_gene3282,G,"Tripartite ATP-independent periplasmic transporters, DctQ component",DctQ
cluster_001_consensus_4263,1122929.KB908226_gene3283,G,COG1593 TRAP-type C4-dicarboxylate transport system large permease component,DctM
cluster_001_consensus_4264,1122929.KB908226_gene3284,G,"COG1638 TRAP-type C4-dicarboxylate transport system, periplasmic component",DctP
cluster_001_consensus_4265,1408224.SAMCCGM7_c5158,K,Periplasmic binding protein-like domain,"LacI,Peripla_BP_3"
cluster_001_consensus_4266,1122929.KB908226_gene3286,-,-,-
cluster_001_consensus_4267,1122929.KB908226_gene3287,I,3-hydroxyisobutyrate dehydrogenase and related beta-hydroxyacid dehydrogenases,"NAD_binding_11,NAD_binding_2"
cluster_001_consensus_4268,1122929.KB908226_gene3288,G,Gluconokinase,SKI
cluster_001_consensus_4269,1082932.ATCR1_20108,IQ,Dehydrogenases with different specificities (related to short-chain alcohol dehydrogenases),adh_short_C2
cluster_001_consensus_4270,1122929.KB908226_gene3290,CH,D-isomer specific 2-hydroxyacid dehydrogenase,"2-Hacid_dh,2-Hacid_dh_C"
cluster_001_consensus_4271,1122929.KB908226_gene3291,E,alcohol dehydrogenase,"ADH_N,ADH_zinc_N"
cluster_001_consensus_4272,1122929.KB908226_gene3292,G,Gluconolactonase,SGL
cluster_001_consensus_4273,1122929.KB908226_gene3294,K,Transcriptional regulator (LacI family,"LacI,Peripla_BP_3"
cluster_001_consensus_4274,1122929.KB908226_gene3295,G,ABC transporter,ABC_tran
cluster_001_consensus_4275,1122929.KB908226_gene3296,G,Belongs to the binding-protein-dependent transport system permease family,BPD_transp_2
cluster_001_consensus_4276,1122929.KB908226_gene3297,G,ABC transporter substrate-binding protein,Peripla_BP_4
cluster_001_consensus_4277,311402.Avi_5722,S,Haem-degrading,Haem_degrading
cluster_001_consensus_4278,311403.Arad_4469,K,Periplasmic binding protein-like domain,"LacI,Peripla_BP_3"
cluster_001_consensus_4279,492774.JQMB01000002_gene825,G,Bacterial alpha-L-rhamnosidase C-terminal domain,"Bac_rhamnosid,Bac_rhamnosid6H,Bac_rhamnosid_C,Bac_rhamnosid_N"
cluster_001_consensus_4280,311403.Arad_4467,G,Bacterial extracellular solute-binding protein,"SBP_bac_1,SBP_bac_8"
cluster_001_consensus_4281,492774.JQMB01000002_gene827,G,Binding-protein-dependent transport system inner membrane component,BPD_transp_1
cluster_001_consensus_4282,492774.JQMB01000002_gene828,G,Binding-protein-dependent transport system inner membrane component,BPD_transp_1
cluster_001_consensus_4283,492774.JQMB01000002_gene829,E,TOBE domain,"ABC_tran,TOBE_2"
cluster_001_consensus_4284,1156935.QWE_21432,E,Receptor family ligand binding region,Peripla_BP_6
cluster_001_consensus_4285,1156935.QWE_21427,C,Aldo/keto reductase family,Aldo_ket_red
cluster_001_consensus_4286,1156935.QWE_21422,C,"4fe-4S ferredoxin, iron-sulfur binding domain protein",-
cluster_001_consensus_4287,1156935.QWE_21417,K,FCD,"FCD,GntR"
cluster_001_consensus_4288,1156935.QWE_21412,E,"COG0411 ABC-type branched-chain amino acid transport systems, ATPase component","ABC_tran,BCA_ABC_TP_C"
cluster_001_consensus_4289,1156935.QWE_21407,E,"COG0410 ABC-type branched-chain amino acid transport systems, ATPase component",ABC_tran
cluster_001_consensus_4290,1156935.QWE_21402,E,"COG0559 Branched-chain amino acid ABC-type transport system, permease components",BPD_transp_2
cluster_001_consensus_4291,1156935.QWE_21397,E,"COG4177 ABC-type branched-chain amino acid transport system, permease component",BPD_transp_2
cluster_001_consensus_4292,1156935.QWE_21392,CJ,Endoribonuclease L-PSP,"Aldo_ket_red,Ribonuc_L-PSP"
cluster_001_consensus_4293,1156935.QWE_05713,F,"Catalyzes the hydrolytic cleavage of imides that range from linear to heterocyclic and that include hydantoins, dihydropyrimidines, and phthalimides",Amidohydro_1
cluster_001_consensus_4294,1156935.QWE_05708,E,Aminotransferase class-V,Aminotran_5
cluster_001_consensus_4295,1156935.QWE_05703,E,ABC transporter,ABC_tran
cluster_001_consensus_4296,1156935.QWE_05698,E,Polar amino acid ABC transporter,BPD_transp_1
cluster_001_consensus_4297,1156935.QWE_05693,ET,belongs to the bacterial solute-binding protein 3 family,SBP_bac_3
cluster_001_consensus_4298,1156935.QWE_05688,K,FCD,"FCD,GntR"
cluster_001_consensus_4299,1410620.SHLA_27c000470,P,Belongs to the ABC transporter superfamily,"ABC_tran,oligo_HPY"
cluster_001_consensus_4300,1509405.GV67_00675,C,Acetamidase/Formamidase family,FmdA_AmdA
cluster_001_consensus_4301,1410620.SHLA_27c000450,E,"Bacterial extracellular solute-binding proteins, family 5 Middle",SBP_bac_5
cluster_001_consensus_4302,1410620.SHLA_27c000440,EP,Binding-protein-dependent transport system inner membrane component,BPD_transp_1
cluster_001_consensus_4303,1144312.PMI09_05541,EP,"ABC-type dipeptide oligopeptide nickel transport systems, permease components","BPD_transp_1,OppC_N"
cluster_001_consensus_4304,1410620.SHLA_27c000420,K,ANTAR,ANTAR
cluster_001_consensus_4305,1410620.SHLA_27c000410,E,Periplasmic binding protein domain,Peripla_BP_5
cluster_001_consensus_4306,311402.Avi_5443,CH,FAD binding domain,FAD_binding_3
cluster_001_consensus_4307,311402.Avi_5441,Q,fumarylacetoacetate (FAA) hydrolase,"DUF2437,FAA_hydrolase"
cluster_001_consensus_4308,311402.Avi_5440,E,glyoxalase bleomycin resistance protein dioxygenase,Glyoxalase
cluster_001_consensus_4309,311402.Avi_5598,K,Bacterial transcriptional regulator,"HTH_IclR,IclR"
cluster_001_consensus_4310,311402.Avi_5954,K,"AefR-like transcriptional repressor, C-terminal region","TetR_C_7,TetR_N"
cluster_001_consensus_4311,311402.Avi_5950,Q,Retinal pigment epithelial membrane protein,RPE65
cluster_001_consensus_4312,311402.Avi_5334,C,Belongs to the aldehyde dehydrogenase family,Aldedh
cluster_001_consensus_4313,311402.Avi_5599,EGP,Major Facilitator Superfamily,"MFS_1,Sugar_tr"
cluster_001_consensus_4314,311402.Avi_5600,C,Putative MetA-pathway of phenol degradation,Phenol_MetA_deg
cluster_001_consensus_4315,1156935.QWE_05753,K,transcriptional regulator,TetR_N
cluster_001_consensus_4316,1156935.QWE_05748,E,"Involved in the biosynthesis of the chorismate, which leads to the biosynthesis of aromatic amino acids. Catalyzes the reversible NADPH linked reduction of 3-dehydroshikimate (DHSA) to yield shikimate (SA)","Shikimate_dh_N,ThiF"
cluster_001_consensus_4317,690585.JNNU01000003_gene5533,G,"Bacterial extracellular solute-binding protein, family 7",DctP
cluster_001_consensus_4318,366394.Smed_5702,G,"Tripartite ATP-independent periplasmic transporters, DctQ component",DctQ
cluster_001_consensus_4319,690585.JNNU01000003_gene5535,G,"Tripartite ATP-independent periplasmic transporter, DctM component",DctM
cluster_001_consensus_4320,690585.JNNU01000003_gene5536,E,Catalyzes a trans-dehydration via an enolate intermediate,DHquinase_II
cluster_001_consensus_4321,1156935.QWE_05743,EG,"Hydroxyphenylpyruvate dioxygenase, HPPD, N-terminal","AP_endonuc_2,Glyoxalase,Glyoxalase_5"
cluster_001_consensus_4322,1122612.AUBA01000020_gene2583,GM,NAD(P)H-binding,NAD_binding_10
cluster_001_consensus_4323,566466.NOR53_1496,I,hydrolases or acyltransferases (alpha beta hydrolase superfamily),Abhydrolase_1
cluster_001_consensus_4324,272942.RCAP_rcc01478,S,complex i intermediate-associated protein 30,CIA30
cluster_001_consensus_4325,1185652.USDA257_c26180,K,LysR substrate binding domain,"HTH_1,LysR_substrate"
cluster_001_consensus_4326,1041146.ATZB01000005_gene6176,P,Ring hydroxylating alpha subunit (catalytic domain),"Rieske,Ring_hydroxyl_A"
cluster_001_consensus_4327,1185652.USDA257_c26160,C,Flavodoxin reductases (ferredoxin-NADPH reductases) family 1,"FAD_binding_6,Fer2,NAD_binding_1"
cluster_001_consensus_4328,1041147.AUFB01000057_gene24,C,NADH flavin oxidoreductase NADH oxidase,"NAD_binding_8,Oxidored_FMN,Pyr_redox_2"
cluster_001_consensus_4329,1408224.SAMCCGM7_c0779,K,Transcriptional regulator,TetR_N
cluster_001_consensus_4330,1156935.QWE_12313,P,Siderophore-interacting protein,"DUF2218,FAD_binding_9,SIP"
cluster_001_consensus_4331,1156935.QWE_12318,HP,ATP-binding protein,ABC_tran
cluster_001_consensus_4332,1500259.JQLD01000002_gene3152,P,FecCD transport family,FecCD
cluster_001_consensus_4333,1500259.JQLD01000002_gene3153,P,Belongs to the binding-protein-dependent transport system permease family. FecCD subfamily,FecCD
cluster_001_consensus_4334,1156935.QWE_12333,P,iron ABC transporter periplasmic solute-binding protein,Peripla_BP_2
cluster_001_consensus_4335,1156935.QWE_12338,P,receptor,"Plug,TonB_dep_Rec"
cluster_001_consensus_4336,1156935.QWE_12343,K,AraC family transcriptional,"HTH_18,HTH_AraC"
cluster_001_consensus_4337,1370122.JHXQ01000017_gene869,S,Belongs to the peptidase M16 family,"Peptidase_M16,Peptidase_M16_C"
cluster_001_consensus_4338,1370122.JHXQ01000017_gene866,K,"Sigma-70, region 4","Sigma70_r2,Sigma70_r4_2"
cluster_001_consensus_4339,911045.PSE_p0157,PT,FecR protein,"DUF4880,DUF4974,FecR"
cluster_001_consensus_4340,1370122.JHXQ01000017_gene868,P,receptor,"Plug,STN"
cluster_001_consensus_4341,1156935.QWE_21257,K,"Bacterial regulatory proteins, lacI family","LacI,Peripla_BP_3"
cluster_001_consensus_4342,1156935.QWE_21252,G,Bacterial extracellular solute-binding protein,SBP_bac_8
cluster_001_consensus_4343,1156935.QWE_21247,G,Binding-protein-dependent transport system inner membrane component,BPD_transp_1
cluster_001_consensus_4344,1156935.QWE_21242,G,Binding-protein-dependent transport system inner membrane component,BPD_transp_1
cluster_001_consensus_4345,1156935.QWE_21237,G,Belongs to the glycosyl hydrolase 2 family,"DUF4982,Glyco_hydro_2,Glyco_hydro_2_C,Glyco_hydro_2_N"
cluster_001_consensus_4346,1156935.QWE_21232,P,Belongs to the ABC transporter superfamily,"ABC_tran,TOBE_2"
cluster_001_consensus_4347,1156935.QWE_21227,J,Endoribonuclease L-PSP,Ribonuc_L-PSP
cluster_001_consensus_4348,1156935.QWE_21222,S,Flavodoxin-like fold,Flavodoxin_2
cluster_001_consensus_4349,1156935.QWE_21217,C,FAD linked oxidase,FAD_binding_4
cluster_001_consensus_4350,1156935.QWE_21212,F,cytosine deaminase,Amidohydro_3
cluster_001_consensus_4351,1156935.QWE_21207,P,"ABC-type nitrate sulfonate bicarbonate transport system, permease component",BPD_transp_1
cluster_001_consensus_4352,1336235.JAEG01000006_gene756,P,ABC transporter,ABC_tran
cluster_001_consensus_4353,1156935.QWE_21197,P,Nitrate sulfonate bicarbonate,NMT1
cluster_001_consensus_4354,1156935.QWE_21192,K,transcriptional regulator,"HTH_1,LysR_substrate"
cluster_001_consensus_4355,1156935.QWE_21187,S,Creatinine amidohydrolase,Creatininase
cluster_001_consensus_4357,1156935.QWE_21117,S,Domain of unknown function (DUF4212),DUF4212
cluster_001_consensus_4358,1156935.QWE_21112,S,Belongs to the sodium solute symporter (SSF) (TC 2.A.21) family,SSF
cluster_001_consensus_4359,1156935.QWE_21107,T,Putative nucleotidyltransferase substrate binding domain,"CBS,DUF294,DUF294_C,cNMP_binding"
cluster_001_consensus_4360,1156935.QWE_21102,-,-,-
cluster_001_consensus_4361,1156935.QWE_21097,LT,EXOIII,"RNase_T,VRR_NUC"
cluster_001_consensus_4362,1156935.QWE_21092,S,protein conserved in bacteria,TctC
cluster_001_consensus_4363,1156935.QWE_21087,S,Tripartite tricarboxylate transporter TctB family,TctB
cluster_001_consensus_4364,1156935.QWE_21082,S,protein conserved in bacteria,TctA
cluster_001_consensus_4365,1156935.QWE_21077,-,-,-
cluster_001_consensus_4366,1156935.QWE_21072,T,Histidine kinase,"HWE_HK,PAS_4"
cluster_001_consensus_4367,1156935.QWE_21067,T,Histidine kinase,"HATPase_c,HATPase_c_2,HisKA_2,PAS_9"
cluster_001_consensus_4368,1156935.QWE_21062,T,response regulator,Response_reg
cluster_001_consensus_4369,1156935.QWE_21057,S,BA14K-like protein,BA14K
cluster_001_consensus_4370,1156935.QWE_21052,EG,Belongs to the IlvD Edd family,ILVD_EDD
cluster_001_consensus_4371,1156935.QWE_21047,I,3-hydroxyisobutyrate dehydrogenase and related beta-hydroxyacid dehydrogenases,"NAD_binding_11,NAD_binding_2"
cluster_001_consensus_4372,1156935.QWE_21042,GM,COG0451 Nucleoside-diphosphate-sugar epimerases,Epimerase
cluster_002_consensus_1,1156935.QWE_12393,C,glycerophosphoryl diester phosphodiesterase,GDPD
cluster_002_consensus_2,1156935.QWE_12388,E,TOBE domain,"ABC_tran,TOBE_2"
cluster_002_consensus_3,1156935.QWE_12383,E,"ABC-type spermidine putrescine transport system, permease component II",BPD_transp_1
cluster_002_consensus_4,1156935.QWE_12378,E,"ABC-type spermidine putrescine transport system, permease component I",BPD_transp_1
cluster_002_consensus_5,1156935.QWE_12373,S,Bacterial extracellular solute-binding protein,SBP_bac_8
cluster_002_consensus_6,1156935.QWE_12368,K,Transcriptional regulator,"LacI,Peripla_BP_1,Peripla_BP_3"
cluster_002_consensus_7,1156935.QWE_00260,F,S-adenosylhomocysteine deaminase activity,"Amidohydro_1,Amidohydro_3"
cluster_002_consensus_8,1156935.QWE_00255,KT,"Transcriptional regulatory protein, C terminal",Trans_reg_C
cluster_002_consensus_9,1156935.QWE_00250,T,COG0745 Response regulators consisting of a CheY-like receiver domain and a winged-helix DNA-binding domain,"Response_reg,Trans_reg_C"
cluster_002_consensus_11,1156935.QWE_00245,K,Autoinducer binding domain,"Autoind_bind,GerE"
cluster_002_consensus_12,1156935.QWE_00240,U,Conjugal transfer protein TrbI,TrbI
cluster_002_consensus_14,1156935.QWE_00230,U,Conjugal transfer protein TrbG,CagX
cluster_002_consensus_15,1156935.QWE_00225,U,conjugal transfer protein TrbF,VirB8
cluster_002_consensus_16,1156935.QWE_00220,U,Conjugal transfer protein,TrbL
cluster_002_consensus_17,1156935.QWE_00215,U,Conjugal transfer protein TrbJ,DUF2749
cluster_002_consensus_18,1156935.QWE_00210,U,conjugal transfer protein trbE,"CagE_TrbE_VirB,DUF87"
cluster_002_consensus_19,1156935.QWE_00205,NU,conjugal transfer protein trbD,VirB3
cluster_002_consensus_20,1336235.JAEG01000010_gene3123,U,conjugal transfer protein TrbC,TrbC
cluster_002_consensus_21,1156935.QWE_00195,U,conjugal transfer protein TrbB,T2SSE
cluster_002_consensus_22,1156935.QWE_00190,QT,Acyl-homoserine-lactone synthase,Autoind_synth
cluster_002_consensus_23,1156935.QWE_00185,D,Replication protein,"AAA_31,MerR,MerR_1"
cluster_002_consensus_24,1156935.QWE_00180,K,Belongs to the ParB family,"ParBc,RepB"
cluster_002_consensus_25,1156935.QWE_00175,K,DNA replication,"RP-C,RP-C_C"
cluster_002_consensus_26,1156935.QWE_00135,L,Belongs to the 'phage' integrase family,Phage_integrase
cluster_002_consensus_27,1437448.AZRT01000033_gene2626,D,Antitoxin component of a toxin-antitoxin (TA) module,PhdYeFM_antitox
cluster_002_consensus_28,1370122.JHXQ01000014_gene2147,S,PIN domain,PIN
cluster_002_consensus_29,690585.JNNU01000008_gene3696,S,Rv0623-like transcription factor,PSK_trans_fac
cluster_002_consensus_30,1156935.QWE_00120,S,HTH DNA binding domain,"DUF1612,HTH_13"
cluster_002_consensus_31,1380380.JIAX01000009_gene1455,V,"COG1002 Type II restriction enzyme, methylase subunits",N6_Mtase
cluster_002_consensus_32,1282360.ABAC460_22580,K,Protein of unknown function DUF262,"AlbA_2,DUF262"
cluster_002_consensus_33,1117943.SFHH103_02292,S,Protein of unknown function (DUF4238),DUF4238
cluster_002_consensus_34,69279.BG36_23210,L,Calcineurin-like phosphoesterase,Metallophos
cluster_002_consensus_35,323098.Nwi_0907,L,ATPase involved in DNA repair,"AAA_23,AAA_27"
cluster_002_consensus_37,1288298.rosmuc_01656,S,SIR2-like domain,SIR2_2
cluster_002_consensus_38,1288298.rosmuc_01655,S,Domain of unknown function DUF87,"DUF853,DUF87,TrwB_AAD_bind"
cluster_002_consensus_39,1156935.QWE_19368,-,-,-
cluster_002_consensus_40,1156935.QWE_19363,S,PIN domain,PIN_3
cluster_002_consensus_41,1156935.QWE_19358,-,-,-
cluster_002_consensus_44,670292.JH26_00425,L,PFAM Integrase catalytic region,"HTH_21,rve,rve_3"
cluster_002_consensus_45,504832.OCAR_5821,L,Transposase,HTH_Tnp_1
cluster_002_consensus_46,1500304.JQKY01000004_gene1754,L,"COG1961 Site-specific recombinases, DNA invertase Pin homologs","Recombinase,Resolvase,Zn_ribbon_recom"
cluster_002_consensus_47,744980.TRICHSKD4_2954,L,DDE domain,DDE_Tnp_IS240
cluster_002_consensus_49,216596.pRL120461,M,Polysaccharide biosynthesis/export protein,"Poly_export,SLBB"
cluster_002_consensus_50,1500306.JQLA01000027_gene2902,KLT,Protein tyrosine kinase,Pkinase
cluster_002_consensus_51,216596.pRL120463,T,"Serine/threonine phosphatases, family 2C, catalytic domain","DUF2094,PP2C,PP2C_2,SpoIIE"
cluster_002_consensus_52,1028800.RG540_PA11560,S,ImcF-related N-terminal domain,"IcmF-related,IcmF_C,ImcF-related_N"
cluster_002_consensus_53,216596.pRL120465,N,Type VI secretion system protein DotU,"DotU,OmpA"
cluster_002_consensus_54,216596.pRL120466,S,"Bacterial Type VI secretion, VC_A0110, EvfL, ImpJ, VasE",T6SS_VasE
cluster_002_consensus_55,1028800.RG540_PA11530,T,Forkhead associated domain,FHA
cluster_002_consensus_56,216596.pRL120468,S,"Type VI secretion, TssG",T6SS_TssG
cluster_002_consensus_57,216596.pRL120469,S,"Type VI secretion system, TssF",T6SS_TssF
cluster_002_consensus_58,216596.pRL120470,S,Gene 25-like lysozyme,GPW_gp25
cluster_002_consensus_59,1028800.RG540_PA11490,S,ImpE protein,ImpE
cluster_002_consensus_60,1500306.JQLA01000027_gene2892,S,"Type VI secretion protein, EvpB/VC_A0108, tail sheath",VipB
cluster_002_consensus_61,216596.pRL120473,S,"Type VI secretion protein, EvpB/VC_A0108, tail sheath",VipB
cluster_002_consensus_62,1336249.JADW01000011_gene1352,S,"Type VI secretion system, VipA, VC_A0107 or Hcp2",T6SS_VipA
cluster_002_consensus_63,216596.pRL120475,S,"ImpA, N-terminal, type VI secretion system",ImpA_N
cluster_002_consensus_64,1028800.RG540_PA11440,O,"C-terminal, D2-small domain, of ClpB protein","AAA,AAA_2,ClpB_D2-small,Clp_N"
cluster_002_consensus_65,1057002.KB905370_gene4478,S,"Type VI secretion system effector, Hcp",T6SS_HCP
cluster_002_consensus_66,311402.Avi_1397,-,-,-
cluster_002_consensus_67,555793.WSK_1241,-,-,-
cluster_002_consensus_68,742159.HMPREF0004_4691,-,-,-
cluster_002_consensus_69,1220582.RRU01S_07_03720,S,"Type VI secretion system (T6SS), amidase effector protein 4",Tae4
cluster_002_consensus_70,176299.Atu4348,S,Phage late control gene D protein (GPD),Phage_GPD
cluster_002_consensus_71,176299.Atu4349,S,Domain of unknown function (DUF4123),DUF4123
cluster_002_consensus_72,744980.TRICHSKD4_1897,U,large exoproteins involved in heme utilization or adhesion,"DUF637,Fil_haemagg,Fil_haemagg_2,Haemagg_act"
cluster_002_consensus_73,1174684.EBMC1_00005,-,-,-
cluster_002_consensus_74,176299.Atu4352,S,PAAR motif,PAAR_motif
cluster_002_consensus_75,861208.AGROH133_09369,S,Phage late control gene D protein (GPD),Phage_GPD
cluster_002_consensus_76,670292.JH26_00425,L,PFAM Integrase catalytic region,"HTH_21,rve,rve_3"
cluster_002_consensus_77,504832.OCAR_5821,L,Transposase,HTH_Tnp_1
cluster_002_consensus_78,1336249.JADW01000063_gene4269,S,Domain of unknown function (DUF4123),DUF4123
cluster_002_consensus_80,1367847.JCM7686_0277,L,Integrase core domain,"rve,rve_3"
cluster_002_consensus_81,1500257.JQNM01000007_gene1595,L,Integrase core domain,rve
cluster_002_consensus_82,883078.HMPREF9695_05031,L,IstB-like ATP binding protein,IstB_IS21
cluster_002_consensus_83,492774.JQMB01000001_gene5681,L,AAA domain,"AAA_23,AAA_27"
cluster_002_consensus_87,1156935.QWE_19368,-,-,-
cluster_002_consensus_88,1156935.QWE_19363,S,PIN domain,PIN_3
cluster_002_consensus_89,1156935.QWE_19358,-,-,-
cluster_002_consensus_90,1500304.JQKY01000010_gene5511,S,Fic/DOC family,"DUF977,Fic,HTH_24,HTH_DeoR,Penicillinase_R"
cluster_002_consensus_92,1040982.AXAL01000031_gene628,E,Binding-protein-dependent transport system inner membrane component,BPD_transp_1
cluster_002_consensus_93,1040982.AXAL01000031_gene629,E,Binding-protein-dependent transport system inner membrane component,BPD_transp_1
cluster_002_consensus_94,935548.KI912159_gene2113,E,Belongs to the ABC transporter superfamily,"ABC_tran,TOBE_2"
cluster_002_consensus_95,1040982.AXAL01000031_gene631,E,Bacterial extracellular solute-binding protein,SBP_bac_8
cluster_002_consensus_96,371731.Rsw2DRAFT_0002,E,Arginase family,Arginase
cluster_002_consensus_97,1177928.TH2_18446,S,response to heat,TauE
cluster_002_consensus_98,1177928.TH2_18451,S,Belongs to the short-chain dehydrogenases reductases (SDR) family,adh_short
cluster_002_consensus_99,1547437.LL06_19230,H,Belongs to the class-III pyridoxal-phosphate-dependent aminotransferase family,Aminotran_3
cluster_002_consensus_100,426355.Mrad2831_4755,K,aminotransferase class I and II,"Aminotran_1_2,GntR"
cluster_002_consensus_103,990285.RGCCGE502_21185,K,Helix-turn-helix XRE-family like proteins,HTH_31
cluster_002_consensus_104,1122929.KB908234_gene4101,S,protein related to capsule biosynthesis enzymes,"Couple_hipA,HipA_C"
cluster_002_consensus_105,990285.RGCCGE502_21180,S,HipA N-terminal domain,"Couple_hipA,HipA_C"
cluster_002_consensus_106,176299.Atu5514,O,DnaJ molecular chaperone homology domain,DnaJ
cluster_002_consensus_107,311402.Avi_5630,P,Belongs to the ABC transporter superfamily,"ABC_tran,oligo_HPY"
cluster_002_consensus_108,1220582.RRU01S_23_00200,P,Belongs to the ABC transporter superfamily,"ABC_tran,oligo_HPY"
cluster_002_consensus_109,1220582.RRU01S_23_00190,EP,transporter permease,BPD_transp_1
cluster_002_consensus_110,1220582.RRU01S_23_00180,EP,N-terminal TM domain of oligopeptide transport permease C,"BPD_transp_1,OppC_N"
cluster_002_consensus_111,1220582.RRU01S_23_00170,E,"Bacterial extracellular solute-binding proteins, family 5 Middle",SBP_bac_5
cluster_002_consensus_112,1220582.RRU01S_23_00160,I,"Serine aminopeptidase, S33",Abhydrolase_1
cluster_002_consensus_113,311402.Avi_5638,K,ANTAR,ANTAR
cluster_002_consensus_114,1220582.RRU01S_23_00130,E,Periplasmic binding protein domain,Peripla_BP_5
cluster_002_consensus_115,1156935.QWE_07156,K,helix_turn _helix lactose operon repressor,"LacI,Peripla_BP_1,Peripla_BP_3"
cluster_002_consensus_116,1156935.QWE_07151,G,Periplasmic binding proteins and sugar binding domain of LacI family,Peripla_BP_4
cluster_002_consensus_117,1156935.QWE_07146,G,ABC transporter,ABC_tran
cluster_002_consensus_118,1156935.QWE_07141,G,"Ribose xylose arabinose galactoside ABC-type transport systems, permease components",BPD_transp_2
cluster_002_consensus_119,1156935.QWE_07136,S,metal-dependent hydrolase with the TIM-barrel fold,PTE
cluster_002_consensus_120,1156935.QWE_07131,S,Putative glutamine amidotransferase,GATase1_like
cluster_002_consensus_121,1500304.JQKY01000008_gene2991,G,"Catalyzes the phosphorylation of ribose at O-5 in a reaction requiring ATP and magnesium. The resulting D-ribose-5- phosphate can then be used either for sythesis of nucleotides, histidine, and tryptophan, or as a component of the pentose phosphate pathway",PfkB
cluster_002_consensus_122,1156935.QWE_07121,S,BtpA family,BtpA
cluster_002_consensus_123,1156935.QWE_07116,K,"Catalyzes an amino-pyrimidine hydrolysis reaction at the C5' of the pyrimidine moiety of thiamine compounds, a reaction that is part of a thiamine salvage pathway. Thus, catalyzes the conversion of 4-amino-5-aminomethyl-2-methylpyrimidine to 4-amino- 5-hydroxymethyl-2-methylpyrimidine (HMP)",TENA_THI-4
cluster_002_consensus_124,1156935.QWE_07111,E,Peptidase family M28,"M20_dimer,Peptidase_M20,Peptidase_M28"
cluster_002_consensus_125,936136.ARRT01000002_gene394,K,helix_turn _helix lactose operon repressor,"LacI,Peripla_BP_1,Peripla_BP_4"
cluster_002_consensus_126,1041138.KB890221_gene1348,G,Periplasmic binding protein domain,Peripla_BP_4
cluster_002_consensus_127,1041142.ATTP01000002_gene3853,G,ATPases associated with a variety of cellular activities,ABC_tran
cluster_002_consensus_128,1041142.ATTP01000002_gene3854,G,Branched-chain amino acid transport system / permease component,BPD_transp_2
cluster_002_consensus_129,216596.pRL120194,G,Belongs to the binding-protein-dependent transport system permease family,BPD_transp_2
cluster_002_consensus_130,395492.Rleg2_4619,G,Xylose isomerase-like TIM barrel,AP_endonuc_2
cluster_002_consensus_131,492774.JQMB01000012_gene514,F,Phosphoribulokinase / Uridine kinase family,"AAA_18,PRK"
cluster_002_consensus_132,1500257.JQNM01000002_gene4858,G,"FGGY family of carbohydrate kinases, N-terminal domain",FGGY_N
cluster_002_consensus_133,1500257.JQNM01000002_gene4857,G,Class II Aldolase and Adducin N-terminal domain,Aldolase_II
cluster_002_consensus_134,1220582.RRU01S_07_00080,G,"FGGY family of carbohydrate kinases, C-terminal domain","FGGY_C,FGGY_N"
cluster_002_consensus_135,1500257.JQNM01000007_gene1493,L,dna polymerase iii,RNase_T
cluster_002_consensus_136,1220582.RRU01S_01_00100,L,COG0847 DNA polymerase III epsilon subunit and related 3'-5',RNase_T
cluster_002_consensus_137,1082932.ATCR1_08389,L,"Poorly processive, error-prone DNA polymerase involved in untargeted mutagenesis. Copies undamaged DNA at stalled replication forks, which arise in vivo from mismatched or misaligned primer ends. These misaligned primers can be extended by PolIV. Exhibits no 3'-5' exonuclease (proofreading) activity. May be involved in translesional synthesis, in conjunction with the beta clamp from PolIII","IMS,IMS_C,IMS_HHH"
cluster_002_consensus_138,1156935.QWE_00445,T,Diguanylate cyclase,GGDEF
cluster_002_consensus_139,571166.KI421509_gene2368,L,antirestriction protein,DUF1738
cluster_002_consensus_140,1123072.AUDH01000032_gene97,S,PIN domain,PIN_3
cluster_002_consensus_141,1123072.AUDH01000032_gene96,K,Helix-turn-helix domain,HTH_17
cluster_002_consensus_142,1156935.QWE_09645,S,Belongs to the SOS response-associated peptidase family,SRAP
cluster_002_consensus_143,1156935.QWE_23709,K,sequence-specific DNA binding,"HTH_3,HTH_31"
cluster_002_consensus_144,1156935.QWE_23649,L,DNA helicase,"UvrD-helicase,UvrD_C"
cluster_002_consensus_146,1156935.QWE_23659,K,transcriptional regulator,"HTH_1,LysR_substrate"
cluster_002_consensus_147,1336235.JAEG01000016_gene4337,K,Helix-turn-helix XRE-family like proteins,"HTH_3,HTH_31"
cluster_002_consensus_148,990285.RGCCGE502_21170,S,HipA-like C-terminal domain,"Couple_hipA,HipA_C"
cluster_002_consensus_149,1156935.QWE_23659,K,transcriptional regulator,"HTH_1,LysR_substrate"
cluster_002_consensus_150,1410620.SHLA_28c000030,K,transcription regulator containing HTH domain,HTH_3
cluster_002_consensus_151,1082932.ATCR1_05306,K,Cold shock,CSD
cluster_002_consensus_152,1122929.KB908216_gene2229,K,transcriptional regulator,HTH_3
cluster_002_consensus_153,1220582.RRU01S_29_00280,T,Adenylate cyclase,-
cluster_002_consensus_154,347834.RHE_CH03206,-,-,-
cluster_002_consensus_155,1220582.RRU01S_29_00260,S,"YcaO cyclodehydratase, ATP-ad Mg2+-binding",YcaO
cluster_002_consensus_156,1185652.USDA257_c31470,S,TfuA-like protein,TfuA
cluster_002_consensus_157,1336243.JAEA01000005_gene1337,Q,COG2931 RTX toxins and related Ca2 -binding proteins,"Cadherin,HCBP_related,He_PIG,HemolysinCabind"
cluster_002_consensus_158,1041146.ATZB01000033_gene485,G,Alginate lyase,Alginate_lyase
cluster_002_consensus_159,1268635.Loa_00831,S,Sel1-like repeats.,Sel1
cluster_002_consensus_160,1281779.H009_04079,S,Sel1-like repeats.,Sel1
cluster_002_consensus_162,1144312.PMI09_02910,M,Alginate lyase,Alginate_lyase
cluster_002_consensus_163,1281779.H009_04054,P,Periplasmic copper-binding protein (NosD),Beta_helix
cluster_002_consensus_164,670292.JH26_23025,GM,Cupin 2 conserved barrel domain protein,"MannoseP_isomer,NTP_transf_3,NTP_transferase"
cluster_002_consensus_165,670292.JH26_23020,M,Alginate biosynthesis protein Alg44,"HlyD_3,PilZ"
cluster_002_consensus_166,420324.KI912031_gene2882,M,"COG1215 Glycosyltransferases, probably involved in cell wall biogenesis",Glyco_tranf_2_3
cluster_002_consensus_167,670292.JH26_23010,M,UDP binding domain,"UDPG_MGDP_dh,UDPG_MGDP_dh_C,UDPG_MGDP_dh_N"
cluster_002_consensus_168,1123060.JONP01000039_gene3273,T,Crp-like helix-turn-helix domain,"HTH_Crp_2,cNMP_binding"
cluster_002_consensus_169,69395.JQLZ01000009_gene1866,G,Mannose-6-phosphate isomerase,GlcNAc_2-epim
cluster_002_consensus_170,314231.FP2506_15314,G,"Phosphoglucomutase/phosphomannomutase, alpha/beta/alpha domain III","PGM_PMM_I,PGM_PMM_II,PGM_PMM_III,PGM_PMM_IV"
cluster_002_consensus_171,1297570.MESS4_p20031,K,Transcriptional regulator,ROS_MUCR
cluster_002_consensus_172,1304877.KI519400_gene1466,V,ABC transporter transmembrane region,"ABC_membrane,ABC_tran"
cluster_002_consensus_173,1038859.AXAU01000002_gene260,M,"TIGRFAM type I secretion membrane fusion protein, HlyD family","Biotin_lipoyl_2,HlyD,HlyD_3"
cluster_002_consensus_174,1156935.QWE_09430,L,Transposase,HTH_Tnp_1
cluster_002_consensus_175,1156935.QWE_09425,L,HTH-like domain,"HTH_21,rve,rve_3"
cluster_002_consensus_180,1500306.JQLA01000022_gene5761,T,Protein of unknown function (DUF2384),"DUF2384,NYN"
cluster_002_consensus_181,1211777.BN77_p2210003,L,Winged helix-turn helix,"HTH_28,HTH_29,HTH_32,rve"
cluster_002_consensus_182,1028801.RG1141_CH17950,KL,"Transcription regulator that activates transcription by stimulating RNA polymerase (RNAP) recycling in case of stress conditions such as supercoiled DNA or high salt concentrations. Probably acts by releasing the RNAP, when it is trapped or immobilized on tightly supercoiled DNA. Does not activate transcription on linear DNA. Probably not involved in DNA repair",-
cluster_002_consensus_183,1144312.PMI09_00387,T,diguanylate cyclase,GGDEF
cluster_002_consensus_184,1040983.AXAE01000018_gene5944,K,"Psort location Cytoplasmic, score",-
cluster_002_consensus_185,216596.pRL80113,S,Protein of unknown function (DUF736),DUF736
cluster_002_consensus_187,1041139.KB902657_gene3005,S,Protein of unknown function (DUF736),DUF736
cluster_002_consensus_188,1144310.PMI07_000303,Q,"COG2931, RTX toxins and related Ca2 -binding proteins","Cadherin_3,He_PIG,HemolysinCabind,P_proprotein,VWA_2"
cluster_002_consensus_190,1041138.KB890227_gene6440,-,-,-
cluster_002_consensus_191,1370122.JHXQ01000032_gene396,U,Conjugal transfer protein TraG,T4SS-DNA_transf
cluster_002_consensus_192,366394.Smed_5395,S,Conjugal transfer protein TraD,TraD
cluster_002_consensus_193,1144343.PMI41_00580,S,TraC-like protein,TraC
cluster_002_consensus_194,394.NGR_a03980,L,conjugal transfer protein traA,"AAA_30,MobA_MobL,Relaxase,Viral_helicase1"
cluster_002_consensus_195,1156935.QWE_00405,OU,"Signal peptidase, peptidase S26",Peptidase_S26
cluster_002_consensus_196,1156935.QWE_00400,M,Carbon-nitrogen hydrolase,CN_hydrolase
cluster_002_consensus_198,1156935.QWE_05103,V,Catalyzes the dephosphorylation of undecaprenyl diphosphate (UPP). Confers resistance to bacitracin,BacA
cluster_002_consensus_199,1156935.QWE_00395,K,Transcriptional regulator,"Autoind_bind,GerE"
cluster_002_consensus_200,1410620.SHLA_11c000770,T,HD domain,"DUF3391,HD,HD_5"
cluster_002_consensus_201,1336249.JADW01000010_gene1203,N,Flagellin is the subunit protein which polymerizes to form the filaments of bacterial flagella,"Flagellin_C,Flagellin_N"
cluster_002_consensus_202,1156935.QWE_08956,M,UDP-glucose 4-epimerase,"Epimerase,GDP_Man_Dehyd"
cluster_002_consensus_203,1156935.QWE_14537,M,UTP-glucose-1-phosphate uridylyltransferase,NTP_transferase
cluster_002_consensus_204,491916.RHECIAT_PC0000839,M,Bacterial sugar transferase,Bac_transf
cluster_002_consensus_205,492774.JQMB01000002_gene858,S,Bacterial transglutaminase-like cysteine proteinase BTLCP,Peptidase_C93
cluster_002_consensus_206,349102.Rsph17025_1827,L,COG2801 Transposase and inactivated derivatives,"HTH_21,rve,rve_3"
cluster_002_consensus_207,622637.KE124774_gene2611,L,Transposase,HTH_Tnp_1
cluster_002_consensus_208,1040982.AXAL01000018_gene2653,I,PFAM Acyltransferase,Acyl_transf_3
cluster_002_consensus_209,1509405.GV67_08160,M,Succinoglycan biosynthesis protein ExoO,Glycos_transf_2
cluster_002_consensus_210,1532558.JL39_17200,M,Glycosyl transferase family 2,Glycos_transf_2
cluster_002_consensus_211,690585.JNNU01000002_gene5360,M,"transferase activity, transferring glycosyl groups",Glyco_trans_4_4
cluster_002_consensus_212,311402.Avi_5934,M,Glycosyltransferase like family 2,Glycos_transf_2
cluster_002_consensus_213,1220582.RRU01S_07_03190,T,Serine threonine protein,Metallophos
cluster_002_consensus_214,1502724.FF80_03372,M,O-Antigen ligase,Wzy_C
cluster_002_consensus_215,1211777.BN77_3315,G,Glycosyl hydrolases family 16,Glyco_hydro_16
cluster_002_consensus_216,492774.JQMB01000002_gene863,D,protein involved in exopolysaccharide biosynthesis,"AAA_31,GNVR,Wzz"
cluster_002_consensus_217,366602.Caul_0135,M,epimerase dehydratase,Epimerase
cluster_002_consensus_218,935548.KI912159_gene4508,V,ABC transporter transmembrane region,"ABC_membrane,ABC_tran"
cluster_002_consensus_219,536019.Mesop_0249,T,"Catalyzes the ATP- as well as the pyrophosphate- dependent phosphorylation of a specific serine residue in HPr, a phosphocarrier protein of the phosphoenolpyruvate-dependent sugar phosphotransferase system (PTS). HprK P also catalyzes the pyrophosphate-producing, inorganic phosphate-dependent dephosphorylation (phosphorolysis) of seryl-phosphorylated HPr (P- Ser-HPr). The two antagonistic activities of HprK P are regulated by several intracellular metabolites, which change their concentration in response to the absence or presence of rapidly metabolisable carbon sources (glucose, fructose, etc.) in the growth medium. Therefore, by controlling the phosphorylation state of HPr, HPrK P is a sensor enzyme that plays a major role in the regulation of carbon metabolism and sugar transport it mediates carbon catabolite repression (CCR), and regulates PTS-catalyzed carbohydrate uptake and inducer exclusion",Hpr_kinase_C
cluster_002_consensus_220,765698.Mesci_0245,E,Asparagine synthase,"Asn_synthase,GATase_7"
cluster_002_consensus_221,111780.Sta7437_0773,S,Coenzyme PQQ synthesis protein D (PqqD),PqqD
cluster_002_consensus_223,420662.Mpe_A0722,M,Glycosyl transferase family group 2,Glycos_transf_2
cluster_002_consensus_224,1353528.DT23_15615,S,Uncharacterised nucleotidyltransferase,NTP_transf_5
cluster_002_consensus_228,1336235.JAEG01000015_gene4446,M,O-Antigen ligase,Wzy_C
cluster_002_consensus_229,1336235.JAEG01000015_gene4424,M,Protein involved in polysaccharide,"Poly_export,SLBB"
cluster_002_consensus_230,1336235.JAEG01000015_gene4425,-,-,-
cluster_002_consensus_231,347834.RHE_CH03233,D,protein involved in exopolysaccharide biosynthesis,"AAA_31,GNVR,Wzz"
cluster_002_consensus_232,1082932.ATCR1_16091,-,-,-
cluster_002_consensus_233,349102.Rsph17025_2946,M,Glycosyltransferase like family 2,Glycos_transf_2
cluster_002_consensus_234,935557.ATYB01000008_gene4929,S,Succinoglycan biosynthesis protein,PS_pyruv_trans
cluster_002_consensus_235,266834.SM_b20950,S,biosynthesis protein,"Polysacc_synt_3,Polysacc_synt_C"
cluster_002_consensus_236,1532558.JL39_13495,-,-,-
cluster_002_consensus_237,1156935.QWE_11456,K,transcriptional regulator,"HTH_1,LysR_substrate"
cluster_002_consensus_238,1156935.QWE_00390,E,Bacterial extracellular solute-binding protein,SBP_bac_8
cluster_002_consensus_239,1156935.QWE_00385,E,Binding-protein-dependent transport system inner membrane component,BPD_transp_1
cluster_002_consensus_240,1156935.QWE_00380,E,Binding-protein-dependent transport system inner membrane component,BPD_transp_1
cluster_002_consensus_241,1156935.QWE_00375,E,Part of the ABC transporter complex PotABCD involved in spermidine putrescine import. Responsible for energy coupling to the transport system,"ABC_tran,TOBE_2"
cluster_002_consensus_242,1156935.QWE_00370,Q,"Taurine catabolism dioxygenase TauD, TfdA family",TauD
cluster_002_consensus_243,1156935.QWE_00365,H,Aldolase/RraA,RraA-like
cluster_002_consensus_244,1156935.QWE_00360,S,Carbon-nitrogen hydrolase,CN_hydrolase
cluster_002_consensus_245,1211777.BN77_p10845,K,Helix-turn-helix XRE-family like proteins,HTH_3
cluster_002_consensus_247,1156935.QWE_00355,S,VanZ like family,VanZ
cluster_002_consensus_248,1156935.QWE_05798,-,-,-
cluster_002_consensus_250,1156935.QWE_00270,E,Ornithine cyclodeaminase/mu-crystallin family,OCD_Mu_crystall
cluster_002_consensus_251,1156935.QWE_00265,S,MmgE/PrpD family,MmgE_PrpD
cluster_002_consensus_252,1156935.QWE_12398,G,"Archaeal fructose-1,6-bisphosphatase and related enzymes of inositol monophosphatase family",Inositol_P
cluster_002_consensus_253,1156935.QWE_12393,C,glycerophosphoryl diester phosphodiesterase,GDPD
cluster_003_consensus_1,1500306.JQLA01000031_gene108,D,Replication protein,"AAA_31,MerR,MerR_1"
cluster_003_consensus_2,1410620.SHLA_37c000310,K,RepB plasmid partitioning protein,"ParBc,RepB"
cluster_003_consensus_3,1353531.AZNX01000028_gene4705,K,DNA replication,"RP-C,RP-C_C"
cluster_003_consensus_4,744980.TRICHSKD4_5999,K,Helix-turn-helix XRE-family like proteins,"HTH_3,HTH_31"
cluster_003_consensus_6,1117943.SFHH103_04057,-,-,-
cluster_003_consensus_7,1117943.SFHH103_04058,D,Chromosome partitioning,"AAA_31,VirC1"
cluster_003_consensus_8,744980.TRICHSKD4_6000,S,Bacterial mobilisation protein (MobC),MobC
cluster_003_consensus_9,1220582.RRU01S_31_00270,U,relaxase mobilization nuclease domain protein,Relaxase
cluster_003_consensus_11,794846.AJQU01000112_gene3595,U,"Type IV secretory pathway, VirD4",T4SS-DNA_transf
cluster_003_consensus_12,1220582.RRU01S_31_00300,NU,Type II/IV secretion system protein,T2SSE
cluster_003_consensus_13,1220582.RRU01S_31_00310,U,Bacterial conjugation TrbI-like protein,TrbI
cluster_003_consensus_14,744980.TRICHSKD4_6006,U,Conjugal transfer protein trbG,CagX
cluster_003_consensus_15,744980.TRICHSKD4_6007,U,"Type IV secretory pathway, component VirB8",VirB8
cluster_003_consensus_16,1220582.RRU01S_31_00340,U,Conjugal transfer protein,TrbL
cluster_003_consensus_17,744980.TRICHSKD4_6010,S,Type IV secretion system proteins,T4SS
cluster_003_consensus_18,744980.TRICHSKD4_6011,M,COG0741 Soluble lytic murein transglycosylase and related regulatory proteins (some contain LysM invasin domains),SLT
cluster_003_consensus_19,744980.TRICHSKD4_6012,U,type IV secretion,CagE_TrbE_VirB
cluster_003_consensus_20,1220582.RRU01S_31_00390,U,"Type IV secretory pathway, VirB3-like protein",VirB3
cluster_003_consensus_21,744980.TRICHSKD4_6014,U,"COG3838 Type IV secretory pathway, VirB2 components (pilins)",TrbC
cluster_003_consensus_22,1220582.RRU01S_31_00410,M,Transglycosylase SLT domain,SLT
cluster_003_consensus_23,744980.TRICHSKD4_6016,-,-,-
cluster_003_consensus_24,744980.TRICHSKD4_6017,L,nuclease,-
cluster_003_consensus_25,744980.TRICHSKD4_6018,L,Staphylococcal nuclease homologue,SNase
cluster_003_consensus_26,1041139.KB902682_gene2285,-,-,-
cluster_003_consensus_27,744980.TRICHSKD4_6019,-,-,-
cluster_003_consensus_28,1220582.RRU01S_31_00470,-,-,-
cluster_003_consensus_29,794846.AJQU01000113_gene3549,-,-,-
cluster_003_consensus_30,765698.Mesci_2295,K,"Bacterial regulatory proteins, tetR family",TetR_N
cluster_003_consensus_31,311403.Arad_9106,S,Domain of unknown function (DUF4336),DUF4336
cluster_003_consensus_32,1532558.JL39_23135,F,COG0563 Adenylate kinase and related,-
cluster_003_consensus_33,335283.Neut_2542,L,"PFAM Resolvase, N-terminal","HTH_7,Resolvase"
cluster_003_consensus_34,1110502.TMO_0791,K,DJ-1/PfpI family,"DJ-1_PfpI,HTH_18"
cluster_003_consensus_35,629265.PMA4326_08510,S,DJ-1/PfpI family,DJ-1_PfpI
cluster_003_consensus_36,1381123.AYOD01000021_gene1924,-,-,-
cluster_003_consensus_37,766499.C357_00249,P,TonB-dependent siderophore receptor,"Plug,TonB_dep_Rec"
cluster_003_consensus_38,1288298.rosmuc_02598,S,alpha beta,Esterase_phd
cluster_003_consensus_39,1446473.JHWH01000008_gene139,P,Sodium:sulfate symporter transmembrane region,Na_sulph_symp
cluster_003_consensus_40,1446473.JHWH01000008_gene140,G,Glycerate kinase family,Gly_kinase
cluster_003_consensus_41,1122194.AUHU01000003_gene2363,K,"Sigma-70, region 4","Sigma70_r2,Sigma70_r4_2"
cluster_003_consensus_42,1267005.KB911259_gene3751,-,-,-
cluster_003_consensus_43,1156935.QWE_20768,NT,Methyl-accepting chemotaxis-like domains (chemotaxis sensory transducer).,"MCPsignal,PAS_3,PAS_4,PAS_9"
cluster_003_consensus_44,1156935.QWE_20773,S,B12 binding domain,"B12-binding,B12-binding_2"
cluster_003_consensus_45,1156935.QWE_00140,T,Histidine kinase,"HATPase_c,HATPase_c_2,HisKA_2,dCache_1"
cluster_003_consensus_46,1082932.ATCR1_11388,-,-,-
cluster_003_consensus_47,1156935.QWE_00135,L,Belongs to the 'phage' integrase family,Phage_integrase
cluster_003_consensus_48,1437448.AZRT01000033_gene2626,D,Antitoxin component of a toxin-antitoxin (TA) module,PhdYeFM_antitox
cluster_003_consensus_49,1437448.AZRT01000033_gene2627,-,-,-
cluster_003_consensus_50,1156935.QWE_00120,S,HTH DNA binding domain,"DUF1612,HTH_13"
cluster_003_consensus_51,391593.RCCS2_15249,H,"Catalyzes the prenylation of para-hydroxybenzoate (PHB) with an all-trans polyprenyl group. Mediates the second step in the final reaction sequence of ubiquinone-8 (UQ-8) biosynthesis, which is the condensation of the polyisoprenoid side chain with PHB, generating the first membrane-bound Q intermediate 3- octaprenyl-4-hydroxybenzoate",UbiA
cluster_003_consensus_53,794846.AJQU01000219_gene2997,L,Transposase,HTH_Tnp_1
cluster_003_consensus_54,1367847.JCM7686_0277,L,Integrase core domain,"rve,rve_3"
cluster_003_consensus_55,622637.KE124774_gene2611,L,Transposase,HTH_Tnp_1
cluster_003_consensus_56,46234.ANA_C12335,S,2OG-Fe(II) oxygenase superfamily,2OG-FeII_Oxy_3
cluster_003_consensus_59,1134912.AJTV01000003_gene1577,Q,"Taurine catabolism dioxygenase TauD, TfdA family",TauD
cluster_003_consensus_60,1247726.MIM_c33630,-,-,-
cluster_003_consensus_62,504832.OCAR_5821,L,Transposase,HTH_Tnp_1
cluster_003_consensus_63,670292.JH26_00425,L,PFAM Integrase catalytic region,"HTH_21,rve,rve_3"
cluster_003_consensus_64,570967.JMLV01000003_gene2222,IQ,KR domain,adh_short
cluster_003_consensus_65,1038858.AXBA01000016_gene1918,P,FecCD transport family,FecCD
cluster_003_consensus_66,438753.AZC_1624,P,Periplasmic binding protein,Peripla_BP_2
cluster_003_consensus_67,1500259.JQLD01000011_gene5186,HP,"ABC-type cobalamin Fe3 -siderophores transport systems, ATPase components",ABC_tran
cluster_003_consensus_68,1168059.KB899087_gene3229,P,TonB dependent receptor,"Plug,TonB_dep_Rec"
cluster_003_consensus_69,1211112.ALJC01000089_gene793,L,Transposase,"DDE_Tnp_Tn3,DUF4158"
cluster_003_consensus_70,1041146.ATZB01000068_gene1168,L,"Resolvase, N terminal domain","HTH_7,Resolvase"
cluster_003_consensus_71,698761.RTCIAT899_CH18070,S,Domain of Unknown Function (DUF930),DUF930
cluster_003_consensus_72,1041146.ATZB01000068_gene1166,Q,Dienelactone hydrolase family,DLH
cluster_003_consensus_73,1220582.RRU01S_13_00160,HP,ATPase activity,"AAA_15,AAA_21,ABC_tran"
cluster_003_consensus_74,376733.IT41_07695,S,AAA domain,AAA_13
cluster_003_consensus_75,1117943.SFHH103_02292,S,Protein of unknown function (DUF4238),DUF4238
cluster_003_consensus_76,69279.BG36_23210,L,Calcineurin-like phosphoesterase,Metallophos
cluster_003_consensus_77,323098.Nwi_0907,L,ATPase involved in DNA repair,"AAA_23,AAA_27"
cluster_003_consensus_81,1500306.JQLA01000016_gene1151,L,"Transposase, IS3 IS911 family protein",HTH_Tnp_1
cluster_003_consensus_82,1028800.RG540_PA14590,-,-,-
cluster_003_consensus_83,716928.AJQT01000159_gene4067,L,Transposase,"DDE_Tnp_ISL3,zf-ISL3"
cluster_003_consensus_84,492774.JQMB01000004_gene2314,P,Phosphate,"Na_Pi_cotrans,PhoU"
cluster_003_consensus_85,1132836.RCCGE510_13370,E,Part of the ABC transporter complex UgpABCE involved in sn-glycerol-3-phosphate import. Responsible for energy coupling to the transport system,"ABC_tran,TOBE_2"
cluster_003_consensus_86,1112214.AHIS01000012_gene56,GK,ROK family,"HTH_24,ROK"
cluster_003_consensus_87,1122947.FR7_1543,G,Phosphodiester glycosidase,"AMIN,NAGPA"
cluster_003_consensus_88,1150474.JQJI01000019_gene1468,G,Binding-protein-dependent transport system inner membrane component,BPD_transp_1
cluster_003_consensus_89,1150474.JQJI01000019_gene1469,P,PFAM binding-protein-dependent transport systems inner membrane component,BPD_transp_1
cluster_003_consensus_90,1122918.KB907279_gene208,G,"ABC-type sugar transport system, periplasmic component",SBP_bac_1
cluster_003_consensus_94,716928.AJQT01000159_gene4067,L,Transposase,"DDE_Tnp_ISL3,zf-ISL3"
cluster_003_consensus_95,1437448.AZRT01000111_gene3692,L,Integrase core domain,"HTH_21,HTH_Tnp_1,rve"
cluster_003_consensus_96,1038859.AXAU01000051_gene144,L,PFAM transposase IS116 IS110 IS902 family,"DEDD_Tnp_IS110,Transposase_20"
cluster_003_consensus_97,1500304.JQKY01000013_gene3645,KT,"Transcriptional regulatory protein, C terminal","Response_reg,Trans_reg_C"
cluster_003_consensus_98,698761.RTCIAT899_CH11770,L,Transposase,Transposase_mut
cluster_003_consensus_99,1185766.DL1_16985,L,Homeodomain-like domain,HTH_Tnp_1
cluster_003_consensus_100,1410620.SHLA_8c000650,L,Integrase core domain,"HTH_21,rve,rve_3"
cluster_003_consensus_101,296591.Bpro_4392,E,"PFAM extracellular solute-binding protein, family 5",SBP_bac_5
cluster_003_consensus_102,1244869.H261_09472,P,Belongs to the ABC transporter superfamily,"ABC_tran,oligo_HPY"
cluster_003_consensus_103,296591.Bpro_4391,E,Argininosuccinate lyase C-terminal,"ASL_C2,Lyase_1"
cluster_003_consensus_104,296591.Bpro_4393,P,PFAM binding-protein-dependent transport systems inner membrane component,BPD_transp_1
cluster_003_consensus_105,477184.KYC_10908,P,"ABC-type dipeptide oligopeptide nickel transport systems, permease components",BPD_transp_1
cluster_003_consensus_106,296591.Bpro_4395,K,LysR substrate binding domain,"HTH_1,LysR_substrate"
cluster_003_consensus_107,439375.Oant_0389,L,DDE superfamily endonuclease,"DDE_3,HTH_23"
cluster_003_consensus_108,1238182.C882_1908,L,RNA polymerase that catalyzes the synthesis of short RNA molecules used as primers for DNA polymerase during DNA replication,"DnaB_bind,Toprim_4,Toprim_N,zf-CHC2"
cluster_003_consensus_111,1437448.AZRT01000111_gene3692,L,Integrase core domain,"HTH_21,HTH_Tnp_1,rve"
cluster_003_consensus_112,319003.Bra1253DRAFT_07197,L,Transposase,"DDE_Tnp_ISL3,zf-ISL3"
cluster_003_consensus_113,861208.AGROH133_14021,L,PFAM transposase IS116 IS110 IS902 family,"DEDD_Tnp_IS110,Transposase_20"
cluster_003_consensus_114,1410620.SHLA_126c000060,S,Transposase,"DDE_Tnp_IS66,DDE_Tnp_IS66_C,LZ_Tnp_IS66,zf-IS66"
cluster_003_consensus_115,1041138.KB890246_gene5525,L,Transposase,HTH_Tnp_1
cluster_003_consensus_116,216596.RL2135,L,Transposase,HTH_Tnp_1
cluster_003_consensus_117,1156935.QWE_20243,L,IS66 Orf2 like protein,TnpB_IS66
cluster_003_consensus_118,1336235.JAEG01000001_gene1776,S,Transposase,"DDE_Tnp_IS66,DDE_Tnp_IS66_C,LZ_Tnp_IS66,zf-IS66"
cluster_003_consensus_121,319003.Bra1253DRAFT_07197,L,Transposase,"DDE_Tnp_ISL3,zf-ISL3"
cluster_003_consensus_122,311403.Arad_9954,L,Integrase core domain,"HTH_21,rve,rve_2"
cluster_003_consensus_124,1500304.JQKY01000021_gene2031,L,PFAM Integrase catalytic region,"HTH_21,rve,rve_3"
cluster_003_consensus_125,690585.JNNU01000036_gene4474,L,Transposase and inactivated,"DDE_3,HTH_23"
cluster_003_consensus_126,698761.RTCIAT899_CH11770,L,Transposase,Transposase_mut
cluster_003_consensus_128,176275.XP_008596510.1,E,Argininosuccinate lyase C-terminal,"ASL_C2,Lyase_1"
cluster_003_consensus_131,991905.SL003B_0485,L,DDE superfamily endonuclease,DDE_3
cluster_003_consensus_132,359.CN09_19200,S,VirC2 protein,VirC2
cluster_003_consensus_133,359.CN09_19195,D,VirC1 protein,VirC1
cluster_003_consensus_134,1410620.SHLA_8c001000,L,Transposase,"DEDD_Tnp_IS110,Transposase_20"
cluster_003_consensus_135,420324.KI912051_gene5991,M,PFAM Sporulation domain protein,SLT
cluster_003_consensus_136,1402135.SUH3_06545,U,TrbC/VIRB2 family,TrbC
cluster_003_consensus_137,1040987.AZUY01000051_gene4063,U,pathogenesis,VirB3
cluster_003_consensus_138,420324.KI912051_gene5989,U,"CagE, TrbE, VirB family, component of type IV transporter system",CagE_TrbE_VirB
cluster_003_consensus_139,1040987.AZUY01000051_gene4061,S,Type IV secretion system proteins,T4SS
cluster_003_consensus_140,1380380.JIAX01000015_gene2973,U,TrbL/VirB6 plasmid conjugal transfer protein,TrbL
cluster_003_consensus_141,420324.KI912051_gene5987,U,"Type IV secretory pathway, component VirB8",VirB8
cluster_003_consensus_142,420324.KI912051_gene5986,U,Conjugal transfer protein trbG,CagX
cluster_003_consensus_143,420324.KI912051_gene5985,U,Bacterial conjugation TrbI-like protein,TrbI
cluster_003_consensus_144,420324.KI912051_gene5984,NU,Type II/IV secretion system protein,T2SSE
cluster_003_consensus_145,411684.HPDFL43_06285,L,Integrase core domain,"rve,rve_3"
cluster_003_consensus_146,411684.HPDFL43_06290,L,Transposase,HTH_Tnp_1
cluster_003_consensus_147,347834.RHE_CH00240,-,-,-
cluster_003_consensus_148,1156935.QWE_07046,S,Transposase,"DDE_Tnp_IS66,DDE_Tnp_IS66_C,LZ_Tnp_IS66,zf-IS66"
cluster_003_consensus_149,1156935.QWE_03175,L,COG3547 Transposase and inactivated derivatives,"DEDD_Tnp_IS110,Transposase_20"
cluster_003_consensus_150,1156935.QWE_07046,S,Transposase,"DDE_Tnp_IS66,DDE_Tnp_IS66_C,LZ_Tnp_IS66,zf-IS66"
cluster_003_consensus_151,347834.RHE_CH00239,S,Transposase,"DDE_Tnp_IS66,DDE_Tnp_IS66_C,LZ_Tnp_IS66,zf-IS66"
cluster_003_consensus_152,1156935.QWE_24235,S,Transposase,"DDE_Tnp_IS66,DDE_Tnp_IS66_C,LZ_Tnp_IS66,zf-IS66"
cluster_003_consensus_153,1156935.QWE_24230,L,Transposase and inactivated derivatives,TnpB_IS66
cluster_003_consensus_155,420324.KI912036_gene2534,U,Type IV secretion-system coupling protein DNA-binding domain,T4SS-DNA_transf
cluster_003_consensus_158,1220582.RRU01S_24_00800,L,T-DNA border endonuclease VirD1,"MobC,VirD1"
cluster_003_consensus_159,1042326.AZNV01000049_gene1196,L,Transposase,HTH_Tnp_IS630
cluster_003_consensus_160,690585.JNNU01000036_gene4474,L,Transposase and inactivated,"DDE_3,HTH_23"
cluster_003_consensus_161,1509405.GV67_20815,L,PFAM Integrase catalytic region,"HTH_29,rve"
cluster_003_consensus_162,1057002.KB905372_gene6077,L,PFAM Integrase catalytic region,"HTH_29,rve"
cluster_003_consensus_164,394.NGR_a00470,K,transcriptional regulator,"HTH_1,LysR_substrate"
cluster_003_consensus_165,1353531.AZNX01000022_gene4237,K,transcriptional regulator,"HTH_1,LysR_substrate"
cluster_003_consensus_166,1082932.ATCR1_24535,K,DNA replication,"RP-C,RP-C_C"
cluster_003_consensus_167,347834.RHE_CH01044,U,Putative Flp pilus-assembly TadE/G-like,Tad
cluster_003_consensus_169,1367847.JCM7686_0277,L,Integrase core domain,"rve,rve_3"
cluster_003_consensus_170,794846.AJQU01000219_gene2997,L,Transposase,HTH_Tnp_1
cluster_003_consensus_171,1220582.RRU01S_31_00650,K,Cro/C1-type HTH DNA-binding domain,-
cluster_003_consensus_172,1220582.RRU01S_31_00670,-,-,-
cluster_003_consensus_173,1220582.RRU01S_31_00680,L,nucleotidyltransferase activity,-
cluster_003_consensus_175,1028800.RG540_PA09820,-,-,-
cluster_003_consensus_176,1220582.RRU01S_31_00700,-,-,-
cluster_003_consensus_178,1041139.KB902682_gene2288,-,-,-
cluster_003_consensus_179,1117943.SFHH103_04100,-,-,-
cluster_003_consensus_180,1117943.SFHH103_04099,S,alpha beta,-
cluster_003_consensus_183,228410.NE1909,T,SMART Diguanylate phosphodiesterase,"EAL,GGDEF,dCache_1"
cluster_003_consensus_184,1410620.SHLA_2c002210,NT,methyl-accepting chemotaxis protein,"4HB_MCP_1,HAMP,MCPsignal,dCache_1"
cluster_003_consensus_185,1220582.RRU01S_31_00140,K,ParB-like nuclease domain,ParBc
cluster_003_consensus_186,1220582.RRU01S_31_00140,K,ParB-like nuclease domain,ParBc
cluster_003_consensus_187,1220582.RRU01S_31_00160,K,replication protein C,"RP-C,RP-C_C"
cluster_003_consensus_188,1220582.RRU01S_31_00170,L,nuclease,"Excalibur,SNase"
cluster_003_consensus_190,935557.ATYB01000007_gene1315,S,Protein of unknown function (DUF736),DUF736
cluster_003_consensus_191,1117943.SFHH103_04209,-,-,-
cluster_003_consensus_192,1220582.RRU01S_31_00200,D,Fic/DOC family,Fic
cluster_003_consensus_193,1220582.RRU01S_31_00210,L,Domain of unknown function (DUF1738),DUF1738
cluster_004_consensus_1,1156935.QWE_19068,S,Putative transposase,"Y2_Tnp,Zn_Tnp_IS91"
cluster_004_consensus_2,1156935.QWE_19073,L,Belongs to the 'phage' integrase family,"Phage_int_SAM_4,Phage_integrase"
cluster_004_consensus_3,1509405.GV67_01390,S,Domain of unknown function DUF21,"CBS,DUF21"
cluster_004_consensus_4,545264.KB898746_gene950,I,PFAM SNARE associated Golgi protein,"PLDc,PLDc_2,SNARE_assoc"
cluster_004_consensus_5,1538295.JY96_11785,S,Domain of unknown function DUF87,"DUF853,DUF87,TrwB_AAD_bind"
cluster_004_consensus_6,1156935.QWE_00120,S,HTH DNA binding domain,"DUF1612,HTH_13"
cluster_004_consensus_7,990285.RGCCGE502_31972,D,Antitoxin component of a toxin-antitoxin (TA) module,PhdYeFM_antitox
cluster_004_consensus_8,1532558.JL39_03495,S,Toxic component of a toxin-antitoxin (TA) module. An RNase,PIN
cluster_004_consensus_9,1156935.QWE_00135,L,Belongs to the 'phage' integrase family,Phage_integrase
cluster_004_consensus_11,1156935.QWE_14842,-,-,-
cluster_004_consensus_13,1156935.QWE_16023,-,-,-
cluster_004_consensus_14,526222.Desal_3535,P,ATPases associated with a variety of cellular activities,ABC_tran
cluster_004_consensus_15,288000.BBta_5199,V,MacB-like periplasmic core domain,"FtsX,MacB_PCD"
cluster_004_consensus_16,288000.BBta_5198,MU,Outer membrane efflux protein,OEP
cluster_004_consensus_17,288000.BBta_5197,M,HlyD family secretion protein,"HlyD_3,HlyD_D23"
cluster_004_consensus_18,936136.ARRT01000005_gene215,Q,Haemolysin-type calcium-binding repeat (2 copies),"HCBP_related,HemolysinCabind,VCBS"
cluster_004_consensus_19,266835.14023070,V,Type I secretion system,"ABC_membrane,ABC_tran"
cluster_004_consensus_20,754035.Mesau_02261,M,"TIGRFAM type I secretion membrane fusion protein, HlyD family","Biotin_lipoyl_2,HlyD,HlyD_3"
cluster_004_consensus_22,335283.Neut_2542,L,"PFAM Resolvase, N-terminal","HTH_7,Resolvase"
cluster_004_consensus_23,1122963.AUHB01000017_gene2015,O,protein-L-isoaspartate(D-aspartate) O-methyltransferase,PCMT
cluster_004_consensus_25,1470593.BW43_04085,K,Acetyltransferase (GNAT) domain,"Acetyltransf_1,Acetyltransf_10"
cluster_004_consensus_26,861208.AGROH133_10820,J,Acetyltransferase (GNAT) domain,Acetyltransf_3
cluster_004_consensus_27,861208.AGROH133_10818,F,NUDIX domain,NUDIX
cluster_004_consensus_28,1500304.JQKY01000024_gene4697,L,Transposase,HTH_Tnp_1
cluster_004_consensus_29,1156935.QWE_24230,L,Transposase and inactivated derivatives,TnpB_IS66
cluster_004_consensus_30,1500304.JQKY01000035_gene4463,S,Transposase,"DDE_Tnp_IS66,DDE_Tnp_IS66_C,LZ_Tnp_IS66,zf-IS66"
cluster_004_consensus_31,1156935.QWE_07051,-,-,-
cluster_004_consensus_32,1245471.PCA10_34300,S,GrpB protein,GrpB
cluster_004_consensus_33,936136.ARRT01000006_gene2334,K,Acetyltransferase (GNAT) domain,Acetyltransf_10
cluster_004_consensus_34,1156935.QWE_12883,O,belongs to the thioredoxin family,-
cluster_004_consensus_36,351016.RAZWK3B_19096,-,-,-
cluster_004_consensus_37,861208.AGROH133_09961,L,conjugal transfer protein traA,"AAA_30,MobA_MobL,Relaxase,UvrD_C_2,Viral_helicase1"
cluster_004_consensus_39,794846.AJQU01000127_gene5669,T,antisigma factor binding,-
cluster_004_consensus_40,1367847.JCM7686_0277,L,Integrase core domain,"rve,rve_3"
cluster_004_consensus_41,794846.AJQU01000219_gene2997,L,Transposase,HTH_Tnp_1
cluster_004_consensus_42,794846.AJQU01000127_gene5670,U,"Type IV secretory pathway, VirD4",T4SS-DNA_transf
cluster_004_consensus_43,1082933.MEA186_20214,S,thiolester hydrolase activity,"Abhydrolase_1,Acyl_transf_2,DLH,DUF2048,Hydrolase_4,Peptidase_S9"
cluster_004_consensus_44,744980.TRICHSKD4_5999,K,Helix-turn-helix XRE-family like proteins,"HTH_3,HTH_31"
cluster_004_consensus_45,1353531.AZNX01000028_gene4705,K,DNA replication,"RP-C,RP-C_C"
cluster_004_consensus_46,1117943.SFHH103_03420,K,Belongs to the ParB family,"ParBc,RepB"
cluster_004_consensus_47,1117943.SFHH103_03421,D,Replication protein,"AAA_31,MerR_1"
cluster_004_consensus_50,1220582.RRU01S_31_00680,L,nucleotidyltransferase activity,-
cluster_004_consensus_51,1220582.RRU01S_31_00670,-,-,-
cluster_004_consensus_52,504832.OCAR_5821,L,Transposase,HTH_Tnp_1
cluster_004_consensus_53,670292.JH26_00425,L,PFAM Integrase catalytic region,"HTH_21,rve,rve_3"
cluster_004_consensus_54,794846.AJQU01000219_gene2997,L,Transposase,HTH_Tnp_1
cluster_004_consensus_55,1367847.JCM7686_0277,L,Integrase core domain,"rve,rve_3"
cluster_004_consensus_57,1116369.KB890024_gene971,S,Peptidase inhibitor I78 family,Inhibitor_I78
cluster_004_consensus_58,1220582.RRU01S_31_00530,S,SOS response associated peptidase (SRAP),SRAP
cluster_004_consensus_60,1156935.QWE_03583,T,Putative diguanylate phosphodiesterase,EAL
cluster_004_consensus_61,1336235.JAEG01000006_gene971,NT,chemotaxis protein,"HAMP,MCPsignal"
cluster_004_consensus_62,1121028.ARQE01000001_gene3406,T,diguanylate cyclase,"CHASE4,GGDEF"
cluster_004_consensus_63,1132836.RCCGE510_02246,S,"Exopolysaccharide synthesis, ExoD",ExoD
cluster_004_consensus_64,176299.Atu5147,S,MgtC family,MgtC
cluster_004_consensus_65,371731.Rsw2DRAFT_0296,K,DeoR C terminal sensor domain,"DeoRC,HTH_DeoR"
cluster_004_consensus_66,1569209.BBPH01000131_gene2841,G,Branched-chain amino acid transport system / permease component,BPD_transp_2
cluster_004_consensus_67,371731.Rsw2DRAFT_0298,G,ATPases associated with a variety of cellular activities,ABC_tran
cluster_004_consensus_68,371731.Rsw2DRAFT_0299,S,Predicted periplasmic lipoprotein (DUF2291),DUF2291
cluster_004_consensus_69,272942.RCAP_rcc02657,G,Periplasmic binding protein-like domain,Peripla_BP_4
cluster_004_consensus_70,1336249.JADW01000010_gene1154,G,Xylose isomerase-like TIM barrel,AP_endonuc_2
cluster_004_consensus_71,272942.RCAP_rcc02655,G,Transketolase,Transketolase_N
cluster_004_consensus_72,272942.RCAP_rcc02654,G,"Transketolase, pyrimidine binding domain","Transket_pyr,Transketolase_C"
cluster_004_consensus_73,272942.RCAP_rcc02653,F,Key enzyme in the regulation of glycerol uptake and metabolism. Catalyzes the phosphorylation of glycerol to yield sn- glycerol 3-phosphate,"FGGY_C,FGGY_N"
cluster_004_consensus_74,1410620.SHLA_9c001250,H,"Catalyzes the conversion of D-ribulose 5-phosphate to formate and 3,4-dihydroxy-2-butanone 4-phosphate",DHBP_synthase
cluster_004_consensus_75,288000.BBta_0810,K,WHG domain,"TetR_N,WHG"
cluster_004_consensus_76,311403.Arad_8580,M,Belongs to the membrane fusion protein (MFP) (TC 8.A.1) family,HlyD_D23
cluster_004_consensus_77,359.CN09_32990,V,Belongs to the resistance-nodulation-cell division (RND) (TC 2.A.6) family,ACR_tran
cluster_004_consensus_78,1510531.JQJJ01000009_gene1278,S,Alpha/beta hydrolase of unknown function (DUF900),DUF900
cluster_004_consensus_79,1220582.RRU01S_07_00510,T,HAMP domain,"HAMP,HATPase_c,HisKA"
cluster_004_consensus_80,1220582.RRU01S_06_00520___1,T,"Transcriptional regulatory protein, C terminal","Response_reg,Trans_reg_C"
cluster_004_consensus_81,1220582.RRU01S_07_00530,S,Protein conserved in bacteria,-
cluster_004_consensus_82,1156935.QWE_18934,T,chemotaxis protein,"HAMP,MCPsignal,dCache_2,sCache_2"
cluster_004_consensus_83,1500257.JQNM01000007_gene1531,K,Acetyltransferase (GNAT) domain,"Acetyltransf_1,Acetyltransf_10"
cluster_004_consensus_84,1500257.JQNM01000007_gene1532,E,Belongs to the peptidase M20A family. ArgE subfamily,"M20_dimer,Peptidase_M20"
cluster_004_consensus_85,1500257.JQNM01000007_gene1533,EH,dehydrogenase,2-Hacid_dh_C
cluster_004_consensus_86,1500257.JQNM01000007_gene1534,S,Protein of unknown function (DUF861),Cupin_3
cluster_004_consensus_87,1500257.JQNM01000007_gene1535,C,belongs to the aldehyde dehydrogenase family,Aldedh
cluster_004_consensus_88,1211777.BN77_1296,T,chemotaxis protein,"HAMP,MCPsignal,dCache_1"
cluster_004_consensus_89,1122929.KB908231_gene3623,K,MarR family,"MarR,MarR_2"
cluster_004_consensus_90,1461694.ATO9_15245,S,Flavin reductase like domain,Flavin_Reduct
cluster_004_consensus_91,1122929.KB908231_gene3621,C,COG1018 Flavodoxin reductases (ferredoxin-NADPH reductases) family 1,"Dehalogenase,Fer2,Fer4_16,Fer4_7,NAD_binding_1"
cluster_004_consensus_92,1122929.KB908231_gene3620,IQ,Short-chain dehydrogenase reductase SDR,adh_short_C2
cluster_004_consensus_93,1415755.JQLV01000001_gene3814,Q,Ring hydroxylating beta subunit,Ring_hydroxyl_B
cluster_004_consensus_94,388399.SSE37_00280,P,"COG4638 Phenylpropionate dioxygenase and related ring-hydroxylating dioxygenases, large terminal subunit","Rieske,Ring_hydroxyl_A"
cluster_004_consensus_95,1122929.KB908231_gene3617,-,-,-
cluster_004_consensus_96,1122929.KB908231_gene3616,I,acyl-CoA dehydrogenase,"Acyl-CoA_dh_2,Acyl-CoA_dh_N"
cluster_004_consensus_97,1122929.KB908231_gene3615,J,Belongs to the amidase family,Amidase
cluster_004_consensus_98,1122929.KB908231_gene3614,S,SnoaL-like domain,SnoaL_4
cluster_004_consensus_99,1208323.B30_16088,E,Involved in the biosynthesis of the osmoprotectant glycine betaine. Catalyzes the oxidation of choline to betaine aldehyde and betaine aldehyde to glycine betaine at the same rate,"GMC_oxred_C,GMC_oxred_N"
cluster_004_consensus_100,1185766.DL1_10815,C,Aldehyde dehydrogenase,Aldedh
cluster_004_consensus_101,1122929.KB908231_gene3610,K,LysR substrate binding domain,"HTH_1,LysR_substrate"
cluster_004_consensus_102,1185766.DL1_10835,E,Glyoxalase/Bleomycin resistance protein/Dioxygenase superfamily,"Glyoxalase,Glyoxalase_4"
cluster_004_consensus_103,392499.Swit_1592,E,FAD dependent oxidoreductase,DAO
cluster_004_consensus_104,999541.bgla_1g15380,J,oxidation-reduction process,Ribonuc_L-PSP
cluster_004_consensus_105,999541.bgla_1g15370,E,Ornithine cyclodeaminase/mu-crystallin family,OCD_Mu_crystall
cluster_004_consensus_106,1500306.JQLA01000019_gene2962,E,Amino acid permease,"AA_permease,AA_permease_2"
cluster_004_consensus_107,311403.Arad_9754,K,"Arabinose-binding domain of AraC transcription regulator, N-term","Arabinose_bd,HTH_18"
cluster_004_consensus_108,1500257.JQNM01000007_gene1629,K,LysR substrate binding domain,"HTH_1,LysR_substrate"
cluster_004_consensus_109,1500257.JQNM01000007_gene1630,M,Belongs to the mandelate racemase muconate lactonizing enzyme family,"MR_MLE_C,MR_MLE_N"
cluster_004_consensus_110,1408224.SAMCCGM7_c2160,Q,Muconolactone delta-isomerase,MIase
cluster_004_consensus_111,1408224.SAMCCGM7_c2159,Q,Catechol dioxygenase N terminus,"Dioxygenase_C,Dioxygenase_N"
cluster_004_consensus_112,318586.Pden_1182,I,"Serine aminopeptidase, S33","Abhydrolase_1,Abhydrolase_4,CMD"
cluster_004_consensus_113,1122929.KB908239_gene1403,L,Transposase,"DDE_Tnp_1,DUF4096"
cluster_004_consensus_114,883078.HMPREF9695_05031,L,IstB-like ATP binding protein,IstB_IS21
cluster_004_consensus_115,1500257.JQNM01000007_gene1595,L,Integrase core domain,rve
cluster_004_consensus_116,348824.LPU83_2098,L,Transposase DDE domain,"DDE_Tnp_1,DDE_Tnp_1_2,DUF4096"
cluster_004_consensus_117,1185766.DL1_10840,G,"Tripartite ATP-independent periplasmic transporter, DctM component",DctM
cluster_004_consensus_118,1185766.DL1_10845,G,TRAP-type C4-dicarboxylate transport system small permease component,DctQ
cluster_004_consensus_119,1185766.DL1_10850,G,transport system periplasmic component,DctP
cluster_004_consensus_120,698761.RTCIAT899_CH11770,L,Transposase,Transposase_mut
cluster_004_consensus_121,1156935.QWE_12883,O,belongs to the thioredoxin family,-
cluster_004_consensus_122,698761.RTCIAT899_CH11790,L,Transposase,HTH_Tnp_1
cluster_004_consensus_123,698761.RTCIAT899_CH11785,L,Integrase core domain,"HTH_21,rve,rve_2,rve_3"
cluster_004_consensus_124,1156935.QWE_09430,L,Transposase,HTH_Tnp_1
cluster_004_consensus_125,1156935.QWE_09425,L,HTH-like domain,"HTH_21,rve,rve_3"
cluster_004_consensus_126,1156935.QWE_00605,K,transcriptional regulator,"HTH_1,LysR_substrate"
cluster_004_consensus_127,1156935.QWE_00610,S,Belongs to the short-chain dehydrogenases reductases (SDR) family,adh_short
cluster_004_consensus_128,1033991.RLEG12_32785,S,Agrobacterium tumefaciens protein Atu4866,Atu4866
cluster_004_consensus_129,1449351.RISW2_17310,S,Agrobacterium tumefaciens protein Atu4866,Atu4866
cluster_004_consensus_130,1156935.QWE_00625,S,COG1073 Hydrolases of the alpha beta superfamily,Hydrolase_4
cluster_004_consensus_131,311403.Arad_9862,I,PFAM Alpha beta hydrolase fold-3 domain protein,Abhydrolase_3
cluster_004_consensus_132,1156935.QWE_00655,T,Response regulators consisting of a CheY-like receiver domain and a winged-helix DNA-binding domain,"Response_reg,Trans_reg_C"
cluster_004_consensus_133,1156935.QWE_00660,T,Histidine kinase,"HAMP,HATPase_c,HisKA"
cluster_004_consensus_134,1156935.QWE_00665,S,metal-dependent membrane protease,Abi
cluster_004_consensus_135,1569209.BBPH01000094_gene1434,T,"HAMP (Histidine kinases, Adenylyl cyclases, Methyl binding proteins, Phosphatases) domain","HATPase_c,HisKA"
cluster_004_consensus_136,690585.JNNU01000036_gene4474,L,Transposase and inactivated,"DDE_3,HTH_23"
cluster_004_consensus_137,1042326.AZNV01000049_gene1196,L,Transposase,HTH_Tnp_IS630
cluster_004_consensus_138,639283.Snov_2056,-,-,-
cluster_004_consensus_139,1071679.BG57_06455,IQ,short-chain dehydrogenase,adh_short_C2
cluster_004_consensus_140,288000.BBta_0810,K,WHG domain,"TetR_N,WHG"
cluster_004_consensus_141,311403.Arad_8580,M,Belongs to the membrane fusion protein (MFP) (TC 8.A.1) family,HlyD_D23
cluster_004_consensus_142,359.CN09_32990,V,Belongs to the resistance-nodulation-cell division (RND) (TC 2.A.6) family,ACR_tran
cluster_004_consensus_143,935557.ATYB01000009_gene630,C,citrate synthase,"Citrate_synt,HTH_17"
cluster_004_consensus_144,272134.KB731324_gene5692,M,Protein conserved in bacteria,NAD_binding_9
cluster_004_consensus_145,1220582.RRU01S_35_00290,F,"Involved in the de novo purine biosynthesis. Catalyzes the transfer of formate to 5-phospho-ribosyl-glycinamide (GAR), producing 5-phospho-ribosyl-N-formylglycinamide (FGAR). Formate is provided by PurU via hydrolysis of 10-formyl-tetrahydrofolate",ATP-grasp
cluster_004_consensus_146,935557.ATYB01000009_gene629,EGP,Transmembrane secretion effector,MFS_3
cluster_004_consensus_147,1446473.JHWH01000008_gene79,K,LysR substrate binding domain,"HTH_1,LysR_substrate"
cluster_004_consensus_148,1041139.KB902682_gene2308,S,PrpF protein,PrpF
cluster_004_consensus_149,1446473.JHWH01000008_gene81,S,Tripartite tricarboxylate transporter family receptor,TctC
cluster_004_consensus_150,412597.AEPN01000007_gene2017,S,Tripartite tricarboxylate transporter TctB family,TctB
cluster_004_consensus_151,1041139.KB902682_gene2305,S,protein conserved in bacteria,TctA
cluster_004_consensus_152,1156935.QWE_19068,S,Putative transposase,"Y2_Tnp,Zn_Tnp_IS91"
cluster_005_consensus_1,1410620.SHLA_81c000300,U,"Type IV secretory pathway, VirD4",T4SS-DNA_transf
cluster_005_consensus_2,1410620.SHLA_81c000080,L,A helicase nuclease that prepares dsDNA breaks (DSB) for recombinational DNA repair. Binds to DSBs and unwinds DNA via a highly rapid and processive ATP-dependent bidirectional helicase activity. Unwinds dsDNA until it encounters a Chi (crossover hotspot instigator) sequence from the 3' direction. Cuts ssDNA a few nucleotides 3' to the Chi site. The properties and activities of the enzyme are changed at Chi. The Chi-altered holoenzyme produces a long 3'-ssDNA overhang and facilitates RecA-binding to the ssDNA for homologous DNA recombination and repair. Holoenzyme degrades any linearized DNA that is unable to undergo homologous recombination. In the holoenzyme this subunit has ssDNA-dependent ATPase and 5'-3' helicase activity. When added to pre-assembled RecBC greatly stimulates nuclease activity and augments holoenzyme processivity. Negatively regulates the RecA-loading ability of RecBCD,"AAA_30,DUF2075,MobA_MobL"
cluster_005_consensus_4,1410620.SHLA_81c000100,L,"Phage integrase, N-terminal","Integrase_1,Phage_int_SAM_2"
cluster_005_consensus_5,1168059.KB899087_gene791,-,-,-
cluster_005_consensus_6,1159870.KB907784_gene3589,L,DNA methylase,N6_N4_Mtase
cluster_005_consensus_7,314262.MED193_17144,-,-,-
cluster_005_consensus_9,384765.SIAM614_31663,-,-,-
cluster_005_consensus_11,1156935.QWE_09640,-,-,-
cluster_005_consensus_12,426117.M446_4951,-,-,-
cluster_005_consensus_13,1132836.RCCGE510_12501,K,Predicted nucleotide-binding protein containing TIR-like domain,TIR-like
cluster_005_consensus_14,648757.Rvan_1461,S,"AAA domain, putative AbiEii toxin, Type IV TA system",AAA_21
cluster_005_consensus_15,648757.Rvan_1460,S,RloB-like protein,RloB
cluster_005_consensus_16,314271.RB2654_16651,S,Hypothetical protein (DUF2513),DUF2513
cluster_005_consensus_17,189753.AXAS01000001_gene3587,S,Caspase domain,Peptidase_C14
cluster_005_consensus_18,610130.Closa_2773,S,MTH538 TIR-like domain (DUF1863),DUF1863
cluster_005_consensus_19,1096546.WYO_0492,L,"Resolvase, N terminal domain","HTH_7,Resolvase"
cluster_005_consensus_20,1410620.SHLA_81c000230,S,PFAM WGR domain,WGR
cluster_005_consensus_21,1040983.AXAE01000014_gene4917,-,-,-
cluster_005_consensus_24,1192034.CAP_8277,S,FG-GAP repeat,FG-GAP_2
cluster_005_consensus_25,1198452.Jab_1c09430,Q,Domain of unknown function (DUF4214),DUF4214
cluster_005_consensus_27,1410620.SHLA_81c000240,S,Protein of unknown function (DUF3768),DUF3768
cluster_005_consensus_29,1120956.JHZK01000035_gene1932,-,-,-
cluster_005_consensus_30,1231392.OCGS_2632,D,ATPases involved in chromosome partitioning,"AAA_31,VirC1"
cluster_005_consensus_31,426117.M446_3469,L,Replication initiator protein A,RPA
cluster_005_consensus_32,384765.SIAM614_31636,U,Type IV secretory system Conjugative DNA transfer,T4SS-DNA_transf
## 4773 queries scanned,,,,
## Total time (seconds): 1922.5842304229736,,,,
## Rate: 2.48 q/s,,,,
